Genome	Contig	Protein	AVG-like prob	AVG-like confidence	Viral prob	Viral confidence	Final AVG prob	Final AVG confidence
vRhyme_unbinned_104__MGr3G3H3I_000000125775|provirus_133_9664	vRhyme_unbinned_104__MGr3G3H3I_000000125775|provirus_133_9664	vRhyme_unbinned_104__MGr3G3H3I_000000125775|provirus_133_9664_1	0.0000	low	1.0000	very high	0.0000	low
vRhyme_unbinned_104__MGr3G3H3I_000000125775|provirus_133_9664	vRhyme_unbinned_104__MGr3G3H3I_000000125775|provirus_133_9664	vRhyme_unbinned_104__MGr3G3H3I_000000125775|provirus_133_9664_2	0.0000	low	1.0000	very high	0.0000	low
vRhyme_unbinned_104__MGr3G3H3I_000000125775|provirus_133_9664	vRhyme_unbinned_104__MGr3G3H3I_000000125775|provirus_133_9664	vRhyme_unbinned_104__MGr3G3H3I_000000125775|provirus_133_9664_3	0.0000	low	0.9534	high	0.0000	low
vRhyme_unbinned_104__MGr3G3H3I_000000125775|provirus_133_9664	vRhyme_unbinned_104__MGr3G3H3I_000000125775|provirus_133_9664	vRhyme_unbinned_104__MGr3G3H3I_000000125775|provirus_133_9664_4	0.0000	low	1.0000	very high	0.0000	low
vRhyme_unbinned_104__MGr3G3H3I_000000125775|provirus_133_9664	vRhyme_unbinned_104__MGr3G3H3I_000000125775|provirus_133_9664	vRhyme_unbinned_104__MGr3G3H3I_000000125775|provirus_133_9664_5	0.0000	low	0.9350	high	0.0000	low
vRhyme_unbinned_104__MGr3G3H3I_000000125775|provirus_133_9664	vRhyme_unbinned_104__MGr3G3H3I_000000125775|provirus_133_9664	vRhyme_unbinned_104__MGr3G3H3I_000000125775|provirus_133_9664_6	0.0000	low	1.0000	very high	0.0000	low
vRhyme_unbinned_104__MGr3G3H3I_000000125775|provirus_133_9664	vRhyme_unbinned_104__MGr3G3H3I_000000125775|provirus_133_9664	vRhyme_unbinned_104__MGr3G3H3I_000000125775|provirus_133_9664_7	0.0000	low	1.0000	very high	0.0000	low
vRhyme_unbinned_104__MGr3G3H3I_000000125775|provirus_133_9664	vRhyme_unbinned_104__MGr3G3H3I_000000125775|provirus_133_9664	vRhyme_unbinned_104__MGr3G3H3I_000000125775|provirus_133_9664_8	0.0000	low	1.0000	very high	0.0000	low
vRhyme_unbinned_104__MGr3G3H3I_000000125775|provirus_133_9664	vRhyme_unbinned_104__MGr3G3H3I_000000125775|provirus_133_9664	vRhyme_unbinned_104__MGr3G3H3I_000000125775|provirus_133_9664_9	0.0000	low	1.0000	very high	0.0000	low
vRhyme_unbinned_112__MGr3G3H3I_000000261563|provirus_41_8855	vRhyme_unbinned_112__MGr3G3H3I_000000261563|provirus_41_8855	vRhyme_unbinned_112__MGr3G3H3I_000000261563|provirus_41_8855_1	0.0000	low	0.9511	high	0.0000	low
vRhyme_unbinned_112__MGr3G3H3I_000000261563|provirus_41_8855	vRhyme_unbinned_112__MGr3G3H3I_000000261563|provirus_41_8855	vRhyme_unbinned_112__MGr3G3H3I_000000261563|provirus_41_8855_2	0.0000	low	0.8840	high	0.0000	low
vRhyme_unbinned_112__MGr3G3H3I_000000261563|provirus_41_8855	vRhyme_unbinned_112__MGr3G3H3I_000000261563|provirus_41_8855	vRhyme_unbinned_112__MGr3G3H3I_000000261563|provirus_41_8855_3	0.0000	low	1.0000	very high	0.0000	low
vRhyme_unbinned_112__MGr3G3H3I_000000261563|provirus_41_8855	vRhyme_unbinned_112__MGr3G3H3I_000000261563|provirus_41_8855	vRhyme_unbinned_112__MGr3G3H3I_000000261563|provirus_41_8855_4	0.0000	low	1.0000	very high	0.0000	low
vRhyme_unbinned_112__MGr3G3H3I_000000261563|provirus_41_8855	vRhyme_unbinned_112__MGr3G3H3I_000000261563|provirus_41_8855	vRhyme_unbinned_112__MGr3G3H3I_000000261563|provirus_41_8855_5	0.0000	low	0.8217	high	0.0000	low
vRhyme_unbinned_112__MGr3G3H3I_000000261563|provirus_41_8855	vRhyme_unbinned_112__MGr3G3H3I_000000261563|provirus_41_8855	vRhyme_unbinned_112__MGr3G3H3I_000000261563|provirus_41_8855_6	0.0000	low	1.0000	very high	0.0000	low
vRhyme_unbinned_112__MGr3G3H3I_000000261563|provirus_41_8855	vRhyme_unbinned_112__MGr3G3H3I_000000261563|provirus_41_8855	vRhyme_unbinned_112__MGr3G3H3I_000000261563|provirus_41_8855_7	0.0000	low	1.0000	very high	0.0000	low
vRhyme_unbinned_112__MGr3G3H3I_000000261563|provirus_41_8855	vRhyme_unbinned_112__MGr3G3H3I_000000261563|provirus_41_8855	vRhyme_unbinned_112__MGr3G3H3I_000000261563|provirus_41_8855_8	0.0000	low	1.0000	very high	0.0000	low
vRhyme_unbinned_112__MGr3G3H3I_000000261563|provirus_41_8855	vRhyme_unbinned_112__MGr3G3H3I_000000261563|provirus_41_8855	vRhyme_unbinned_112__MGr3G3H3I_000000261563|provirus_41_8855_9	0.0000	low	1.0000	very high	0.0000	low
vRhyme_unbinned_112__MGr3G3H3I_000000261563|provirus_41_8855	vRhyme_unbinned_112__MGr3G3H3I_000000261563|provirus_41_8855	vRhyme_unbinned_112__MGr3G3H3I_000000261563|provirus_41_8855_10	0.0000	low	1.0000	very high	0.0000	low
vRhyme_unbinned_112__MGr3G3H3I_000000261563|provirus_41_8855	vRhyme_unbinned_112__MGr3G3H3I_000000261563|provirus_41_8855	vRhyme_unbinned_112__MGr3G3H3I_000000261563|provirus_41_8855_11	0.0000	low	1.0000	very high	0.0000	low
vRhyme_unbinned_109__MGr3G3H3I_000000235412|provirus_119_8951	vRhyme_unbinned_109__MGr3G3H3I_000000235412|provirus_119_8951	vRhyme_unbinned_109__MGr3G3H3I_000000235412|provirus_119_8951_1	0.0000	low	1.0000	very high	0.0000	low
vRhyme_unbinned_109__MGr3G3H3I_000000235412|provirus_119_8951	vRhyme_unbinned_109__MGr3G3H3I_000000235412|provirus_119_8951	vRhyme_unbinned_109__MGr3G3H3I_000000235412|provirus_119_8951_2	0.0000	low	1.0000	very high	0.0000	low
vRhyme_unbinned_109__MGr3G3H3I_000000235412|provirus_119_8951	vRhyme_unbinned_109__MGr3G3H3I_000000235412|provirus_119_8951	vRhyme_unbinned_109__MGr3G3H3I_000000235412|provirus_119_8951_3	0.0000	low	1.0000	very high	0.0000	low
vRhyme_unbinned_109__MGr3G3H3I_000000235412|provirus_119_8951	vRhyme_unbinned_109__MGr3G3H3I_000000235412|provirus_119_8951	vRhyme_unbinned_109__MGr3G3H3I_000000235412|provirus_119_8951_4	0.0000	low	1.0000	very high	0.0000	low
vRhyme_unbinned_109__MGr3G3H3I_000000235412|provirus_119_8951	vRhyme_unbinned_109__MGr3G3H3I_000000235412|provirus_119_8951	vRhyme_unbinned_109__MGr3G3H3I_000000235412|provirus_119_8951_5	0.0000	low	1.0000	very high	0.0000	low
vRhyme_unbinned_109__MGr3G3H3I_000000235412|provirus_119_8951	vRhyme_unbinned_109__MGr3G3H3I_000000235412|provirus_119_8951	vRhyme_unbinned_109__MGr3G3H3I_000000235412|provirus_119_8951_6	0.0000	low	1.0000	very high	0.0000	low
vRhyme_unbinned_109__MGr3G3H3I_000000235412|provirus_119_8951	vRhyme_unbinned_109__MGr3G3H3I_000000235412|provirus_119_8951	vRhyme_unbinned_109__MGr3G3H3I_000000235412|provirus_119_8951_7	0.0000	low	1.0000	very high	0.0000	low
vRhyme_unbinned_109__MGr3G3H3I_000000235412|provirus_119_8951	vRhyme_unbinned_109__MGr3G3H3I_000000235412|provirus_119_8951	vRhyme_unbinned_109__MGr3G3H3I_000000235412|provirus_119_8951_8	0.0000	low	1.0000	very high	0.0000	low
vRhyme_unbinned_109__MGr3G3H3I_000000235412|provirus_119_8951	vRhyme_unbinned_109__MGr3G3H3I_000000235412|provirus_119_8951	vRhyme_unbinned_109__MGr3G3H3I_000000235412|provirus_119_8951_9	0.0000	low	1.0000	very high	0.0000	low
vRhyme_unbinned_109__MGr3G3H3I_000000235412|provirus_119_8951	vRhyme_unbinned_109__MGr3G3H3I_000000235412|provirus_119_8951	vRhyme_unbinned_109__MGr3G3H3I_000000235412|provirus_119_8951_10	0.0000	low	1.0000	very high	0.0000	low
vRhyme_unbinned_111__MGr3G3H3I_000000255312|provirus_3194_13139	vRhyme_unbinned_111__MGr3G3H3I_000000255312|provirus_3194_13139	vRhyme_unbinned_111__MGr3G3H3I_000000255312|provirus_3194_13139_1	0.0000	low	0.9080	high	0.0000	low
vRhyme_unbinned_111__MGr3G3H3I_000000255312|provirus_3194_13139	vRhyme_unbinned_111__MGr3G3H3I_000000255312|provirus_3194_13139	vRhyme_unbinned_111__MGr3G3H3I_000000255312|provirus_3194_13139_2	0.0873	medium	0.7231	high	0.0631	low
vRhyme_unbinned_111__MGr3G3H3I_000000255312|provirus_3194_13139	vRhyme_unbinned_111__MGr3G3H3I_000000255312|provirus_3194_13139	vRhyme_unbinned_111__MGr3G3H3I_000000255312|provirus_3194_13139_3	0.0000	low	0.6210	high	0.0000	low
vRhyme_unbinned_111__MGr3G3H3I_000000255312|provirus_3194_13139	vRhyme_unbinned_111__MGr3G3H3I_000000255312|provirus_3194_13139	vRhyme_unbinned_111__MGr3G3H3I_000000255312|provirus_3194_13139_4	0.0000	low	0.6740	high	0.0000	low
vRhyme_unbinned_111__MGr3G3H3I_000000255312|provirus_3194_13139	vRhyme_unbinned_111__MGr3G3H3I_000000255312|provirus_3194_13139	vRhyme_unbinned_111__MGr3G3H3I_000000255312|provirus_3194_13139_5	0.0000	low	0.7286	high	0.0000	low
vRhyme_unbinned_111__MGr3G3H3I_000000255312|provirus_3194_13139	vRhyme_unbinned_111__MGr3G3H3I_000000255312|provirus_3194_13139	vRhyme_unbinned_111__MGr3G3H3I_000000255312|provirus_3194_13139_6	0.0000	low	0.8776	high	0.0000	low
vRhyme_unbinned_111__MGr3G3H3I_000000255312|provirus_3194_13139	vRhyme_unbinned_111__MGr3G3H3I_000000255312|provirus_3194_13139	vRhyme_unbinned_111__MGr3G3H3I_000000255312|provirus_3194_13139_7	0.0000	low	0.8460	high	0.0000	low
vRhyme_unbinned_111__MGr3G3H3I_000000255312|provirus_3194_13139	vRhyme_unbinned_111__MGr3G3H3I_000000255312|provirus_3194_13139	vRhyme_unbinned_111__MGr3G3H3I_000000255312|provirus_3194_13139_8	0.0000	low	0.4506	high	0.0000	low
vRhyme_unbinned_111__MGr3G3H3I_000000255312|provirus_3194_13139	vRhyme_unbinned_111__MGr3G3H3I_000000255312|provirus_3194_13139	vRhyme_unbinned_111__MGr3G3H3I_000000255312|provirus_3194_13139_9	0.0000	low	0.6010	high	0.0000	low
vRhyme_unbinned_111__MGr3G3H3I_000000255312|provirus_3194_13139	vRhyme_unbinned_111__MGr3G3H3I_000000255312|provirus_3194_13139	vRhyme_unbinned_111__MGr3G3H3I_000000255312|provirus_3194_13139_10	0.0000	low	0.7856	high	0.0000	low
vRhyme_unbinned_111__MGr3G3H3I_000000255312|provirus_3194_13139	vRhyme_unbinned_111__MGr3G3H3I_000000255312|provirus_3194_13139	vRhyme_unbinned_111__MGr3G3H3I_000000255312|provirus_3194_13139_11	0.0000	low	0.6691	high	0.0000	low
vRhyme_unbinned_111__MGr3G3H3I_000000255312|provirus_3194_13139	vRhyme_unbinned_111__MGr3G3H3I_000000255312|provirus_3194_13139	vRhyme_unbinned_111__MGr3G3H3I_000000255312|provirus_3194_13139_12	0.0000	low	0.9540	high	0.0000	low
vRhyme_unbinned_111__MGr3G3H3I_000000255312|provirus_3194_13139	vRhyme_unbinned_111__MGr3G3H3I_000000255312|provirus_3194_13139	vRhyme_unbinned_111__MGr3G3H3I_000000255312|provirus_3194_13139_13	0.0000	low	1.0000	very high	0.0000	low
vRhyme_unbinned_111__MGr3G3H3I_000000255312|provirus_3194_13139	vRhyme_unbinned_111__MGr3G3H3I_000000255312|provirus_3194_13139	vRhyme_unbinned_111__MGr3G3H3I_000000255312|provirus_3194_13139_14	0.0000	low	0.8841	high	0.0000	low
vRhyme_unbinned_111__MGr3G3H3I_000000255312|provirus_3194_13139	vRhyme_unbinned_111__MGr3G3H3I_000000255312|provirus_3194_13139	vRhyme_unbinned_111__MGr3G3H3I_000000255312|provirus_3194_13139_15	0.0000	low	1.0000	very high	0.0000	low
vRhyme_unbinned_111__MGr3G3H3I_000000255312|provirus_3194_13139	vRhyme_unbinned_111__MGr3G3H3I_000000255312|provirus_3194_13139	vRhyme_unbinned_111__MGr3G3H3I_000000255312|provirus_3194_13139_16	0.0000	low	0.8305	high	0.0000	low
vRhyme_unbinned_113__MGr3G3H3I_000000274427|provirus_10798_21788	vRhyme_unbinned_113__MGr3G3H3I_000000274427|provirus_10798_21788	vRhyme_unbinned_113__MGr3G3H3I_000000274427|provirus_10798_21788_1	0.0000	low	1.0000	very high	0.0000	low
vRhyme_unbinned_113__MGr3G3H3I_000000274427|provirus_10798_21788	vRhyme_unbinned_113__MGr3G3H3I_000000274427|provirus_10798_21788	vRhyme_unbinned_113__MGr3G3H3I_000000274427|provirus_10798_21788_2	0.0000	low	1.0000	very high	0.0000	low
vRhyme_unbinned_113__MGr3G3H3I_000000274427|provirus_10798_21788	vRhyme_unbinned_113__MGr3G3H3I_000000274427|provirus_10798_21788	vRhyme_unbinned_113__MGr3G3H3I_000000274427|provirus_10798_21788_3	0.0000	low	1.0000	very high	0.0000	low
vRhyme_unbinned_113__MGr3G3H3I_000000274427|provirus_10798_21788	vRhyme_unbinned_113__MGr3G3H3I_000000274427|provirus_10798_21788	vRhyme_unbinned_113__MGr3G3H3I_000000274427|provirus_10798_21788_4	0.0000	low	1.0000	very high	0.0000	low
vRhyme_unbinned_113__MGr3G3H3I_000000274427|provirus_10798_21788	vRhyme_unbinned_113__MGr3G3H3I_000000274427|provirus_10798_21788	vRhyme_unbinned_113__MGr3G3H3I_000000274427|provirus_10798_21788_5	0.0000	low	1.0000	very high	0.0000	low
vRhyme_unbinned_113__MGr3G3H3I_000000274427|provirus_10798_21788	vRhyme_unbinned_113__MGr3G3H3I_000000274427|provirus_10798_21788	vRhyme_unbinned_113__MGr3G3H3I_000000274427|provirus_10798_21788_6	0.0000	low	1.0000	very high	0.0000	low
vRhyme_unbinned_113__MGr3G3H3I_000000274427|provirus_10798_21788	vRhyme_unbinned_113__MGr3G3H3I_000000274427|provirus_10798_21788	vRhyme_unbinned_113__MGr3G3H3I_000000274427|provirus_10798_21788_7	0.0000	low	1.0000	very high	0.0000	low
vRhyme_unbinned_113__MGr3G3H3I_000000274427|provirus_10798_21788	vRhyme_unbinned_113__MGr3G3H3I_000000274427|provirus_10798_21788	vRhyme_unbinned_113__MGr3G3H3I_000000274427|provirus_10798_21788_8	0.0000	low	1.0000	very high	0.0000	low
vRhyme_unbinned_105__MGr3G3H3I_000000182691|provirus_17376_26434	vRhyme_unbinned_105__MGr3G3H3I_000000182691|provirus_17376_26434	vRhyme_unbinned_105__MGr3G3H3I_000000182691|provirus_17376_26434_1	0.7996	high	0.0000	low	0.0000	low
vRhyme_unbinned_105__MGr3G3H3I_000000182691|provirus_17376_26434	vRhyme_unbinned_105__MGr3G3H3I_000000182691|provirus_17376_26434	vRhyme_unbinned_105__MGr3G3H3I_000000182691|provirus_17376_26434_2	0.0000	low	0.0000	low	0.0000	low
vRhyme_unbinned_105__MGr3G3H3I_000000182691|provirus_17376_26434	vRhyme_unbinned_105__MGr3G3H3I_000000182691|provirus_17376_26434	vRhyme_unbinned_105__MGr3G3H3I_000000182691|provirus_17376_26434_3	0.0000	low	0.0000	low	0.0000	low
vRhyme_unbinned_105__MGr3G3H3I_000000182691|provirus_17376_26434	vRhyme_unbinned_105__MGr3G3H3I_000000182691|provirus_17376_26434	vRhyme_unbinned_105__MGr3G3H3I_000000182691|provirus_17376_26434_4	0.0000	low	0.0000	low	0.0000	low
vRhyme_unbinned_105__MGr3G3H3I_000000182691|provirus_17376_26434	vRhyme_unbinned_105__MGr3G3H3I_000000182691|provirus_17376_26434	vRhyme_unbinned_105__MGr3G3H3I_000000182691|provirus_17376_26434_5	0.0000	low	0.0000	low	0.0000	low
vRhyme_unbinned_105__MGr3G3H3I_000000182691|provirus_17376_26434	vRhyme_unbinned_105__MGr3G3H3I_000000182691|provirus_17376_26434	vRhyme_unbinned_105__MGr3G3H3I_000000182691|provirus_17376_26434_6	0.0000	low	0.0000	low	0.0000	low
vRhyme_unbinned_105__MGr3G3H3I_000000182691|provirus_17376_26434	vRhyme_unbinned_105__MGr3G3H3I_000000182691|provirus_17376_26434	vRhyme_unbinned_105__MGr3G3H3I_000000182691|provirus_17376_26434_7	0.0000	low	0.0000	low	0.0000	low
vRhyme_unbinned_105__MGr3G3H3I_000000182691|provirus_17376_26434	vRhyme_unbinned_105__MGr3G3H3I_000000182691|provirus_17376_26434	vRhyme_unbinned_105__MGr3G3H3I_000000182691|provirus_17376_26434_8	0.0484	low	0.0000	low	0.0000	low
vRhyme_unbinned_105__MGr3G3H3I_000000182691|provirus_17376_26434	vRhyme_unbinned_105__MGr3G3H3I_000000182691|provirus_17376_26434	vRhyme_unbinned_105__MGr3G3H3I_000000182691|provirus_17376_26434_9	0.0569	low	0.0000	low	0.0000	low
vRhyme_unbinned_11__MGr3G3H3I_000000030488	vRhyme_unbinned_11__MGr3G3H3I_000000030488	vRhyme_unbinned_11__MGr3G3H3I_000000030488_1	0.0000	low	0.0000	low	0.0000	low
vRhyme_unbinned_11__MGr3G3H3I_000000030488	vRhyme_unbinned_11__MGr3G3H3I_000000030488	vRhyme_unbinned_11__MGr3G3H3I_000000030488_2	0.0000	low	0.0000	low	0.0000	low
vRhyme_unbinned_11__MGr3G3H3I_000000030488	vRhyme_unbinned_11__MGr3G3H3I_000000030488	vRhyme_unbinned_11__MGr3G3H3I_000000030488_3	0.0000	low	0.0000	low	0.0000	low
vRhyme_unbinned_11__MGr3G3H3I_000000030488	vRhyme_unbinned_11__MGr3G3H3I_000000030488	vRhyme_unbinned_11__MGr3G3H3I_000000030488_4	0.0498	low	0.0000	low	0.0000	low
vRhyme_unbinned_11__MGr3G3H3I_000000030488	vRhyme_unbinned_11__MGr3G3H3I_000000030488	vRhyme_unbinned_11__MGr3G3H3I_000000030488_5	0.0000	low	0.0000	low	0.0000	low
vRhyme_unbinned_11__MGr3G3H3I_000000030488	vRhyme_unbinned_11__MGr3G3H3I_000000030488	vRhyme_unbinned_11__MGr3G3H3I_000000030488_6	0.4835	high	0.0000	low	0.0000	low
vRhyme_unbinned_11__MGr3G3H3I_000000030488	vRhyme_unbinned_11__MGr3G3H3I_000000030488	vRhyme_unbinned_11__MGr3G3H3I_000000030488_7	0.7382	high	0.0000	low	0.0000	low
vRhyme_unbinned_11__MGr3G3H3I_000000030488	vRhyme_unbinned_11__MGr3G3H3I_000000030488	vRhyme_unbinned_11__MGr3G3H3I_000000030488_8	0.0000	low	0.0000	low	0.0000	low
vRhyme_unbinned_11__MGr3G3H3I_000000030488	vRhyme_unbinned_11__MGr3G3H3I_000000030488	vRhyme_unbinned_11__MGr3G3H3I_000000030488_9	0.0000	low	0.0000	low	0.0000	low
vRhyme_unbinned_11__MGr3G3H3I_000000030488	vRhyme_unbinned_11__MGr3G3H3I_000000030488	vRhyme_unbinned_11__MGr3G3H3I_000000030488_10	0.0000	low	0.0000	low	0.0000	low
vRhyme_unbinned_15__MGr3G3H3I_000000045479	vRhyme_unbinned_15__MGr3G3H3I_000000045479	vRhyme_unbinned_15__MGr3G3H3I_000000045479_1	0.0000	low	1.0000	very high	0.0000	low
vRhyme_unbinned_15__MGr3G3H3I_000000045479	vRhyme_unbinned_15__MGr3G3H3I_000000045479	vRhyme_unbinned_15__MGr3G3H3I_000000045479_2	0.0000	low	1.0000	very high	0.0000	low
vRhyme_unbinned_15__MGr3G3H3I_000000045479	vRhyme_unbinned_15__MGr3G3H3I_000000045479	vRhyme_unbinned_15__MGr3G3H3I_000000045479_3	0.0000	low	1.0000	very high	0.0000	low
vRhyme_unbinned_15__MGr3G3H3I_000000045479	vRhyme_unbinned_15__MGr3G3H3I_000000045479	vRhyme_unbinned_15__MGr3G3H3I_000000045479_4	0.0000	low	1.0000	very high	0.0000	low
vRhyme_unbinned_15__MGr3G3H3I_000000045479	vRhyme_unbinned_15__MGr3G3H3I_000000045479	vRhyme_unbinned_15__MGr3G3H3I_000000045479_5	0.0000	low	1.0000	very high	0.0000	low
vRhyme_unbinned_15__MGr3G3H3I_000000045479	vRhyme_unbinned_15__MGr3G3H3I_000000045479	vRhyme_unbinned_15__MGr3G3H3I_000000045479_6	0.0000	low	1.0000	very high	0.0000	low
vRhyme_unbinned_15__MGr3G3H3I_000000045479	vRhyme_unbinned_15__MGr3G3H3I_000000045479	vRhyme_unbinned_15__MGr3G3H3I_000000045479_7	0.0000	low	1.0000	very high	0.0000	low
vRhyme_unbinned_15__MGr3G3H3I_000000045479	vRhyme_unbinned_15__MGr3G3H3I_000000045479	vRhyme_unbinned_15__MGr3G3H3I_000000045479_8	0.0000	low	1.0000	very high	0.0000	low
vRhyme_unbinned_15__MGr3G3H3I_000000045479	vRhyme_unbinned_15__MGr3G3H3I_000000045479	vRhyme_unbinned_15__MGr3G3H3I_000000045479_9	0.0000	low	1.0000	very high	0.0000	low
vRhyme_unbinned_15__MGr3G3H3I_000000045479	vRhyme_unbinned_15__MGr3G3H3I_000000045479	vRhyme_unbinned_15__MGr3G3H3I_000000045479_10	0.0000	low	1.0000	very high	0.0000	low
vRhyme_unbinned_15__MGr3G3H3I_000000045479	vRhyme_unbinned_15__MGr3G3H3I_000000045479	vRhyme_unbinned_15__MGr3G3H3I_000000045479_11	0.0000	low	1.0000	very high	0.0000	low
vRhyme_unbinned_15__MGr3G3H3I_000000045479	vRhyme_unbinned_15__MGr3G3H3I_000000045479	vRhyme_unbinned_15__MGr3G3H3I_000000045479_12	0.0000	low	1.0000	very high	0.0000	low
vRhyme_unbinned_15__MGr3G3H3I_000000045479	vRhyme_unbinned_15__MGr3G3H3I_000000045479	vRhyme_unbinned_15__MGr3G3H3I_000000045479_13	0.0000	low	1.0000	very high	0.0000	low
vRhyme_unbinned_15__MGr3G3H3I_000000045479	vRhyme_unbinned_15__MGr3G3H3I_000000045479	vRhyme_unbinned_15__MGr3G3H3I_000000045479_14	0.0000	low	1.0000	very high	0.0000	low
vRhyme_unbinned_106__MGr3G3H3I_000000184658|provirus_15737_33807	vRhyme_unbinned_106__MGr3G3H3I_000000184658|provirus_15737_33807	vRhyme_unbinned_106__MGr3G3H3I_000000184658|provirus_15737_33807_1	0.0000	low	1.0000	very high	0.0000	low
vRhyme_unbinned_106__MGr3G3H3I_000000184658|provirus_15737_33807	vRhyme_unbinned_106__MGr3G3H3I_000000184658|provirus_15737_33807	vRhyme_unbinned_106__MGr3G3H3I_000000184658|provirus_15737_33807_2	0.0000	low	1.0000	very high	0.0000	low
vRhyme_unbinned_106__MGr3G3H3I_000000184658|provirus_15737_33807	vRhyme_unbinned_106__MGr3G3H3I_000000184658|provirus_15737_33807	vRhyme_unbinned_106__MGr3G3H3I_000000184658|provirus_15737_33807_3	0.0000	low	1.0000	very high	0.0000	low
vRhyme_unbinned_106__MGr3G3H3I_000000184658|provirus_15737_33807	vRhyme_unbinned_106__MGr3G3H3I_000000184658|provirus_15737_33807	vRhyme_unbinned_106__MGr3G3H3I_000000184658|provirus_15737_33807_4	0.0000	low	1.0000	very high	0.0000	low
vRhyme_unbinned_106__MGr3G3H3I_000000184658|provirus_15737_33807	vRhyme_unbinned_106__MGr3G3H3I_000000184658|provirus_15737_33807	vRhyme_unbinned_106__MGr3G3H3I_000000184658|provirus_15737_33807_5	0.0000	low	1.0000	very high	0.0000	low
vRhyme_unbinned_106__MGr3G3H3I_000000184658|provirus_15737_33807	vRhyme_unbinned_106__MGr3G3H3I_000000184658|provirus_15737_33807	vRhyme_unbinned_106__MGr3G3H3I_000000184658|provirus_15737_33807_6	0.0000	low	1.0000	very high	0.0000	low
vRhyme_unbinned_106__MGr3G3H3I_000000184658|provirus_15737_33807	vRhyme_unbinned_106__MGr3G3H3I_000000184658|provirus_15737_33807	vRhyme_unbinned_106__MGr3G3H3I_000000184658|provirus_15737_33807_7	0.0000	low	1.0000	very high	0.0000	low
vRhyme_unbinned_106__MGr3G3H3I_000000184658|provirus_15737_33807	vRhyme_unbinned_106__MGr3G3H3I_000000184658|provirus_15737_33807	vRhyme_unbinned_106__MGr3G3H3I_000000184658|provirus_15737_33807_8	0.0000	low	1.0000	very high	0.0000	low
vRhyme_unbinned_106__MGr3G3H3I_000000184658|provirus_15737_33807	vRhyme_unbinned_106__MGr3G3H3I_000000184658|provirus_15737_33807	vRhyme_unbinned_106__MGr3G3H3I_000000184658|provirus_15737_33807_9	0.0000	low	1.0000	very high	0.0000	low
vRhyme_unbinned_106__MGr3G3H3I_000000184658|provirus_15737_33807	vRhyme_unbinned_106__MGr3G3H3I_000000184658|provirus_15737_33807	vRhyme_unbinned_106__MGr3G3H3I_000000184658|provirus_15737_33807_10	0.0000	low	1.0000	very high	0.0000	low
vRhyme_unbinned_106__MGr3G3H3I_000000184658|provirus_15737_33807	vRhyme_unbinned_106__MGr3G3H3I_000000184658|provirus_15737_33807	vRhyme_unbinned_106__MGr3G3H3I_000000184658|provirus_15737_33807_11	0.0000	low	1.0000	very high	0.0000	low
vRhyme_unbinned_106__MGr3G3H3I_000000184658|provirus_15737_33807	vRhyme_unbinned_106__MGr3G3H3I_000000184658|provirus_15737_33807	vRhyme_unbinned_106__MGr3G3H3I_000000184658|provirus_15737_33807_12	0.0000	low	1.0000	very high	0.0000	low
vRhyme_unbinned_106__MGr3G3H3I_000000184658|provirus_15737_33807	vRhyme_unbinned_106__MGr3G3H3I_000000184658|provirus_15737_33807	vRhyme_unbinned_106__MGr3G3H3I_000000184658|provirus_15737_33807_13	0.0000	low	1.0000	very high	0.0000	low
vRhyme_unbinned_106__MGr3G3H3I_000000184658|provirus_15737_33807	vRhyme_unbinned_106__MGr3G3H3I_000000184658|provirus_15737_33807	vRhyme_unbinned_106__MGr3G3H3I_000000184658|provirus_15737_33807_14	0.0000	low	1.0000	very high	0.0000	low
vRhyme_unbinned_106__MGr3G3H3I_000000184658|provirus_15737_33807	vRhyme_unbinned_106__MGr3G3H3I_000000184658|provirus_15737_33807	vRhyme_unbinned_106__MGr3G3H3I_000000184658|provirus_15737_33807_15	0.0000	low	1.0000	very high	0.0000	low
vRhyme_unbinned_106__MGr3G3H3I_000000184658|provirus_15737_33807	vRhyme_unbinned_106__MGr3G3H3I_000000184658|provirus_15737_33807	vRhyme_unbinned_106__MGr3G3H3I_000000184658|provirus_15737_33807_16	0.0000	low	0.4954	high	0.0000	low
vRhyme_unbinned_13__MGr3G3H3I_000000037801	vRhyme_unbinned_13__MGr3G3H3I_000000037801	vRhyme_unbinned_13__MGr3G3H3I_000000037801_1	0.0000	low	1.0000	very high	0.0000	low
vRhyme_unbinned_13__MGr3G3H3I_000000037801	vRhyme_unbinned_13__MGr3G3H3I_000000037801	vRhyme_unbinned_13__MGr3G3H3I_000000037801_2	0.0000	low	0.9620	high	0.0000	low
vRhyme_unbinned_13__MGr3G3H3I_000000037801	vRhyme_unbinned_13__MGr3G3H3I_000000037801	vRhyme_unbinned_13__MGr3G3H3I_000000037801_3	0.0000	low	1.0000	very high	0.0000	low
vRhyme_unbinned_13__MGr3G3H3I_000000037801	vRhyme_unbinned_13__MGr3G3H3I_000000037801	vRhyme_unbinned_13__MGr3G3H3I_000000037801_4	0.0000	low	1.0000	very high	0.0000	low
vRhyme_unbinned_13__MGr3G3H3I_000000037801	vRhyme_unbinned_13__MGr3G3H3I_000000037801	vRhyme_unbinned_13__MGr3G3H3I_000000037801_5	0.0000	low	1.0000	very high	0.0000	low
vRhyme_unbinned_13__MGr3G3H3I_000000037801	vRhyme_unbinned_13__MGr3G3H3I_000000037801	vRhyme_unbinned_13__MGr3G3H3I_000000037801_6	0.0000	low	1.0000	very high	0.0000	low
vRhyme_unbinned_13__MGr3G3H3I_000000037801	vRhyme_unbinned_13__MGr3G3H3I_000000037801	vRhyme_unbinned_13__MGr3G3H3I_000000037801_7	0.0000	low	1.0000	very high	0.0000	low
vRhyme_unbinned_13__MGr3G3H3I_000000037801	vRhyme_unbinned_13__MGr3G3H3I_000000037801	vRhyme_unbinned_13__MGr3G3H3I_000000037801_8	0.0000	low	1.0000	very high	0.0000	low
vRhyme_unbinned_13__MGr3G3H3I_000000037801	vRhyme_unbinned_13__MGr3G3H3I_000000037801	vRhyme_unbinned_13__MGr3G3H3I_000000037801_9	0.0000	low	1.0000	very high	0.0000	low
vRhyme_unbinned_13__MGr3G3H3I_000000037801	vRhyme_unbinned_13__MGr3G3H3I_000000037801	vRhyme_unbinned_13__MGr3G3H3I_000000037801_10	0.0000	low	1.0000	very high	0.0000	low
vRhyme_unbinned_13__MGr3G3H3I_000000037801	vRhyme_unbinned_13__MGr3G3H3I_000000037801	vRhyme_unbinned_13__MGr3G3H3I_000000037801_11	0.0000	low	1.0000	very high	0.0000	low
vRhyme_unbinned_13__MGr3G3H3I_000000037801	vRhyme_unbinned_13__MGr3G3H3I_000000037801	vRhyme_unbinned_13__MGr3G3H3I_000000037801_12	0.0000	low	1.0000	very high	0.0000	low
vRhyme_unbinned_13__MGr3G3H3I_000000037801	vRhyme_unbinned_13__MGr3G3H3I_000000037801	vRhyme_unbinned_13__MGr3G3H3I_000000037801_13	0.0000	low	1.0000	very high	0.0000	low
vRhyme_unbinned_13__MGr3G3H3I_000000037801	vRhyme_unbinned_13__MGr3G3H3I_000000037801	vRhyme_unbinned_13__MGr3G3H3I_000000037801_14	0.0000	low	1.0000	very high	0.0000	low
vRhyme_unbinned_13__MGr3G3H3I_000000037801	vRhyme_unbinned_13__MGr3G3H3I_000000037801	vRhyme_unbinned_13__MGr3G3H3I_000000037801_15	0.0000	low	1.0000	very high	0.0000	low
vRhyme_unbinned_13__MGr3G3H3I_000000037801	vRhyme_unbinned_13__MGr3G3H3I_000000037801	vRhyme_unbinned_13__MGr3G3H3I_000000037801_16	0.0000	low	1.0000	very high	0.0000	low
vRhyme_unbinned_13__MGr3G3H3I_000000037801	vRhyme_unbinned_13__MGr3G3H3I_000000037801	vRhyme_unbinned_13__MGr3G3H3I_000000037801_17	0.0000	low	1.0000	very high	0.0000	low
vRhyme_unbinned_13__MGr3G3H3I_000000037801	vRhyme_unbinned_13__MGr3G3H3I_000000037801	vRhyme_unbinned_13__MGr3G3H3I_000000037801_18	0.2022	medium	0.9481	high	0.1917	medium
vRhyme_unbinned_13__MGr3G3H3I_000000037801	vRhyme_unbinned_13__MGr3G3H3I_000000037801	vRhyme_unbinned_13__MGr3G3H3I_000000037801_19	0.0000	low	1.0000	very high	0.0000	low
vRhyme_unbinned_13__MGr3G3H3I_000000037801	vRhyme_unbinned_13__MGr3G3H3I_000000037801	vRhyme_unbinned_13__MGr3G3H3I_000000037801_20	0.8053	high	1.0000	very high	0.8053	high
vRhyme_unbinned_13__MGr3G3H3I_000000037801	vRhyme_unbinned_13__MGr3G3H3I_000000037801	vRhyme_unbinned_13__MGr3G3H3I_000000037801_21	0.0000	low	1.0000	very high	0.0000	low
vRhyme_unbinned_13__MGr3G3H3I_000000037801	vRhyme_unbinned_13__MGr3G3H3I_000000037801	vRhyme_unbinned_13__MGr3G3H3I_000000037801_22	0.0000	low	1.0000	very high	0.0000	low
vRhyme_unbinned_13__MGr3G3H3I_000000037801	vRhyme_unbinned_13__MGr3G3H3I_000000037801	vRhyme_unbinned_13__MGr3G3H3I_000000037801_23	0.0000	low	1.0000	very high	0.0000	low
vRhyme_unbinned_13__MGr3G3H3I_000000037801	vRhyme_unbinned_13__MGr3G3H3I_000000037801	vRhyme_unbinned_13__MGr3G3H3I_000000037801_24	0.0000	low	1.0000	very high	0.0000	low
vRhyme_unbinned_19__MGr3G3H3I_000000052512	vRhyme_unbinned_19__MGr3G3H3I_000000052512	vRhyme_unbinned_19__MGr3G3H3I_000000052512_1	0.0000	low	0.9589	high	0.0000	low
vRhyme_unbinned_19__MGr3G3H3I_000000052512	vRhyme_unbinned_19__MGr3G3H3I_000000052512	vRhyme_unbinned_19__MGr3G3H3I_000000052512_2	0.0000	low	0.8780	high	0.0000	low
vRhyme_unbinned_19__MGr3G3H3I_000000052512	vRhyme_unbinned_19__MGr3G3H3I_000000052512	vRhyme_unbinned_19__MGr3G3H3I_000000052512_3	0.0000	low	0.9036	high	0.0000	low
vRhyme_unbinned_19__MGr3G3H3I_000000052512	vRhyme_unbinned_19__MGr3G3H3I_000000052512	vRhyme_unbinned_19__MGr3G3H3I_000000052512_4	0.0000	low	0.6549	high	0.0000	low
vRhyme_unbinned_19__MGr3G3H3I_000000052512	vRhyme_unbinned_19__MGr3G3H3I_000000052512	vRhyme_unbinned_19__MGr3G3H3I_000000052512_5	0.0000	low	0.8495	high	0.0000	low
vRhyme_unbinned_19__MGr3G3H3I_000000052512	vRhyme_unbinned_19__MGr3G3H3I_000000052512	vRhyme_unbinned_19__MGr3G3H3I_000000052512_6	0.0000	low	0.6949	high	0.0000	low
vRhyme_unbinned_19__MGr3G3H3I_000000052512	vRhyme_unbinned_19__MGr3G3H3I_000000052512	vRhyme_unbinned_19__MGr3G3H3I_000000052512_7	0.0000	low	0.5609	high	0.0000	low
vRhyme_unbinned_19__MGr3G3H3I_000000052512	vRhyme_unbinned_19__MGr3G3H3I_000000052512	vRhyme_unbinned_19__MGr3G3H3I_000000052512_8	0.0000	low	0.5504	high	0.0000	low
vRhyme_unbinned_19__MGr3G3H3I_000000052512	vRhyme_unbinned_19__MGr3G3H3I_000000052512	vRhyme_unbinned_19__MGr3G3H3I_000000052512_9	0.0000	low	0.9646	high	0.0000	low
vRhyme_unbinned_19__MGr3G3H3I_000000052512	vRhyme_unbinned_19__MGr3G3H3I_000000052512	vRhyme_unbinned_19__MGr3G3H3I_000000052512_10	0.0000	low	0.8131	high	0.0000	low
vRhyme_unbinned_19__MGr3G3H3I_000000052512	vRhyme_unbinned_19__MGr3G3H3I_000000052512	vRhyme_unbinned_19__MGr3G3H3I_000000052512_11	0.0000	low	0.8500	high	0.0000	low
vRhyme_unbinned_19__MGr3G3H3I_000000052512	vRhyme_unbinned_19__MGr3G3H3I_000000052512	vRhyme_unbinned_19__MGr3G3H3I_000000052512_12	0.0000	low	0.4611	high	0.0000	low
vRhyme_unbinned_19__MGr3G3H3I_000000052512	vRhyme_unbinned_19__MGr3G3H3I_000000052512	vRhyme_unbinned_19__MGr3G3H3I_000000052512_13	0.0000	low	0.8058	high	0.0000	low
vRhyme_unbinned_19__MGr3G3H3I_000000052512	vRhyme_unbinned_19__MGr3G3H3I_000000052512	vRhyme_unbinned_19__MGr3G3H3I_000000052512_14	0.0000	low	0.9531	high	0.0000	low
vRhyme_unbinned_19__MGr3G3H3I_000000052512	vRhyme_unbinned_19__MGr3G3H3I_000000052512	vRhyme_unbinned_19__MGr3G3H3I_000000052512_15	0.0000	low	0.8398	high	0.0000	low
vRhyme_unbinned_19__MGr3G3H3I_000000052512	vRhyme_unbinned_19__MGr3G3H3I_000000052512	vRhyme_unbinned_19__MGr3G3H3I_000000052512_16	0.0000	low	0.9529	high	0.0000	low
vRhyme_unbinned_19__MGr3G3H3I_000000052512	vRhyme_unbinned_19__MGr3G3H3I_000000052512	vRhyme_unbinned_19__MGr3G3H3I_000000052512_17	0.0000	low	0.9476	high	0.0000	low
vRhyme_unbinned_19__MGr3G3H3I_000000052512	vRhyme_unbinned_19__MGr3G3H3I_000000052512	vRhyme_unbinned_19__MGr3G3H3I_000000052512_18	0.0000	low	0.9525	high	0.0000	low
vRhyme_unbinned_19__MGr3G3H3I_000000052512	vRhyme_unbinned_19__MGr3G3H3I_000000052512	vRhyme_unbinned_19__MGr3G3H3I_000000052512_19	0.0000	low	0.8655	high	0.0000	low
vRhyme_unbinned_19__MGr3G3H3I_000000052512	vRhyme_unbinned_19__MGr3G3H3I_000000052512	vRhyme_unbinned_19__MGr3G3H3I_000000052512_20	0.0000	low	0.9598	high	0.0000	low
vRhyme_unbinned_19__MGr3G3H3I_000000052512	vRhyme_unbinned_19__MGr3G3H3I_000000052512	vRhyme_unbinned_19__MGr3G3H3I_000000052512_21	0.0000	low	0.4719	high	0.0000	low
vRhyme_unbinned_19__MGr3G3H3I_000000052512	vRhyme_unbinned_19__MGr3G3H3I_000000052512	vRhyme_unbinned_19__MGr3G3H3I_000000052512_22	0.0000	low	0.8682	high	0.0000	low
vRhyme_unbinned_19__MGr3G3H3I_000000052512	vRhyme_unbinned_19__MGr3G3H3I_000000052512	vRhyme_unbinned_19__MGr3G3H3I_000000052512_23	0.0000	low	0.7962	high	0.0000	low
vRhyme_unbinned_19__MGr3G3H3I_000000052512	vRhyme_unbinned_19__MGr3G3H3I_000000052512	vRhyme_unbinned_19__MGr3G3H3I_000000052512_24	0.0000	low	0.9622	high	0.0000	low
vRhyme_unbinned_12__MGr3G3H3I_000000034564	vRhyme_unbinned_12__MGr3G3H3I_000000034564	vRhyme_unbinned_12__MGr3G3H3I_000000034564_1	0.0000	low	0.9153	high	0.0000	low
vRhyme_unbinned_12__MGr3G3H3I_000000034564	vRhyme_unbinned_12__MGr3G3H3I_000000034564	vRhyme_unbinned_12__MGr3G3H3I_000000034564_2	0.0000	low	0.9544	high	0.0000	low
vRhyme_unbinned_12__MGr3G3H3I_000000034564	vRhyme_unbinned_12__MGr3G3H3I_000000034564	vRhyme_unbinned_12__MGr3G3H3I_000000034564_3	0.0000	low	0.7571	high	0.0000	low
vRhyme_unbinned_12__MGr3G3H3I_000000034564	vRhyme_unbinned_12__MGr3G3H3I_000000034564	vRhyme_unbinned_12__MGr3G3H3I_000000034564_4	0.0000	low	1.0000	very high	0.0000	low
vRhyme_unbinned_12__MGr3G3H3I_000000034564	vRhyme_unbinned_12__MGr3G3H3I_000000034564	vRhyme_unbinned_12__MGr3G3H3I_000000034564_5	0.0000	low	0.8026	high	0.0000	low
vRhyme_unbinned_12__MGr3G3H3I_000000034564	vRhyme_unbinned_12__MGr3G3H3I_000000034564	vRhyme_unbinned_12__MGr3G3H3I_000000034564_6	0.0000	low	1.0000	very high	0.0000	low
vRhyme_unbinned_12__MGr3G3H3I_000000034564	vRhyme_unbinned_12__MGr3G3H3I_000000034564	vRhyme_unbinned_12__MGr3G3H3I_000000034564_7	0.0000	low	0.9213	high	0.0000	low
vRhyme_unbinned_12__MGr3G3H3I_000000034564	vRhyme_unbinned_12__MGr3G3H3I_000000034564	vRhyme_unbinned_12__MGr3G3H3I_000000034564_8	0.0000	low	1.0000	very high	0.0000	low
vRhyme_unbinned_12__MGr3G3H3I_000000034564	vRhyme_unbinned_12__MGr3G3H3I_000000034564	vRhyme_unbinned_12__MGr3G3H3I_000000034564_9	0.0000	low	1.0000	very high	0.0000	low
vRhyme_unbinned_12__MGr3G3H3I_000000034564	vRhyme_unbinned_12__MGr3G3H3I_000000034564	vRhyme_unbinned_12__MGr3G3H3I_000000034564_10	0.0000	low	0.9488	high	0.0000	low
vRhyme_unbinned_12__MGr3G3H3I_000000034564	vRhyme_unbinned_12__MGr3G3H3I_000000034564	vRhyme_unbinned_12__MGr3G3H3I_000000034564_11	0.0000	low	1.0000	very high	0.0000	low
vRhyme_unbinned_12__MGr3G3H3I_000000034564	vRhyme_unbinned_12__MGr3G3H3I_000000034564	vRhyme_unbinned_12__MGr3G3H3I_000000034564_12	0.0000	low	1.0000	very high	0.0000	low
vRhyme_unbinned_12__MGr3G3H3I_000000034564	vRhyme_unbinned_12__MGr3G3H3I_000000034564	vRhyme_unbinned_12__MGr3G3H3I_000000034564_13	0.0000	low	1.0000	very high	0.0000	low
vRhyme_unbinned_12__MGr3G3H3I_000000034564	vRhyme_unbinned_12__MGr3G3H3I_000000034564	vRhyme_unbinned_12__MGr3G3H3I_000000034564_14	0.0000	low	0.9524	high	0.0000	low
vRhyme_unbinned_12__MGr3G3H3I_000000034564	vRhyme_unbinned_12__MGr3G3H3I_000000034564	vRhyme_unbinned_12__MGr3G3H3I_000000034564_15	0.0000	low	0.9566	high	0.0000	low
vRhyme_unbinned_16__MGr3G3H3I_000000046301	vRhyme_unbinned_16__MGr3G3H3I_000000046301	vRhyme_unbinned_16__MGr3G3H3I_000000046301_1	1.0000	very high	0.0000	low	0.0000	low
vRhyme_unbinned_16__MGr3G3H3I_000000046301	vRhyme_unbinned_16__MGr3G3H3I_000000046301	vRhyme_unbinned_16__MGr3G3H3I_000000046301_2	0.0000	low	0.0486	low	0.0000	low
vRhyme_unbinned_16__MGr3G3H3I_000000046301	vRhyme_unbinned_16__MGr3G3H3I_000000046301	vRhyme_unbinned_16__MGr3G3H3I_000000046301_3	0.0000	low	0.0000	low	0.0000	low
vRhyme_unbinned_16__MGr3G3H3I_000000046301	vRhyme_unbinned_16__MGr3G3H3I_000000046301	vRhyme_unbinned_16__MGr3G3H3I_000000046301_4	0.0634	low	0.0000	low	0.0000	low
vRhyme_unbinned_16__MGr3G3H3I_000000046301	vRhyme_unbinned_16__MGr3G3H3I_000000046301	vRhyme_unbinned_16__MGr3G3H3I_000000046301_5	0.0000	low	0.0994	medium	0.0000	low
vRhyme_unbinned_16__MGr3G3H3I_000000046301	vRhyme_unbinned_16__MGr3G3H3I_000000046301	vRhyme_unbinned_16__MGr3G3H3I_000000046301_6	0.0000	low	0.0000	low	0.0000	low
vRhyme_unbinned_16__MGr3G3H3I_000000046301	vRhyme_unbinned_16__MGr3G3H3I_000000046301	vRhyme_unbinned_16__MGr3G3H3I_000000046301_7	0.0000	low	0.0000	low	0.0000	low
vRhyme_unbinned_16__MGr3G3H3I_000000046301	vRhyme_unbinned_16__MGr3G3H3I_000000046301	vRhyme_unbinned_16__MGr3G3H3I_000000046301_8	0.1092	medium	0.0000	low	0.0000	low
vRhyme_unbinned_16__MGr3G3H3I_000000046301	vRhyme_unbinned_16__MGr3G3H3I_000000046301	vRhyme_unbinned_16__MGr3G3H3I_000000046301_9	0.3017	medium	0.0775	medium	0.0234	low
vRhyme_unbinned_16__MGr3G3H3I_000000046301	vRhyme_unbinned_16__MGr3G3H3I_000000046301	vRhyme_unbinned_16__MGr3G3H3I_000000046301_10	0.1144	medium	0.0000	low	0.0000	low
vRhyme_unbinned_16__MGr3G3H3I_000000046301	vRhyme_unbinned_16__MGr3G3H3I_000000046301	vRhyme_unbinned_16__MGr3G3H3I_000000046301_11	0.0000	low	0.0497	low	0.0000	low
vRhyme_unbinned_16__MGr3G3H3I_000000046301	vRhyme_unbinned_16__MGr3G3H3I_000000046301	vRhyme_unbinned_16__MGr3G3H3I_000000046301_12	0.0000	low	0.0000	low	0.0000	low
vRhyme_unbinned_16__MGr3G3H3I_000000046301	vRhyme_unbinned_16__MGr3G3H3I_000000046301	vRhyme_unbinned_16__MGr3G3H3I_000000046301_13	0.0000	low	0.0962	medium	0.0000	low
vRhyme_unbinned_16__MGr3G3H3I_000000046301	vRhyme_unbinned_16__MGr3G3H3I_000000046301	vRhyme_unbinned_16__MGr3G3H3I_000000046301_14	0.0000	low	0.0573	medium	0.0000	low
vRhyme_unbinned_101__MGr3G3H3I_000000108711|provirus_5759_27215	vRhyme_unbinned_101__MGr3G3H3I_000000108711|provirus_5759_27215	vRhyme_unbinned_101__MGr3G3H3I_000000108711|provirus_5759_27215_1	0.0000	low	1.0000	very high	0.0000	low
vRhyme_unbinned_101__MGr3G3H3I_000000108711|provirus_5759_27215	vRhyme_unbinned_101__MGr3G3H3I_000000108711|provirus_5759_27215	vRhyme_unbinned_101__MGr3G3H3I_000000108711|provirus_5759_27215_2	0.1143	medium	1.0000	very high	0.1143	medium
vRhyme_unbinned_101__MGr3G3H3I_000000108711|provirus_5759_27215	vRhyme_unbinned_101__MGr3G3H3I_000000108711|provirus_5759_27215	vRhyme_unbinned_101__MGr3G3H3I_000000108711|provirus_5759_27215_3	0.0000	low	1.0000	very high	0.0000	low
vRhyme_unbinned_101__MGr3G3H3I_000000108711|provirus_5759_27215	vRhyme_unbinned_101__MGr3G3H3I_000000108711|provirus_5759_27215	vRhyme_unbinned_101__MGr3G3H3I_000000108711|provirus_5759_27215_4	0.0000	low	1.0000	very high	0.0000	low
vRhyme_unbinned_101__MGr3G3H3I_000000108711|provirus_5759_27215	vRhyme_unbinned_101__MGr3G3H3I_000000108711|provirus_5759_27215	vRhyme_unbinned_101__MGr3G3H3I_000000108711|provirus_5759_27215_5	0.0000	low	1.0000	very high	0.0000	low
vRhyme_unbinned_101__MGr3G3H3I_000000108711|provirus_5759_27215	vRhyme_unbinned_101__MGr3G3H3I_000000108711|provirus_5759_27215	vRhyme_unbinned_101__MGr3G3H3I_000000108711|provirus_5759_27215_6	0.0000	low	1.0000	very high	0.0000	low
vRhyme_unbinned_101__MGr3G3H3I_000000108711|provirus_5759_27215	vRhyme_unbinned_101__MGr3G3H3I_000000108711|provirus_5759_27215	vRhyme_unbinned_101__MGr3G3H3I_000000108711|provirus_5759_27215_7	0.0000	low	1.0000	very high	0.0000	low
vRhyme_unbinned_101__MGr3G3H3I_000000108711|provirus_5759_27215	vRhyme_unbinned_101__MGr3G3H3I_000000108711|provirus_5759_27215	vRhyme_unbinned_101__MGr3G3H3I_000000108711|provirus_5759_27215_8	0.0000	low	1.0000	very high	0.0000	low
vRhyme_unbinned_101__MGr3G3H3I_000000108711|provirus_5759_27215	vRhyme_unbinned_101__MGr3G3H3I_000000108711|provirus_5759_27215	vRhyme_unbinned_101__MGr3G3H3I_000000108711|provirus_5759_27215_9	0.0000	low	1.0000	very high	0.0000	low
vRhyme_unbinned_101__MGr3G3H3I_000000108711|provirus_5759_27215	vRhyme_unbinned_101__MGr3G3H3I_000000108711|provirus_5759_27215	vRhyme_unbinned_101__MGr3G3H3I_000000108711|provirus_5759_27215_10	0.0000	low	1.0000	very high	0.0000	low
vRhyme_unbinned_101__MGr3G3H3I_000000108711|provirus_5759_27215	vRhyme_unbinned_101__MGr3G3H3I_000000108711|provirus_5759_27215	vRhyme_unbinned_101__MGr3G3H3I_000000108711|provirus_5759_27215_11	0.0000	low	1.0000	very high	0.0000	low
vRhyme_unbinned_101__MGr3G3H3I_000000108711|provirus_5759_27215	vRhyme_unbinned_101__MGr3G3H3I_000000108711|provirus_5759_27215	vRhyme_unbinned_101__MGr3G3H3I_000000108711|provirus_5759_27215_12	0.0000	low	1.0000	very high	0.0000	low
vRhyme_unbinned_101__MGr3G3H3I_000000108711|provirus_5759_27215	vRhyme_unbinned_101__MGr3G3H3I_000000108711|provirus_5759_27215	vRhyme_unbinned_101__MGr3G3H3I_000000108711|provirus_5759_27215_13	0.0000	low	1.0000	very high	0.0000	low
vRhyme_unbinned_101__MGr3G3H3I_000000108711|provirus_5759_27215	vRhyme_unbinned_101__MGr3G3H3I_000000108711|provirus_5759_27215	vRhyme_unbinned_101__MGr3G3H3I_000000108711|provirus_5759_27215_14	0.0000	low	1.0000	very high	0.0000	low
vRhyme_unbinned_101__MGr3G3H3I_000000108711|provirus_5759_27215	vRhyme_unbinned_101__MGr3G3H3I_000000108711|provirus_5759_27215	vRhyme_unbinned_101__MGr3G3H3I_000000108711|provirus_5759_27215_15	0.0000	low	1.0000	very high	0.0000	low
vRhyme_unbinned_101__MGr3G3H3I_000000108711|provirus_5759_27215	vRhyme_unbinned_101__MGr3G3H3I_000000108711|provirus_5759_27215	vRhyme_unbinned_101__MGr3G3H3I_000000108711|provirus_5759_27215_16	0.0000	low	1.0000	very high	0.0000	low
vRhyme_unbinned_101__MGr3G3H3I_000000108711|provirus_5759_27215	vRhyme_unbinned_101__MGr3G3H3I_000000108711|provirus_5759_27215	vRhyme_unbinned_101__MGr3G3H3I_000000108711|provirus_5759_27215_17	0.0000	low	1.0000	very high	0.0000	low
vRhyme_unbinned_101__MGr3G3H3I_000000108711|provirus_5759_27215	vRhyme_unbinned_101__MGr3G3H3I_000000108711|provirus_5759_27215	vRhyme_unbinned_101__MGr3G3H3I_000000108711|provirus_5759_27215_18	0.0000	low	1.0000	very high	0.0000	low
vRhyme_unbinned_101__MGr3G3H3I_000000108711|provirus_5759_27215	vRhyme_unbinned_101__MGr3G3H3I_000000108711|provirus_5759_27215	vRhyme_unbinned_101__MGr3G3H3I_000000108711|provirus_5759_27215_19	0.0000	low	1.0000	very high	0.0000	low
vRhyme_unbinned_101__MGr3G3H3I_000000108711|provirus_5759_27215	vRhyme_unbinned_101__MGr3G3H3I_000000108711|provirus_5759_27215	vRhyme_unbinned_101__MGr3G3H3I_000000108711|provirus_5759_27215_20	0.0000	low	1.0000	very high	0.0000	low
vRhyme_unbinned_101__MGr3G3H3I_000000108711|provirus_5759_27215	vRhyme_unbinned_101__MGr3G3H3I_000000108711|provirus_5759_27215	vRhyme_unbinned_101__MGr3G3H3I_000000108711|provirus_5759_27215_21	0.0000	low	1.0000	very high	0.0000	low
vRhyme_unbinned_101__MGr3G3H3I_000000108711|provirus_5759_27215	vRhyme_unbinned_101__MGr3G3H3I_000000108711|provirus_5759_27215	vRhyme_unbinned_101__MGr3G3H3I_000000108711|provirus_5759_27215_22	0.0000	low	1.0000	very high	0.0000	low
vRhyme_unbinned_101__MGr3G3H3I_000000108711|provirus_5759_27215	vRhyme_unbinned_101__MGr3G3H3I_000000108711|provirus_5759_27215	vRhyme_unbinned_101__MGr3G3H3I_000000108711|provirus_5759_27215_23	0.0000	low	1.0000	very high	0.0000	low
vRhyme_unbinned_101__MGr3G3H3I_000000108711|provirus_5759_27215	vRhyme_unbinned_101__MGr3G3H3I_000000108711|provirus_5759_27215	vRhyme_unbinned_101__MGr3G3H3I_000000108711|provirus_5759_27215_24	0.0000	low	1.0000	very high	0.0000	low
vRhyme_unbinned_101__MGr3G3H3I_000000108711|provirus_5759_27215	vRhyme_unbinned_101__MGr3G3H3I_000000108711|provirus_5759_27215	vRhyme_unbinned_101__MGr3G3H3I_000000108711|provirus_5759_27215_25	0.0000	low	1.0000	very high	0.0000	low
vRhyme_unbinned_101__MGr3G3H3I_000000108711|provirus_5759_27215	vRhyme_unbinned_101__MGr3G3H3I_000000108711|provirus_5759_27215	vRhyme_unbinned_101__MGr3G3H3I_000000108711|provirus_5759_27215_26	0.0000	low	1.0000	very high	0.0000	low
vRhyme_unbinned_1__MGr3G3H3I_000000002691	vRhyme_unbinned_1__MGr3G3H3I_000000002691	vRhyme_unbinned_1__MGr3G3H3I_000000002691_1	0.0000	low	1.0000	very high	0.0000	low
vRhyme_unbinned_1__MGr3G3H3I_000000002691	vRhyme_unbinned_1__MGr3G3H3I_000000002691	vRhyme_unbinned_1__MGr3G3H3I_000000002691_2	0.0000	low	1.0000	very high	0.0000	low
vRhyme_unbinned_1__MGr3G3H3I_000000002691	vRhyme_unbinned_1__MGr3G3H3I_000000002691	vRhyme_unbinned_1__MGr3G3H3I_000000002691_3	0.0000	low	1.0000	very high	0.0000	low
vRhyme_unbinned_1__MGr3G3H3I_000000002691	vRhyme_unbinned_1__MGr3G3H3I_000000002691	vRhyme_unbinned_1__MGr3G3H3I_000000002691_4	0.0000	low	1.0000	very high	0.0000	low
vRhyme_unbinned_1__MGr3G3H3I_000000002691	vRhyme_unbinned_1__MGr3G3H3I_000000002691	vRhyme_unbinned_1__MGr3G3H3I_000000002691_5	0.0000	low	1.0000	very high	0.0000	low
vRhyme_unbinned_1__MGr3G3H3I_000000002691	vRhyme_unbinned_1__MGr3G3H3I_000000002691	vRhyme_unbinned_1__MGr3G3H3I_000000002691_6	0.0000	low	1.0000	very high	0.0000	low
vRhyme_unbinned_1__MGr3G3H3I_000000002691	vRhyme_unbinned_1__MGr3G3H3I_000000002691	vRhyme_unbinned_1__MGr3G3H3I_000000002691_7	0.0000	low	1.0000	very high	0.0000	low
vRhyme_unbinned_1__MGr3G3H3I_000000002691	vRhyme_unbinned_1__MGr3G3H3I_000000002691	vRhyme_unbinned_1__MGr3G3H3I_000000002691_8	0.3511	medium	1.0000	very high	0.3511	medium
vRhyme_unbinned_1__MGr3G3H3I_000000002691	vRhyme_unbinned_1__MGr3G3H3I_000000002691	vRhyme_unbinned_1__MGr3G3H3I_000000002691_9	0.0000	low	1.0000	very high	0.0000	low
vRhyme_unbinned_1__MGr3G3H3I_000000002691	vRhyme_unbinned_1__MGr3G3H3I_000000002691	vRhyme_unbinned_1__MGr3G3H3I_000000002691_10	0.0000	low	1.0000	very high	0.0000	low
vRhyme_unbinned_1__MGr3G3H3I_000000002691	vRhyme_unbinned_1__MGr3G3H3I_000000002691	vRhyme_unbinned_1__MGr3G3H3I_000000002691_11	0.0000	low	1.0000	very high	0.0000	low
vRhyme_unbinned_14__MGr3G3H3I_000000040482	vRhyme_unbinned_14__MGr3G3H3I_000000040482	vRhyme_unbinned_14__MGr3G3H3I_000000040482_1	0.0000	low	0.9533	high	0.0000	low
vRhyme_unbinned_14__MGr3G3H3I_000000040482	vRhyme_unbinned_14__MGr3G3H3I_000000040482	vRhyme_unbinned_14__MGr3G3H3I_000000040482_2	0.0000	low	1.0000	very high	0.0000	low
vRhyme_unbinned_14__MGr3G3H3I_000000040482	vRhyme_unbinned_14__MGr3G3H3I_000000040482	vRhyme_unbinned_14__MGr3G3H3I_000000040482_3	0.0000	low	1.0000	very high	0.0000	low
vRhyme_unbinned_14__MGr3G3H3I_000000040482	vRhyme_unbinned_14__MGr3G3H3I_000000040482	vRhyme_unbinned_14__MGr3G3H3I_000000040482_4	0.0000	low	1.0000	very high	0.0000	low
vRhyme_unbinned_14__MGr3G3H3I_000000040482	vRhyme_unbinned_14__MGr3G3H3I_000000040482	vRhyme_unbinned_14__MGr3G3H3I_000000040482_5	0.0000	low	1.0000	very high	0.0000	low
vRhyme_unbinned_14__MGr3G3H3I_000000040482	vRhyme_unbinned_14__MGr3G3H3I_000000040482	vRhyme_unbinned_14__MGr3G3H3I_000000040482_6	0.0000	low	1.0000	very high	0.0000	low
vRhyme_unbinned_14__MGr3G3H3I_000000040482	vRhyme_unbinned_14__MGr3G3H3I_000000040482	vRhyme_unbinned_14__MGr3G3H3I_000000040482_7	0.0000	low	1.0000	very high	0.0000	low
vRhyme_unbinned_14__MGr3G3H3I_000000040482	vRhyme_unbinned_14__MGr3G3H3I_000000040482	vRhyme_unbinned_14__MGr3G3H3I_000000040482_8	0.0000	low	1.0000	very high	0.0000	low
vRhyme_unbinned_14__MGr3G3H3I_000000040482	vRhyme_unbinned_14__MGr3G3H3I_000000040482	vRhyme_unbinned_14__MGr3G3H3I_000000040482_9	0.0000	low	1.0000	very high	0.0000	low
vRhyme_unbinned_14__MGr3G3H3I_000000040482	vRhyme_unbinned_14__MGr3G3H3I_000000040482	vRhyme_unbinned_14__MGr3G3H3I_000000040482_10	0.0000	low	1.0000	very high	0.0000	low
vRhyme_unbinned_14__MGr3G3H3I_000000040482	vRhyme_unbinned_14__MGr3G3H3I_000000040482	vRhyme_unbinned_14__MGr3G3H3I_000000040482_11	0.0000	low	1.0000	very high	0.0000	low
vRhyme_unbinned_14__MGr3G3H3I_000000040482	vRhyme_unbinned_14__MGr3G3H3I_000000040482	vRhyme_unbinned_14__MGr3G3H3I_000000040482_12	0.0000	low	1.0000	very high	0.0000	low
vRhyme_unbinned_14__MGr3G3H3I_000000040482	vRhyme_unbinned_14__MGr3G3H3I_000000040482	vRhyme_unbinned_14__MGr3G3H3I_000000040482_13	0.0000	low	1.0000	very high	0.0000	low
vRhyme_unbinned_14__MGr3G3H3I_000000040482	vRhyme_unbinned_14__MGr3G3H3I_000000040482	vRhyme_unbinned_14__MGr3G3H3I_000000040482_14	0.0000	low	1.0000	very high	0.0000	low
vRhyme_unbinned_14__MGr3G3H3I_000000040482	vRhyme_unbinned_14__MGr3G3H3I_000000040482	vRhyme_unbinned_14__MGr3G3H3I_000000040482_15	0.0000	low	1.0000	very high	0.0000	low
vRhyme_unbinned_14__MGr3G3H3I_000000040482	vRhyme_unbinned_14__MGr3G3H3I_000000040482	vRhyme_unbinned_14__MGr3G3H3I_000000040482_16	0.0000	low	1.0000	very high	0.0000	low
vRhyme_unbinned_14__MGr3G3H3I_000000040482	vRhyme_unbinned_14__MGr3G3H3I_000000040482	vRhyme_unbinned_14__MGr3G3H3I_000000040482_17	0.0000	low	1.0000	very high	0.0000	low
vRhyme_unbinned_14__MGr3G3H3I_000000040482	vRhyme_unbinned_14__MGr3G3H3I_000000040482	vRhyme_unbinned_14__MGr3G3H3I_000000040482_18	0.0000	low	1.0000	very high	0.0000	low
vRhyme_unbinned_14__MGr3G3H3I_000000040482	vRhyme_unbinned_14__MGr3G3H3I_000000040482	vRhyme_unbinned_14__MGr3G3H3I_000000040482_19	0.0000	low	1.0000	very high	0.0000	low
vRhyme_unbinned_14__MGr3G3H3I_000000040482	vRhyme_unbinned_14__MGr3G3H3I_000000040482	vRhyme_unbinned_14__MGr3G3H3I_000000040482_20	0.0000	low	1.0000	very high	0.0000	low
vRhyme_unbinned_14__MGr3G3H3I_000000040482	vRhyme_unbinned_14__MGr3G3H3I_000000040482	vRhyme_unbinned_14__MGr3G3H3I_000000040482_21	0.0000	low	1.0000	very high	0.0000	low
vRhyme_unbinned_17__MGr3G3H3I_000000049710	vRhyme_unbinned_17__MGr3G3H3I_000000049710	vRhyme_unbinned_17__MGr3G3H3I_000000049710_1	0.0000	low	1.0000	very high	0.0000	low
vRhyme_unbinned_17__MGr3G3H3I_000000049710	vRhyme_unbinned_17__MGr3G3H3I_000000049710	vRhyme_unbinned_17__MGr3G3H3I_000000049710_2	0.0000	low	1.0000	very high	0.0000	low
vRhyme_unbinned_17__MGr3G3H3I_000000049710	vRhyme_unbinned_17__MGr3G3H3I_000000049710	vRhyme_unbinned_17__MGr3G3H3I_000000049710_3	0.0000	low	1.0000	very high	0.0000	low
vRhyme_unbinned_17__MGr3G3H3I_000000049710	vRhyme_unbinned_17__MGr3G3H3I_000000049710	vRhyme_unbinned_17__MGr3G3H3I_000000049710_4	0.0000	low	1.0000	very high	0.0000	low
vRhyme_unbinned_17__MGr3G3H3I_000000049710	vRhyme_unbinned_17__MGr3G3H3I_000000049710	vRhyme_unbinned_17__MGr3G3H3I_000000049710_5	0.0000	low	1.0000	very high	0.0000	low
vRhyme_unbinned_17__MGr3G3H3I_000000049710	vRhyme_unbinned_17__MGr3G3H3I_000000049710	vRhyme_unbinned_17__MGr3G3H3I_000000049710_6	0.0000	low	1.0000	very high	0.0000	low
vRhyme_unbinned_17__MGr3G3H3I_000000049710	vRhyme_unbinned_17__MGr3G3H3I_000000049710	vRhyme_unbinned_17__MGr3G3H3I_000000049710_7	0.0000	low	1.0000	very high	0.0000	low
vRhyme_unbinned_17__MGr3G3H3I_000000049710	vRhyme_unbinned_17__MGr3G3H3I_000000049710	vRhyme_unbinned_17__MGr3G3H3I_000000049710_8	0.0000	low	1.0000	very high	0.0000	low
vRhyme_unbinned_17__MGr3G3H3I_000000049710	vRhyme_unbinned_17__MGr3G3H3I_000000049710	vRhyme_unbinned_17__MGr3G3H3I_000000049710_9	0.0000	low	1.0000	very high	0.0000	low
vRhyme_unbinned_17__MGr3G3H3I_000000049710	vRhyme_unbinned_17__MGr3G3H3I_000000049710	vRhyme_unbinned_17__MGr3G3H3I_000000049710_10	0.0000	low	1.0000	very high	0.0000	low
vRhyme_unbinned_17__MGr3G3H3I_000000049710	vRhyme_unbinned_17__MGr3G3H3I_000000049710	vRhyme_unbinned_17__MGr3G3H3I_000000049710_11	0.0000	low	1.0000	very high	0.0000	low
vRhyme_unbinned_17__MGr3G3H3I_000000049710	vRhyme_unbinned_17__MGr3G3H3I_000000049710	vRhyme_unbinned_17__MGr3G3H3I_000000049710_12	0.0000	low	1.0000	very high	0.0000	low
vRhyme_unbinned_17__MGr3G3H3I_000000049710	vRhyme_unbinned_17__MGr3G3H3I_000000049710	vRhyme_unbinned_17__MGr3G3H3I_000000049710_13	0.0000	low	1.0000	very high	0.0000	low
vRhyme_unbinned_17__MGr3G3H3I_000000049710	vRhyme_unbinned_17__MGr3G3H3I_000000049710	vRhyme_unbinned_17__MGr3G3H3I_000000049710_14	0.0000	low	1.0000	very high	0.0000	low
vRhyme_unbinned_17__MGr3G3H3I_000000049710	vRhyme_unbinned_17__MGr3G3H3I_000000049710	vRhyme_unbinned_17__MGr3G3H3I_000000049710_15	0.0000	low	1.0000	very high	0.0000	low
vRhyme_unbinned_17__MGr3G3H3I_000000049710	vRhyme_unbinned_17__MGr3G3H3I_000000049710	vRhyme_unbinned_17__MGr3G3H3I_000000049710_16	0.0000	low	1.0000	very high	0.0000	low
vRhyme_unbinned_100__MGr3G3H3I_000000103162|provirus_6091_24599	vRhyme_unbinned_100__MGr3G3H3I_000000103162|provirus_6091_24599	vRhyme_unbinned_100__MGr3G3H3I_000000103162|provirus_6091_24599_1	0.0000	low	0.4652	high	0.0000	low
vRhyme_unbinned_100__MGr3G3H3I_000000103162|provirus_6091_24599	vRhyme_unbinned_100__MGr3G3H3I_000000103162|provirus_6091_24599	vRhyme_unbinned_100__MGr3G3H3I_000000103162|provirus_6091_24599_2	0.0546	low	0.3356	medium	0.0183	low
vRhyme_unbinned_100__MGr3G3H3I_000000103162|provirus_6091_24599	vRhyme_unbinned_100__MGr3G3H3I_000000103162|provirus_6091_24599	vRhyme_unbinned_100__MGr3G3H3I_000000103162|provirus_6091_24599_3	0.0000	low	0.3213	medium	0.0000	low
vRhyme_unbinned_100__MGr3G3H3I_000000103162|provirus_6091_24599	vRhyme_unbinned_100__MGr3G3H3I_000000103162|provirus_6091_24599	vRhyme_unbinned_100__MGr3G3H3I_000000103162|provirus_6091_24599_4	0.0000	low	0.1961	medium	0.0000	low
vRhyme_unbinned_100__MGr3G3H3I_000000103162|provirus_6091_24599	vRhyme_unbinned_100__MGr3G3H3I_000000103162|provirus_6091_24599	vRhyme_unbinned_100__MGr3G3H3I_000000103162|provirus_6091_24599_5	0.0000	low	0.8711	high	0.0000	low
vRhyme_unbinned_100__MGr3G3H3I_000000103162|provirus_6091_24599	vRhyme_unbinned_100__MGr3G3H3I_000000103162|provirus_6091_24599	vRhyme_unbinned_100__MGr3G3H3I_000000103162|provirus_6091_24599_6	0.0000	low	0.6484	high	0.0000	low
vRhyme_unbinned_100__MGr3G3H3I_000000103162|provirus_6091_24599	vRhyme_unbinned_100__MGr3G3H3I_000000103162|provirus_6091_24599	vRhyme_unbinned_100__MGr3G3H3I_000000103162|provirus_6091_24599_7	0.0000	low	0.8582	high	0.0000	low
vRhyme_unbinned_100__MGr3G3H3I_000000103162|provirus_6091_24599	vRhyme_unbinned_100__MGr3G3H3I_000000103162|provirus_6091_24599	vRhyme_unbinned_100__MGr3G3H3I_000000103162|provirus_6091_24599_8	0.0000	low	0.6610	high	0.0000	low
vRhyme_unbinned_100__MGr3G3H3I_000000103162|provirus_6091_24599	vRhyme_unbinned_100__MGr3G3H3I_000000103162|provirus_6091_24599	vRhyme_unbinned_100__MGr3G3H3I_000000103162|provirus_6091_24599_9	0.0888	medium	0.7929	high	0.0704	low
vRhyme_unbinned_100__MGr3G3H3I_000000103162|provirus_6091_24599	vRhyme_unbinned_100__MGr3G3H3I_000000103162|provirus_6091_24599	vRhyme_unbinned_100__MGr3G3H3I_000000103162|provirus_6091_24599_10	0.0000	low	0.8946	high	0.0000	low
vRhyme_unbinned_100__MGr3G3H3I_000000103162|provirus_6091_24599	vRhyme_unbinned_100__MGr3G3H3I_000000103162|provirus_6091_24599	vRhyme_unbinned_100__MGr3G3H3I_000000103162|provirus_6091_24599_11	0.0000	low	0.6646	high	0.0000	low
vRhyme_unbinned_100__MGr3G3H3I_000000103162|provirus_6091_24599	vRhyme_unbinned_100__MGr3G3H3I_000000103162|provirus_6091_24599	vRhyme_unbinned_100__MGr3G3H3I_000000103162|provirus_6091_24599_12	0.0000	low	0.9613	high	0.0000	low
vRhyme_unbinned_100__MGr3G3H3I_000000103162|provirus_6091_24599	vRhyme_unbinned_100__MGr3G3H3I_000000103162|provirus_6091_24599	vRhyme_unbinned_100__MGr3G3H3I_000000103162|provirus_6091_24599_13	0.0000	low	0.9075	high	0.0000	low
vRhyme_unbinned_100__MGr3G3H3I_000000103162|provirus_6091_24599	vRhyme_unbinned_100__MGr3G3H3I_000000103162|provirus_6091_24599	vRhyme_unbinned_100__MGr3G3H3I_000000103162|provirus_6091_24599_14	0.0000	low	0.9148	high	0.0000	low
vRhyme_unbinned_100__MGr3G3H3I_000000103162|provirus_6091_24599	vRhyme_unbinned_100__MGr3G3H3I_000000103162|provirus_6091_24599	vRhyme_unbinned_100__MGr3G3H3I_000000103162|provirus_6091_24599_15	0.0000	low	0.9099	high	0.0000	low
vRhyme_unbinned_100__MGr3G3H3I_000000103162|provirus_6091_24599	vRhyme_unbinned_100__MGr3G3H3I_000000103162|provirus_6091_24599	vRhyme_unbinned_100__MGr3G3H3I_000000103162|provirus_6091_24599_16	0.0000	low	1.0000	very high	0.0000	low
vRhyme_unbinned_18__MGr3G3H3I_000000052374	vRhyme_unbinned_18__MGr3G3H3I_000000052374	vRhyme_unbinned_18__MGr3G3H3I_000000052374_1	0.0000	low	1.0000	very high	0.0000	low
vRhyme_unbinned_18__MGr3G3H3I_000000052374	vRhyme_unbinned_18__MGr3G3H3I_000000052374	vRhyme_unbinned_18__MGr3G3H3I_000000052374_2	0.0000	low	1.0000	very high	0.0000	low
vRhyme_unbinned_18__MGr3G3H3I_000000052374	vRhyme_unbinned_18__MGr3G3H3I_000000052374	vRhyme_unbinned_18__MGr3G3H3I_000000052374_3	0.0000	low	1.0000	very high	0.0000	low
vRhyme_unbinned_18__MGr3G3H3I_000000052374	vRhyme_unbinned_18__MGr3G3H3I_000000052374	vRhyme_unbinned_18__MGr3G3H3I_000000052374_4	0.0000	low	1.0000	very high	0.0000	low
vRhyme_unbinned_18__MGr3G3H3I_000000052374	vRhyme_unbinned_18__MGr3G3H3I_000000052374	vRhyme_unbinned_18__MGr3G3H3I_000000052374_5	0.0000	low	1.0000	very high	0.0000	low
vRhyme_unbinned_18__MGr3G3H3I_000000052374	vRhyme_unbinned_18__MGr3G3H3I_000000052374	vRhyme_unbinned_18__MGr3G3H3I_000000052374_6	0.0000	low	1.0000	very high	0.0000	low
vRhyme_unbinned_18__MGr3G3H3I_000000052374	vRhyme_unbinned_18__MGr3G3H3I_000000052374	vRhyme_unbinned_18__MGr3G3H3I_000000052374_7	0.0000	low	1.0000	very high	0.0000	low
vRhyme_unbinned_18__MGr3G3H3I_000000052374	vRhyme_unbinned_18__MGr3G3H3I_000000052374	vRhyme_unbinned_18__MGr3G3H3I_000000052374_8	0.0000	low	1.0000	very high	0.0000	low
vRhyme_unbinned_18__MGr3G3H3I_000000052374	vRhyme_unbinned_18__MGr3G3H3I_000000052374	vRhyme_unbinned_18__MGr3G3H3I_000000052374_9	0.0000	low	1.0000	very high	0.0000	low
vRhyme_unbinned_18__MGr3G3H3I_000000052374	vRhyme_unbinned_18__MGr3G3H3I_000000052374	vRhyme_unbinned_18__MGr3G3H3I_000000052374_10	0.0000	low	1.0000	very high	0.0000	low
vRhyme_unbinned_18__MGr3G3H3I_000000052374	vRhyme_unbinned_18__MGr3G3H3I_000000052374	vRhyme_unbinned_18__MGr3G3H3I_000000052374_11	0.0000	low	1.0000	very high	0.0000	low
vRhyme_unbinned_18__MGr3G3H3I_000000052374	vRhyme_unbinned_18__MGr3G3H3I_000000052374	vRhyme_unbinned_18__MGr3G3H3I_000000052374_12	0.0000	low	1.0000	very high	0.0000	low
vRhyme_unbinned_18__MGr3G3H3I_000000052374	vRhyme_unbinned_18__MGr3G3H3I_000000052374	vRhyme_unbinned_18__MGr3G3H3I_000000052374_13	0.0000	low	1.0000	very high	0.0000	low
vRhyme_unbinned_18__MGr3G3H3I_000000052374	vRhyme_unbinned_18__MGr3G3H3I_000000052374	vRhyme_unbinned_18__MGr3G3H3I_000000052374_14	0.0000	low	1.0000	very high	0.0000	low
vRhyme_unbinned_18__MGr3G3H3I_000000052374	vRhyme_unbinned_18__MGr3G3H3I_000000052374	vRhyme_unbinned_18__MGr3G3H3I_000000052374_15	0.0000	low	0.9523	high	0.0000	low
vRhyme_unbinned_18__MGr3G3H3I_000000052374	vRhyme_unbinned_18__MGr3G3H3I_000000052374	vRhyme_unbinned_18__MGr3G3H3I_000000052374_16	0.0000	low	1.0000	very high	0.0000	low
vRhyme_unbinned_18__MGr3G3H3I_000000052374	vRhyme_unbinned_18__MGr3G3H3I_000000052374	vRhyme_unbinned_18__MGr3G3H3I_000000052374_17	0.0000	low	1.0000	very high	0.0000	low
vRhyme_unbinned_18__MGr3G3H3I_000000052374	vRhyme_unbinned_18__MGr3G3H3I_000000052374	vRhyme_unbinned_18__MGr3G3H3I_000000052374_18	0.0000	low	1.0000	very high	0.0000	low
vRhyme_unbinned_18__MGr3G3H3I_000000052374	vRhyme_unbinned_18__MGr3G3H3I_000000052374	vRhyme_unbinned_18__MGr3G3H3I_000000052374_19	0.0000	low	1.0000	very high	0.0000	low
vRhyme_unbinned_18__MGr3G3H3I_000000052374	vRhyme_unbinned_18__MGr3G3H3I_000000052374	vRhyme_unbinned_18__MGr3G3H3I_000000052374_20	0.0000	low	1.0000	very high	0.0000	low
vRhyme_unbinned_24__MGr3G3H3I_000000069672	vRhyme_unbinned_24__MGr3G3H3I_000000069672	vRhyme_unbinned_24__MGr3G3H3I_000000069672_1	0.0000	low	1.0000	very high	0.0000	low
vRhyme_unbinned_24__MGr3G3H3I_000000069672	vRhyme_unbinned_24__MGr3G3H3I_000000069672	vRhyme_unbinned_24__MGr3G3H3I_000000069672_2	0.0000	low	0.8596	high	0.0000	low
vRhyme_unbinned_24__MGr3G3H3I_000000069672	vRhyme_unbinned_24__MGr3G3H3I_000000069672	vRhyme_unbinned_24__MGr3G3H3I_000000069672_3	0.2431	medium	0.6545	high	0.1591	medium
vRhyme_unbinned_24__MGr3G3H3I_000000069672	vRhyme_unbinned_24__MGr3G3H3I_000000069672	vRhyme_unbinned_24__MGr3G3H3I_000000069672_4	0.0000	low	0.6560	high	0.0000	low
vRhyme_unbinned_24__MGr3G3H3I_000000069672	vRhyme_unbinned_24__MGr3G3H3I_000000069672	vRhyme_unbinned_24__MGr3G3H3I_000000069672_5	0.0000	low	0.4876	high	0.0000	low
vRhyme_unbinned_24__MGr3G3H3I_000000069672	vRhyme_unbinned_24__MGr3G3H3I_000000069672	vRhyme_unbinned_24__MGr3G3H3I_000000069672_6	0.0000	low	0.6906	high	0.0000	low
vRhyme_unbinned_24__MGr3G3H3I_000000069672	vRhyme_unbinned_24__MGr3G3H3I_000000069672	vRhyme_unbinned_24__MGr3G3H3I_000000069672_7	0.0000	low	0.8541	high	0.0000	low
vRhyme_unbinned_24__MGr3G3H3I_000000069672	vRhyme_unbinned_24__MGr3G3H3I_000000069672	vRhyme_unbinned_24__MGr3G3H3I_000000069672_8	0.0000	low	0.5127	high	0.0000	low
vRhyme_unbinned_24__MGr3G3H3I_000000069672	vRhyme_unbinned_24__MGr3G3H3I_000000069672	vRhyme_unbinned_24__MGr3G3H3I_000000069672_9	0.0000	low	0.5602	high	0.0000	low
vRhyme_unbinned_24__MGr3G3H3I_000000069672	vRhyme_unbinned_24__MGr3G3H3I_000000069672	vRhyme_unbinned_24__MGr3G3H3I_000000069672_10	0.0000	low	0.8134	high	0.0000	low
vRhyme_unbinned_24__MGr3G3H3I_000000069672	vRhyme_unbinned_24__MGr3G3H3I_000000069672	vRhyme_unbinned_24__MGr3G3H3I_000000069672_11	0.0000	low	0.9378	high	0.0000	low
vRhyme_unbinned_24__MGr3G3H3I_000000069672	vRhyme_unbinned_24__MGr3G3H3I_000000069672	vRhyme_unbinned_24__MGr3G3H3I_000000069672_12	0.0000	low	0.8990	high	0.0000	low
vRhyme_unbinned_24__MGr3G3H3I_000000069672	vRhyme_unbinned_24__MGr3G3H3I_000000069672	vRhyme_unbinned_24__MGr3G3H3I_000000069672_13	0.0000	low	0.7489	high	0.0000	low
vRhyme_unbinned_24__MGr3G3H3I_000000069672	vRhyme_unbinned_24__MGr3G3H3I_000000069672	vRhyme_unbinned_24__MGr3G3H3I_000000069672_14	0.0000	low	0.9203	high	0.0000	low
vRhyme_unbinned_24__MGr3G3H3I_000000069672	vRhyme_unbinned_24__MGr3G3H3I_000000069672	vRhyme_unbinned_24__MGr3G3H3I_000000069672_15	0.0000	low	0.7715	high	0.0000	low
vRhyme_unbinned_24__MGr3G3H3I_000000069672	vRhyme_unbinned_24__MGr3G3H3I_000000069672	vRhyme_unbinned_24__MGr3G3H3I_000000069672_16	0.0000	low	0.8825	high	0.0000	low
vRhyme_unbinned_24__MGr3G3H3I_000000069672	vRhyme_unbinned_24__MGr3G3H3I_000000069672	vRhyme_unbinned_24__MGr3G3H3I_000000069672_17	0.0000	low	0.8347	high	0.0000	low
vRhyme_unbinned_21__MGr3G3H3I_000000062622	vRhyme_unbinned_21__MGr3G3H3I_000000062622	vRhyme_unbinned_21__MGr3G3H3I_000000062622_1	0.0000	low	0.0000	low	0.0000	low
vRhyme_unbinned_21__MGr3G3H3I_000000062622	vRhyme_unbinned_21__MGr3G3H3I_000000062622	vRhyme_unbinned_21__MGr3G3H3I_000000062622_2	0.0000	low	0.0000	low	0.0000	low
vRhyme_unbinned_21__MGr3G3H3I_000000062622	vRhyme_unbinned_21__MGr3G3H3I_000000062622	vRhyme_unbinned_21__MGr3G3H3I_000000062622_3	0.0000	low	0.0000	low	0.0000	low
vRhyme_unbinned_21__MGr3G3H3I_000000062622	vRhyme_unbinned_21__MGr3G3H3I_000000062622	vRhyme_unbinned_21__MGr3G3H3I_000000062622_4	0.0000	low	0.0000	low	0.0000	low
vRhyme_unbinned_21__MGr3G3H3I_000000062622	vRhyme_unbinned_21__MGr3G3H3I_000000062622	vRhyme_unbinned_21__MGr3G3H3I_000000062622_5	0.0000	low	0.0000	low	0.0000	low
vRhyme_unbinned_21__MGr3G3H3I_000000062622	vRhyme_unbinned_21__MGr3G3H3I_000000062622	vRhyme_unbinned_21__MGr3G3H3I_000000062622_6	0.0000	low	0.0000	low	0.0000	low
vRhyme_unbinned_21__MGr3G3H3I_000000062622	vRhyme_unbinned_21__MGr3G3H3I_000000062622	vRhyme_unbinned_21__MGr3G3H3I_000000062622_7	0.0485	low	0.0000	low	0.0000	low
vRhyme_unbinned_21__MGr3G3H3I_000000062622	vRhyme_unbinned_21__MGr3G3H3I_000000062622	vRhyme_unbinned_21__MGr3G3H3I_000000062622_8	0.0000	low	0.0000	low	0.0000	low
vRhyme_unbinned_21__MGr3G3H3I_000000062622	vRhyme_unbinned_21__MGr3G3H3I_000000062622	vRhyme_unbinned_21__MGr3G3H3I_000000062622_9	0.1014	medium	0.0000	low	0.0000	low
vRhyme_unbinned_21__MGr3G3H3I_000000062622	vRhyme_unbinned_21__MGr3G3H3I_000000062622	vRhyme_unbinned_21__MGr3G3H3I_000000062622_10	0.0000	low	0.0000	low	0.0000	low
vRhyme_unbinned_21__MGr3G3H3I_000000062622	vRhyme_unbinned_21__MGr3G3H3I_000000062622	vRhyme_unbinned_21__MGr3G3H3I_000000062622_11	1.0000	very high	0.0000	low	0.0000	low
vRhyme_unbinned_103__MGr3G3H3I_000000120995|provirus_27569_54970	vRhyme_unbinned_103__MGr3G3H3I_000000120995|provirus_27569_54970	vRhyme_unbinned_103__MGr3G3H3I_000000120995|provirus_27569_54970_1	0.0000	low	0.0000	low	0.0000	low
vRhyme_unbinned_103__MGr3G3H3I_000000120995|provirus_27569_54970	vRhyme_unbinned_103__MGr3G3H3I_000000120995|provirus_27569_54970	vRhyme_unbinned_103__MGr3G3H3I_000000120995|provirus_27569_54970_2	0.0000	low	0.0000	low	0.0000	low
vRhyme_unbinned_103__MGr3G3H3I_000000120995|provirus_27569_54970	vRhyme_unbinned_103__MGr3G3H3I_000000120995|provirus_27569_54970	vRhyme_unbinned_103__MGr3G3H3I_000000120995|provirus_27569_54970_3	0.0000	low	0.0509	low	0.0000	low
vRhyme_unbinned_103__MGr3G3H3I_000000120995|provirus_27569_54970	vRhyme_unbinned_103__MGr3G3H3I_000000120995|provirus_27569_54970	vRhyme_unbinned_103__MGr3G3H3I_000000120995|provirus_27569_54970_4	0.0461	low	0.2084	medium	0.0096	low
vRhyme_unbinned_103__MGr3G3H3I_000000120995|provirus_27569_54970	vRhyme_unbinned_103__MGr3G3H3I_000000120995|provirus_27569_54970	vRhyme_unbinned_103__MGr3G3H3I_000000120995|provirus_27569_54970_5	0.0000	low	1.0000	very high	0.0000	low
vRhyme_unbinned_103__MGr3G3H3I_000000120995|provirus_27569_54970	vRhyme_unbinned_103__MGr3G3H3I_000000120995|provirus_27569_54970	vRhyme_unbinned_103__MGr3G3H3I_000000120995|provirus_27569_54970_6	0.0000	low	1.0000	very high	0.0000	low
vRhyme_unbinned_103__MGr3G3H3I_000000120995|provirus_27569_54970	vRhyme_unbinned_103__MGr3G3H3I_000000120995|provirus_27569_54970	vRhyme_unbinned_103__MGr3G3H3I_000000120995|provirus_27569_54970_7	0.0000	low	1.0000	very high	0.0000	low
vRhyme_unbinned_103__MGr3G3H3I_000000120995|provirus_27569_54970	vRhyme_unbinned_103__MGr3G3H3I_000000120995|provirus_27569_54970	vRhyme_unbinned_103__MGr3G3H3I_000000120995|provirus_27569_54970_8	0.0000	low	1.0000	very high	0.0000	low
vRhyme_unbinned_103__MGr3G3H3I_000000120995|provirus_27569_54970	vRhyme_unbinned_103__MGr3G3H3I_000000120995|provirus_27569_54970	vRhyme_unbinned_103__MGr3G3H3I_000000120995|provirus_27569_54970_9	0.0000	low	1.0000	very high	0.0000	low
vRhyme_unbinned_103__MGr3G3H3I_000000120995|provirus_27569_54970	vRhyme_unbinned_103__MGr3G3H3I_000000120995|provirus_27569_54970	vRhyme_unbinned_103__MGr3G3H3I_000000120995|provirus_27569_54970_10	0.0000	low	1.0000	very high	0.0000	low
vRhyme_unbinned_103__MGr3G3H3I_000000120995|provirus_27569_54970	vRhyme_unbinned_103__MGr3G3H3I_000000120995|provirus_27569_54970	vRhyme_unbinned_103__MGr3G3H3I_000000120995|provirus_27569_54970_11	0.0000	low	1.0000	very high	0.0000	low
vRhyme_unbinned_103__MGr3G3H3I_000000120995|provirus_27569_54970	vRhyme_unbinned_103__MGr3G3H3I_000000120995|provirus_27569_54970	vRhyme_unbinned_103__MGr3G3H3I_000000120995|provirus_27569_54970_12	0.0000	low	1.0000	very high	0.0000	low
vRhyme_unbinned_103__MGr3G3H3I_000000120995|provirus_27569_54970	vRhyme_unbinned_103__MGr3G3H3I_000000120995|provirus_27569_54970	vRhyme_unbinned_103__MGr3G3H3I_000000120995|provirus_27569_54970_13	0.0000	low	1.0000	very high	0.0000	low
vRhyme_unbinned_103__MGr3G3H3I_000000120995|provirus_27569_54970	vRhyme_unbinned_103__MGr3G3H3I_000000120995|provirus_27569_54970	vRhyme_unbinned_103__MGr3G3H3I_000000120995|provirus_27569_54970_14	0.0000	low	1.0000	very high	0.0000	low
vRhyme_unbinned_103__MGr3G3H3I_000000120995|provirus_27569_54970	vRhyme_unbinned_103__MGr3G3H3I_000000120995|provirus_27569_54970	vRhyme_unbinned_103__MGr3G3H3I_000000120995|provirus_27569_54970_15	0.0000	low	1.0000	very high	0.0000	low
vRhyme_unbinned_103__MGr3G3H3I_000000120995|provirus_27569_54970	vRhyme_unbinned_103__MGr3G3H3I_000000120995|provirus_27569_54970	vRhyme_unbinned_103__MGr3G3H3I_000000120995|provirus_27569_54970_16	0.0000	low	1.0000	very high	0.0000	low
vRhyme_unbinned_103__MGr3G3H3I_000000120995|provirus_27569_54970	vRhyme_unbinned_103__MGr3G3H3I_000000120995|provirus_27569_54970	vRhyme_unbinned_103__MGr3G3H3I_000000120995|provirus_27569_54970_17	0.0000	low	1.0000	very high	0.0000	low
vRhyme_unbinned_103__MGr3G3H3I_000000120995|provirus_27569_54970	vRhyme_unbinned_103__MGr3G3H3I_000000120995|provirus_27569_54970	vRhyme_unbinned_103__MGr3G3H3I_000000120995|provirus_27569_54970_18	0.0000	low	1.0000	very high	0.0000	low
vRhyme_unbinned_103__MGr3G3H3I_000000120995|provirus_27569_54970	vRhyme_unbinned_103__MGr3G3H3I_000000120995|provirus_27569_54970	vRhyme_unbinned_103__MGr3G3H3I_000000120995|provirus_27569_54970_19	0.0000	low	0.8448	high	0.0000	low
vRhyme_unbinned_103__MGr3G3H3I_000000120995|provirus_27569_54970	vRhyme_unbinned_103__MGr3G3H3I_000000120995|provirus_27569_54970	vRhyme_unbinned_103__MGr3G3H3I_000000120995|provirus_27569_54970_20	0.0000	low	0.9143	high	0.0000	low
vRhyme_unbinned_103__MGr3G3H3I_000000120995|provirus_27569_54970	vRhyme_unbinned_103__MGr3G3H3I_000000120995|provirus_27569_54970	vRhyme_unbinned_103__MGr3G3H3I_000000120995|provirus_27569_54970_21	0.0000	low	0.2198	medium	0.0000	low
vRhyme_unbinned_103__MGr3G3H3I_000000120995|provirus_27569_54970	vRhyme_unbinned_103__MGr3G3H3I_000000120995|provirus_27569_54970	vRhyme_unbinned_103__MGr3G3H3I_000000120995|provirus_27569_54970_22	0.9511	very high	0.0000	low	0.0000	low
vRhyme_unbinned_103__MGr3G3H3I_000000120995|provirus_27569_54970	vRhyme_unbinned_103__MGr3G3H3I_000000120995|provirus_27569_54970	vRhyme_unbinned_103__MGr3G3H3I_000000120995|provirus_27569_54970_23	0.0000	low	0.0000	low	0.0000	low
vRhyme_unbinned_20__MGr3G3H3I_000000054425	vRhyme_unbinned_20__MGr3G3H3I_000000054425	vRhyme_unbinned_20__MGr3G3H3I_000000054425_1	0.5467	high	0.0000	low	0.0000	low
vRhyme_unbinned_20__MGr3G3H3I_000000054425	vRhyme_unbinned_20__MGr3G3H3I_000000054425	vRhyme_unbinned_20__MGr3G3H3I_000000054425_2	0.0000	low	0.0000	low	0.0000	low
vRhyme_unbinned_20__MGr3G3H3I_000000054425	vRhyme_unbinned_20__MGr3G3H3I_000000054425	vRhyme_unbinned_20__MGr3G3H3I_000000054425_3	0.0000	low	0.0000	low	0.0000	low
vRhyme_unbinned_20__MGr3G3H3I_000000054425	vRhyme_unbinned_20__MGr3G3H3I_000000054425	vRhyme_unbinned_20__MGr3G3H3I_000000054425_4	0.0000	low	0.0000	low	0.0000	low
vRhyme_unbinned_20__MGr3G3H3I_000000054425	vRhyme_unbinned_20__MGr3G3H3I_000000054425	vRhyme_unbinned_20__MGr3G3H3I_000000054425_5	0.3384	medium	0.0470	low	0.0159	low
vRhyme_unbinned_20__MGr3G3H3I_000000054425	vRhyme_unbinned_20__MGr3G3H3I_000000054425	vRhyme_unbinned_20__MGr3G3H3I_000000054425_6	0.8103	high	0.0000	low	0.0000	low
vRhyme_unbinned_20__MGr3G3H3I_000000054425	vRhyme_unbinned_20__MGr3G3H3I_000000054425	vRhyme_unbinned_20__MGr3G3H3I_000000054425_7	0.0000	low	0.0000	low	0.0000	low
vRhyme_unbinned_20__MGr3G3H3I_000000054425	vRhyme_unbinned_20__MGr3G3H3I_000000054425	vRhyme_unbinned_20__MGr3G3H3I_000000054425_8	0.0000	low	0.0000	low	0.0000	low
vRhyme_unbinned_20__MGr3G3H3I_000000054425	vRhyme_unbinned_20__MGr3G3H3I_000000054425	vRhyme_unbinned_20__MGr3G3H3I_000000054425_9	0.0502	low	0.0000	low	0.0000	low
vRhyme_unbinned_20__MGr3G3H3I_000000054425	vRhyme_unbinned_20__MGr3G3H3I_000000054425	vRhyme_unbinned_20__MGr3G3H3I_000000054425_10	0.0000	low	0.1021	medium	0.0000	low
vRhyme_unbinned_20__MGr3G3H3I_000000054425	vRhyme_unbinned_20__MGr3G3H3I_000000054425	vRhyme_unbinned_20__MGr3G3H3I_000000054425_11	0.0000	low	0.0000	low	0.0000	low
vRhyme_unbinned_108__MGr3G3H3I_000000219853|provirus_7900_28337	vRhyme_unbinned_108__MGr3G3H3I_000000219853|provirus_7900_28337	vRhyme_unbinned_108__MGr3G3H3I_000000219853|provirus_7900_28337_1	0.0000	low	1.0000	very high	0.0000	low
vRhyme_unbinned_108__MGr3G3H3I_000000219853|provirus_7900_28337	vRhyme_unbinned_108__MGr3G3H3I_000000219853|provirus_7900_28337	vRhyme_unbinned_108__MGr3G3H3I_000000219853|provirus_7900_28337_2	0.7957	high	1.0000	very high	0.7957	high
vRhyme_unbinned_108__MGr3G3H3I_000000219853|provirus_7900_28337	vRhyme_unbinned_108__MGr3G3H3I_000000219853|provirus_7900_28337	vRhyme_unbinned_108__MGr3G3H3I_000000219853|provirus_7900_28337_3	0.0000	low	1.0000	very high	0.0000	low
vRhyme_unbinned_108__MGr3G3H3I_000000219853|provirus_7900_28337	vRhyme_unbinned_108__MGr3G3H3I_000000219853|provirus_7900_28337	vRhyme_unbinned_108__MGr3G3H3I_000000219853|provirus_7900_28337_4	0.0000	low	0.9500	high	0.0000	low
vRhyme_unbinned_108__MGr3G3H3I_000000219853|provirus_7900_28337	vRhyme_unbinned_108__MGr3G3H3I_000000219853|provirus_7900_28337	vRhyme_unbinned_108__MGr3G3H3I_000000219853|provirus_7900_28337_5	0.0000	low	1.0000	very high	0.0000	low
vRhyme_unbinned_108__MGr3G3H3I_000000219853|provirus_7900_28337	vRhyme_unbinned_108__MGr3G3H3I_000000219853|provirus_7900_28337	vRhyme_unbinned_108__MGr3G3H3I_000000219853|provirus_7900_28337_6	0.0000	low	1.0000	very high	0.0000	low
vRhyme_unbinned_108__MGr3G3H3I_000000219853|provirus_7900_28337	vRhyme_unbinned_108__MGr3G3H3I_000000219853|provirus_7900_28337	vRhyme_unbinned_108__MGr3G3H3I_000000219853|provirus_7900_28337_7	0.0000	low	1.0000	very high	0.0000	low
vRhyme_unbinned_108__MGr3G3H3I_000000219853|provirus_7900_28337	vRhyme_unbinned_108__MGr3G3H3I_000000219853|provirus_7900_28337	vRhyme_unbinned_108__MGr3G3H3I_000000219853|provirus_7900_28337_8	0.0000	low	1.0000	very high	0.0000	low
vRhyme_unbinned_108__MGr3G3H3I_000000219853|provirus_7900_28337	vRhyme_unbinned_108__MGr3G3H3I_000000219853|provirus_7900_28337	vRhyme_unbinned_108__MGr3G3H3I_000000219853|provirus_7900_28337_9	0.0000	low	1.0000	very high	0.0000	low
vRhyme_unbinned_108__MGr3G3H3I_000000219853|provirus_7900_28337	vRhyme_unbinned_108__MGr3G3H3I_000000219853|provirus_7900_28337	vRhyme_unbinned_108__MGr3G3H3I_000000219853|provirus_7900_28337_10	0.0000	low	1.0000	very high	0.0000	low
vRhyme_unbinned_108__MGr3G3H3I_000000219853|provirus_7900_28337	vRhyme_unbinned_108__MGr3G3H3I_000000219853|provirus_7900_28337	vRhyme_unbinned_108__MGr3G3H3I_000000219853|provirus_7900_28337_11	0.0000	low	0.9520	high	0.0000	low
vRhyme_unbinned_108__MGr3G3H3I_000000219853|provirus_7900_28337	vRhyme_unbinned_108__MGr3G3H3I_000000219853|provirus_7900_28337	vRhyme_unbinned_108__MGr3G3H3I_000000219853|provirus_7900_28337_12	0.0000	low	1.0000	very high	0.0000	low
vRhyme_unbinned_108__MGr3G3H3I_000000219853|provirus_7900_28337	vRhyme_unbinned_108__MGr3G3H3I_000000219853|provirus_7900_28337	vRhyme_unbinned_108__MGr3G3H3I_000000219853|provirus_7900_28337_13	0.0000	low	1.0000	very high	0.0000	low
vRhyme_unbinned_108__MGr3G3H3I_000000219853|provirus_7900_28337	vRhyme_unbinned_108__MGr3G3H3I_000000219853|provirus_7900_28337	vRhyme_unbinned_108__MGr3G3H3I_000000219853|provirus_7900_28337_14	0.0000	low	1.0000	very high	0.0000	low
vRhyme_unbinned_108__MGr3G3H3I_000000219853|provirus_7900_28337	vRhyme_unbinned_108__MGr3G3H3I_000000219853|provirus_7900_28337	vRhyme_unbinned_108__MGr3G3H3I_000000219853|provirus_7900_28337_15	0.0000	low	1.0000	very high	0.0000	low
vRhyme_unbinned_108__MGr3G3H3I_000000219853|provirus_7900_28337	vRhyme_unbinned_108__MGr3G3H3I_000000219853|provirus_7900_28337	vRhyme_unbinned_108__MGr3G3H3I_000000219853|provirus_7900_28337_16	0.0000	low	1.0000	very high	0.0000	low
vRhyme_unbinned_108__MGr3G3H3I_000000219853|provirus_7900_28337	vRhyme_unbinned_108__MGr3G3H3I_000000219853|provirus_7900_28337	vRhyme_unbinned_108__MGr3G3H3I_000000219853|provirus_7900_28337_17	0.0000	low	1.0000	very high	0.0000	low
vRhyme_unbinned_108__MGr3G3H3I_000000219853|provirus_7900_28337	vRhyme_unbinned_108__MGr3G3H3I_000000219853|provirus_7900_28337	vRhyme_unbinned_108__MGr3G3H3I_000000219853|provirus_7900_28337_18	0.0000	low	1.0000	very high	0.0000	low
vRhyme_unbinned_108__MGr3G3H3I_000000219853|provirus_7900_28337	vRhyme_unbinned_108__MGr3G3H3I_000000219853|provirus_7900_28337	vRhyme_unbinned_108__MGr3G3H3I_000000219853|provirus_7900_28337_19	0.0000	low	1.0000	very high	0.0000	low
vRhyme_unbinned_108__MGr3G3H3I_000000219853|provirus_7900_28337	vRhyme_unbinned_108__MGr3G3H3I_000000219853|provirus_7900_28337	vRhyme_unbinned_108__MGr3G3H3I_000000219853|provirus_7900_28337_20	0.0000	low	1.0000	very high	0.0000	low
vRhyme_unbinned_108__MGr3G3H3I_000000219853|provirus_7900_28337	vRhyme_unbinned_108__MGr3G3H3I_000000219853|provirus_7900_28337	vRhyme_unbinned_108__MGr3G3H3I_000000219853|provirus_7900_28337_21	1.0000	very high	1.0000	very high	1.0000	very high
vRhyme_unbinned_108__MGr3G3H3I_000000219853|provirus_7900_28337	vRhyme_unbinned_108__MGr3G3H3I_000000219853|provirus_7900_28337	vRhyme_unbinned_108__MGr3G3H3I_000000219853|provirus_7900_28337_22	0.0000	low	1.0000	very high	0.0000	low
vRhyme_unbinned_108__MGr3G3H3I_000000219853|provirus_7900_28337	vRhyme_unbinned_108__MGr3G3H3I_000000219853|provirus_7900_28337	vRhyme_unbinned_108__MGr3G3H3I_000000219853|provirus_7900_28337_23	0.0000	low	1.0000	very high	0.0000	low
vRhyme_unbinned_108__MGr3G3H3I_000000219853|provirus_7900_28337	vRhyme_unbinned_108__MGr3G3H3I_000000219853|provirus_7900_28337	vRhyme_unbinned_108__MGr3G3H3I_000000219853|provirus_7900_28337_24	0.0000	low	0.9505	high	0.0000	low
vRhyme_unbinned_108__MGr3G3H3I_000000219853|provirus_7900_28337	vRhyme_unbinned_108__MGr3G3H3I_000000219853|provirus_7900_28337	vRhyme_unbinned_108__MGr3G3H3I_000000219853|provirus_7900_28337_25	0.0000	low	1.0000	very high	0.0000	low
vRhyme_unbinned_108__MGr3G3H3I_000000219853|provirus_7900_28337	vRhyme_unbinned_108__MGr3G3H3I_000000219853|provirus_7900_28337	vRhyme_unbinned_108__MGr3G3H3I_000000219853|provirus_7900_28337_26	0.0000	low	1.0000	very high	0.0000	low
vRhyme_unbinned_108__MGr3G3H3I_000000219853|provirus_7900_28337	vRhyme_unbinned_108__MGr3G3H3I_000000219853|provirus_7900_28337	vRhyme_unbinned_108__MGr3G3H3I_000000219853|provirus_7900_28337_27	0.0000	low	1.0000	very high	0.0000	low
vRhyme_unbinned_108__MGr3G3H3I_000000219853|provirus_7900_28337	vRhyme_unbinned_108__MGr3G3H3I_000000219853|provirus_7900_28337	vRhyme_unbinned_108__MGr3G3H3I_000000219853|provirus_7900_28337_28	0.0000	low	1.0000	very high	0.0000	low
vRhyme_unbinned_108__MGr3G3H3I_000000219853|provirus_7900_28337	vRhyme_unbinned_108__MGr3G3H3I_000000219853|provirus_7900_28337	vRhyme_unbinned_108__MGr3G3H3I_000000219853|provirus_7900_28337_29	0.0000	low	1.0000	very high	0.0000	low
vRhyme_unbinned_28__MGr3G3H3I_000000090299	vRhyme_unbinned_28__MGr3G3H3I_000000090299	vRhyme_unbinned_28__MGr3G3H3I_000000090299_1	0.0000	low	1.0000	very high	0.0000	low
vRhyme_unbinned_28__MGr3G3H3I_000000090299	vRhyme_unbinned_28__MGr3G3H3I_000000090299	vRhyme_unbinned_28__MGr3G3H3I_000000090299_2	0.0000	low	1.0000	very high	0.0000	low
vRhyme_unbinned_28__MGr3G3H3I_000000090299	vRhyme_unbinned_28__MGr3G3H3I_000000090299	vRhyme_unbinned_28__MGr3G3H3I_000000090299_3	0.0000	low	1.0000	very high	0.0000	low
vRhyme_unbinned_28__MGr3G3H3I_000000090299	vRhyme_unbinned_28__MGr3G3H3I_000000090299	vRhyme_unbinned_28__MGr3G3H3I_000000090299_4	0.0000	low	1.0000	very high	0.0000	low
vRhyme_unbinned_28__MGr3G3H3I_000000090299	vRhyme_unbinned_28__MGr3G3H3I_000000090299	vRhyme_unbinned_28__MGr3G3H3I_000000090299_5	0.0000	low	1.0000	very high	0.0000	low
vRhyme_unbinned_28__MGr3G3H3I_000000090299	vRhyme_unbinned_28__MGr3G3H3I_000000090299	vRhyme_unbinned_28__MGr3G3H3I_000000090299_6	0.0000	low	1.0000	very high	0.0000	low
vRhyme_unbinned_28__MGr3G3H3I_000000090299	vRhyme_unbinned_28__MGr3G3H3I_000000090299	vRhyme_unbinned_28__MGr3G3H3I_000000090299_7	0.0000	low	1.0000	very high	0.0000	low
vRhyme_unbinned_28__MGr3G3H3I_000000090299	vRhyme_unbinned_28__MGr3G3H3I_000000090299	vRhyme_unbinned_28__MGr3G3H3I_000000090299_8	0.0000	low	1.0000	very high	0.0000	low
vRhyme_unbinned_28__MGr3G3H3I_000000090299	vRhyme_unbinned_28__MGr3G3H3I_000000090299	vRhyme_unbinned_28__MGr3G3H3I_000000090299_9	0.0000	low	1.0000	very high	0.0000	low
vRhyme_unbinned_28__MGr3G3H3I_000000090299	vRhyme_unbinned_28__MGr3G3H3I_000000090299	vRhyme_unbinned_28__MGr3G3H3I_000000090299_10	0.0000	low	1.0000	very high	0.0000	low
vRhyme_unbinned_28__MGr3G3H3I_000000090299	vRhyme_unbinned_28__MGr3G3H3I_000000090299	vRhyme_unbinned_28__MGr3G3H3I_000000090299_11	0.0000	low	1.0000	very high	0.0000	low
vRhyme_unbinned_28__MGr3G3H3I_000000090299	vRhyme_unbinned_28__MGr3G3H3I_000000090299	vRhyme_unbinned_28__MGr3G3H3I_000000090299_12	0.0000	low	1.0000	very high	0.0000	low
vRhyme_unbinned_28__MGr3G3H3I_000000090299	vRhyme_unbinned_28__MGr3G3H3I_000000090299	vRhyme_unbinned_28__MGr3G3H3I_000000090299_13	0.0000	low	1.0000	very high	0.0000	low
vRhyme_unbinned_28__MGr3G3H3I_000000090299	vRhyme_unbinned_28__MGr3G3H3I_000000090299	vRhyme_unbinned_28__MGr3G3H3I_000000090299_14	0.0000	low	1.0000	very high	0.0000	low
vRhyme_unbinned_28__MGr3G3H3I_000000090299	vRhyme_unbinned_28__MGr3G3H3I_000000090299	vRhyme_unbinned_28__MGr3G3H3I_000000090299_15	0.0000	low	1.0000	very high	0.0000	low
vRhyme_unbinned_28__MGr3G3H3I_000000090299	vRhyme_unbinned_28__MGr3G3H3I_000000090299	vRhyme_unbinned_28__MGr3G3H3I_000000090299_16	0.0000	low	1.0000	very high	0.0000	low
vRhyme_unbinned_28__MGr3G3H3I_000000090299	vRhyme_unbinned_28__MGr3G3H3I_000000090299	vRhyme_unbinned_28__MGr3G3H3I_000000090299_17	0.0000	low	1.0000	very high	0.0000	low
vRhyme_unbinned_28__MGr3G3H3I_000000090299	vRhyme_unbinned_28__MGr3G3H3I_000000090299	vRhyme_unbinned_28__MGr3G3H3I_000000090299_18	1.0000	very high	1.0000	very high	1.0000	very high
vRhyme_unbinned_2__MGr3G3H3I_000000004931	vRhyme_unbinned_2__MGr3G3H3I_000000004931	vRhyme_unbinned_2__MGr3G3H3I_000000004931_1	0.0000	low	1.0000	very high	0.0000	low
vRhyme_unbinned_2__MGr3G3H3I_000000004931	vRhyme_unbinned_2__MGr3G3H3I_000000004931	vRhyme_unbinned_2__MGr3G3H3I_000000004931_2	0.0000	low	1.0000	very high	0.0000	low
vRhyme_unbinned_2__MGr3G3H3I_000000004931	vRhyme_unbinned_2__MGr3G3H3I_000000004931	vRhyme_unbinned_2__MGr3G3H3I_000000004931_3	0.0000	low	1.0000	very high	0.0000	low
vRhyme_unbinned_2__MGr3G3H3I_000000004931	vRhyme_unbinned_2__MGr3G3H3I_000000004931	vRhyme_unbinned_2__MGr3G3H3I_000000004931_4	0.0000	low	0.9531	high	0.0000	low
vRhyme_unbinned_2__MGr3G3H3I_000000004931	vRhyme_unbinned_2__MGr3G3H3I_000000004931	vRhyme_unbinned_2__MGr3G3H3I_000000004931_5	0.0000	low	1.0000	very high	0.0000	low
vRhyme_unbinned_2__MGr3G3H3I_000000004931	vRhyme_unbinned_2__MGr3G3H3I_000000004931	vRhyme_unbinned_2__MGr3G3H3I_000000004931_6	0.0000	low	1.0000	very high	0.0000	low
vRhyme_unbinned_2__MGr3G3H3I_000000004931	vRhyme_unbinned_2__MGr3G3H3I_000000004931	vRhyme_unbinned_2__MGr3G3H3I_000000004931_7	0.0000	low	1.0000	very high	0.0000	low
vRhyme_unbinned_2__MGr3G3H3I_000000004931	vRhyme_unbinned_2__MGr3G3H3I_000000004931	vRhyme_unbinned_2__MGr3G3H3I_000000004931_8	0.0000	low	1.0000	very high	0.0000	low
vRhyme_unbinned_2__MGr3G3H3I_000000004931	vRhyme_unbinned_2__MGr3G3H3I_000000004931	vRhyme_unbinned_2__MGr3G3H3I_000000004931_9	0.0000	low	1.0000	very high	0.0000	low
vRhyme_unbinned_2__MGr3G3H3I_000000004931	vRhyme_unbinned_2__MGr3G3H3I_000000004931	vRhyme_unbinned_2__MGr3G3H3I_000000004931_10	0.0000	low	1.0000	very high	0.0000	low
vRhyme_unbinned_2__MGr3G3H3I_000000004931	vRhyme_unbinned_2__MGr3G3H3I_000000004931	vRhyme_unbinned_2__MGr3G3H3I_000000004931_11	0.0000	low	1.0000	very high	0.0000	low
vRhyme_unbinned_2__MGr3G3H3I_000000004931	vRhyme_unbinned_2__MGr3G3H3I_000000004931	vRhyme_unbinned_2__MGr3G3H3I_000000004931_12	0.0000	low	1.0000	very high	0.0000	low
vRhyme_unbinned_2__MGr3G3H3I_000000004931	vRhyme_unbinned_2__MGr3G3H3I_000000004931	vRhyme_unbinned_2__MGr3G3H3I_000000004931_13	0.0000	low	1.0000	very high	0.0000	low
vRhyme_unbinned_2__MGr3G3H3I_000000004931	vRhyme_unbinned_2__MGr3G3H3I_000000004931	vRhyme_unbinned_2__MGr3G3H3I_000000004931_14	0.0000	low	1.0000	very high	0.0000	low
vRhyme_unbinned_2__MGr3G3H3I_000000004931	vRhyme_unbinned_2__MGr3G3H3I_000000004931	vRhyme_unbinned_2__MGr3G3H3I_000000004931_15	0.0000	low	1.0000	very high	0.0000	low
vRhyme_unbinned_2__MGr3G3H3I_000000004931	vRhyme_unbinned_2__MGr3G3H3I_000000004931	vRhyme_unbinned_2__MGr3G3H3I_000000004931_16	0.0000	low	1.0000	very high	0.0000	low
vRhyme_unbinned_2__MGr3G3H3I_000000004931	vRhyme_unbinned_2__MGr3G3H3I_000000004931	vRhyme_unbinned_2__MGr3G3H3I_000000004931_17	0.0000	low	1.0000	very high	0.0000	low
vRhyme_unbinned_2__MGr3G3H3I_000000004931	vRhyme_unbinned_2__MGr3G3H3I_000000004931	vRhyme_unbinned_2__MGr3G3H3I_000000004931_18	0.0000	low	1.0000	very high	0.0000	low
vRhyme_unbinned_2__MGr3G3H3I_000000004931	vRhyme_unbinned_2__MGr3G3H3I_000000004931	vRhyme_unbinned_2__MGr3G3H3I_000000004931_19	0.0000	low	1.0000	very high	0.0000	low
vRhyme_unbinned_2__MGr3G3H3I_000000004931	vRhyme_unbinned_2__MGr3G3H3I_000000004931	vRhyme_unbinned_2__MGr3G3H3I_000000004931_20	0.0000	low	1.0000	very high	0.0000	low
vRhyme_unbinned_2__MGr3G3H3I_000000004931	vRhyme_unbinned_2__MGr3G3H3I_000000004931	vRhyme_unbinned_2__MGr3G3H3I_000000004931_21	0.0000	low	1.0000	very high	0.0000	low
vRhyme_unbinned_2__MGr3G3H3I_000000004931	vRhyme_unbinned_2__MGr3G3H3I_000000004931	vRhyme_unbinned_2__MGr3G3H3I_000000004931_22	0.0000	low	1.0000	very high	0.0000	low
vRhyme_unbinned_2__MGr3G3H3I_000000004931	vRhyme_unbinned_2__MGr3G3H3I_000000004931	vRhyme_unbinned_2__MGr3G3H3I_000000004931_23	0.0000	low	1.0000	very high	0.0000	low
vRhyme_unbinned_2__MGr3G3H3I_000000004931	vRhyme_unbinned_2__MGr3G3H3I_000000004931	vRhyme_unbinned_2__MGr3G3H3I_000000004931_24	0.0000	low	1.0000	very high	0.0000	low
vRhyme_unbinned_2__MGr3G3H3I_000000004931	vRhyme_unbinned_2__MGr3G3H3I_000000004931	vRhyme_unbinned_2__MGr3G3H3I_000000004931_25	0.0000	low	1.0000	very high	0.0000	low
vRhyme_unbinned_2__MGr3G3H3I_000000004931	vRhyme_unbinned_2__MGr3G3H3I_000000004931	vRhyme_unbinned_2__MGr3G3H3I_000000004931_26	0.4020	medium	1.0000	very high	0.4020	high
vRhyme_unbinned_2__MGr3G3H3I_000000004931	vRhyme_unbinned_2__MGr3G3H3I_000000004931	vRhyme_unbinned_2__MGr3G3H3I_000000004931_27	0.0000	low	1.0000	very high	0.0000	low
vRhyme_unbinned_2__MGr3G3H3I_000000004931	vRhyme_unbinned_2__MGr3G3H3I_000000004931	vRhyme_unbinned_2__MGr3G3H3I_000000004931_28	0.0000	low	1.0000	very high	0.0000	low
vRhyme_unbinned_2__MGr3G3H3I_000000004931	vRhyme_unbinned_2__MGr3G3H3I_000000004931	vRhyme_unbinned_2__MGr3G3H3I_000000004931_29	0.0000	low	1.0000	very high	0.0000	low
vRhyme_unbinned_2__MGr3G3H3I_000000004931	vRhyme_unbinned_2__MGr3G3H3I_000000004931	vRhyme_unbinned_2__MGr3G3H3I_000000004931_30	0.0000	low	1.0000	very high	0.0000	low
vRhyme_unbinned_2__MGr3G3H3I_000000004931	vRhyme_unbinned_2__MGr3G3H3I_000000004931	vRhyme_unbinned_2__MGr3G3H3I_000000004931_31	0.0000	low	1.0000	very high	0.0000	low
vRhyme_unbinned_102__MGr3G3H3I_000000116715|provirus_7273_33742	vRhyme_unbinned_102__MGr3G3H3I_000000116715|provirus_7273_33742	vRhyme_unbinned_102__MGr3G3H3I_000000116715|provirus_7273_33742_1	0.0000	low	1.0000	very high	0.0000	low
vRhyme_unbinned_102__MGr3G3H3I_000000116715|provirus_7273_33742	vRhyme_unbinned_102__MGr3G3H3I_000000116715|provirus_7273_33742	vRhyme_unbinned_102__MGr3G3H3I_000000116715|provirus_7273_33742_2	0.0000	low	1.0000	very high	0.0000	low
vRhyme_unbinned_102__MGr3G3H3I_000000116715|provirus_7273_33742	vRhyme_unbinned_102__MGr3G3H3I_000000116715|provirus_7273_33742	vRhyme_unbinned_102__MGr3G3H3I_000000116715|provirus_7273_33742_3	0.0000	low	1.0000	very high	0.0000	low
vRhyme_unbinned_102__MGr3G3H3I_000000116715|provirus_7273_33742	vRhyme_unbinned_102__MGr3G3H3I_000000116715|provirus_7273_33742	vRhyme_unbinned_102__MGr3G3H3I_000000116715|provirus_7273_33742_4	0.0000	low	1.0000	very high	0.0000	low
vRhyme_unbinned_102__MGr3G3H3I_000000116715|provirus_7273_33742	vRhyme_unbinned_102__MGr3G3H3I_000000116715|provirus_7273_33742	vRhyme_unbinned_102__MGr3G3H3I_000000116715|provirus_7273_33742_5	0.0000	low	1.0000	very high	0.0000	low
vRhyme_unbinned_102__MGr3G3H3I_000000116715|provirus_7273_33742	vRhyme_unbinned_102__MGr3G3H3I_000000116715|provirus_7273_33742	vRhyme_unbinned_102__MGr3G3H3I_000000116715|provirus_7273_33742_6	0.0000	low	1.0000	very high	0.0000	low
vRhyme_unbinned_102__MGr3G3H3I_000000116715|provirus_7273_33742	vRhyme_unbinned_102__MGr3G3H3I_000000116715|provirus_7273_33742	vRhyme_unbinned_102__MGr3G3H3I_000000116715|provirus_7273_33742_7	0.0000	low	1.0000	very high	0.0000	low
vRhyme_unbinned_102__MGr3G3H3I_000000116715|provirus_7273_33742	vRhyme_unbinned_102__MGr3G3H3I_000000116715|provirus_7273_33742	vRhyme_unbinned_102__MGr3G3H3I_000000116715|provirus_7273_33742_8	0.0000	low	1.0000	very high	0.0000	low
vRhyme_unbinned_102__MGr3G3H3I_000000116715|provirus_7273_33742	vRhyme_unbinned_102__MGr3G3H3I_000000116715|provirus_7273_33742	vRhyme_unbinned_102__MGr3G3H3I_000000116715|provirus_7273_33742_9	0.0000	low	1.0000	very high	0.0000	low
vRhyme_unbinned_102__MGr3G3H3I_000000116715|provirus_7273_33742	vRhyme_unbinned_102__MGr3G3H3I_000000116715|provirus_7273_33742	vRhyme_unbinned_102__MGr3G3H3I_000000116715|provirus_7273_33742_10	0.0000	low	1.0000	very high	0.0000	low
vRhyme_unbinned_102__MGr3G3H3I_000000116715|provirus_7273_33742	vRhyme_unbinned_102__MGr3G3H3I_000000116715|provirus_7273_33742	vRhyme_unbinned_102__MGr3G3H3I_000000116715|provirus_7273_33742_11	0.0000	low	1.0000	very high	0.0000	low
vRhyme_unbinned_102__MGr3G3H3I_000000116715|provirus_7273_33742	vRhyme_unbinned_102__MGr3G3H3I_000000116715|provirus_7273_33742	vRhyme_unbinned_102__MGr3G3H3I_000000116715|provirus_7273_33742_12	0.0000	low	1.0000	very high	0.0000	low
vRhyme_unbinned_102__MGr3G3H3I_000000116715|provirus_7273_33742	vRhyme_unbinned_102__MGr3G3H3I_000000116715|provirus_7273_33742	vRhyme_unbinned_102__MGr3G3H3I_000000116715|provirus_7273_33742_13	0.0000	low	1.0000	very high	0.0000	low
vRhyme_unbinned_102__MGr3G3H3I_000000116715|provirus_7273_33742	vRhyme_unbinned_102__MGr3G3H3I_000000116715|provirus_7273_33742	vRhyme_unbinned_102__MGr3G3H3I_000000116715|provirus_7273_33742_14	0.0000	low	1.0000	very high	0.0000	low
vRhyme_unbinned_102__MGr3G3H3I_000000116715|provirus_7273_33742	vRhyme_unbinned_102__MGr3G3H3I_000000116715|provirus_7273_33742	vRhyme_unbinned_102__MGr3G3H3I_000000116715|provirus_7273_33742_15	0.0000	low	1.0000	very high	0.0000	low
vRhyme_unbinned_102__MGr3G3H3I_000000116715|provirus_7273_33742	vRhyme_unbinned_102__MGr3G3H3I_000000116715|provirus_7273_33742	vRhyme_unbinned_102__MGr3G3H3I_000000116715|provirus_7273_33742_16	0.0000	low	1.0000	very high	0.0000	low
vRhyme_unbinned_102__MGr3G3H3I_000000116715|provirus_7273_33742	vRhyme_unbinned_102__MGr3G3H3I_000000116715|provirus_7273_33742	vRhyme_unbinned_102__MGr3G3H3I_000000116715|provirus_7273_33742_17	0.0000	low	1.0000	very high	0.0000	low
vRhyme_unbinned_102__MGr3G3H3I_000000116715|provirus_7273_33742	vRhyme_unbinned_102__MGr3G3H3I_000000116715|provirus_7273_33742	vRhyme_unbinned_102__MGr3G3H3I_000000116715|provirus_7273_33742_18	0.0000	low	1.0000	very high	0.0000	low
vRhyme_unbinned_102__MGr3G3H3I_000000116715|provirus_7273_33742	vRhyme_unbinned_102__MGr3G3H3I_000000116715|provirus_7273_33742	vRhyme_unbinned_102__MGr3G3H3I_000000116715|provirus_7273_33742_19	0.0000	low	1.0000	very high	0.0000	low
vRhyme_unbinned_102__MGr3G3H3I_000000116715|provirus_7273_33742	vRhyme_unbinned_102__MGr3G3H3I_000000116715|provirus_7273_33742	vRhyme_unbinned_102__MGr3G3H3I_000000116715|provirus_7273_33742_20	0.0000	low	1.0000	very high	0.0000	low
vRhyme_unbinned_102__MGr3G3H3I_000000116715|provirus_7273_33742	vRhyme_unbinned_102__MGr3G3H3I_000000116715|provirus_7273_33742	vRhyme_unbinned_102__MGr3G3H3I_000000116715|provirus_7273_33742_21	0.0000	low	1.0000	very high	0.0000	low
vRhyme_unbinned_102__MGr3G3H3I_000000116715|provirus_7273_33742	vRhyme_unbinned_102__MGr3G3H3I_000000116715|provirus_7273_33742	vRhyme_unbinned_102__MGr3G3H3I_000000116715|provirus_7273_33742_22	0.0000	low	1.0000	very high	0.0000	low
vRhyme_unbinned_102__MGr3G3H3I_000000116715|provirus_7273_33742	vRhyme_unbinned_102__MGr3G3H3I_000000116715|provirus_7273_33742	vRhyme_unbinned_102__MGr3G3H3I_000000116715|provirus_7273_33742_23	0.0000	low	1.0000	very high	0.0000	low
vRhyme_unbinned_102__MGr3G3H3I_000000116715|provirus_7273_33742	vRhyme_unbinned_102__MGr3G3H3I_000000116715|provirus_7273_33742	vRhyme_unbinned_102__MGr3G3H3I_000000116715|provirus_7273_33742_24	0.0000	low	1.0000	very high	0.0000	low
vRhyme_unbinned_102__MGr3G3H3I_000000116715|provirus_7273_33742	vRhyme_unbinned_102__MGr3G3H3I_000000116715|provirus_7273_33742	vRhyme_unbinned_102__MGr3G3H3I_000000116715|provirus_7273_33742_25	0.0000	low	1.0000	very high	0.0000	low
vRhyme_unbinned_102__MGr3G3H3I_000000116715|provirus_7273_33742	vRhyme_unbinned_102__MGr3G3H3I_000000116715|provirus_7273_33742	vRhyme_unbinned_102__MGr3G3H3I_000000116715|provirus_7273_33742_26	0.0000	low	1.0000	very high	0.0000	low
vRhyme_unbinned_102__MGr3G3H3I_000000116715|provirus_7273_33742	vRhyme_unbinned_102__MGr3G3H3I_000000116715|provirus_7273_33742	vRhyme_unbinned_102__MGr3G3H3I_000000116715|provirus_7273_33742_27	0.0000	low	1.0000	very high	0.0000	low
vRhyme_unbinned_102__MGr3G3H3I_000000116715|provirus_7273_33742	vRhyme_unbinned_102__MGr3G3H3I_000000116715|provirus_7273_33742	vRhyme_unbinned_102__MGr3G3H3I_000000116715|provirus_7273_33742_28	0.0000	low	1.0000	very high	0.0000	low
vRhyme_unbinned_102__MGr3G3H3I_000000116715|provirus_7273_33742	vRhyme_unbinned_102__MGr3G3H3I_000000116715|provirus_7273_33742	vRhyme_unbinned_102__MGr3G3H3I_000000116715|provirus_7273_33742_29	0.0000	low	1.0000	very high	0.0000	low
vRhyme_unbinned_102__MGr3G3H3I_000000116715|provirus_7273_33742	vRhyme_unbinned_102__MGr3G3H3I_000000116715|provirus_7273_33742	vRhyme_unbinned_102__MGr3G3H3I_000000116715|provirus_7273_33742_30	0.0000	low	1.0000	very high	0.0000	low
vRhyme_unbinned_102__MGr3G3H3I_000000116715|provirus_7273_33742	vRhyme_unbinned_102__MGr3G3H3I_000000116715|provirus_7273_33742	vRhyme_unbinned_102__MGr3G3H3I_000000116715|provirus_7273_33742_31	1.0000	very high	1.0000	very high	1.0000	very high
vRhyme_unbinned_102__MGr3G3H3I_000000116715|provirus_7273_33742	vRhyme_unbinned_102__MGr3G3H3I_000000116715|provirus_7273_33742	vRhyme_unbinned_102__MGr3G3H3I_000000116715|provirus_7273_33742_32	0.0000	low	1.0000	very high	0.0000	low
vRhyme_unbinned_26__MGr3G3H3I_000000077400	vRhyme_unbinned_26__MGr3G3H3I_000000077400	vRhyme_unbinned_26__MGr3G3H3I_000000077400_1	0.0000	low	1.0000	very high	0.0000	low
vRhyme_unbinned_26__MGr3G3H3I_000000077400	vRhyme_unbinned_26__MGr3G3H3I_000000077400	vRhyme_unbinned_26__MGr3G3H3I_000000077400_2	0.0000	low	1.0000	very high	0.0000	low
vRhyme_unbinned_26__MGr3G3H3I_000000077400	vRhyme_unbinned_26__MGr3G3H3I_000000077400	vRhyme_unbinned_26__MGr3G3H3I_000000077400_3	0.0000	low	0.9354	high	0.0000	low
vRhyme_unbinned_26__MGr3G3H3I_000000077400	vRhyme_unbinned_26__MGr3G3H3I_000000077400	vRhyme_unbinned_26__MGr3G3H3I_000000077400_4	0.0000	low	0.9089	high	0.0000	low
vRhyme_unbinned_26__MGr3G3H3I_000000077400	vRhyme_unbinned_26__MGr3G3H3I_000000077400	vRhyme_unbinned_26__MGr3G3H3I_000000077400_5	0.0000	low	0.9132	high	0.0000	low
vRhyme_unbinned_26__MGr3G3H3I_000000077400	vRhyme_unbinned_26__MGr3G3H3I_000000077400	vRhyme_unbinned_26__MGr3G3H3I_000000077400_6	0.0000	low	0.9487	high	0.0000	low
vRhyme_unbinned_26__MGr3G3H3I_000000077400	vRhyme_unbinned_26__MGr3G3H3I_000000077400	vRhyme_unbinned_26__MGr3G3H3I_000000077400_7	0.0000	low	0.8537	high	0.0000	low
vRhyme_unbinned_26__MGr3G3H3I_000000077400	vRhyme_unbinned_26__MGr3G3H3I_000000077400	vRhyme_unbinned_26__MGr3G3H3I_000000077400_8	0.0000	low	0.1703	medium	0.0000	low
vRhyme_unbinned_26__MGr3G3H3I_000000077400	vRhyme_unbinned_26__MGr3G3H3I_000000077400	vRhyme_unbinned_26__MGr3G3H3I_000000077400_9	0.0000	low	0.5021	high	0.0000	low
vRhyme_unbinned_26__MGr3G3H3I_000000077400	vRhyme_unbinned_26__MGr3G3H3I_000000077400	vRhyme_unbinned_26__MGr3G3H3I_000000077400_10	0.0000	low	0.8309	high	0.0000	low
vRhyme_unbinned_26__MGr3G3H3I_000000077400	vRhyme_unbinned_26__MGr3G3H3I_000000077400	vRhyme_unbinned_26__MGr3G3H3I_000000077400_11	0.0000	low	0.7641	high	0.0000	low
vRhyme_unbinned_33__MGr3G3H3I_000000117414	vRhyme_unbinned_33__MGr3G3H3I_000000117414	vRhyme_unbinned_33__MGr3G3H3I_000000117414_1	0.0000	low	0.0491	low	0.0000	low
vRhyme_unbinned_33__MGr3G3H3I_000000117414	vRhyme_unbinned_33__MGr3G3H3I_000000117414	vRhyme_unbinned_33__MGr3G3H3I_000000117414_2	0.0000	low	0.0000	low	0.0000	low
vRhyme_unbinned_33__MGr3G3H3I_000000117414	vRhyme_unbinned_33__MGr3G3H3I_000000117414	vRhyme_unbinned_33__MGr3G3H3I_000000117414_3	0.0000	low	0.0506	low	0.0000	low
vRhyme_unbinned_33__MGr3G3H3I_000000117414	vRhyme_unbinned_33__MGr3G3H3I_000000117414	vRhyme_unbinned_33__MGr3G3H3I_000000117414_4	0.0000	low	0.0000	low	0.0000	low
vRhyme_unbinned_33__MGr3G3H3I_000000117414	vRhyme_unbinned_33__MGr3G3H3I_000000117414	vRhyme_unbinned_33__MGr3G3H3I_000000117414_5	0.0524	low	0.0000	low	0.0000	low
vRhyme_unbinned_110__MGr3G3H3I_000000249059|provirus_16350_47090	vRhyme_unbinned_110__MGr3G3H3I_000000249059|provirus_16350_47090	vRhyme_unbinned_110__MGr3G3H3I_000000249059|provirus_16350_47090_1	0.0000	low	0.0000	low	0.0000	low
vRhyme_unbinned_110__MGr3G3H3I_000000249059|provirus_16350_47090	vRhyme_unbinned_110__MGr3G3H3I_000000249059|provirus_16350_47090	vRhyme_unbinned_110__MGr3G3H3I_000000249059|provirus_16350_47090_2	0.9027	high	0.0000	low	0.0000	low
vRhyme_unbinned_110__MGr3G3H3I_000000249059|provirus_16350_47090	vRhyme_unbinned_110__MGr3G3H3I_000000249059|provirus_16350_47090	vRhyme_unbinned_110__MGr3G3H3I_000000249059|provirus_16350_47090_3	0.0000	low	0.0000	low	0.0000	low
vRhyme_unbinned_110__MGr3G3H3I_000000249059|provirus_16350_47090	vRhyme_unbinned_110__MGr3G3H3I_000000249059|provirus_16350_47090	vRhyme_unbinned_110__MGr3G3H3I_000000249059|provirus_16350_47090_4	0.0000	low	0.0000	low	0.0000	low
vRhyme_unbinned_110__MGr3G3H3I_000000249059|provirus_16350_47090	vRhyme_unbinned_110__MGr3G3H3I_000000249059|provirus_16350_47090	vRhyme_unbinned_110__MGr3G3H3I_000000249059|provirus_16350_47090_5	0.0000	low	0.0000	low	0.0000	low
vRhyme_unbinned_110__MGr3G3H3I_000000249059|provirus_16350_47090	vRhyme_unbinned_110__MGr3G3H3I_000000249059|provirus_16350_47090	vRhyme_unbinned_110__MGr3G3H3I_000000249059|provirus_16350_47090_6	0.0000	low	0.0000	low	0.0000	low
vRhyme_unbinned_110__MGr3G3H3I_000000249059|provirus_16350_47090	vRhyme_unbinned_110__MGr3G3H3I_000000249059|provirus_16350_47090	vRhyme_unbinned_110__MGr3G3H3I_000000249059|provirus_16350_47090_7	0.0000	low	0.0000	low	0.0000	low
vRhyme_unbinned_110__MGr3G3H3I_000000249059|provirus_16350_47090	vRhyme_unbinned_110__MGr3G3H3I_000000249059|provirus_16350_47090	vRhyme_unbinned_110__MGr3G3H3I_000000249059|provirus_16350_47090_8	0.0000	low	0.0000	low	0.0000	low
vRhyme_unbinned_110__MGr3G3H3I_000000249059|provirus_16350_47090	vRhyme_unbinned_110__MGr3G3H3I_000000249059|provirus_16350_47090	vRhyme_unbinned_110__MGr3G3H3I_000000249059|provirus_16350_47090_9	0.0000	low	0.0000	low	0.0000	low
vRhyme_unbinned_110__MGr3G3H3I_000000249059|provirus_16350_47090	vRhyme_unbinned_110__MGr3G3H3I_000000249059|provirus_16350_47090	vRhyme_unbinned_110__MGr3G3H3I_000000249059|provirus_16350_47090_10	0.0000	low	0.0000	low	0.0000	low
vRhyme_unbinned_110__MGr3G3H3I_000000249059|provirus_16350_47090	vRhyme_unbinned_110__MGr3G3H3I_000000249059|provirus_16350_47090	vRhyme_unbinned_110__MGr3G3H3I_000000249059|provirus_16350_47090_11	0.0000	low	0.0000	low	0.0000	low
vRhyme_unbinned_110__MGr3G3H3I_000000249059|provirus_16350_47090	vRhyme_unbinned_110__MGr3G3H3I_000000249059|provirus_16350_47090	vRhyme_unbinned_110__MGr3G3H3I_000000249059|provirus_16350_47090_12	0.0000	low	0.0000	low	0.0000	low
vRhyme_unbinned_110__MGr3G3H3I_000000249059|provirus_16350_47090	vRhyme_unbinned_110__MGr3G3H3I_000000249059|provirus_16350_47090	vRhyme_unbinned_110__MGr3G3H3I_000000249059|provirus_16350_47090_13	0.0000	low	0.0000	low	0.0000	low
vRhyme_unbinned_110__MGr3G3H3I_000000249059|provirus_16350_47090	vRhyme_unbinned_110__MGr3G3H3I_000000249059|provirus_16350_47090	vRhyme_unbinned_110__MGr3G3H3I_000000249059|provirus_16350_47090_14	0.1079	medium	0.0000	low	0.0000	low
vRhyme_unbinned_110__MGr3G3H3I_000000249059|provirus_16350_47090	vRhyme_unbinned_110__MGr3G3H3I_000000249059|provirus_16350_47090	vRhyme_unbinned_110__MGr3G3H3I_000000249059|provirus_16350_47090_15	0.3227	medium	0.0000	low	0.0000	low
vRhyme_unbinned_110__MGr3G3H3I_000000249059|provirus_16350_47090	vRhyme_unbinned_110__MGr3G3H3I_000000249059|provirus_16350_47090	vRhyme_unbinned_110__MGr3G3H3I_000000249059|provirus_16350_47090_16	0.0000	low	0.0000	low	0.0000	low
vRhyme_unbinned_110__MGr3G3H3I_000000249059|provirus_16350_47090	vRhyme_unbinned_110__MGr3G3H3I_000000249059|provirus_16350_47090	vRhyme_unbinned_110__MGr3G3H3I_000000249059|provirus_16350_47090_17	0.0000	low	0.0000	low	0.0000	low
vRhyme_unbinned_110__MGr3G3H3I_000000249059|provirus_16350_47090	vRhyme_unbinned_110__MGr3G3H3I_000000249059|provirus_16350_47090	vRhyme_unbinned_110__MGr3G3H3I_000000249059|provirus_16350_47090_18	0.0000	low	0.0468	low	0.0000	low
vRhyme_unbinned_110__MGr3G3H3I_000000249059|provirus_16350_47090	vRhyme_unbinned_110__MGr3G3H3I_000000249059|provirus_16350_47090	vRhyme_unbinned_110__MGr3G3H3I_000000249059|provirus_16350_47090_19	0.0000	low	0.0000	low	0.0000	low
vRhyme_unbinned_110__MGr3G3H3I_000000249059|provirus_16350_47090	vRhyme_unbinned_110__MGr3G3H3I_000000249059|provirus_16350_47090	vRhyme_unbinned_110__MGr3G3H3I_000000249059|provirus_16350_47090_20	0.0000	low	0.0000	low	0.0000	low
vRhyme_unbinned_110__MGr3G3H3I_000000249059|provirus_16350_47090	vRhyme_unbinned_110__MGr3G3H3I_000000249059|provirus_16350_47090	vRhyme_unbinned_110__MGr3G3H3I_000000249059|provirus_16350_47090_21	0.0000	low	0.0000	low	0.0000	low
vRhyme_unbinned_110__MGr3G3H3I_000000249059|provirus_16350_47090	vRhyme_unbinned_110__MGr3G3H3I_000000249059|provirus_16350_47090	vRhyme_unbinned_110__MGr3G3H3I_000000249059|provirus_16350_47090_22	0.0000	low	0.0000	low	0.0000	low
vRhyme_unbinned_110__MGr3G3H3I_000000249059|provirus_16350_47090	vRhyme_unbinned_110__MGr3G3H3I_000000249059|provirus_16350_47090	vRhyme_unbinned_110__MGr3G3H3I_000000249059|provirus_16350_47090_23	0.0000	low	0.0000	low	0.0000	low
vRhyme_unbinned_110__MGr3G3H3I_000000249059|provirus_16350_47090	vRhyme_unbinned_110__MGr3G3H3I_000000249059|provirus_16350_47090	vRhyme_unbinned_110__MGr3G3H3I_000000249059|provirus_16350_47090_24	0.0000	low	0.0000	low	0.0000	low
vRhyme_unbinned_110__MGr3G3H3I_000000249059|provirus_16350_47090	vRhyme_unbinned_110__MGr3G3H3I_000000249059|provirus_16350_47090	vRhyme_unbinned_110__MGr3G3H3I_000000249059|provirus_16350_47090_25	0.0000	low	0.0000	low	0.0000	low
vRhyme_unbinned_30__MGr3G3H3I_000000102693	vRhyme_unbinned_30__MGr3G3H3I_000000102693	vRhyme_unbinned_30__MGr3G3H3I_000000102693_1	0.0000	low	1.0000	very high	0.0000	low
vRhyme_unbinned_30__MGr3G3H3I_000000102693	vRhyme_unbinned_30__MGr3G3H3I_000000102693	vRhyme_unbinned_30__MGr3G3H3I_000000102693_2	0.0000	low	1.0000	very high	0.0000	low
vRhyme_unbinned_30__MGr3G3H3I_000000102693	vRhyme_unbinned_30__MGr3G3H3I_000000102693	vRhyme_unbinned_30__MGr3G3H3I_000000102693_3	0.0000	low	1.0000	very high	0.0000	low
vRhyme_unbinned_30__MGr3G3H3I_000000102693	vRhyme_unbinned_30__MGr3G3H3I_000000102693	vRhyme_unbinned_30__MGr3G3H3I_000000102693_4	0.0000	low	1.0000	very high	0.0000	low
vRhyme_unbinned_30__MGr3G3H3I_000000102693	vRhyme_unbinned_30__MGr3G3H3I_000000102693	vRhyme_unbinned_30__MGr3G3H3I_000000102693_5	0.0000	low	1.0000	very high	0.0000	low
vRhyme_unbinned_30__MGr3G3H3I_000000102693	vRhyme_unbinned_30__MGr3G3H3I_000000102693	vRhyme_unbinned_30__MGr3G3H3I_000000102693_6	0.0000	low	1.0000	very high	0.0000	low
vRhyme_unbinned_30__MGr3G3H3I_000000102693	vRhyme_unbinned_30__MGr3G3H3I_000000102693	vRhyme_unbinned_30__MGr3G3H3I_000000102693_7	0.0000	low	1.0000	very high	0.0000	low
vRhyme_unbinned_30__MGr3G3H3I_000000102693	vRhyme_unbinned_30__MGr3G3H3I_000000102693	vRhyme_unbinned_30__MGr3G3H3I_000000102693_8	0.0000	low	1.0000	very high	0.0000	low
vRhyme_unbinned_30__MGr3G3H3I_000000102693	vRhyme_unbinned_30__MGr3G3H3I_000000102693	vRhyme_unbinned_30__MGr3G3H3I_000000102693_9	0.0000	low	1.0000	very high	0.0000	low
vRhyme_unbinned_30__MGr3G3H3I_000000102693	vRhyme_unbinned_30__MGr3G3H3I_000000102693	vRhyme_unbinned_30__MGr3G3H3I_000000102693_10	0.0000	low	1.0000	very high	0.0000	low
vRhyme_unbinned_30__MGr3G3H3I_000000102693	vRhyme_unbinned_30__MGr3G3H3I_000000102693	vRhyme_unbinned_30__MGr3G3H3I_000000102693_11	0.0000	low	1.0000	very high	0.0000	low
vRhyme_unbinned_30__MGr3G3H3I_000000102693	vRhyme_unbinned_30__MGr3G3H3I_000000102693	vRhyme_unbinned_30__MGr3G3H3I_000000102693_12	0.0000	low	1.0000	very high	0.0000	low
vRhyme_unbinned_30__MGr3G3H3I_000000102693	vRhyme_unbinned_30__MGr3G3H3I_000000102693	vRhyme_unbinned_30__MGr3G3H3I_000000102693_13	0.0000	low	1.0000	very high	0.0000	low
vRhyme_unbinned_30__MGr3G3H3I_000000102693	vRhyme_unbinned_30__MGr3G3H3I_000000102693	vRhyme_unbinned_30__MGr3G3H3I_000000102693_14	0.0000	low	1.0000	very high	0.0000	low
vRhyme_unbinned_30__MGr3G3H3I_000000102693	vRhyme_unbinned_30__MGr3G3H3I_000000102693	vRhyme_unbinned_30__MGr3G3H3I_000000102693_15	0.0000	low	1.0000	very high	0.0000	low
vRhyme_unbinned_30__MGr3G3H3I_000000102693	vRhyme_unbinned_30__MGr3G3H3I_000000102693	vRhyme_unbinned_30__MGr3G3H3I_000000102693_16	0.0000	low	1.0000	very high	0.0000	low
vRhyme_unbinned_30__MGr3G3H3I_000000102693	vRhyme_unbinned_30__MGr3G3H3I_000000102693	vRhyme_unbinned_30__MGr3G3H3I_000000102693_17	0.0000	low	1.0000	very high	0.0000	low
vRhyme_unbinned_30__MGr3G3H3I_000000102693	vRhyme_unbinned_30__MGr3G3H3I_000000102693	vRhyme_unbinned_30__MGr3G3H3I_000000102693_18	0.0000	low	1.0000	very high	0.0000	low
vRhyme_unbinned_30__MGr3G3H3I_000000102693	vRhyme_unbinned_30__MGr3G3H3I_000000102693	vRhyme_unbinned_30__MGr3G3H3I_000000102693_19	0.0000	low	1.0000	very high	0.0000	low
vRhyme_unbinned_30__MGr3G3H3I_000000102693	vRhyme_unbinned_30__MGr3G3H3I_000000102693	vRhyme_unbinned_30__MGr3G3H3I_000000102693_20	0.0000	low	1.0000	very high	0.0000	low
vRhyme_unbinned_30__MGr3G3H3I_000000102693	vRhyme_unbinned_30__MGr3G3H3I_000000102693	vRhyme_unbinned_30__MGr3G3H3I_000000102693_21	0.0000	low	1.0000	very high	0.0000	low
vRhyme_unbinned_30__MGr3G3H3I_000000102693	vRhyme_unbinned_30__MGr3G3H3I_000000102693	vRhyme_unbinned_30__MGr3G3H3I_000000102693_22	0.0000	low	1.0000	very high	0.0000	low
vRhyme_unbinned_30__MGr3G3H3I_000000102693	vRhyme_unbinned_30__MGr3G3H3I_000000102693	vRhyme_unbinned_30__MGr3G3H3I_000000102693_23	0.0000	low	1.0000	very high	0.0000	low
vRhyme_unbinned_30__MGr3G3H3I_000000102693	vRhyme_unbinned_30__MGr3G3H3I_000000102693	vRhyme_unbinned_30__MGr3G3H3I_000000102693_24	0.0000	low	1.0000	very high	0.0000	low
vRhyme_unbinned_30__MGr3G3H3I_000000102693	vRhyme_unbinned_30__MGr3G3H3I_000000102693	vRhyme_unbinned_30__MGr3G3H3I_000000102693_25	0.0000	low	1.0000	very high	0.0000	low
vRhyme_unbinned_30__MGr3G3H3I_000000102693	vRhyme_unbinned_30__MGr3G3H3I_000000102693	vRhyme_unbinned_30__MGr3G3H3I_000000102693_26	0.0000	low	1.0000	very high	0.0000	low
vRhyme_unbinned_107__MGr3G3H3I_000000207831|provirus_30197_56997	vRhyme_unbinned_107__MGr3G3H3I_000000207831|provirus_30197_56997	vRhyme_unbinned_107__MGr3G3H3I_000000207831|provirus_30197_56997_1	0.0000	low	0.0000	low	0.0000	low
vRhyme_unbinned_107__MGr3G3H3I_000000207831|provirus_30197_56997	vRhyme_unbinned_107__MGr3G3H3I_000000207831|provirus_30197_56997	vRhyme_unbinned_107__MGr3G3H3I_000000207831|provirus_30197_56997_2	0.0000	low	0.0000	low	0.0000	low
vRhyme_unbinned_107__MGr3G3H3I_000000207831|provirus_30197_56997	vRhyme_unbinned_107__MGr3G3H3I_000000207831|provirus_30197_56997	vRhyme_unbinned_107__MGr3G3H3I_000000207831|provirus_30197_56997_3	0.0000	low	0.0461	low	0.0000	low
vRhyme_unbinned_107__MGr3G3H3I_000000207831|provirus_30197_56997	vRhyme_unbinned_107__MGr3G3H3I_000000207831|provirus_30197_56997	vRhyme_unbinned_107__MGr3G3H3I_000000207831|provirus_30197_56997_4	0.0000	low	0.0000	low	0.0000	low
vRhyme_unbinned_107__MGr3G3H3I_000000207831|provirus_30197_56997	vRhyme_unbinned_107__MGr3G3H3I_000000207831|provirus_30197_56997	vRhyme_unbinned_107__MGr3G3H3I_000000207831|provirus_30197_56997_5	0.0000	low	0.2222	medium	0.0000	low
vRhyme_unbinned_107__MGr3G3H3I_000000207831|provirus_30197_56997	vRhyme_unbinned_107__MGr3G3H3I_000000207831|provirus_30197_56997	vRhyme_unbinned_107__MGr3G3H3I_000000207831|provirus_30197_56997_6	0.0000	low	0.7536	high	0.0000	low
vRhyme_unbinned_107__MGr3G3H3I_000000207831|provirus_30197_56997	vRhyme_unbinned_107__MGr3G3H3I_000000207831|provirus_30197_56997	vRhyme_unbinned_107__MGr3G3H3I_000000207831|provirus_30197_56997_7	0.0000	low	0.5797	high	0.0000	low
vRhyme_unbinned_107__MGr3G3H3I_000000207831|provirus_30197_56997	vRhyme_unbinned_107__MGr3G3H3I_000000207831|provirus_30197_56997	vRhyme_unbinned_107__MGr3G3H3I_000000207831|provirus_30197_56997_8	0.1971	medium	0.7030	high	0.1386	medium
vRhyme_unbinned_107__MGr3G3H3I_000000207831|provirus_30197_56997	vRhyme_unbinned_107__MGr3G3H3I_000000207831|provirus_30197_56997	vRhyme_unbinned_107__MGr3G3H3I_000000207831|provirus_30197_56997_9	0.0000	low	0.9659	high	0.0000	low
vRhyme_unbinned_107__MGr3G3H3I_000000207831|provirus_30197_56997	vRhyme_unbinned_107__MGr3G3H3I_000000207831|provirus_30197_56997	vRhyme_unbinned_107__MGr3G3H3I_000000207831|provirus_30197_56997_10	0.0000	low	0.5703	high	0.0000	low
vRhyme_unbinned_107__MGr3G3H3I_000000207831|provirus_30197_56997	vRhyme_unbinned_107__MGr3G3H3I_000000207831|provirus_30197_56997	vRhyme_unbinned_107__MGr3G3H3I_000000207831|provirus_30197_56997_11	0.0000	low	1.0000	very high	0.0000	low
vRhyme_unbinned_107__MGr3G3H3I_000000207831|provirus_30197_56997	vRhyme_unbinned_107__MGr3G3H3I_000000207831|provirus_30197_56997	vRhyme_unbinned_107__MGr3G3H3I_000000207831|provirus_30197_56997_12	0.0000	low	0.7383	high	0.0000	low
vRhyme_unbinned_107__MGr3G3H3I_000000207831|provirus_30197_56997	vRhyme_unbinned_107__MGr3G3H3I_000000207831|provirus_30197_56997	vRhyme_unbinned_107__MGr3G3H3I_000000207831|provirus_30197_56997_13	0.0000	low	1.0000	very high	0.0000	low
vRhyme_unbinned_107__MGr3G3H3I_000000207831|provirus_30197_56997	vRhyme_unbinned_107__MGr3G3H3I_000000207831|provirus_30197_56997	vRhyme_unbinned_107__MGr3G3H3I_000000207831|provirus_30197_56997_14	0.0000	low	1.0000	very high	0.0000	low
vRhyme_unbinned_107__MGr3G3H3I_000000207831|provirus_30197_56997	vRhyme_unbinned_107__MGr3G3H3I_000000207831|provirus_30197_56997	vRhyme_unbinned_107__MGr3G3H3I_000000207831|provirus_30197_56997_15	0.0000	low	0.9487	high	0.0000	low
vRhyme_unbinned_107__MGr3G3H3I_000000207831|provirus_30197_56997	vRhyme_unbinned_107__MGr3G3H3I_000000207831|provirus_30197_56997	vRhyme_unbinned_107__MGr3G3H3I_000000207831|provirus_30197_56997_16	0.0000	low	1.0000	very high	0.0000	low
vRhyme_unbinned_107__MGr3G3H3I_000000207831|provirus_30197_56997	vRhyme_unbinned_107__MGr3G3H3I_000000207831|provirus_30197_56997	vRhyme_unbinned_107__MGr3G3H3I_000000207831|provirus_30197_56997_17	0.0000	low	1.0000	very high	0.0000	low
vRhyme_unbinned_107__MGr3G3H3I_000000207831|provirus_30197_56997	vRhyme_unbinned_107__MGr3G3H3I_000000207831|provirus_30197_56997	vRhyme_unbinned_107__MGr3G3H3I_000000207831|provirus_30197_56997_18	0.0000	low	0.9492	high	0.0000	low
vRhyme_unbinned_107__MGr3G3H3I_000000207831|provirus_30197_56997	vRhyme_unbinned_107__MGr3G3H3I_000000207831|provirus_30197_56997	vRhyme_unbinned_107__MGr3G3H3I_000000207831|provirus_30197_56997_19	0.0000	low	1.0000	very high	0.0000	low
vRhyme_unbinned_23__MGr3G3H3I_000000065081	vRhyme_unbinned_23__MGr3G3H3I_000000065081	vRhyme_unbinned_23__MGr3G3H3I_000000065081_1	0.0000	low	0.0000	low	0.0000	low
vRhyme_unbinned_23__MGr3G3H3I_000000065081	vRhyme_unbinned_23__MGr3G3H3I_000000065081	vRhyme_unbinned_23__MGr3G3H3I_000000065081_2	0.0000	low	0.0000	low	0.0000	low
vRhyme_unbinned_23__MGr3G3H3I_000000065081	vRhyme_unbinned_23__MGr3G3H3I_000000065081	vRhyme_unbinned_23__MGr3G3H3I_000000065081_3	0.0000	low	0.0000	low	0.0000	low
vRhyme_unbinned_23__MGr3G3H3I_000000065081	vRhyme_unbinned_23__MGr3G3H3I_000000065081	vRhyme_unbinned_23__MGr3G3H3I_000000065081_4	0.0000	low	0.0000	low	0.0000	low
vRhyme_unbinned_23__MGr3G3H3I_000000065081	vRhyme_unbinned_23__MGr3G3H3I_000000065081	vRhyme_unbinned_23__MGr3G3H3I_000000065081_5	0.0000	low	0.0000	low	0.0000	low
vRhyme_unbinned_23__MGr3G3H3I_000000065081	vRhyme_unbinned_23__MGr3G3H3I_000000065081	vRhyme_unbinned_23__MGr3G3H3I_000000065081_6	0.0000	low	0.0000	low	0.0000	low
vRhyme_unbinned_35__MGr3G3H3I_000000124827	vRhyme_unbinned_35__MGr3G3H3I_000000124827	vRhyme_unbinned_35__MGr3G3H3I_000000124827_1	0.0000	low	0.2163	medium	0.0000	low
vRhyme_unbinned_35__MGr3G3H3I_000000124827	vRhyme_unbinned_35__MGr3G3H3I_000000124827	vRhyme_unbinned_35__MGr3G3H3I_000000124827_2	0.0000	low	0.4052	high	0.0000	low
vRhyme_unbinned_35__MGr3G3H3I_000000124827	vRhyme_unbinned_35__MGr3G3H3I_000000124827	vRhyme_unbinned_35__MGr3G3H3I_000000124827_3	0.0000	low	0.5088	high	0.0000	low
vRhyme_unbinned_35__MGr3G3H3I_000000124827	vRhyme_unbinned_35__MGr3G3H3I_000000124827	vRhyme_unbinned_35__MGr3G3H3I_000000124827_4	0.0000	low	0.3479	medium	0.0000	low
vRhyme_unbinned_35__MGr3G3H3I_000000124827	vRhyme_unbinned_35__MGr3G3H3I_000000124827	vRhyme_unbinned_35__MGr3G3H3I_000000124827_5	0.0000	low	0.3794	medium	0.0000	low
vRhyme_unbinned_35__MGr3G3H3I_000000124827	vRhyme_unbinned_35__MGr3G3H3I_000000124827	vRhyme_unbinned_35__MGr3G3H3I_000000124827_6	0.0000	low	0.5648	high	0.0000	low
vRhyme_unbinned_35__MGr3G3H3I_000000124827	vRhyme_unbinned_35__MGr3G3H3I_000000124827	vRhyme_unbinned_35__MGr3G3H3I_000000124827_7	0.0000	low	0.2732	medium	0.0000	low
vRhyme_unbinned_35__MGr3G3H3I_000000124827	vRhyme_unbinned_35__MGr3G3H3I_000000124827	vRhyme_unbinned_35__MGr3G3H3I_000000124827_8	0.0000	low	0.4860	high	0.0000	low
vRhyme_unbinned_35__MGr3G3H3I_000000124827	vRhyme_unbinned_35__MGr3G3H3I_000000124827	vRhyme_unbinned_35__MGr3G3H3I_000000124827_9	0.0000	low	0.6314	high	0.0000	low
vRhyme_unbinned_35__MGr3G3H3I_000000124827	vRhyme_unbinned_35__MGr3G3H3I_000000124827	vRhyme_unbinned_35__MGr3G3H3I_000000124827_10	0.0000	low	0.5293	high	0.0000	low
vRhyme_unbinned_35__MGr3G3H3I_000000124827	vRhyme_unbinned_35__MGr3G3H3I_000000124827	vRhyme_unbinned_35__MGr3G3H3I_000000124827_11	0.0000	low	0.2758	medium	0.0000	low
vRhyme_unbinned_35__MGr3G3H3I_000000124827	vRhyme_unbinned_35__MGr3G3H3I_000000124827	vRhyme_unbinned_35__MGr3G3H3I_000000124827_12	0.0000	low	0.3586	medium	0.0000	low
vRhyme_unbinned_35__MGr3G3H3I_000000124827	vRhyme_unbinned_35__MGr3G3H3I_000000124827	vRhyme_unbinned_35__MGr3G3H3I_000000124827_13	0.0000	low	0.7926	high	0.0000	low
vRhyme_unbinned_35__MGr3G3H3I_000000124827	vRhyme_unbinned_35__MGr3G3H3I_000000124827	vRhyme_unbinned_35__MGr3G3H3I_000000124827_14	0.0000	low	0.2891	medium	0.0000	low
vRhyme_unbinned_35__MGr3G3H3I_000000124827	vRhyme_unbinned_35__MGr3G3H3I_000000124827	vRhyme_unbinned_35__MGr3G3H3I_000000124827_15	0.0000	low	0.3648	medium	0.0000	low
vRhyme_unbinned_35__MGr3G3H3I_000000124827	vRhyme_unbinned_35__MGr3G3H3I_000000124827	vRhyme_unbinned_35__MGr3G3H3I_000000124827_16	0.0000	low	0.5242	high	0.0000	low
vRhyme_unbinned_35__MGr3G3H3I_000000124827	vRhyme_unbinned_35__MGr3G3H3I_000000124827	vRhyme_unbinned_35__MGr3G3H3I_000000124827_17	0.0000	low	0.8087	high	0.0000	low
vRhyme_unbinned_35__MGr3G3H3I_000000124827	vRhyme_unbinned_35__MGr3G3H3I_000000124827	vRhyme_unbinned_35__MGr3G3H3I_000000124827_18	0.0000	low	0.5620	high	0.0000	low
vRhyme_unbinned_35__MGr3G3H3I_000000124827	vRhyme_unbinned_35__MGr3G3H3I_000000124827	vRhyme_unbinned_35__MGr3G3H3I_000000124827_19	0.0000	low	0.7055	high	0.0000	low
vRhyme_unbinned_35__MGr3G3H3I_000000124827	vRhyme_unbinned_35__MGr3G3H3I_000000124827	vRhyme_unbinned_35__MGr3G3H3I_000000124827_20	0.0000	low	0.7163	high	0.0000	low
vRhyme_unbinned_35__MGr3G3H3I_000000124827	vRhyme_unbinned_35__MGr3G3H3I_000000124827	vRhyme_unbinned_35__MGr3G3H3I_000000124827_21	0.0000	low	0.7250	high	0.0000	low
vRhyme_unbinned_35__MGr3G3H3I_000000124827	vRhyme_unbinned_35__MGr3G3H3I_000000124827	vRhyme_unbinned_35__MGr3G3H3I_000000124827_22	0.0000	low	0.8426	high	0.0000	low
vRhyme_unbinned_35__MGr3G3H3I_000000124827	vRhyme_unbinned_35__MGr3G3H3I_000000124827	vRhyme_unbinned_35__MGr3G3H3I_000000124827_23	0.0000	low	0.8253	high	0.0000	low
vRhyme_unbinned_35__MGr3G3H3I_000000124827	vRhyme_unbinned_35__MGr3G3H3I_000000124827	vRhyme_unbinned_35__MGr3G3H3I_000000124827_24	0.0000	low	0.3745	medium	0.0000	low
vRhyme_unbinned_35__MGr3G3H3I_000000124827	vRhyme_unbinned_35__MGr3G3H3I_000000124827	vRhyme_unbinned_35__MGr3G3H3I_000000124827_25	0.0000	low	0.9045	high	0.0000	low
vRhyme_unbinned_35__MGr3G3H3I_000000124827	vRhyme_unbinned_35__MGr3G3H3I_000000124827	vRhyme_unbinned_35__MGr3G3H3I_000000124827_26	0.0000	low	0.5722	high	0.0000	low
vRhyme_unbinned_35__MGr3G3H3I_000000124827	vRhyme_unbinned_35__MGr3G3H3I_000000124827	vRhyme_unbinned_35__MGr3G3H3I_000000124827_27	0.0000	low	0.1823	medium	0.0000	low
vRhyme_unbinned_35__MGr3G3H3I_000000124827	vRhyme_unbinned_35__MGr3G3H3I_000000124827	vRhyme_unbinned_35__MGr3G3H3I_000000124827_28	0.0000	low	0.2320	medium	0.0000	low
vRhyme_unbinned_35__MGr3G3H3I_000000124827	vRhyme_unbinned_35__MGr3G3H3I_000000124827	vRhyme_unbinned_35__MGr3G3H3I_000000124827_29	0.0000	low	0.5234	high	0.0000	low
vRhyme_unbinned_27__MGr3G3H3I_000000077811	vRhyme_unbinned_27__MGr3G3H3I_000000077811	vRhyme_unbinned_27__MGr3G3H3I_000000077811_1	0.0000	low	1.0000	very high	0.0000	low
vRhyme_unbinned_27__MGr3G3H3I_000000077811	vRhyme_unbinned_27__MGr3G3H3I_000000077811	vRhyme_unbinned_27__MGr3G3H3I_000000077811_2	0.0000	low	1.0000	very high	0.0000	low
vRhyme_unbinned_27__MGr3G3H3I_000000077811	vRhyme_unbinned_27__MGr3G3H3I_000000077811	vRhyme_unbinned_27__MGr3G3H3I_000000077811_3	0.0000	low	0.9033	high	0.0000	low
vRhyme_unbinned_27__MGr3G3H3I_000000077811	vRhyme_unbinned_27__MGr3G3H3I_000000077811	vRhyme_unbinned_27__MGr3G3H3I_000000077811_4	0.0000	low	1.0000	very high	0.0000	low
vRhyme_unbinned_27__MGr3G3H3I_000000077811	vRhyme_unbinned_27__MGr3G3H3I_000000077811	vRhyme_unbinned_27__MGr3G3H3I_000000077811_5	0.0000	low	1.0000	very high	0.0000	low
vRhyme_unbinned_27__MGr3G3H3I_000000077811	vRhyme_unbinned_27__MGr3G3H3I_000000077811	vRhyme_unbinned_27__MGr3G3H3I_000000077811_6	0.0000	low	1.0000	very high	0.0000	low
vRhyme_unbinned_27__MGr3G3H3I_000000077811	vRhyme_unbinned_27__MGr3G3H3I_000000077811	vRhyme_unbinned_27__MGr3G3H3I_000000077811_7	0.0000	low	1.0000	very high	0.0000	low
vRhyme_unbinned_27__MGr3G3H3I_000000077811	vRhyme_unbinned_27__MGr3G3H3I_000000077811	vRhyme_unbinned_27__MGr3G3H3I_000000077811_8	0.0000	low	1.0000	very high	0.0000	low
vRhyme_unbinned_27__MGr3G3H3I_000000077811	vRhyme_unbinned_27__MGr3G3H3I_000000077811	vRhyme_unbinned_27__MGr3G3H3I_000000077811_9	0.0000	low	1.0000	very high	0.0000	low
vRhyme_unbinned_27__MGr3G3H3I_000000077811	vRhyme_unbinned_27__MGr3G3H3I_000000077811	vRhyme_unbinned_27__MGr3G3H3I_000000077811_10	0.0000	low	1.0000	very high	0.0000	low
vRhyme_unbinned_27__MGr3G3H3I_000000077811	vRhyme_unbinned_27__MGr3G3H3I_000000077811	vRhyme_unbinned_27__MGr3G3H3I_000000077811_11	0.0000	low	1.0000	very high	0.0000	low
vRhyme_unbinned_27__MGr3G3H3I_000000077811	vRhyme_unbinned_27__MGr3G3H3I_000000077811	vRhyme_unbinned_27__MGr3G3H3I_000000077811_12	0.0000	low	1.0000	very high	0.0000	low
vRhyme_unbinned_27__MGr3G3H3I_000000077811	vRhyme_unbinned_27__MGr3G3H3I_000000077811	vRhyme_unbinned_27__MGr3G3H3I_000000077811_13	0.0000	low	0.9391	high	0.0000	low
vRhyme_unbinned_27__MGr3G3H3I_000000077811	vRhyme_unbinned_27__MGr3G3H3I_000000077811	vRhyme_unbinned_27__MGr3G3H3I_000000077811_14	0.0000	low	1.0000	very high	0.0000	low
vRhyme_unbinned_27__MGr3G3H3I_000000077811	vRhyme_unbinned_27__MGr3G3H3I_000000077811	vRhyme_unbinned_27__MGr3G3H3I_000000077811_15	0.0000	low	1.0000	very high	0.0000	low
vRhyme_unbinned_27__MGr3G3H3I_000000077811	vRhyme_unbinned_27__MGr3G3H3I_000000077811	vRhyme_unbinned_27__MGr3G3H3I_000000077811_16	0.0000	low	1.0000	very high	0.0000	low
vRhyme_unbinned_27__MGr3G3H3I_000000077811	vRhyme_unbinned_27__MGr3G3H3I_000000077811	vRhyme_unbinned_27__MGr3G3H3I_000000077811_17	0.0000	low	1.0000	very high	0.0000	low
vRhyme_unbinned_27__MGr3G3H3I_000000077811	vRhyme_unbinned_27__MGr3G3H3I_000000077811	vRhyme_unbinned_27__MGr3G3H3I_000000077811_18	0.9477	high	1.0000	very high	0.9477	very high
vRhyme_unbinned_27__MGr3G3H3I_000000077811	vRhyme_unbinned_27__MGr3G3H3I_000000077811	vRhyme_unbinned_27__MGr3G3H3I_000000077811_19	0.0000	low	1.0000	very high	0.0000	low
vRhyme_unbinned_27__MGr3G3H3I_000000077811	vRhyme_unbinned_27__MGr3G3H3I_000000077811	vRhyme_unbinned_27__MGr3G3H3I_000000077811_20	0.0000	low	1.0000	very high	0.0000	low
vRhyme_unbinned_27__MGr3G3H3I_000000077811	vRhyme_unbinned_27__MGr3G3H3I_000000077811	vRhyme_unbinned_27__MGr3G3H3I_000000077811_21	0.0000	low	0.9303	high	0.0000	low
vRhyme_unbinned_27__MGr3G3H3I_000000077811	vRhyme_unbinned_27__MGr3G3H3I_000000077811	vRhyme_unbinned_27__MGr3G3H3I_000000077811_22	0.0000	low	1.0000	very high	0.0000	low
vRhyme_unbinned_27__MGr3G3H3I_000000077811	vRhyme_unbinned_27__MGr3G3H3I_000000077811	vRhyme_unbinned_27__MGr3G3H3I_000000077811_23	0.0000	low	1.0000	very high	0.0000	low
vRhyme_unbinned_29__MGr3G3H3I_000000101571	vRhyme_unbinned_29__MGr3G3H3I_000000101571	vRhyme_unbinned_29__MGr3G3H3I_000000101571_1	0.0000	low	0.8081	high	0.0000	low
vRhyme_unbinned_29__MGr3G3H3I_000000101571	vRhyme_unbinned_29__MGr3G3H3I_000000101571	vRhyme_unbinned_29__MGr3G3H3I_000000101571_2	0.0000	low	0.8145	high	0.0000	low
vRhyme_unbinned_29__MGr3G3H3I_000000101571	vRhyme_unbinned_29__MGr3G3H3I_000000101571	vRhyme_unbinned_29__MGr3G3H3I_000000101571_3	0.0000	low	0.8847	high	0.0000	low
vRhyme_unbinned_29__MGr3G3H3I_000000101571	vRhyme_unbinned_29__MGr3G3H3I_000000101571	vRhyme_unbinned_29__MGr3G3H3I_000000101571_4	1.0000	very high	0.0514	low	0.0514	low
vRhyme_unbinned_29__MGr3G3H3I_000000101571	vRhyme_unbinned_29__MGr3G3H3I_000000101571	vRhyme_unbinned_29__MGr3G3H3I_000000101571_5	0.0000	low	0.2647	medium	0.0000	low
vRhyme_unbinned_29__MGr3G3H3I_000000101571	vRhyme_unbinned_29__MGr3G3H3I_000000101571	vRhyme_unbinned_29__MGr3G3H3I_000000101571_6	0.0471	low	0.0000	low	0.0000	low
vRhyme_unbinned_29__MGr3G3H3I_000000101571	vRhyme_unbinned_29__MGr3G3H3I_000000101571	vRhyme_unbinned_29__MGr3G3H3I_000000101571_7	0.0000	low	0.0000	low	0.0000	low
vRhyme_unbinned_29__MGr3G3H3I_000000101571	vRhyme_unbinned_29__MGr3G3H3I_000000101571	vRhyme_unbinned_29__MGr3G3H3I_000000101571_8	0.0000	low	0.0000	low	0.0000	low
vRhyme_unbinned_29__MGr3G3H3I_000000101571	vRhyme_unbinned_29__MGr3G3H3I_000000101571	vRhyme_unbinned_29__MGr3G3H3I_000000101571_9	0.0000	low	0.0000	low	0.0000	low
vRhyme_unbinned_32__MGr3G3H3I_000000112980	vRhyme_unbinned_32__MGr3G3H3I_000000112980	vRhyme_unbinned_32__MGr3G3H3I_000000112980_1	0.0000	low	0.1750	medium	0.0000	low
vRhyme_unbinned_32__MGr3G3H3I_000000112980	vRhyme_unbinned_32__MGr3G3H3I_000000112980	vRhyme_unbinned_32__MGr3G3H3I_000000112980_2	0.0445	low	0.0000	low	0.0000	low
vRhyme_unbinned_32__MGr3G3H3I_000000112980	vRhyme_unbinned_32__MGr3G3H3I_000000112980	vRhyme_unbinned_32__MGr3G3H3I_000000112980_3	0.0000	low	0.0510	low	0.0000	low
vRhyme_unbinned_32__MGr3G3H3I_000000112980	vRhyme_unbinned_32__MGr3G3H3I_000000112980	vRhyme_unbinned_32__MGr3G3H3I_000000112980_4	0.0000	low	0.0472	low	0.0000	low
vRhyme_unbinned_32__MGr3G3H3I_000000112980	vRhyme_unbinned_32__MGr3G3H3I_000000112980	vRhyme_unbinned_32__MGr3G3H3I_000000112980_5	0.0000	low	0.0417	low	0.0000	low
vRhyme_unbinned_32__MGr3G3H3I_000000112980	vRhyme_unbinned_32__MGr3G3H3I_000000112980	vRhyme_unbinned_32__MGr3G3H3I_000000112980_6	0.2255	medium	0.0431	low	0.0097	low
vRhyme_unbinned_32__MGr3G3H3I_000000112980	vRhyme_unbinned_32__MGr3G3H3I_000000112980	vRhyme_unbinned_32__MGr3G3H3I_000000112980_7	0.0000	low	0.0000	low	0.0000	low
vRhyme_unbinned_32__MGr3G3H3I_000000112980	vRhyme_unbinned_32__MGr3G3H3I_000000112980	vRhyme_unbinned_32__MGr3G3H3I_000000112980_8	0.0000	low	0.0000	low	0.0000	low
vRhyme_unbinned_32__MGr3G3H3I_000000112980	vRhyme_unbinned_32__MGr3G3H3I_000000112980	vRhyme_unbinned_32__MGr3G3H3I_000000112980_9	1.0000	very high	0.0000	low	0.0000	low
vRhyme_unbinned_32__MGr3G3H3I_000000112980	vRhyme_unbinned_32__MGr3G3H3I_000000112980	vRhyme_unbinned_32__MGr3G3H3I_000000112980_10	0.0000	low	0.0000	low	0.0000	low
vRhyme_unbinned_32__MGr3G3H3I_000000112980	vRhyme_unbinned_32__MGr3G3H3I_000000112980	vRhyme_unbinned_32__MGr3G3H3I_000000112980_11	0.0000	low	0.0444	low	0.0000	low
vRhyme_unbinned_36__MGr3G3H3I_000000133197	vRhyme_unbinned_36__MGr3G3H3I_000000133197	vRhyme_unbinned_36__MGr3G3H3I_000000133197_1	0.0000	low	1.0000	very high	0.0000	low
vRhyme_unbinned_36__MGr3G3H3I_000000133197	vRhyme_unbinned_36__MGr3G3H3I_000000133197	vRhyme_unbinned_36__MGr3G3H3I_000000133197_2	0.0000	low	1.0000	very high	0.0000	low
vRhyme_unbinned_36__MGr3G3H3I_000000133197	vRhyme_unbinned_36__MGr3G3H3I_000000133197	vRhyme_unbinned_36__MGr3G3H3I_000000133197_3	0.0000	low	1.0000	very high	0.0000	low
vRhyme_unbinned_36__MGr3G3H3I_000000133197	vRhyme_unbinned_36__MGr3G3H3I_000000133197	vRhyme_unbinned_36__MGr3G3H3I_000000133197_4	0.0000	low	1.0000	very high	0.0000	low
vRhyme_unbinned_36__MGr3G3H3I_000000133197	vRhyme_unbinned_36__MGr3G3H3I_000000133197	vRhyme_unbinned_36__MGr3G3H3I_000000133197_5	0.0000	low	1.0000	very high	0.0000	low
vRhyme_unbinned_36__MGr3G3H3I_000000133197	vRhyme_unbinned_36__MGr3G3H3I_000000133197	vRhyme_unbinned_36__MGr3G3H3I_000000133197_6	0.0000	low	1.0000	very high	0.0000	low
vRhyme_unbinned_36__MGr3G3H3I_000000133197	vRhyme_unbinned_36__MGr3G3H3I_000000133197	vRhyme_unbinned_36__MGr3G3H3I_000000133197_7	0.0000	low	1.0000	very high	0.0000	low
vRhyme_unbinned_36__MGr3G3H3I_000000133197	vRhyme_unbinned_36__MGr3G3H3I_000000133197	vRhyme_unbinned_36__MGr3G3H3I_000000133197_8	0.0000	low	1.0000	very high	0.0000	low
vRhyme_unbinned_36__MGr3G3H3I_000000133197	vRhyme_unbinned_36__MGr3G3H3I_000000133197	vRhyme_unbinned_36__MGr3G3H3I_000000133197_9	0.0000	low	1.0000	very high	0.0000	low
vRhyme_unbinned_36__MGr3G3H3I_000000133197	vRhyme_unbinned_36__MGr3G3H3I_000000133197	vRhyme_unbinned_36__MGr3G3H3I_000000133197_10	0.0000	low	1.0000	very high	0.0000	low
vRhyme_unbinned_36__MGr3G3H3I_000000133197	vRhyme_unbinned_36__MGr3G3H3I_000000133197	vRhyme_unbinned_36__MGr3G3H3I_000000133197_11	0.0000	low	1.0000	very high	0.0000	low
vRhyme_unbinned_36__MGr3G3H3I_000000133197	vRhyme_unbinned_36__MGr3G3H3I_000000133197	vRhyme_unbinned_36__MGr3G3H3I_000000133197_12	0.0000	low	1.0000	very high	0.0000	low
vRhyme_unbinned_36__MGr3G3H3I_000000133197	vRhyme_unbinned_36__MGr3G3H3I_000000133197	vRhyme_unbinned_36__MGr3G3H3I_000000133197_13	0.0000	low	1.0000	very high	0.0000	low
vRhyme_unbinned_36__MGr3G3H3I_000000133197	vRhyme_unbinned_36__MGr3G3H3I_000000133197	vRhyme_unbinned_36__MGr3G3H3I_000000133197_14	0.0000	low	1.0000	very high	0.0000	low
vRhyme_unbinned_36__MGr3G3H3I_000000133197	vRhyme_unbinned_36__MGr3G3H3I_000000133197	vRhyme_unbinned_36__MGr3G3H3I_000000133197_15	0.0000	low	1.0000	very high	0.0000	low
vRhyme_unbinned_36__MGr3G3H3I_000000133197	vRhyme_unbinned_36__MGr3G3H3I_000000133197	vRhyme_unbinned_36__MGr3G3H3I_000000133197_16	0.0000	low	1.0000	very high	0.0000	low
vRhyme_unbinned_36__MGr3G3H3I_000000133197	vRhyme_unbinned_36__MGr3G3H3I_000000133197	vRhyme_unbinned_36__MGr3G3H3I_000000133197_17	0.0000	low	1.0000	very high	0.0000	low
vRhyme_unbinned_36__MGr3G3H3I_000000133197	vRhyme_unbinned_36__MGr3G3H3I_000000133197	vRhyme_unbinned_36__MGr3G3H3I_000000133197_18	0.0000	low	1.0000	very high	0.0000	low
vRhyme_unbinned_10__MGr3G3H3I_000000026731	vRhyme_unbinned_10__MGr3G3H3I_000000026731	vRhyme_unbinned_10__MGr3G3H3I_000000026731_1	0.0000	low	0.9618	high	0.0000	low
vRhyme_unbinned_10__MGr3G3H3I_000000026731	vRhyme_unbinned_10__MGr3G3H3I_000000026731	vRhyme_unbinned_10__MGr3G3H3I_000000026731_2	0.0000	low	1.0000	very high	0.0000	low
vRhyme_unbinned_10__MGr3G3H3I_000000026731	vRhyme_unbinned_10__MGr3G3H3I_000000026731	vRhyme_unbinned_10__MGr3G3H3I_000000026731_3	0.0000	low	1.0000	very high	0.0000	low
vRhyme_unbinned_10__MGr3G3H3I_000000026731	vRhyme_unbinned_10__MGr3G3H3I_000000026731	vRhyme_unbinned_10__MGr3G3H3I_000000026731_4	0.0000	low	1.0000	very high	0.0000	low
vRhyme_unbinned_10__MGr3G3H3I_000000026731	vRhyme_unbinned_10__MGr3G3H3I_000000026731	vRhyme_unbinned_10__MGr3G3H3I_000000026731_5	0.0000	low	0.9559	high	0.0000	low
vRhyme_unbinned_10__MGr3G3H3I_000000026731	vRhyme_unbinned_10__MGr3G3H3I_000000026731	vRhyme_unbinned_10__MGr3G3H3I_000000026731_6	0.0000	low	1.0000	very high	0.0000	low
vRhyme_unbinned_10__MGr3G3H3I_000000026731	vRhyme_unbinned_10__MGr3G3H3I_000000026731	vRhyme_unbinned_10__MGr3G3H3I_000000026731_7	0.0000	low	0.9464	high	0.0000	low
vRhyme_unbinned_10__MGr3G3H3I_000000026731	vRhyme_unbinned_10__MGr3G3H3I_000000026731	vRhyme_unbinned_10__MGr3G3H3I_000000026731_8	0.0000	low	1.0000	very high	0.0000	low
vRhyme_unbinned_10__MGr3G3H3I_000000026731	vRhyme_unbinned_10__MGr3G3H3I_000000026731	vRhyme_unbinned_10__MGr3G3H3I_000000026731_9	0.0000	low	1.0000	very high	0.0000	low
vRhyme_unbinned_10__MGr3G3H3I_000000026731	vRhyme_unbinned_10__MGr3G3H3I_000000026731	vRhyme_unbinned_10__MGr3G3H3I_000000026731_10	0.0000	low	1.0000	very high	0.0000	low
vRhyme_unbinned_10__MGr3G3H3I_000000026731	vRhyme_unbinned_10__MGr3G3H3I_000000026731	vRhyme_unbinned_10__MGr3G3H3I_000000026731_11	0.0000	low	1.0000	very high	0.0000	low
vRhyme_unbinned_10__MGr3G3H3I_000000026731	vRhyme_unbinned_10__MGr3G3H3I_000000026731	vRhyme_unbinned_10__MGr3G3H3I_000000026731_12	0.0000	low	1.0000	very high	0.0000	low
vRhyme_unbinned_10__MGr3G3H3I_000000026731	vRhyme_unbinned_10__MGr3G3H3I_000000026731	vRhyme_unbinned_10__MGr3G3H3I_000000026731_13	0.0000	low	1.0000	very high	0.0000	low
vRhyme_unbinned_10__MGr3G3H3I_000000026731	vRhyme_unbinned_10__MGr3G3H3I_000000026731	vRhyme_unbinned_10__MGr3G3H3I_000000026731_14	0.0000	low	1.0000	very high	0.0000	low
vRhyme_unbinned_10__MGr3G3H3I_000000026731	vRhyme_unbinned_10__MGr3G3H3I_000000026731	vRhyme_unbinned_10__MGr3G3H3I_000000026731_15	0.0000	low	0.9458	high	0.0000	low
vRhyme_unbinned_10__MGr3G3H3I_000000026731	vRhyme_unbinned_10__MGr3G3H3I_000000026731	vRhyme_unbinned_10__MGr3G3H3I_000000026731_16	0.0000	low	1.0000	very high	0.0000	low
vRhyme_unbinned_10__MGr3G3H3I_000000026731	vRhyme_unbinned_10__MGr3G3H3I_000000026731	vRhyme_unbinned_10__MGr3G3H3I_000000026731_17	0.0000	low	1.0000	very high	0.0000	low
vRhyme_unbinned_10__MGr3G3H3I_000000026731	vRhyme_unbinned_10__MGr3G3H3I_000000026731	vRhyme_unbinned_10__MGr3G3H3I_000000026731_18	0.0000	low	1.0000	very high	0.0000	low
vRhyme_unbinned_10__MGr3G3H3I_000000026731	vRhyme_unbinned_10__MGr3G3H3I_000000026731	vRhyme_unbinned_10__MGr3G3H3I_000000026731_19	0.0000	low	1.0000	very high	0.0000	low
vRhyme_unbinned_10__MGr3G3H3I_000000026731	vRhyme_unbinned_10__MGr3G3H3I_000000026731	vRhyme_unbinned_10__MGr3G3H3I_000000026731_20	0.0000	low	1.0000	very high	0.0000	low
vRhyme_unbinned_10__MGr3G3H3I_000000026731	vRhyme_unbinned_10__MGr3G3H3I_000000026731	vRhyme_unbinned_10__MGr3G3H3I_000000026731_21	0.0000	low	1.0000	very high	0.0000	low
vRhyme_unbinned_10__MGr3G3H3I_000000026731	vRhyme_unbinned_10__MGr3G3H3I_000000026731	vRhyme_unbinned_10__MGr3G3H3I_000000026731_22	0.0000	low	1.0000	very high	0.0000	low
vRhyme_unbinned_10__MGr3G3H3I_000000026731	vRhyme_unbinned_10__MGr3G3H3I_000000026731	vRhyme_unbinned_10__MGr3G3H3I_000000026731_23	0.0000	low	1.0000	very high	0.0000	low
vRhyme_unbinned_10__MGr3G3H3I_000000026731	vRhyme_unbinned_10__MGr3G3H3I_000000026731	vRhyme_unbinned_10__MGr3G3H3I_000000026731_24	0.0000	low	1.0000	very high	0.0000	low
vRhyme_unbinned_10__MGr3G3H3I_000000026731	vRhyme_unbinned_10__MGr3G3H3I_000000026731	vRhyme_unbinned_10__MGr3G3H3I_000000026731_25	0.0000	low	1.0000	very high	0.0000	low
vRhyme_unbinned_10__MGr3G3H3I_000000026731	vRhyme_unbinned_10__MGr3G3H3I_000000026731	vRhyme_unbinned_10__MGr3G3H3I_000000026731_26	0.0000	low	1.0000	very high	0.0000	low
vRhyme_unbinned_10__MGr3G3H3I_000000026731	vRhyme_unbinned_10__MGr3G3H3I_000000026731	vRhyme_unbinned_10__MGr3G3H3I_000000026731_27	0.0000	low	1.0000	very high	0.0000	low
vRhyme_unbinned_10__MGr3G3H3I_000000026731	vRhyme_unbinned_10__MGr3G3H3I_000000026731	vRhyme_unbinned_10__MGr3G3H3I_000000026731_28	0.0000	low	1.0000	very high	0.0000	low
vRhyme_unbinned_10__MGr3G3H3I_000000026731	vRhyme_unbinned_10__MGr3G3H3I_000000026731	vRhyme_unbinned_10__MGr3G3H3I_000000026731_29	0.0000	low	1.0000	very high	0.0000	low
vRhyme_unbinned_10__MGr3G3H3I_000000026731	vRhyme_unbinned_10__MGr3G3H3I_000000026731	vRhyme_unbinned_10__MGr3G3H3I_000000026731_30	0.0000	low	1.0000	very high	0.0000	low
vRhyme_unbinned_10__MGr3G3H3I_000000026731	vRhyme_unbinned_10__MGr3G3H3I_000000026731	vRhyme_unbinned_10__MGr3G3H3I_000000026731_31	0.0000	low	1.0000	very high	0.0000	low
vRhyme_unbinned_10__MGr3G3H3I_000000026731	vRhyme_unbinned_10__MGr3G3H3I_000000026731	vRhyme_unbinned_10__MGr3G3H3I_000000026731_32	0.0000	low	1.0000	very high	0.0000	low
vRhyme_unbinned_10__MGr3G3H3I_000000026731	vRhyme_unbinned_10__MGr3G3H3I_000000026731	vRhyme_unbinned_10__MGr3G3H3I_000000026731_33	0.0000	low	0.9551	high	0.0000	low
vRhyme_unbinned_10__MGr3G3H3I_000000026731	vRhyme_unbinned_10__MGr3G3H3I_000000026731	vRhyme_unbinned_10__MGr3G3H3I_000000026731_34	0.0000	low	1.0000	very high	0.0000	low
vRhyme_unbinned_10__MGr3G3H3I_000000026731	vRhyme_unbinned_10__MGr3G3H3I_000000026731	vRhyme_unbinned_10__MGr3G3H3I_000000026731_35	0.0000	low	1.0000	very high	0.0000	low
vRhyme_unbinned_10__MGr3G3H3I_000000026731	vRhyme_unbinned_10__MGr3G3H3I_000000026731	vRhyme_unbinned_10__MGr3G3H3I_000000026731_36	0.0000	low	1.0000	very high	0.0000	low
vRhyme_unbinned_10__MGr3G3H3I_000000026731	vRhyme_unbinned_10__MGr3G3H3I_000000026731	vRhyme_unbinned_10__MGr3G3H3I_000000026731_37	0.0000	low	1.0000	very high	0.0000	low
vRhyme_unbinned_10__MGr3G3H3I_000000026731	vRhyme_unbinned_10__MGr3G3H3I_000000026731	vRhyme_unbinned_10__MGr3G3H3I_000000026731_38	0.0000	low	1.0000	very high	0.0000	low
vRhyme_unbinned_10__MGr3G3H3I_000000026731	vRhyme_unbinned_10__MGr3G3H3I_000000026731	vRhyme_unbinned_10__MGr3G3H3I_000000026731_39	0.0000	low	1.0000	very high	0.0000	low
vRhyme_unbinned_10__MGr3G3H3I_000000026731	vRhyme_unbinned_10__MGr3G3H3I_000000026731	vRhyme_unbinned_10__MGr3G3H3I_000000026731_40	0.0000	low	1.0000	very high	0.0000	low
vRhyme_unbinned_10__MGr3G3H3I_000000026731	vRhyme_unbinned_10__MGr3G3H3I_000000026731	vRhyme_unbinned_10__MGr3G3H3I_000000026731_41	0.0000	low	1.0000	very high	0.0000	low
vRhyme_unbinned_10__MGr3G3H3I_000000026731	vRhyme_unbinned_10__MGr3G3H3I_000000026731	vRhyme_unbinned_10__MGr3G3H3I_000000026731_42	0.0000	low	1.0000	very high	0.0000	low
vRhyme_unbinned_10__MGr3G3H3I_000000026731	vRhyme_unbinned_10__MGr3G3H3I_000000026731	vRhyme_unbinned_10__MGr3G3H3I_000000026731_43	0.0000	low	1.0000	very high	0.0000	low
vRhyme_unbinned_10__MGr3G3H3I_000000026731	vRhyme_unbinned_10__MGr3G3H3I_000000026731	vRhyme_unbinned_10__MGr3G3H3I_000000026731_44	0.0000	low	0.9441	high	0.0000	low
vRhyme_unbinned_10__MGr3G3H3I_000000026731	vRhyme_unbinned_10__MGr3G3H3I_000000026731	vRhyme_unbinned_10__MGr3G3H3I_000000026731_45	0.0000	low	0.9523	high	0.0000	low
vRhyme_unbinned_10__MGr3G3H3I_000000026731	vRhyme_unbinned_10__MGr3G3H3I_000000026731	vRhyme_unbinned_10__MGr3G3H3I_000000026731_46	0.0000	low	1.0000	very high	0.0000	low
vRhyme_unbinned_10__MGr3G3H3I_000000026731	vRhyme_unbinned_10__MGr3G3H3I_000000026731	vRhyme_unbinned_10__MGr3G3H3I_000000026731_47	0.0000	low	1.0000	very high	0.0000	low
vRhyme_unbinned_10__MGr3G3H3I_000000026731	vRhyme_unbinned_10__MGr3G3H3I_000000026731	vRhyme_unbinned_10__MGr3G3H3I_000000026731_48	0.0000	low	1.0000	very high	0.0000	low
vRhyme_unbinned_10__MGr3G3H3I_000000026731	vRhyme_unbinned_10__MGr3G3H3I_000000026731	vRhyme_unbinned_10__MGr3G3H3I_000000026731_49	0.0000	low	1.0000	very high	0.0000	low
vRhyme_unbinned_10__MGr3G3H3I_000000026731	vRhyme_unbinned_10__MGr3G3H3I_000000026731	vRhyme_unbinned_10__MGr3G3H3I_000000026731_50	0.0000	low	1.0000	very high	0.0000	low
vRhyme_unbinned_10__MGr3G3H3I_000000026731	vRhyme_unbinned_10__MGr3G3H3I_000000026731	vRhyme_unbinned_10__MGr3G3H3I_000000026731_51	0.0000	low	1.0000	very high	0.0000	low
vRhyme_unbinned_10__MGr3G3H3I_000000026731	vRhyme_unbinned_10__MGr3G3H3I_000000026731	vRhyme_unbinned_10__MGr3G3H3I_000000026731_52	0.0000	low	1.0000	very high	0.0000	low
vRhyme_unbinned_10__MGr3G3H3I_000000026731	vRhyme_unbinned_10__MGr3G3H3I_000000026731	vRhyme_unbinned_10__MGr3G3H3I_000000026731_53	0.0000	low	0.9520	high	0.0000	low
vRhyme_unbinned_10__MGr3G3H3I_000000026731	vRhyme_unbinned_10__MGr3G3H3I_000000026731	vRhyme_unbinned_10__MGr3G3H3I_000000026731_54	0.0000	low	1.0000	very high	0.0000	low
vRhyme_unbinned_10__MGr3G3H3I_000000026731	vRhyme_unbinned_10__MGr3G3H3I_000000026731	vRhyme_unbinned_10__MGr3G3H3I_000000026731_55	0.0000	low	1.0000	very high	0.0000	low
vRhyme_unbinned_10__MGr3G3H3I_000000026731	vRhyme_unbinned_10__MGr3G3H3I_000000026731	vRhyme_unbinned_10__MGr3G3H3I_000000026731_56	0.0000	low	0.8500	high	0.0000	low
vRhyme_unbinned_10__MGr3G3H3I_000000026731	vRhyme_unbinned_10__MGr3G3H3I_000000026731	vRhyme_unbinned_10__MGr3G3H3I_000000026731_57	0.0000	low	1.0000	very high	0.0000	low
vRhyme_unbinned_31__MGr3G3H3I_000000103998	vRhyme_unbinned_31__MGr3G3H3I_000000103998	vRhyme_unbinned_31__MGr3G3H3I_000000103998_1	0.9583	very high	0.0963	medium	0.0923	medium
vRhyme_unbinned_31__MGr3G3H3I_000000103998	vRhyme_unbinned_31__MGr3G3H3I_000000103998	vRhyme_unbinned_31__MGr3G3H3I_000000103998_2	0.0000	low	0.0000	low	0.0000	low
vRhyme_unbinned_31__MGr3G3H3I_000000103998	vRhyme_unbinned_31__MGr3G3H3I_000000103998	vRhyme_unbinned_31__MGr3G3H3I_000000103998_3	0.0000	low	0.3015	medium	0.0000	low
vRhyme_unbinned_31__MGr3G3H3I_000000103998	vRhyme_unbinned_31__MGr3G3H3I_000000103998	vRhyme_unbinned_31__MGr3G3H3I_000000103998_4	0.0000	low	0.0498	low	0.0000	low
vRhyme_unbinned_31__MGr3G3H3I_000000103998	vRhyme_unbinned_31__MGr3G3H3I_000000103998	vRhyme_unbinned_31__MGr3G3H3I_000000103998_5	0.0000	low	0.0574	medium	0.0000	low
vRhyme_unbinned_31__MGr3G3H3I_000000103998	vRhyme_unbinned_31__MGr3G3H3I_000000103998	vRhyme_unbinned_31__MGr3G3H3I_000000103998_6	0.0000	low	0.0000	low	0.0000	low
vRhyme_unbinned_31__MGr3G3H3I_000000103998	vRhyme_unbinned_31__MGr3G3H3I_000000103998	vRhyme_unbinned_31__MGr3G3H3I_000000103998_7	0.4423	high	0.9574	high	0.4235	high
vRhyme_unbinned_31__MGr3G3H3I_000000103998	vRhyme_unbinned_31__MGr3G3H3I_000000103998	vRhyme_unbinned_31__MGr3G3H3I_000000103998_8	0.0000	low	0.0603	medium	0.0000	low
vRhyme_unbinned_31__MGr3G3H3I_000000103998	vRhyme_unbinned_31__MGr3G3H3I_000000103998	vRhyme_unbinned_31__MGr3G3H3I_000000103998_9	0.0000	low	0.5527	high	0.0000	low
vRhyme_unbinned_31__MGr3G3H3I_000000103998	vRhyme_unbinned_31__MGr3G3H3I_000000103998	vRhyme_unbinned_31__MGr3G3H3I_000000103998_10	0.0000	low	0.2120	medium	0.0000	low
vRhyme_unbinned_31__MGr3G3H3I_000000103998	vRhyme_unbinned_31__MGr3G3H3I_000000103998	vRhyme_unbinned_31__MGr3G3H3I_000000103998_11	0.0000	low	0.0925	medium	0.0000	low
vRhyme_unbinned_31__MGr3G3H3I_000000103998	vRhyme_unbinned_31__MGr3G3H3I_000000103998	vRhyme_unbinned_31__MGr3G3H3I_000000103998_12	0.0000	low	0.0735	medium	0.0000	low
vRhyme_unbinned_31__MGr3G3H3I_000000103998	vRhyme_unbinned_31__MGr3G3H3I_000000103998	vRhyme_unbinned_31__MGr3G3H3I_000000103998_13	0.0000	low	0.0391	low	0.0000	low
vRhyme_unbinned_31__MGr3G3H3I_000000103998	vRhyme_unbinned_31__MGr3G3H3I_000000103998	vRhyme_unbinned_31__MGr3G3H3I_000000103998_14	0.0000	low	0.3441	medium	0.0000	low
vRhyme_unbinned_31__MGr3G3H3I_000000103998	vRhyme_unbinned_31__MGr3G3H3I_000000103998	vRhyme_unbinned_31__MGr3G3H3I_000000103998_15	0.0000	low	0.1242	medium	0.0000	low
vRhyme_unbinned_31__MGr3G3H3I_000000103998	vRhyme_unbinned_31__MGr3G3H3I_000000103998	vRhyme_unbinned_31__MGr3G3H3I_000000103998_16	0.0000	low	0.0356	low	0.0000	low
vRhyme_unbinned_31__MGr3G3H3I_000000103998	vRhyme_unbinned_31__MGr3G3H3I_000000103998	vRhyme_unbinned_31__MGr3G3H3I_000000103998_17	0.0000	low	0.0419	low	0.0000	low
vRhyme_unbinned_31__MGr3G3H3I_000000103998	vRhyme_unbinned_31__MGr3G3H3I_000000103998	vRhyme_unbinned_31__MGr3G3H3I_000000103998_18	0.0614	low	0.0939	medium	0.0058	low
vRhyme_unbinned_31__MGr3G3H3I_000000103998	vRhyme_unbinned_31__MGr3G3H3I_000000103998	vRhyme_unbinned_31__MGr3G3H3I_000000103998_19	0.0000	low	0.0410	low	0.0000	low
vRhyme_unbinned_31__MGr3G3H3I_000000103998	vRhyme_unbinned_31__MGr3G3H3I_000000103998	vRhyme_unbinned_31__MGr3G3H3I_000000103998_20	0.0000	low	0.0387	low	0.0000	low
vRhyme_unbinned_31__MGr3G3H3I_000000103998	vRhyme_unbinned_31__MGr3G3H3I_000000103998	vRhyme_unbinned_31__MGr3G3H3I_000000103998_21	0.0000	low	0.0000	low	0.0000	low
vRhyme_unbinned_31__MGr3G3H3I_000000103998	vRhyme_unbinned_31__MGr3G3H3I_000000103998	vRhyme_unbinned_31__MGr3G3H3I_000000103998_22	0.0000	low	0.0464	low	0.0000	low
vRhyme_unbinned_31__MGr3G3H3I_000000103998	vRhyme_unbinned_31__MGr3G3H3I_000000103998	vRhyme_unbinned_31__MGr3G3H3I_000000103998_23	0.8993	high	0.0000	low	0.0000	low
vRhyme_unbinned_31__MGr3G3H3I_000000103998	vRhyme_unbinned_31__MGr3G3H3I_000000103998	vRhyme_unbinned_31__MGr3G3H3I_000000103998_24	0.0000	low	0.0000	low	0.0000	low
vRhyme_unbinned_31__MGr3G3H3I_000000103998	vRhyme_unbinned_31__MGr3G3H3I_000000103998	vRhyme_unbinned_31__MGr3G3H3I_000000103998_25	0.5138	high	0.0460	low	0.0236	low
vRhyme_unbinned_31__MGr3G3H3I_000000103998	vRhyme_unbinned_31__MGr3G3H3I_000000103998	vRhyme_unbinned_31__MGr3G3H3I_000000103998_26	1.0000	very high	0.0000	low	0.0000	low
vRhyme_unbinned_31__MGr3G3H3I_000000103998	vRhyme_unbinned_31__MGr3G3H3I_000000103998	vRhyme_unbinned_31__MGr3G3H3I_000000103998_27	0.0000	low	0.0000	low	0.0000	low
vRhyme_unbinned_31__MGr3G3H3I_000000103998	vRhyme_unbinned_31__MGr3G3H3I_000000103998	vRhyme_unbinned_31__MGr3G3H3I_000000103998_28	0.0000	low	0.0000	low	0.0000	low
vRhyme_unbinned_47__MGr3G3H3I_000000154348	vRhyme_unbinned_47__MGr3G3H3I_000000154348	vRhyme_unbinned_47__MGr3G3H3I_000000154348_1	0.0000	low	1.0000	very high	0.0000	low
vRhyme_unbinned_47__MGr3G3H3I_000000154348	vRhyme_unbinned_47__MGr3G3H3I_000000154348	vRhyme_unbinned_47__MGr3G3H3I_000000154348_2	0.0000	low	1.0000	very high	0.0000	low
vRhyme_unbinned_47__MGr3G3H3I_000000154348	vRhyme_unbinned_47__MGr3G3H3I_000000154348	vRhyme_unbinned_47__MGr3G3H3I_000000154348_3	0.0000	low	1.0000	very high	0.0000	low
vRhyme_unbinned_47__MGr3G3H3I_000000154348	vRhyme_unbinned_47__MGr3G3H3I_000000154348	vRhyme_unbinned_47__MGr3G3H3I_000000154348_4	0.0000	low	1.0000	very high	0.0000	low
vRhyme_unbinned_47__MGr3G3H3I_000000154348	vRhyme_unbinned_47__MGr3G3H3I_000000154348	vRhyme_unbinned_47__MGr3G3H3I_000000154348_5	0.0000	low	1.0000	very high	0.0000	low
vRhyme_unbinned_47__MGr3G3H3I_000000154348	vRhyme_unbinned_47__MGr3G3H3I_000000154348	vRhyme_unbinned_47__MGr3G3H3I_000000154348_6	0.0000	low	0.9496	high	0.0000	low
vRhyme_unbinned_47__MGr3G3H3I_000000154348	vRhyme_unbinned_47__MGr3G3H3I_000000154348	vRhyme_unbinned_47__MGr3G3H3I_000000154348_7	0.0000	low	1.0000	very high	0.0000	low
vRhyme_unbinned_47__MGr3G3H3I_000000154348	vRhyme_unbinned_47__MGr3G3H3I_000000154348	vRhyme_unbinned_47__MGr3G3H3I_000000154348_8	0.0000	low	1.0000	very high	0.0000	low
vRhyme_unbinned_47__MGr3G3H3I_000000154348	vRhyme_unbinned_47__MGr3G3H3I_000000154348	vRhyme_unbinned_47__MGr3G3H3I_000000154348_9	0.0000	low	1.0000	very high	0.0000	low
vRhyme_unbinned_47__MGr3G3H3I_000000154348	vRhyme_unbinned_47__MGr3G3H3I_000000154348	vRhyme_unbinned_47__MGr3G3H3I_000000154348_10	0.0000	low	1.0000	very high	0.0000	low
vRhyme_unbinned_47__MGr3G3H3I_000000154348	vRhyme_unbinned_47__MGr3G3H3I_000000154348	vRhyme_unbinned_47__MGr3G3H3I_000000154348_11	0.0000	low	1.0000	very high	0.0000	low
vRhyme_unbinned_63__MGr3G3H3I_000000188717	vRhyme_unbinned_63__MGr3G3H3I_000000188717	vRhyme_unbinned_63__MGr3G3H3I_000000188717_1	0.0000	low	1.0000	very high	0.0000	low
vRhyme_unbinned_63__MGr3G3H3I_000000188717	vRhyme_unbinned_63__MGr3G3H3I_000000188717	vRhyme_unbinned_63__MGr3G3H3I_000000188717_2	0.0000	low	1.0000	very high	0.0000	low
vRhyme_unbinned_63__MGr3G3H3I_000000188717	vRhyme_unbinned_63__MGr3G3H3I_000000188717	vRhyme_unbinned_63__MGr3G3H3I_000000188717_3	0.0000	low	1.0000	very high	0.0000	low
vRhyme_unbinned_63__MGr3G3H3I_000000188717	vRhyme_unbinned_63__MGr3G3H3I_000000188717	vRhyme_unbinned_63__MGr3G3H3I_000000188717_4	0.0000	low	1.0000	very high	0.0000	low
vRhyme_unbinned_63__MGr3G3H3I_000000188717	vRhyme_unbinned_63__MGr3G3H3I_000000188717	vRhyme_unbinned_63__MGr3G3H3I_000000188717_5	0.0000	low	1.0000	very high	0.0000	low
vRhyme_unbinned_63__MGr3G3H3I_000000188717	vRhyme_unbinned_63__MGr3G3H3I_000000188717	vRhyme_unbinned_63__MGr3G3H3I_000000188717_6	0.0000	low	1.0000	very high	0.0000	low
vRhyme_unbinned_63__MGr3G3H3I_000000188717	vRhyme_unbinned_63__MGr3G3H3I_000000188717	vRhyme_unbinned_63__MGr3G3H3I_000000188717_7	0.0000	low	1.0000	very high	0.0000	low
vRhyme_unbinned_63__MGr3G3H3I_000000188717	vRhyme_unbinned_63__MGr3G3H3I_000000188717	vRhyme_unbinned_63__MGr3G3H3I_000000188717_8	0.0000	low	1.0000	very high	0.0000	low
vRhyme_unbinned_63__MGr3G3H3I_000000188717	vRhyme_unbinned_63__MGr3G3H3I_000000188717	vRhyme_unbinned_63__MGr3G3H3I_000000188717_9	0.0000	low	1.0000	very high	0.0000	low
vRhyme_unbinned_63__MGr3G3H3I_000000188717	vRhyme_unbinned_63__MGr3G3H3I_000000188717	vRhyme_unbinned_63__MGr3G3H3I_000000188717_10	0.0000	low	1.0000	very high	0.0000	low
vRhyme_unbinned_63__MGr3G3H3I_000000188717	vRhyme_unbinned_63__MGr3G3H3I_000000188717	vRhyme_unbinned_63__MGr3G3H3I_000000188717_11	0.0000	low	1.0000	very high	0.0000	low
vRhyme_unbinned_63__MGr3G3H3I_000000188717	vRhyme_unbinned_63__MGr3G3H3I_000000188717	vRhyme_unbinned_63__MGr3G3H3I_000000188717_12	0.0000	low	1.0000	very high	0.0000	low
vRhyme_unbinned_63__MGr3G3H3I_000000188717	vRhyme_unbinned_63__MGr3G3H3I_000000188717	vRhyme_unbinned_63__MGr3G3H3I_000000188717_13	0.0000	low	1.0000	very high	0.0000	low
vRhyme_unbinned_63__MGr3G3H3I_000000188717	vRhyme_unbinned_63__MGr3G3H3I_000000188717	vRhyme_unbinned_63__MGr3G3H3I_000000188717_14	0.0000	low	1.0000	very high	0.0000	low
vRhyme_unbinned_63__MGr3G3H3I_000000188717	vRhyme_unbinned_63__MGr3G3H3I_000000188717	vRhyme_unbinned_63__MGr3G3H3I_000000188717_15	0.0000	low	1.0000	very high	0.0000	low
vRhyme_unbinned_63__MGr3G3H3I_000000188717	vRhyme_unbinned_63__MGr3G3H3I_000000188717	vRhyme_unbinned_63__MGr3G3H3I_000000188717_16	0.0000	low	1.0000	very high	0.0000	low
vRhyme_unbinned_63__MGr3G3H3I_000000188717	vRhyme_unbinned_63__MGr3G3H3I_000000188717	vRhyme_unbinned_63__MGr3G3H3I_000000188717_17	0.0000	low	1.0000	very high	0.0000	low
vRhyme_unbinned_63__MGr3G3H3I_000000188717	vRhyme_unbinned_63__MGr3G3H3I_000000188717	vRhyme_unbinned_63__MGr3G3H3I_000000188717_18	0.0000	low	1.0000	very high	0.0000	low
vRhyme_unbinned_63__MGr3G3H3I_000000188717	vRhyme_unbinned_63__MGr3G3H3I_000000188717	vRhyme_unbinned_63__MGr3G3H3I_000000188717_19	0.0000	low	1.0000	very high	0.0000	low
vRhyme_unbinned_63__MGr3G3H3I_000000188717	vRhyme_unbinned_63__MGr3G3H3I_000000188717	vRhyme_unbinned_63__MGr3G3H3I_000000188717_20	0.0000	low	1.0000	very high	0.0000	low
vRhyme_unbinned_63__MGr3G3H3I_000000188717	vRhyme_unbinned_63__MGr3G3H3I_000000188717	vRhyme_unbinned_63__MGr3G3H3I_000000188717_21	0.0000	low	1.0000	very high	0.0000	low
vRhyme_unbinned_63__MGr3G3H3I_000000188717	vRhyme_unbinned_63__MGr3G3H3I_000000188717	vRhyme_unbinned_63__MGr3G3H3I_000000188717_22	0.0000	low	1.0000	very high	0.0000	low
vRhyme_unbinned_63__MGr3G3H3I_000000188717	vRhyme_unbinned_63__MGr3G3H3I_000000188717	vRhyme_unbinned_63__MGr3G3H3I_000000188717_23	0.0000	low	1.0000	very high	0.0000	low
vRhyme_unbinned_63__MGr3G3H3I_000000188717	vRhyme_unbinned_63__MGr3G3H3I_000000188717	vRhyme_unbinned_63__MGr3G3H3I_000000188717_24	1.0000	very high	1.0000	very high	1.0000	very high
vRhyme_unbinned_38__MGr3G3H3I_000000137840	vRhyme_unbinned_38__MGr3G3H3I_000000137840	vRhyme_unbinned_38__MGr3G3H3I_000000137840_1	0.0000	low	1.0000	very high	0.0000	low
vRhyme_unbinned_38__MGr3G3H3I_000000137840	vRhyme_unbinned_38__MGr3G3H3I_000000137840	vRhyme_unbinned_38__MGr3G3H3I_000000137840_2	0.0000	low	1.0000	very high	0.0000	low
vRhyme_unbinned_38__MGr3G3H3I_000000137840	vRhyme_unbinned_38__MGr3G3H3I_000000137840	vRhyme_unbinned_38__MGr3G3H3I_000000137840_3	0.0000	low	1.0000	very high	0.0000	low
vRhyme_unbinned_38__MGr3G3H3I_000000137840	vRhyme_unbinned_38__MGr3G3H3I_000000137840	vRhyme_unbinned_38__MGr3G3H3I_000000137840_4	0.0000	low	1.0000	very high	0.0000	low
vRhyme_unbinned_38__MGr3G3H3I_000000137840	vRhyme_unbinned_38__MGr3G3H3I_000000137840	vRhyme_unbinned_38__MGr3G3H3I_000000137840_5	0.0000	low	1.0000	very high	0.0000	low
vRhyme_unbinned_38__MGr3G3H3I_000000137840	vRhyme_unbinned_38__MGr3G3H3I_000000137840	vRhyme_unbinned_38__MGr3G3H3I_000000137840_6	0.0000	low	1.0000	very high	0.0000	low
vRhyme_unbinned_38__MGr3G3H3I_000000137840	vRhyme_unbinned_38__MGr3G3H3I_000000137840	vRhyme_unbinned_38__MGr3G3H3I_000000137840_7	0.0000	low	1.0000	very high	0.0000	low
vRhyme_unbinned_38__MGr3G3H3I_000000137840	vRhyme_unbinned_38__MGr3G3H3I_000000137840	vRhyme_unbinned_38__MGr3G3H3I_000000137840_8	0.0000	low	1.0000	very high	0.0000	low
vRhyme_unbinned_38__MGr3G3H3I_000000137840	vRhyme_unbinned_38__MGr3G3H3I_000000137840	vRhyme_unbinned_38__MGr3G3H3I_000000137840_9	0.0000	low	1.0000	very high	0.0000	low
vRhyme_unbinned_38__MGr3G3H3I_000000137840	vRhyme_unbinned_38__MGr3G3H3I_000000137840	vRhyme_unbinned_38__MGr3G3H3I_000000137840_10	0.0000	low	1.0000	very high	0.0000	low
vRhyme_unbinned_38__MGr3G3H3I_000000137840	vRhyme_unbinned_38__MGr3G3H3I_000000137840	vRhyme_unbinned_38__MGr3G3H3I_000000137840_11	0.0000	low	1.0000	very high	0.0000	low
vRhyme_unbinned_38__MGr3G3H3I_000000137840	vRhyme_unbinned_38__MGr3G3H3I_000000137840	vRhyme_unbinned_38__MGr3G3H3I_000000137840_12	0.0000	low	1.0000	very high	0.0000	low
vRhyme_unbinned_38__MGr3G3H3I_000000137840	vRhyme_unbinned_38__MGr3G3H3I_000000137840	vRhyme_unbinned_38__MGr3G3H3I_000000137840_13	0.0000	low	1.0000	very high	0.0000	low
vRhyme_unbinned_38__MGr3G3H3I_000000137840	vRhyme_unbinned_38__MGr3G3H3I_000000137840	vRhyme_unbinned_38__MGr3G3H3I_000000137840_14	0.0000	low	1.0000	very high	0.0000	low
vRhyme_unbinned_38__MGr3G3H3I_000000137840	vRhyme_unbinned_38__MGr3G3H3I_000000137840	vRhyme_unbinned_38__MGr3G3H3I_000000137840_15	0.0000	low	1.0000	very high	0.0000	low
vRhyme_unbinned_38__MGr3G3H3I_000000137840	vRhyme_unbinned_38__MGr3G3H3I_000000137840	vRhyme_unbinned_38__MGr3G3H3I_000000137840_16	0.0000	low	1.0000	very high	0.0000	low
vRhyme_unbinned_38__MGr3G3H3I_000000137840	vRhyme_unbinned_38__MGr3G3H3I_000000137840	vRhyme_unbinned_38__MGr3G3H3I_000000137840_17	0.0000	low	1.0000	very high	0.0000	low
vRhyme_unbinned_38__MGr3G3H3I_000000137840	vRhyme_unbinned_38__MGr3G3H3I_000000137840	vRhyme_unbinned_38__MGr3G3H3I_000000137840_18	0.0000	low	1.0000	very high	0.0000	low
vRhyme_unbinned_38__MGr3G3H3I_000000137840	vRhyme_unbinned_38__MGr3G3H3I_000000137840	vRhyme_unbinned_38__MGr3G3H3I_000000137840_19	0.0000	low	1.0000	very high	0.0000	low
vRhyme_unbinned_38__MGr3G3H3I_000000137840	vRhyme_unbinned_38__MGr3G3H3I_000000137840	vRhyme_unbinned_38__MGr3G3H3I_000000137840_20	0.0000	low	1.0000	very high	0.0000	low
vRhyme_unbinned_38__MGr3G3H3I_000000137840	vRhyme_unbinned_38__MGr3G3H3I_000000137840	vRhyme_unbinned_38__MGr3G3H3I_000000137840_21	0.0000	low	1.0000	very high	0.0000	low
vRhyme_unbinned_38__MGr3G3H3I_000000137840	vRhyme_unbinned_38__MGr3G3H3I_000000137840	vRhyme_unbinned_38__MGr3G3H3I_000000137840_22	0.0000	low	1.0000	very high	0.0000	low
vRhyme_unbinned_38__MGr3G3H3I_000000137840	vRhyme_unbinned_38__MGr3G3H3I_000000137840	vRhyme_unbinned_38__MGr3G3H3I_000000137840_23	0.0000	low	1.0000	very high	0.0000	low
vRhyme_unbinned_38__MGr3G3H3I_000000137840	vRhyme_unbinned_38__MGr3G3H3I_000000137840	vRhyme_unbinned_38__MGr3G3H3I_000000137840_24	0.0000	low	1.0000	very high	0.0000	low
vRhyme_unbinned_38__MGr3G3H3I_000000137840	vRhyme_unbinned_38__MGr3G3H3I_000000137840	vRhyme_unbinned_38__MGr3G3H3I_000000137840_25	0.0000	low	1.0000	very high	0.0000	low
vRhyme_unbinned_38__MGr3G3H3I_000000137840	vRhyme_unbinned_38__MGr3G3H3I_000000137840	vRhyme_unbinned_38__MGr3G3H3I_000000137840_26	0.3759	medium	1.0000	very high	0.3759	high
vRhyme_unbinned_38__MGr3G3H3I_000000137840	vRhyme_unbinned_38__MGr3G3H3I_000000137840	vRhyme_unbinned_38__MGr3G3H3I_000000137840_27	0.0000	low	1.0000	very high	0.0000	low
vRhyme_unbinned_41__MGr3G3H3I_000000142568	vRhyme_unbinned_41__MGr3G3H3I_000000142568	vRhyme_unbinned_41__MGr3G3H3I_000000142568_1	0.0000	low	1.0000	very high	0.0000	low
vRhyme_unbinned_41__MGr3G3H3I_000000142568	vRhyme_unbinned_41__MGr3G3H3I_000000142568	vRhyme_unbinned_41__MGr3G3H3I_000000142568_2	0.0000	low	0.9200	high	0.0000	low
vRhyme_unbinned_41__MGr3G3H3I_000000142568	vRhyme_unbinned_41__MGr3G3H3I_000000142568	vRhyme_unbinned_41__MGr3G3H3I_000000142568_3	0.4470	high	0.5630	high	0.2517	medium
vRhyme_unbinned_41__MGr3G3H3I_000000142568	vRhyme_unbinned_41__MGr3G3H3I_000000142568	vRhyme_unbinned_41__MGr3G3H3I_000000142568_4	0.0000	low	1.0000	very high	0.0000	low
vRhyme_unbinned_41__MGr3G3H3I_000000142568	vRhyme_unbinned_41__MGr3G3H3I_000000142568	vRhyme_unbinned_41__MGr3G3H3I_000000142568_5	0.0000	low	0.9565	high	0.0000	low
vRhyme_unbinned_41__MGr3G3H3I_000000142568	vRhyme_unbinned_41__MGr3G3H3I_000000142568	vRhyme_unbinned_41__MGr3G3H3I_000000142568_6	0.0000	low	1.0000	very high	0.0000	low
vRhyme_unbinned_41__MGr3G3H3I_000000142568	vRhyme_unbinned_41__MGr3G3H3I_000000142568	vRhyme_unbinned_41__MGr3G3H3I_000000142568_7	0.0000	low	1.0000	very high	0.0000	low
vRhyme_unbinned_41__MGr3G3H3I_000000142568	vRhyme_unbinned_41__MGr3G3H3I_000000142568	vRhyme_unbinned_41__MGr3G3H3I_000000142568_8	0.0000	low	0.7602	high	0.0000	low
vRhyme_unbinned_41__MGr3G3H3I_000000142568	vRhyme_unbinned_41__MGr3G3H3I_000000142568	vRhyme_unbinned_41__MGr3G3H3I_000000142568_9	0.0000	low	1.0000	very high	0.0000	low
vRhyme_unbinned_41__MGr3G3H3I_000000142568	vRhyme_unbinned_41__MGr3G3H3I_000000142568	vRhyme_unbinned_41__MGr3G3H3I_000000142568_10	0.0000	low	1.0000	very high	0.0000	low
vRhyme_unbinned_41__MGr3G3H3I_000000142568	vRhyme_unbinned_41__MGr3G3H3I_000000142568	vRhyme_unbinned_41__MGr3G3H3I_000000142568_11	0.0000	low	0.9356	high	0.0000	low
vRhyme_unbinned_41__MGr3G3H3I_000000142568	vRhyme_unbinned_41__MGr3G3H3I_000000142568	vRhyme_unbinned_41__MGr3G3H3I_000000142568_12	0.0000	low	1.0000	very high	0.0000	low
vRhyme_unbinned_41__MGr3G3H3I_000000142568	vRhyme_unbinned_41__MGr3G3H3I_000000142568	vRhyme_unbinned_41__MGr3G3H3I_000000142568_13	0.0000	low	1.0000	very high	0.0000	low
vRhyme_unbinned_41__MGr3G3H3I_000000142568	vRhyme_unbinned_41__MGr3G3H3I_000000142568	vRhyme_unbinned_41__MGr3G3H3I_000000142568_14	0.0000	low	1.0000	very high	0.0000	low
vRhyme_unbinned_41__MGr3G3H3I_000000142568	vRhyme_unbinned_41__MGr3G3H3I_000000142568	vRhyme_unbinned_41__MGr3G3H3I_000000142568_15	0.7609	high	1.0000	very high	0.7609	high
vRhyme_unbinned_41__MGr3G3H3I_000000142568	vRhyme_unbinned_41__MGr3G3H3I_000000142568	vRhyme_unbinned_41__MGr3G3H3I_000000142568_16	0.0000	low	1.0000	very high	0.0000	low
vRhyme_unbinned_41__MGr3G3H3I_000000142568	vRhyme_unbinned_41__MGr3G3H3I_000000142568	vRhyme_unbinned_41__MGr3G3H3I_000000142568_17	0.0000	low	0.9520	high	0.0000	low
vRhyme_unbinned_41__MGr3G3H3I_000000142568	vRhyme_unbinned_41__MGr3G3H3I_000000142568	vRhyme_unbinned_41__MGr3G3H3I_000000142568_18	0.0000	low	1.0000	very high	0.0000	low
vRhyme_unbinned_41__MGr3G3H3I_000000142568	vRhyme_unbinned_41__MGr3G3H3I_000000142568	vRhyme_unbinned_41__MGr3G3H3I_000000142568_19	0.0000	low	1.0000	very high	0.0000	low
vRhyme_unbinned_41__MGr3G3H3I_000000142568	vRhyme_unbinned_41__MGr3G3H3I_000000142568	vRhyme_unbinned_41__MGr3G3H3I_000000142568_20	0.0000	low	1.0000	very high	0.0000	low
vRhyme_unbinned_41__MGr3G3H3I_000000142568	vRhyme_unbinned_41__MGr3G3H3I_000000142568	vRhyme_unbinned_41__MGr3G3H3I_000000142568_21	0.9491	high	0.9066	high	0.8605	high
vRhyme_unbinned_41__MGr3G3H3I_000000142568	vRhyme_unbinned_41__MGr3G3H3I_000000142568	vRhyme_unbinned_41__MGr3G3H3I_000000142568_22	0.9438	high	0.7605	high	0.7178	high
vRhyme_unbinned_41__MGr3G3H3I_000000142568	vRhyme_unbinned_41__MGr3G3H3I_000000142568	vRhyme_unbinned_41__MGr3G3H3I_000000142568_23	0.0000	low	1.0000	very high	0.0000	low
vRhyme_unbinned_41__MGr3G3H3I_000000142568	vRhyme_unbinned_41__MGr3G3H3I_000000142568	vRhyme_unbinned_41__MGr3G3H3I_000000142568_24	0.0000	low	0.9562	high	0.0000	low
vRhyme_unbinned_44__MGr3G3H3I_000000146975	vRhyme_unbinned_44__MGr3G3H3I_000000146975	vRhyme_unbinned_44__MGr3G3H3I_000000146975_1	0.0000	low	1.0000	very high	0.0000	low
vRhyme_unbinned_44__MGr3G3H3I_000000146975	vRhyme_unbinned_44__MGr3G3H3I_000000146975	vRhyme_unbinned_44__MGr3G3H3I_000000146975_2	0.0000	low	1.0000	very high	0.0000	low
vRhyme_unbinned_44__MGr3G3H3I_000000146975	vRhyme_unbinned_44__MGr3G3H3I_000000146975	vRhyme_unbinned_44__MGr3G3H3I_000000146975_3	0.0000	low	1.0000	very high	0.0000	low
vRhyme_unbinned_44__MGr3G3H3I_000000146975	vRhyme_unbinned_44__MGr3G3H3I_000000146975	vRhyme_unbinned_44__MGr3G3H3I_000000146975_4	0.0000	low	1.0000	very high	0.0000	low
vRhyme_unbinned_44__MGr3G3H3I_000000146975	vRhyme_unbinned_44__MGr3G3H3I_000000146975	vRhyme_unbinned_44__MGr3G3H3I_000000146975_5	0.0000	low	1.0000	very high	0.0000	low
vRhyme_unbinned_44__MGr3G3H3I_000000146975	vRhyme_unbinned_44__MGr3G3H3I_000000146975	vRhyme_unbinned_44__MGr3G3H3I_000000146975_6	0.0000	low	1.0000	very high	0.0000	low
vRhyme_unbinned_44__MGr3G3H3I_000000146975	vRhyme_unbinned_44__MGr3G3H3I_000000146975	vRhyme_unbinned_44__MGr3G3H3I_000000146975_7	0.0000	low	1.0000	very high	0.0000	low
vRhyme_unbinned_44__MGr3G3H3I_000000146975	vRhyme_unbinned_44__MGr3G3H3I_000000146975	vRhyme_unbinned_44__MGr3G3H3I_000000146975_8	0.0000	low	1.0000	very high	0.0000	low
vRhyme_unbinned_44__MGr3G3H3I_000000146975	vRhyme_unbinned_44__MGr3G3H3I_000000146975	vRhyme_unbinned_44__MGr3G3H3I_000000146975_9	0.0000	low	1.0000	very high	0.0000	low
vRhyme_unbinned_44__MGr3G3H3I_000000146975	vRhyme_unbinned_44__MGr3G3H3I_000000146975	vRhyme_unbinned_44__MGr3G3H3I_000000146975_10	0.0000	low	1.0000	very high	0.0000	low
vRhyme_unbinned_44__MGr3G3H3I_000000146975	vRhyme_unbinned_44__MGr3G3H3I_000000146975	vRhyme_unbinned_44__MGr3G3H3I_000000146975_11	0.0000	low	1.0000	very high	0.0000	low
vRhyme_unbinned_44__MGr3G3H3I_000000146975	vRhyme_unbinned_44__MGr3G3H3I_000000146975	vRhyme_unbinned_44__MGr3G3H3I_000000146975_12	0.0000	low	1.0000	very high	0.0000	low
vRhyme_unbinned_44__MGr3G3H3I_000000146975	vRhyme_unbinned_44__MGr3G3H3I_000000146975	vRhyme_unbinned_44__MGr3G3H3I_000000146975_13	0.0000	low	1.0000	very high	0.0000	low
vRhyme_unbinned_44__MGr3G3H3I_000000146975	vRhyme_unbinned_44__MGr3G3H3I_000000146975	vRhyme_unbinned_44__MGr3G3H3I_000000146975_14	0.0000	low	1.0000	very high	0.0000	low
vRhyme_unbinned_44__MGr3G3H3I_000000146975	vRhyme_unbinned_44__MGr3G3H3I_000000146975	vRhyme_unbinned_44__MGr3G3H3I_000000146975_15	0.0000	low	1.0000	very high	0.0000	low
vRhyme_unbinned_44__MGr3G3H3I_000000146975	vRhyme_unbinned_44__MGr3G3H3I_000000146975	vRhyme_unbinned_44__MGr3G3H3I_000000146975_16	0.0000	low	1.0000	very high	0.0000	low
vRhyme_unbinned_44__MGr3G3H3I_000000146975	vRhyme_unbinned_44__MGr3G3H3I_000000146975	vRhyme_unbinned_44__MGr3G3H3I_000000146975_17	0.0000	low	1.0000	very high	0.0000	low
vRhyme_unbinned_44__MGr3G3H3I_000000146975	vRhyme_unbinned_44__MGr3G3H3I_000000146975	vRhyme_unbinned_44__MGr3G3H3I_000000146975_18	0.0000	low	1.0000	very high	0.0000	low
vRhyme_unbinned_43__MGr3G3H3I_000000145042	vRhyme_unbinned_43__MGr3G3H3I_000000145042	vRhyme_unbinned_43__MGr3G3H3I_000000145042_1	0.0000	low	0.8579	high	0.0000	low
vRhyme_unbinned_43__MGr3G3H3I_000000145042	vRhyme_unbinned_43__MGr3G3H3I_000000145042	vRhyme_unbinned_43__MGr3G3H3I_000000145042_2	0.0000	low	0.5289	high	0.0000	low
vRhyme_unbinned_43__MGr3G3H3I_000000145042	vRhyme_unbinned_43__MGr3G3H3I_000000145042	vRhyme_unbinned_43__MGr3G3H3I_000000145042_3	0.0000	low	0.5749	high	0.0000	low
vRhyme_unbinned_43__MGr3G3H3I_000000145042	vRhyme_unbinned_43__MGr3G3H3I_000000145042	vRhyme_unbinned_43__MGr3G3H3I_000000145042_4	0.0000	low	0.6017	high	0.0000	low
vRhyme_unbinned_43__MGr3G3H3I_000000145042	vRhyme_unbinned_43__MGr3G3H3I_000000145042	vRhyme_unbinned_43__MGr3G3H3I_000000145042_5	0.0000	low	0.4971	high	0.0000	low
vRhyme_unbinned_43__MGr3G3H3I_000000145042	vRhyme_unbinned_43__MGr3G3H3I_000000145042	vRhyme_unbinned_43__MGr3G3H3I_000000145042_6	0.0000	low	0.7769	high	0.0000	low
vRhyme_unbinned_43__MGr3G3H3I_000000145042	vRhyme_unbinned_43__MGr3G3H3I_000000145042	vRhyme_unbinned_43__MGr3G3H3I_000000145042_7	0.0000	low	0.3951	medium	0.0000	low
vRhyme_unbinned_43__MGr3G3H3I_000000145042	vRhyme_unbinned_43__MGr3G3H3I_000000145042	vRhyme_unbinned_43__MGr3G3H3I_000000145042_8	0.0774	medium	1.0000	very high	0.0774	medium
vRhyme_unbinned_43__MGr3G3H3I_000000145042	vRhyme_unbinned_43__MGr3G3H3I_000000145042	vRhyme_unbinned_43__MGr3G3H3I_000000145042_9	0.0000	low	0.8555	high	0.0000	low
vRhyme_unbinned_43__MGr3G3H3I_000000145042	vRhyme_unbinned_43__MGr3G3H3I_000000145042	vRhyme_unbinned_43__MGr3G3H3I_000000145042_10	0.0000	low	1.0000	very high	0.0000	low
vRhyme_unbinned_43__MGr3G3H3I_000000145042	vRhyme_unbinned_43__MGr3G3H3I_000000145042	vRhyme_unbinned_43__MGr3G3H3I_000000145042_11	0.0000	low	0.7817	high	0.0000	low
vRhyme_unbinned_43__MGr3G3H3I_000000145042	vRhyme_unbinned_43__MGr3G3H3I_000000145042	vRhyme_unbinned_43__MGr3G3H3I_000000145042_12	0.0000	low	1.0000	very high	0.0000	low
vRhyme_unbinned_43__MGr3G3H3I_000000145042	vRhyme_unbinned_43__MGr3G3H3I_000000145042	vRhyme_unbinned_43__MGr3G3H3I_000000145042_13	0.0000	low	1.0000	very high	0.0000	low
vRhyme_unbinned_43__MGr3G3H3I_000000145042	vRhyme_unbinned_43__MGr3G3H3I_000000145042	vRhyme_unbinned_43__MGr3G3H3I_000000145042_14	0.0000	low	0.6406	high	0.0000	low
vRhyme_unbinned_43__MGr3G3H3I_000000145042	vRhyme_unbinned_43__MGr3G3H3I_000000145042	vRhyme_unbinned_43__MGr3G3H3I_000000145042_15	0.0000	low	1.0000	very high	0.0000	low
vRhyme_unbinned_43__MGr3G3H3I_000000145042	vRhyme_unbinned_43__MGr3G3H3I_000000145042	vRhyme_unbinned_43__MGr3G3H3I_000000145042_16	0.0000	low	0.8532	high	0.0000	low
vRhyme_unbinned_43__MGr3G3H3I_000000145042	vRhyme_unbinned_43__MGr3G3H3I_000000145042	vRhyme_unbinned_43__MGr3G3H3I_000000145042_17	0.0000	low	0.9533	high	0.0000	low
vRhyme_unbinned_43__MGr3G3H3I_000000145042	vRhyme_unbinned_43__MGr3G3H3I_000000145042	vRhyme_unbinned_43__MGr3G3H3I_000000145042_18	0.0000	low	0.9585	high	0.0000	low
vRhyme_unbinned_43__MGr3G3H3I_000000145042	vRhyme_unbinned_43__MGr3G3H3I_000000145042	vRhyme_unbinned_43__MGr3G3H3I_000000145042_19	0.0000	low	1.0000	very high	0.0000	low
vRhyme_unbinned_43__MGr3G3H3I_000000145042	vRhyme_unbinned_43__MGr3G3H3I_000000145042	vRhyme_unbinned_43__MGr3G3H3I_000000145042_20	0.4391	high	0.9525	high	0.4183	high
vRhyme_unbinned_43__MGr3G3H3I_000000145042	vRhyme_unbinned_43__MGr3G3H3I_000000145042	vRhyme_unbinned_43__MGr3G3H3I_000000145042_21	0.0000	low	0.9596	high	0.0000	low
vRhyme_unbinned_45__MGr3G3H3I_000000148917	vRhyme_unbinned_45__MGr3G3H3I_000000148917	vRhyme_unbinned_45__MGr3G3H3I_000000148917_1	0.8475	high	0.0000	low	0.0000	low
vRhyme_unbinned_45__MGr3G3H3I_000000148917	vRhyme_unbinned_45__MGr3G3H3I_000000148917	vRhyme_unbinned_45__MGr3G3H3I_000000148917_2	1.0000	very high	0.0000	low	0.0000	low
vRhyme_unbinned_45__MGr3G3H3I_000000148917	vRhyme_unbinned_45__MGr3G3H3I_000000148917	vRhyme_unbinned_45__MGr3G3H3I_000000148917_3	0.0000	low	0.0483	low	0.0000	low
vRhyme_unbinned_45__MGr3G3H3I_000000148917	vRhyme_unbinned_45__MGr3G3H3I_000000148917	vRhyme_unbinned_45__MGr3G3H3I_000000148917_4	0.0405	low	0.0000	low	0.0000	low
vRhyme_unbinned_45__MGr3G3H3I_000000148917	vRhyme_unbinned_45__MGr3G3H3I_000000148917	vRhyme_unbinned_45__MGr3G3H3I_000000148917_5	0.0000	low	0.0000	low	0.0000	low
vRhyme_unbinned_45__MGr3G3H3I_000000148917	vRhyme_unbinned_45__MGr3G3H3I_000000148917	vRhyme_unbinned_45__MGr3G3H3I_000000148917_6	0.0000	low	0.0000	low	0.0000	low
vRhyme_unbinned_45__MGr3G3H3I_000000148917	vRhyme_unbinned_45__MGr3G3H3I_000000148917	vRhyme_unbinned_45__MGr3G3H3I_000000148917_7	0.0000	low	0.0540	low	0.0000	low
vRhyme_unbinned_45__MGr3G3H3I_000000148917	vRhyme_unbinned_45__MGr3G3H3I_000000148917	vRhyme_unbinned_45__MGr3G3H3I_000000148917_8	0.0000	low	0.0000	low	0.0000	low
vRhyme_unbinned_45__MGr3G3H3I_000000148917	vRhyme_unbinned_45__MGr3G3H3I_000000148917	vRhyme_unbinned_45__MGr3G3H3I_000000148917_9	0.0000	low	0.0000	low	0.0000	low
vRhyme_unbinned_45__MGr3G3H3I_000000148917	vRhyme_unbinned_45__MGr3G3H3I_000000148917	vRhyme_unbinned_45__MGr3G3H3I_000000148917_10	0.0000	low	0.0645	medium	0.0000	low
vRhyme_unbinned_45__MGr3G3H3I_000000148917	vRhyme_unbinned_45__MGr3G3H3I_000000148917	vRhyme_unbinned_45__MGr3G3H3I_000000148917_11	0.2156	medium	0.0000	low	0.0000	low
vRhyme_unbinned_45__MGr3G3H3I_000000148917	vRhyme_unbinned_45__MGr3G3H3I_000000148917	vRhyme_unbinned_45__MGr3G3H3I_000000148917_12	0.0000	low	0.0616	medium	0.0000	low
vRhyme_unbinned_49__MGr3G3H3I_000000157758	vRhyme_unbinned_49__MGr3G3H3I_000000157758	vRhyme_unbinned_49__MGr3G3H3I_000000157758_1	1.0000	very high	1.0000	very high	1.0000	very high
vRhyme_unbinned_49__MGr3G3H3I_000000157758	vRhyme_unbinned_49__MGr3G3H3I_000000157758	vRhyme_unbinned_49__MGr3G3H3I_000000157758_2	0.0000	low	1.0000	very high	0.0000	low
vRhyme_unbinned_49__MGr3G3H3I_000000157758	vRhyme_unbinned_49__MGr3G3H3I_000000157758	vRhyme_unbinned_49__MGr3G3H3I_000000157758_3	0.0000	low	0.9525	high	0.0000	low
vRhyme_unbinned_49__MGr3G3H3I_000000157758	vRhyme_unbinned_49__MGr3G3H3I_000000157758	vRhyme_unbinned_49__MGr3G3H3I_000000157758_4	0.0000	low	1.0000	very high	0.0000	low
vRhyme_unbinned_49__MGr3G3H3I_000000157758	vRhyme_unbinned_49__MGr3G3H3I_000000157758	vRhyme_unbinned_49__MGr3G3H3I_000000157758_5	0.0000	low	1.0000	very high	0.0000	low
vRhyme_unbinned_49__MGr3G3H3I_000000157758	vRhyme_unbinned_49__MGr3G3H3I_000000157758	vRhyme_unbinned_49__MGr3G3H3I_000000157758_6	0.0000	low	1.0000	very high	0.0000	low
vRhyme_unbinned_49__MGr3G3H3I_000000157758	vRhyme_unbinned_49__MGr3G3H3I_000000157758	vRhyme_unbinned_49__MGr3G3H3I_000000157758_7	0.0000	low	1.0000	very high	0.0000	low
vRhyme_unbinned_49__MGr3G3H3I_000000157758	vRhyme_unbinned_49__MGr3G3H3I_000000157758	vRhyme_unbinned_49__MGr3G3H3I_000000157758_8	0.0000	low	1.0000	very high	0.0000	low
vRhyme_unbinned_42__MGr3G3H3I_000000144901	vRhyme_unbinned_42__MGr3G3H3I_000000144901	vRhyme_unbinned_42__MGr3G3H3I_000000144901_1	0.0000	low	0.8645	high	0.0000	low
vRhyme_unbinned_42__MGr3G3H3I_000000144901	vRhyme_unbinned_42__MGr3G3H3I_000000144901	vRhyme_unbinned_42__MGr3G3H3I_000000144901_2	0.0000	low	0.7218	high	0.0000	low
vRhyme_unbinned_42__MGr3G3H3I_000000144901	vRhyme_unbinned_42__MGr3G3H3I_000000144901	vRhyme_unbinned_42__MGr3G3H3I_000000144901_3	0.0000	low	0.8698	high	0.0000	low
vRhyme_unbinned_42__MGr3G3H3I_000000144901	vRhyme_unbinned_42__MGr3G3H3I_000000144901	vRhyme_unbinned_42__MGr3G3H3I_000000144901_4	0.0000	low	0.9124	high	0.0000	low
vRhyme_unbinned_42__MGr3G3H3I_000000144901	vRhyme_unbinned_42__MGr3G3H3I_000000144901	vRhyme_unbinned_42__MGr3G3H3I_000000144901_5	0.0000	low	0.6915	high	0.0000	low
vRhyme_unbinned_42__MGr3G3H3I_000000144901	vRhyme_unbinned_42__MGr3G3H3I_000000144901	vRhyme_unbinned_42__MGr3G3H3I_000000144901_6	0.0000	low	0.7784	high	0.0000	low
vRhyme_unbinned_42__MGr3G3H3I_000000144901	vRhyme_unbinned_42__MGr3G3H3I_000000144901	vRhyme_unbinned_42__MGr3G3H3I_000000144901_7	0.0000	low	0.8006	high	0.0000	low
vRhyme_unbinned_42__MGr3G3H3I_000000144901	vRhyme_unbinned_42__MGr3G3H3I_000000144901	vRhyme_unbinned_42__MGr3G3H3I_000000144901_8	0.0000	low	0.8922	high	0.0000	low
vRhyme_unbinned_42__MGr3G3H3I_000000144901	vRhyme_unbinned_42__MGr3G3H3I_000000144901	vRhyme_unbinned_42__MGr3G3H3I_000000144901_9	0.0000	low	1.0000	very high	0.0000	low
vRhyme_unbinned_42__MGr3G3H3I_000000144901	vRhyme_unbinned_42__MGr3G3H3I_000000144901	vRhyme_unbinned_42__MGr3G3H3I_000000144901_10	0.0000	low	0.9140	high	0.0000	low
vRhyme_unbinned_25__MGr3G3H3I_000000077196	vRhyme_unbinned_25__MGr3G3H3I_000000077196	vRhyme_unbinned_25__MGr3G3H3I_000000077196_1	0.0000	low	1.0000	very high	0.0000	low
vRhyme_unbinned_25__MGr3G3H3I_000000077196	vRhyme_unbinned_25__MGr3G3H3I_000000077196	vRhyme_unbinned_25__MGr3G3H3I_000000077196_2	0.0000	low	1.0000	very high	0.0000	low
vRhyme_unbinned_25__MGr3G3H3I_000000077196	vRhyme_unbinned_25__MGr3G3H3I_000000077196	vRhyme_unbinned_25__MGr3G3H3I_000000077196_3	0.0000	low	1.0000	very high	0.0000	low
vRhyme_unbinned_25__MGr3G3H3I_000000077196	vRhyme_unbinned_25__MGr3G3H3I_000000077196	vRhyme_unbinned_25__MGr3G3H3I_000000077196_4	0.0000	low	1.0000	very high	0.0000	low
vRhyme_unbinned_25__MGr3G3H3I_000000077196	vRhyme_unbinned_25__MGr3G3H3I_000000077196	vRhyme_unbinned_25__MGr3G3H3I_000000077196_5	0.0000	low	1.0000	very high	0.0000	low
vRhyme_unbinned_25__MGr3G3H3I_000000077196	vRhyme_unbinned_25__MGr3G3H3I_000000077196	vRhyme_unbinned_25__MGr3G3H3I_000000077196_6	0.0000	low	0.9511	high	0.0000	low
vRhyme_unbinned_25__MGr3G3H3I_000000077196	vRhyme_unbinned_25__MGr3G3H3I_000000077196	vRhyme_unbinned_25__MGr3G3H3I_000000077196_7	0.0000	low	1.0000	very high	0.0000	low
vRhyme_unbinned_25__MGr3G3H3I_000000077196	vRhyme_unbinned_25__MGr3G3H3I_000000077196	vRhyme_unbinned_25__MGr3G3H3I_000000077196_8	0.0000	low	1.0000	very high	0.0000	low
vRhyme_unbinned_25__MGr3G3H3I_000000077196	vRhyme_unbinned_25__MGr3G3H3I_000000077196	vRhyme_unbinned_25__MGr3G3H3I_000000077196_9	0.0000	low	0.9593	high	0.0000	low
vRhyme_unbinned_25__MGr3G3H3I_000000077196	vRhyme_unbinned_25__MGr3G3H3I_000000077196	vRhyme_unbinned_25__MGr3G3H3I_000000077196_10	0.0000	low	1.0000	very high	0.0000	low
vRhyme_unbinned_25__MGr3G3H3I_000000077196	vRhyme_unbinned_25__MGr3G3H3I_000000077196	vRhyme_unbinned_25__MGr3G3H3I_000000077196_11	0.0000	low	1.0000	very high	0.0000	low
vRhyme_unbinned_25__MGr3G3H3I_000000077196	vRhyme_unbinned_25__MGr3G3H3I_000000077196	vRhyme_unbinned_25__MGr3G3H3I_000000077196_12	0.0000	low	1.0000	very high	0.0000	low
vRhyme_unbinned_25__MGr3G3H3I_000000077196	vRhyme_unbinned_25__MGr3G3H3I_000000077196	vRhyme_unbinned_25__MGr3G3H3I_000000077196_13	0.0000	low	1.0000	very high	0.0000	low
vRhyme_unbinned_25__MGr3G3H3I_000000077196	vRhyme_unbinned_25__MGr3G3H3I_000000077196	vRhyme_unbinned_25__MGr3G3H3I_000000077196_14	0.0000	low	0.9550	high	0.0000	low
vRhyme_unbinned_25__MGr3G3H3I_000000077196	vRhyme_unbinned_25__MGr3G3H3I_000000077196	vRhyme_unbinned_25__MGr3G3H3I_000000077196_15	0.0000	low	1.0000	very high	0.0000	low
vRhyme_unbinned_25__MGr3G3H3I_000000077196	vRhyme_unbinned_25__MGr3G3H3I_000000077196	vRhyme_unbinned_25__MGr3G3H3I_000000077196_16	0.0000	low	1.0000	very high	0.0000	low
vRhyme_unbinned_25__MGr3G3H3I_000000077196	vRhyme_unbinned_25__MGr3G3H3I_000000077196	vRhyme_unbinned_25__MGr3G3H3I_000000077196_17	0.0000	low	1.0000	very high	0.0000	low
vRhyme_unbinned_25__MGr3G3H3I_000000077196	vRhyme_unbinned_25__MGr3G3H3I_000000077196	vRhyme_unbinned_25__MGr3G3H3I_000000077196_18	0.0000	low	0.9519	high	0.0000	low
vRhyme_unbinned_25__MGr3G3H3I_000000077196	vRhyme_unbinned_25__MGr3G3H3I_000000077196	vRhyme_unbinned_25__MGr3G3H3I_000000077196_19	0.0000	low	1.0000	very high	0.0000	low
vRhyme_unbinned_25__MGr3G3H3I_000000077196	vRhyme_unbinned_25__MGr3G3H3I_000000077196	vRhyme_unbinned_25__MGr3G3H3I_000000077196_20	0.0000	low	1.0000	very high	0.0000	low
vRhyme_unbinned_25__MGr3G3H3I_000000077196	vRhyme_unbinned_25__MGr3G3H3I_000000077196	vRhyme_unbinned_25__MGr3G3H3I_000000077196_21	0.0000	low	1.0000	very high	0.0000	low
vRhyme_unbinned_25__MGr3G3H3I_000000077196	vRhyme_unbinned_25__MGr3G3H3I_000000077196	vRhyme_unbinned_25__MGr3G3H3I_000000077196_22	0.0000	low	1.0000	very high	0.0000	low
vRhyme_unbinned_25__MGr3G3H3I_000000077196	vRhyme_unbinned_25__MGr3G3H3I_000000077196	vRhyme_unbinned_25__MGr3G3H3I_000000077196_23	0.0000	low	1.0000	very high	0.0000	low
vRhyme_unbinned_25__MGr3G3H3I_000000077196	vRhyme_unbinned_25__MGr3G3H3I_000000077196	vRhyme_unbinned_25__MGr3G3H3I_000000077196_24	0.0000	low	1.0000	very high	0.0000	low
vRhyme_unbinned_25__MGr3G3H3I_000000077196	vRhyme_unbinned_25__MGr3G3H3I_000000077196	vRhyme_unbinned_25__MGr3G3H3I_000000077196_25	0.0000	low	1.0000	very high	0.0000	low
vRhyme_unbinned_25__MGr3G3H3I_000000077196	vRhyme_unbinned_25__MGr3G3H3I_000000077196	vRhyme_unbinned_25__MGr3G3H3I_000000077196_26	0.0000	low	1.0000	very high	0.0000	low
vRhyme_unbinned_25__MGr3G3H3I_000000077196	vRhyme_unbinned_25__MGr3G3H3I_000000077196	vRhyme_unbinned_25__MGr3G3H3I_000000077196_27	0.0000	low	1.0000	very high	0.0000	low
vRhyme_unbinned_25__MGr3G3H3I_000000077196	vRhyme_unbinned_25__MGr3G3H3I_000000077196	vRhyme_unbinned_25__MGr3G3H3I_000000077196_28	0.0000	low	1.0000	very high	0.0000	low
vRhyme_unbinned_37__MGr3G3H3I_000000135683	vRhyme_unbinned_37__MGr3G3H3I_000000135683	vRhyme_unbinned_37__MGr3G3H3I_000000135683_1	0.0000	low	1.0000	very high	0.0000	low
vRhyme_unbinned_37__MGr3G3H3I_000000135683	vRhyme_unbinned_37__MGr3G3H3I_000000135683	vRhyme_unbinned_37__MGr3G3H3I_000000135683_2	0.0000	low	1.0000	very high	0.0000	low
vRhyme_unbinned_37__MGr3G3H3I_000000135683	vRhyme_unbinned_37__MGr3G3H3I_000000135683	vRhyme_unbinned_37__MGr3G3H3I_000000135683_3	0.0000	low	1.0000	very high	0.0000	low
vRhyme_unbinned_37__MGr3G3H3I_000000135683	vRhyme_unbinned_37__MGr3G3H3I_000000135683	vRhyme_unbinned_37__MGr3G3H3I_000000135683_4	0.0000	low	1.0000	very high	0.0000	low
vRhyme_unbinned_37__MGr3G3H3I_000000135683	vRhyme_unbinned_37__MGr3G3H3I_000000135683	vRhyme_unbinned_37__MGr3G3H3I_000000135683_5	0.0000	low	1.0000	very high	0.0000	low
vRhyme_unbinned_37__MGr3G3H3I_000000135683	vRhyme_unbinned_37__MGr3G3H3I_000000135683	vRhyme_unbinned_37__MGr3G3H3I_000000135683_6	0.0000	low	1.0000	very high	0.0000	low
vRhyme_unbinned_37__MGr3G3H3I_000000135683	vRhyme_unbinned_37__MGr3G3H3I_000000135683	vRhyme_unbinned_37__MGr3G3H3I_000000135683_7	0.0000	low	1.0000	very high	0.0000	low
vRhyme_unbinned_37__MGr3G3H3I_000000135683	vRhyme_unbinned_37__MGr3G3H3I_000000135683	vRhyme_unbinned_37__MGr3G3H3I_000000135683_8	0.0000	low	1.0000	very high	0.0000	low
vRhyme_unbinned_37__MGr3G3H3I_000000135683	vRhyme_unbinned_37__MGr3G3H3I_000000135683	vRhyme_unbinned_37__MGr3G3H3I_000000135683_9	0.0000	low	1.0000	very high	0.0000	low
vRhyme_unbinned_37__MGr3G3H3I_000000135683	vRhyme_unbinned_37__MGr3G3H3I_000000135683	vRhyme_unbinned_37__MGr3G3H3I_000000135683_10	0.0000	low	1.0000	very high	0.0000	low
vRhyme_unbinned_37__MGr3G3H3I_000000135683	vRhyme_unbinned_37__MGr3G3H3I_000000135683	vRhyme_unbinned_37__MGr3G3H3I_000000135683_11	0.0000	low	1.0000	very high	0.0000	low
vRhyme_unbinned_37__MGr3G3H3I_000000135683	vRhyme_unbinned_37__MGr3G3H3I_000000135683	vRhyme_unbinned_37__MGr3G3H3I_000000135683_12	0.4915	high	1.0000	very high	0.4915	high
vRhyme_unbinned_37__MGr3G3H3I_000000135683	vRhyme_unbinned_37__MGr3G3H3I_000000135683	vRhyme_unbinned_37__MGr3G3H3I_000000135683_13	0.9517	very high	1.0000	very high	0.9517	very high
vRhyme_unbinned_37__MGr3G3H3I_000000135683	vRhyme_unbinned_37__MGr3G3H3I_000000135683	vRhyme_unbinned_37__MGr3G3H3I_000000135683_14	0.0000	low	1.0000	very high	0.0000	low
vRhyme_unbinned_37__MGr3G3H3I_000000135683	vRhyme_unbinned_37__MGr3G3H3I_000000135683	vRhyme_unbinned_37__MGr3G3H3I_000000135683_15	0.0000	low	1.0000	very high	0.0000	low
vRhyme_unbinned_37__MGr3G3H3I_000000135683	vRhyme_unbinned_37__MGr3G3H3I_000000135683	vRhyme_unbinned_37__MGr3G3H3I_000000135683_16	0.0000	low	1.0000	very high	0.0000	low
vRhyme_unbinned_37__MGr3G3H3I_000000135683	vRhyme_unbinned_37__MGr3G3H3I_000000135683	vRhyme_unbinned_37__MGr3G3H3I_000000135683_17	0.0000	low	1.0000	very high	0.0000	low
vRhyme_unbinned_37__MGr3G3H3I_000000135683	vRhyme_unbinned_37__MGr3G3H3I_000000135683	vRhyme_unbinned_37__MGr3G3H3I_000000135683_18	0.0000	low	1.0000	very high	0.0000	low
vRhyme_unbinned_37__MGr3G3H3I_000000135683	vRhyme_unbinned_37__MGr3G3H3I_000000135683	vRhyme_unbinned_37__MGr3G3H3I_000000135683_19	0.0000	low	1.0000	very high	0.0000	low
vRhyme_unbinned_37__MGr3G3H3I_000000135683	vRhyme_unbinned_37__MGr3G3H3I_000000135683	vRhyme_unbinned_37__MGr3G3H3I_000000135683_20	0.0000	low	1.0000	very high	0.0000	low
vRhyme_unbinned_37__MGr3G3H3I_000000135683	vRhyme_unbinned_37__MGr3G3H3I_000000135683	vRhyme_unbinned_37__MGr3G3H3I_000000135683_21	0.0000	low	1.0000	very high	0.0000	low
vRhyme_unbinned_37__MGr3G3H3I_000000135683	vRhyme_unbinned_37__MGr3G3H3I_000000135683	vRhyme_unbinned_37__MGr3G3H3I_000000135683_22	0.0000	low	1.0000	very high	0.0000	low
vRhyme_unbinned_22__MGr3G3H3I_000000064551	vRhyme_unbinned_22__MGr3G3H3I_000000064551	vRhyme_unbinned_22__MGr3G3H3I_000000064551_1	0.0000	low	0.7680	high	0.0000	low
vRhyme_unbinned_22__MGr3G3H3I_000000064551	vRhyme_unbinned_22__MGr3G3H3I_000000064551	vRhyme_unbinned_22__MGr3G3H3I_000000064551_2	0.0000	low	0.9542	high	0.0000	low
vRhyme_unbinned_22__MGr3G3H3I_000000064551	vRhyme_unbinned_22__MGr3G3H3I_000000064551	vRhyme_unbinned_22__MGr3G3H3I_000000064551_3	0.0000	low	0.8044	high	0.0000	low
vRhyme_unbinned_22__MGr3G3H3I_000000064551	vRhyme_unbinned_22__MGr3G3H3I_000000064551	vRhyme_unbinned_22__MGr3G3H3I_000000064551_4	0.0000	low	0.8554	high	0.0000	low
vRhyme_unbinned_22__MGr3G3H3I_000000064551	vRhyme_unbinned_22__MGr3G3H3I_000000064551	vRhyme_unbinned_22__MGr3G3H3I_000000064551_5	0.0000	low	0.8372	high	0.0000	low
vRhyme_unbinned_22__MGr3G3H3I_000000064551	vRhyme_unbinned_22__MGr3G3H3I_000000064551	vRhyme_unbinned_22__MGr3G3H3I_000000064551_6	0.0000	low	0.9005	high	0.0000	low
vRhyme_unbinned_22__MGr3G3H3I_000000064551	vRhyme_unbinned_22__MGr3G3H3I_000000064551	vRhyme_unbinned_22__MGr3G3H3I_000000064551_7	0.0000	low	0.7203	high	0.0000	low
vRhyme_unbinned_22__MGr3G3H3I_000000064551	vRhyme_unbinned_22__MGr3G3H3I_000000064551	vRhyme_unbinned_22__MGr3G3H3I_000000064551_8	0.0000	low	0.9455	high	0.0000	low
vRhyme_unbinned_22__MGr3G3H3I_000000064551	vRhyme_unbinned_22__MGr3G3H3I_000000064551	vRhyme_unbinned_22__MGr3G3H3I_000000064551_9	0.0000	low	0.8179	high	0.0000	low
vRhyme_unbinned_22__MGr3G3H3I_000000064551	vRhyme_unbinned_22__MGr3G3H3I_000000064551	vRhyme_unbinned_22__MGr3G3H3I_000000064551_10	0.0000	low	0.9430	high	0.0000	low
vRhyme_unbinned_22__MGr3G3H3I_000000064551	vRhyme_unbinned_22__MGr3G3H3I_000000064551	vRhyme_unbinned_22__MGr3G3H3I_000000064551_11	0.0000	low	0.5657	high	0.0000	low
vRhyme_unbinned_22__MGr3G3H3I_000000064551	vRhyme_unbinned_22__MGr3G3H3I_000000064551	vRhyme_unbinned_22__MGr3G3H3I_000000064551_12	0.0000	low	0.8971	high	0.0000	low
vRhyme_unbinned_22__MGr3G3H3I_000000064551	vRhyme_unbinned_22__MGr3G3H3I_000000064551	vRhyme_unbinned_22__MGr3G3H3I_000000064551_13	0.0000	low	0.8303	high	0.0000	low
vRhyme_unbinned_22__MGr3G3H3I_000000064551	vRhyme_unbinned_22__MGr3G3H3I_000000064551	vRhyme_unbinned_22__MGr3G3H3I_000000064551_14	0.0000	low	0.3573	medium	0.0000	low
vRhyme_unbinned_22__MGr3G3H3I_000000064551	vRhyme_unbinned_22__MGr3G3H3I_000000064551	vRhyme_unbinned_22__MGr3G3H3I_000000064551_15	0.0000	low	0.2357	medium	0.0000	low
vRhyme_unbinned_22__MGr3G3H3I_000000064551	vRhyme_unbinned_22__MGr3G3H3I_000000064551	vRhyme_unbinned_22__MGr3G3H3I_000000064551_16	0.0000	low	0.3245	medium	0.0000	low
vRhyme_unbinned_22__MGr3G3H3I_000000064551	vRhyme_unbinned_22__MGr3G3H3I_000000064551	vRhyme_unbinned_22__MGr3G3H3I_000000064551_17	0.1582	medium	0.0724	medium	0.0115	low
vRhyme_unbinned_22__MGr3G3H3I_000000064551	vRhyme_unbinned_22__MGr3G3H3I_000000064551	vRhyme_unbinned_22__MGr3G3H3I_000000064551_18	0.0000	low	0.0799	medium	0.0000	low
vRhyme_unbinned_22__MGr3G3H3I_000000064551	vRhyme_unbinned_22__MGr3G3H3I_000000064551	vRhyme_unbinned_22__MGr3G3H3I_000000064551_19	0.0442	low	0.2331	medium	0.0103	low
vRhyme_unbinned_22__MGr3G3H3I_000000064551	vRhyme_unbinned_22__MGr3G3H3I_000000064551	vRhyme_unbinned_22__MGr3G3H3I_000000064551_20	0.0000	low	0.0493	low	0.0000	low
vRhyme_unbinned_22__MGr3G3H3I_000000064551	vRhyme_unbinned_22__MGr3G3H3I_000000064551	vRhyme_unbinned_22__MGr3G3H3I_000000064551_21	0.0000	low	0.0621	medium	0.0000	low
vRhyme_unbinned_22__MGr3G3H3I_000000064551	vRhyme_unbinned_22__MGr3G3H3I_000000064551	vRhyme_unbinned_22__MGr3G3H3I_000000064551_22	0.0000	low	0.2884	medium	0.0000	low
vRhyme_unbinned_22__MGr3G3H3I_000000064551	vRhyme_unbinned_22__MGr3G3H3I_000000064551	vRhyme_unbinned_22__MGr3G3H3I_000000064551_23	0.0000	low	0.2800	medium	0.0000	low
vRhyme_unbinned_22__MGr3G3H3I_000000064551	vRhyme_unbinned_22__MGr3G3H3I_000000064551	vRhyme_unbinned_22__MGr3G3H3I_000000064551_24	0.0000	low	0.4196	high	0.0000	low
vRhyme_unbinned_22__MGr3G3H3I_000000064551	vRhyme_unbinned_22__MGr3G3H3I_000000064551	vRhyme_unbinned_22__MGr3G3H3I_000000064551_25	0.0000	low	0.5139	high	0.0000	low
vRhyme_unbinned_22__MGr3G3H3I_000000064551	vRhyme_unbinned_22__MGr3G3H3I_000000064551	vRhyme_unbinned_22__MGr3G3H3I_000000064551_26	0.0000	low	0.7077	high	0.0000	low
vRhyme_unbinned_4__MGr3G3H3I_000000010128	vRhyme_unbinned_4__MGr3G3H3I_000000010128	vRhyme_unbinned_4__MGr3G3H3I_000000010128_1	0.0000	low	0.8970	high	0.0000	low
vRhyme_unbinned_4__MGr3G3H3I_000000010128	vRhyme_unbinned_4__MGr3G3H3I_000000010128	vRhyme_unbinned_4__MGr3G3H3I_000000010128_2	0.0000	low	1.0000	very high	0.0000	low
vRhyme_unbinned_4__MGr3G3H3I_000000010128	vRhyme_unbinned_4__MGr3G3H3I_000000010128	vRhyme_unbinned_4__MGr3G3H3I_000000010128_3	0.0000	low	0.9542	high	0.0000	low
vRhyme_unbinned_4__MGr3G3H3I_000000010128	vRhyme_unbinned_4__MGr3G3H3I_000000010128	vRhyme_unbinned_4__MGr3G3H3I_000000010128_4	0.0000	low	1.0000	very high	0.0000	low
vRhyme_unbinned_4__MGr3G3H3I_000000010128	vRhyme_unbinned_4__MGr3G3H3I_000000010128	vRhyme_unbinned_4__MGr3G3H3I_000000010128_5	0.0000	low	1.0000	very high	0.0000	low
vRhyme_unbinned_4__MGr3G3H3I_000000010128	vRhyme_unbinned_4__MGr3G3H3I_000000010128	vRhyme_unbinned_4__MGr3G3H3I_000000010128_6	0.0000	low	1.0000	very high	0.0000	low
vRhyme_unbinned_4__MGr3G3H3I_000000010128	vRhyme_unbinned_4__MGr3G3H3I_000000010128	vRhyme_unbinned_4__MGr3G3H3I_000000010128_7	0.0000	low	1.0000	very high	0.0000	low
vRhyme_unbinned_4__MGr3G3H3I_000000010128	vRhyme_unbinned_4__MGr3G3H3I_000000010128	vRhyme_unbinned_4__MGr3G3H3I_000000010128_8	0.0000	low	1.0000	very high	0.0000	low
vRhyme_unbinned_4__MGr3G3H3I_000000010128	vRhyme_unbinned_4__MGr3G3H3I_000000010128	vRhyme_unbinned_4__MGr3G3H3I_000000010128_9	0.0000	low	0.9334	high	0.0000	low
vRhyme_unbinned_4__MGr3G3H3I_000000010128	vRhyme_unbinned_4__MGr3G3H3I_000000010128	vRhyme_unbinned_4__MGr3G3H3I_000000010128_10	0.0000	low	1.0000	very high	0.0000	low
vRhyme_unbinned_4__MGr3G3H3I_000000010128	vRhyme_unbinned_4__MGr3G3H3I_000000010128	vRhyme_unbinned_4__MGr3G3H3I_000000010128_11	0.0000	low	1.0000	very high	0.0000	low
vRhyme_unbinned_4__MGr3G3H3I_000000010128	vRhyme_unbinned_4__MGr3G3H3I_000000010128	vRhyme_unbinned_4__MGr3G3H3I_000000010128_12	0.0000	low	1.0000	very high	0.0000	low
vRhyme_unbinned_4__MGr3G3H3I_000000010128	vRhyme_unbinned_4__MGr3G3H3I_000000010128	vRhyme_unbinned_4__MGr3G3H3I_000000010128_13	0.0000	low	1.0000	very high	0.0000	low
vRhyme_unbinned_51__MGr3G3H3I_000000159918	vRhyme_unbinned_51__MGr3G3H3I_000000159918	vRhyme_unbinned_51__MGr3G3H3I_000000159918_1	0.0000	low	1.0000	very high	0.0000	low
vRhyme_unbinned_51__MGr3G3H3I_000000159918	vRhyme_unbinned_51__MGr3G3H3I_000000159918	vRhyme_unbinned_51__MGr3G3H3I_000000159918_2	0.0000	low	1.0000	very high	0.0000	low
vRhyme_unbinned_51__MGr3G3H3I_000000159918	vRhyme_unbinned_51__MGr3G3H3I_000000159918	vRhyme_unbinned_51__MGr3G3H3I_000000159918_3	0.0000	low	1.0000	very high	0.0000	low
vRhyme_unbinned_51__MGr3G3H3I_000000159918	vRhyme_unbinned_51__MGr3G3H3I_000000159918	vRhyme_unbinned_51__MGr3G3H3I_000000159918_4	0.0000	low	1.0000	very high	0.0000	low
vRhyme_unbinned_51__MGr3G3H3I_000000159918	vRhyme_unbinned_51__MGr3G3H3I_000000159918	vRhyme_unbinned_51__MGr3G3H3I_000000159918_5	0.0000	low	0.9296	high	0.0000	low
vRhyme_unbinned_51__MGr3G3H3I_000000159918	vRhyme_unbinned_51__MGr3G3H3I_000000159918	vRhyme_unbinned_51__MGr3G3H3I_000000159918_6	0.0000	low	0.9545	high	0.0000	low
vRhyme_unbinned_51__MGr3G3H3I_000000159918	vRhyme_unbinned_51__MGr3G3H3I_000000159918	vRhyme_unbinned_51__MGr3G3H3I_000000159918_7	0.0000	low	0.8508	high	0.0000	low
vRhyme_unbinned_51__MGr3G3H3I_000000159918	vRhyme_unbinned_51__MGr3G3H3I_000000159918	vRhyme_unbinned_51__MGr3G3H3I_000000159918_8	0.0000	low	1.0000	very high	0.0000	low
vRhyme_unbinned_51__MGr3G3H3I_000000159918	vRhyme_unbinned_51__MGr3G3H3I_000000159918	vRhyme_unbinned_51__MGr3G3H3I_000000159918_9	0.0000	low	1.0000	very high	0.0000	low
vRhyme_unbinned_51__MGr3G3H3I_000000159918	vRhyme_unbinned_51__MGr3G3H3I_000000159918	vRhyme_unbinned_51__MGr3G3H3I_000000159918_10	0.0000	low	0.9510	high	0.0000	low
vRhyme_unbinned_51__MGr3G3H3I_000000159918	vRhyme_unbinned_51__MGr3G3H3I_000000159918	vRhyme_unbinned_51__MGr3G3H3I_000000159918_11	0.0000	low	0.8050	high	0.0000	low
vRhyme_unbinned_51__MGr3G3H3I_000000159918	vRhyme_unbinned_51__MGr3G3H3I_000000159918	vRhyme_unbinned_51__MGr3G3H3I_000000159918_12	0.0000	low	1.0000	very high	0.0000	low
vRhyme_unbinned_51__MGr3G3H3I_000000159918	vRhyme_unbinned_51__MGr3G3H3I_000000159918	vRhyme_unbinned_51__MGr3G3H3I_000000159918_13	0.0000	low	1.0000	very high	0.0000	low
vRhyme_unbinned_51__MGr3G3H3I_000000159918	vRhyme_unbinned_51__MGr3G3H3I_000000159918	vRhyme_unbinned_51__MGr3G3H3I_000000159918_14	0.0000	low	0.9502	high	0.0000	low
vRhyme_unbinned_51__MGr3G3H3I_000000159918	vRhyme_unbinned_51__MGr3G3H3I_000000159918	vRhyme_unbinned_51__MGr3G3H3I_000000159918_15	0.0000	low	0.9175	high	0.0000	low
vRhyme_unbinned_51__MGr3G3H3I_000000159918	vRhyme_unbinned_51__MGr3G3H3I_000000159918	vRhyme_unbinned_51__MGr3G3H3I_000000159918_16	0.0000	low	1.0000	very high	0.0000	low
vRhyme_unbinned_51__MGr3G3H3I_000000159918	vRhyme_unbinned_51__MGr3G3H3I_000000159918	vRhyme_unbinned_51__MGr3G3H3I_000000159918_17	0.0000	low	1.0000	very high	0.0000	low
vRhyme_unbinned_51__MGr3G3H3I_000000159918	vRhyme_unbinned_51__MGr3G3H3I_000000159918	vRhyme_unbinned_51__MGr3G3H3I_000000159918_18	0.0000	low	1.0000	very high	0.0000	low
vRhyme_unbinned_59__MGr3G3H3I_000000178285	vRhyme_unbinned_59__MGr3G3H3I_000000178285	vRhyme_unbinned_59__MGr3G3H3I_000000178285_1	0.0000	low	1.0000	very high	0.0000	low
vRhyme_unbinned_59__MGr3G3H3I_000000178285	vRhyme_unbinned_59__MGr3G3H3I_000000178285	vRhyme_unbinned_59__MGr3G3H3I_000000178285_2	0.0000	low	0.8497	high	0.0000	low
vRhyme_unbinned_59__MGr3G3H3I_000000178285	vRhyme_unbinned_59__MGr3G3H3I_000000178285	vRhyme_unbinned_59__MGr3G3H3I_000000178285_3	0.0000	low	0.8777	high	0.0000	low
vRhyme_unbinned_59__MGr3G3H3I_000000178285	vRhyme_unbinned_59__MGr3G3H3I_000000178285	vRhyme_unbinned_59__MGr3G3H3I_000000178285_4	0.0000	low	0.7597	high	0.0000	low
vRhyme_unbinned_59__MGr3G3H3I_000000178285	vRhyme_unbinned_59__MGr3G3H3I_000000178285	vRhyme_unbinned_59__MGr3G3H3I_000000178285_5	0.0000	low	0.6861	high	0.0000	low
vRhyme_unbinned_59__MGr3G3H3I_000000178285	vRhyme_unbinned_59__MGr3G3H3I_000000178285	vRhyme_unbinned_59__MGr3G3H3I_000000178285_6	0.0000	low	0.6640	high	0.0000	low
vRhyme_unbinned_59__MGr3G3H3I_000000178285	vRhyme_unbinned_59__MGr3G3H3I_000000178285	vRhyme_unbinned_59__MGr3G3H3I_000000178285_7	0.0000	low	0.7607	high	0.0000	low
vRhyme_unbinned_59__MGr3G3H3I_000000178285	vRhyme_unbinned_59__MGr3G3H3I_000000178285	vRhyme_unbinned_59__MGr3G3H3I_000000178285_8	0.0000	low	0.7287	high	0.0000	low
vRhyme_unbinned_59__MGr3G3H3I_000000178285	vRhyme_unbinned_59__MGr3G3H3I_000000178285	vRhyme_unbinned_59__MGr3G3H3I_000000178285_9	0.0000	low	0.8995	high	0.0000	low
vRhyme_unbinned_59__MGr3G3H3I_000000178285	vRhyme_unbinned_59__MGr3G3H3I_000000178285	vRhyme_unbinned_59__MGr3G3H3I_000000178285_10	0.0000	low	0.8475	high	0.0000	low
vRhyme_unbinned_59__MGr3G3H3I_000000178285	vRhyme_unbinned_59__MGr3G3H3I_000000178285	vRhyme_unbinned_59__MGr3G3H3I_000000178285_11	0.0000	low	0.6964	high	0.0000	low
vRhyme_unbinned_59__MGr3G3H3I_000000178285	vRhyme_unbinned_59__MGr3G3H3I_000000178285	vRhyme_unbinned_59__MGr3G3H3I_000000178285_12	0.0000	low	1.0000	very high	0.0000	low
vRhyme_unbinned_59__MGr3G3H3I_000000178285	vRhyme_unbinned_59__MGr3G3H3I_000000178285	vRhyme_unbinned_59__MGr3G3H3I_000000178285_13	0.0000	low	0.9264	high	0.0000	low
vRhyme_unbinned_80__MGr3G3H3I_000000240298	vRhyme_unbinned_80__MGr3G3H3I_000000240298	vRhyme_unbinned_80__MGr3G3H3I_000000240298_1	0.0000	low	1.0000	very high	0.0000	low
vRhyme_unbinned_80__MGr3G3H3I_000000240298	vRhyme_unbinned_80__MGr3G3H3I_000000240298	vRhyme_unbinned_80__MGr3G3H3I_000000240298_2	0.0000	low	1.0000	very high	0.0000	low
vRhyme_unbinned_80__MGr3G3H3I_000000240298	vRhyme_unbinned_80__MGr3G3H3I_000000240298	vRhyme_unbinned_80__MGr3G3H3I_000000240298_3	0.0000	low	1.0000	very high	0.0000	low
vRhyme_unbinned_80__MGr3G3H3I_000000240298	vRhyme_unbinned_80__MGr3G3H3I_000000240298	vRhyme_unbinned_80__MGr3G3H3I_000000240298_4	0.0000	low	1.0000	very high	0.0000	low
vRhyme_unbinned_80__MGr3G3H3I_000000240298	vRhyme_unbinned_80__MGr3G3H3I_000000240298	vRhyme_unbinned_80__MGr3G3H3I_000000240298_5	0.0000	low	1.0000	very high	0.0000	low
vRhyme_unbinned_80__MGr3G3H3I_000000240298	vRhyme_unbinned_80__MGr3G3H3I_000000240298	vRhyme_unbinned_80__MGr3G3H3I_000000240298_6	0.0000	low	1.0000	very high	0.0000	low
vRhyme_unbinned_80__MGr3G3H3I_000000240298	vRhyme_unbinned_80__MGr3G3H3I_000000240298	vRhyme_unbinned_80__MGr3G3H3I_000000240298_7	0.0000	low	1.0000	very high	0.0000	low
vRhyme_unbinned_80__MGr3G3H3I_000000240298	vRhyme_unbinned_80__MGr3G3H3I_000000240298	vRhyme_unbinned_80__MGr3G3H3I_000000240298_8	0.0000	low	1.0000	very high	0.0000	low
vRhyme_unbinned_80__MGr3G3H3I_000000240298	vRhyme_unbinned_80__MGr3G3H3I_000000240298	vRhyme_unbinned_80__MGr3G3H3I_000000240298_9	0.0000	low	1.0000	very high	0.0000	low
vRhyme_unbinned_80__MGr3G3H3I_000000240298	vRhyme_unbinned_80__MGr3G3H3I_000000240298	vRhyme_unbinned_80__MGr3G3H3I_000000240298_10	0.0000	low	1.0000	very high	0.0000	low
vRhyme_unbinned_80__MGr3G3H3I_000000240298	vRhyme_unbinned_80__MGr3G3H3I_000000240298	vRhyme_unbinned_80__MGr3G3H3I_000000240298_11	0.0000	low	1.0000	very high	0.0000	low
vRhyme_unbinned_80__MGr3G3H3I_000000240298	vRhyme_unbinned_80__MGr3G3H3I_000000240298	vRhyme_unbinned_80__MGr3G3H3I_000000240298_12	0.0000	low	1.0000	very high	0.0000	low
vRhyme_unbinned_80__MGr3G3H3I_000000240298	vRhyme_unbinned_80__MGr3G3H3I_000000240298	vRhyme_unbinned_80__MGr3G3H3I_000000240298_13	0.0000	low	1.0000	very high	0.0000	low
vRhyme_unbinned_80__MGr3G3H3I_000000240298	vRhyme_unbinned_80__MGr3G3H3I_000000240298	vRhyme_unbinned_80__MGr3G3H3I_000000240298_14	0.0000	low	1.0000	very high	0.0000	low
vRhyme_unbinned_80__MGr3G3H3I_000000240298	vRhyme_unbinned_80__MGr3G3H3I_000000240298	vRhyme_unbinned_80__MGr3G3H3I_000000240298_15	0.0000	low	1.0000	very high	0.0000	low
vRhyme_unbinned_80__MGr3G3H3I_000000240298	vRhyme_unbinned_80__MGr3G3H3I_000000240298	vRhyme_unbinned_80__MGr3G3H3I_000000240298_16	0.0000	low	1.0000	very high	0.0000	low
vRhyme_unbinned_80__MGr3G3H3I_000000240298	vRhyme_unbinned_80__MGr3G3H3I_000000240298	vRhyme_unbinned_80__MGr3G3H3I_000000240298_17	0.0000	low	1.0000	very high	0.0000	low
vRhyme_unbinned_80__MGr3G3H3I_000000240298	vRhyme_unbinned_80__MGr3G3H3I_000000240298	vRhyme_unbinned_80__MGr3G3H3I_000000240298_18	0.0000	low	0.9517	high	0.0000	low
vRhyme_unbinned_80__MGr3G3H3I_000000240298	vRhyme_unbinned_80__MGr3G3H3I_000000240298	vRhyme_unbinned_80__MGr3G3H3I_000000240298_19	0.0000	low	1.0000	very high	0.0000	low
vRhyme_unbinned_54__MGr3G3H3I_000000165910	vRhyme_unbinned_54__MGr3G3H3I_000000165910	vRhyme_unbinned_54__MGr3G3H3I_000000165910_1	0.0000	low	1.0000	very high	0.0000	low
vRhyme_unbinned_54__MGr3G3H3I_000000165910	vRhyme_unbinned_54__MGr3G3H3I_000000165910	vRhyme_unbinned_54__MGr3G3H3I_000000165910_2	0.0000	low	1.0000	very high	0.0000	low
vRhyme_unbinned_54__MGr3G3H3I_000000165910	vRhyme_unbinned_54__MGr3G3H3I_000000165910	vRhyme_unbinned_54__MGr3G3H3I_000000165910_3	0.0000	low	1.0000	very high	0.0000	low
vRhyme_unbinned_54__MGr3G3H3I_000000165910	vRhyme_unbinned_54__MGr3G3H3I_000000165910	vRhyme_unbinned_54__MGr3G3H3I_000000165910_4	0.0000	low	1.0000	very high	0.0000	low
vRhyme_unbinned_54__MGr3G3H3I_000000165910	vRhyme_unbinned_54__MGr3G3H3I_000000165910	vRhyme_unbinned_54__MGr3G3H3I_000000165910_5	0.0000	low	1.0000	very high	0.0000	low
vRhyme_unbinned_54__MGr3G3H3I_000000165910	vRhyme_unbinned_54__MGr3G3H3I_000000165910	vRhyme_unbinned_54__MGr3G3H3I_000000165910_6	0.0000	low	1.0000	very high	0.0000	low
vRhyme_unbinned_54__MGr3G3H3I_000000165910	vRhyme_unbinned_54__MGr3G3H3I_000000165910	vRhyme_unbinned_54__MGr3G3H3I_000000165910_7	0.1885	medium	1.0000	very high	0.1885	medium
vRhyme_unbinned_54__MGr3G3H3I_000000165910	vRhyme_unbinned_54__MGr3G3H3I_000000165910	vRhyme_unbinned_54__MGr3G3H3I_000000165910_8	0.0000	low	1.0000	very high	0.0000	low
vRhyme_unbinned_54__MGr3G3H3I_000000165910	vRhyme_unbinned_54__MGr3G3H3I_000000165910	vRhyme_unbinned_54__MGr3G3H3I_000000165910_9	0.0000	low	1.0000	very high	0.0000	low
vRhyme_unbinned_54__MGr3G3H3I_000000165910	vRhyme_unbinned_54__MGr3G3H3I_000000165910	vRhyme_unbinned_54__MGr3G3H3I_000000165910_10	0.0000	low	1.0000	very high	0.0000	low
vRhyme_unbinned_54__MGr3G3H3I_000000165910	vRhyme_unbinned_54__MGr3G3H3I_000000165910	vRhyme_unbinned_54__MGr3G3H3I_000000165910_11	0.0000	low	1.0000	very high	0.0000	low
vRhyme_unbinned_54__MGr3G3H3I_000000165910	vRhyme_unbinned_54__MGr3G3H3I_000000165910	vRhyme_unbinned_54__MGr3G3H3I_000000165910_12	0.0000	low	1.0000	very high	0.0000	low
vRhyme_unbinned_54__MGr3G3H3I_000000165910	vRhyme_unbinned_54__MGr3G3H3I_000000165910	vRhyme_unbinned_54__MGr3G3H3I_000000165910_13	0.0000	low	1.0000	very high	0.0000	low
vRhyme_unbinned_54__MGr3G3H3I_000000165910	vRhyme_unbinned_54__MGr3G3H3I_000000165910	vRhyme_unbinned_54__MGr3G3H3I_000000165910_14	0.0000	low	0.9520	high	0.0000	low
vRhyme_unbinned_54__MGr3G3H3I_000000165910	vRhyme_unbinned_54__MGr3G3H3I_000000165910	vRhyme_unbinned_54__MGr3G3H3I_000000165910_15	0.0000	low	1.0000	very high	0.0000	low
vRhyme_unbinned_54__MGr3G3H3I_000000165910	vRhyme_unbinned_54__MGr3G3H3I_000000165910	vRhyme_unbinned_54__MGr3G3H3I_000000165910_16	0.0000	low	1.0000	very high	0.0000	low
vRhyme_unbinned_55__MGr3G3H3I_000000165953	vRhyme_unbinned_55__MGr3G3H3I_000000165953	vRhyme_unbinned_55__MGr3G3H3I_000000165953_1	0.0000	low	0.3769	medium	0.0000	low
vRhyme_unbinned_55__MGr3G3H3I_000000165953	vRhyme_unbinned_55__MGr3G3H3I_000000165953	vRhyme_unbinned_55__MGr3G3H3I_000000165953_2	0.0000	low	0.3392	medium	0.0000	low
vRhyme_unbinned_55__MGr3G3H3I_000000165953	vRhyme_unbinned_55__MGr3G3H3I_000000165953	vRhyme_unbinned_55__MGr3G3H3I_000000165953_3	0.0000	low	0.4175	high	0.0000	low
vRhyme_unbinned_55__MGr3G3H3I_000000165953	vRhyme_unbinned_55__MGr3G3H3I_000000165953	vRhyme_unbinned_55__MGr3G3H3I_000000165953_4	0.0814	medium	0.0417	low	0.0034	low
vRhyme_unbinned_55__MGr3G3H3I_000000165953	vRhyme_unbinned_55__MGr3G3H3I_000000165953	vRhyme_unbinned_55__MGr3G3H3I_000000165953_5	0.0000	low	0.1490	medium	0.0000	low
vRhyme_unbinned_55__MGr3G3H3I_000000165953	vRhyme_unbinned_55__MGr3G3H3I_000000165953	vRhyme_unbinned_55__MGr3G3H3I_000000165953_6	0.0000	low	0.0855	medium	0.0000	low
vRhyme_unbinned_55__MGr3G3H3I_000000165953	vRhyme_unbinned_55__MGr3G3H3I_000000165953	vRhyme_unbinned_55__MGr3G3H3I_000000165953_7	0.0000	low	0.2955	medium	0.0000	low
vRhyme_unbinned_55__MGr3G3H3I_000000165953	vRhyme_unbinned_55__MGr3G3H3I_000000165953	vRhyme_unbinned_55__MGr3G3H3I_000000165953_8	0.0000	low	0.4539	high	0.0000	low
vRhyme_unbinned_55__MGr3G3H3I_000000165953	vRhyme_unbinned_55__MGr3G3H3I_000000165953	vRhyme_unbinned_55__MGr3G3H3I_000000165953_9	0.0000	low	0.2038	medium	0.0000	low
vRhyme_unbinned_55__MGr3G3H3I_000000165953	vRhyme_unbinned_55__MGr3G3H3I_000000165953	vRhyme_unbinned_55__MGr3G3H3I_000000165953_10	0.0000	low	0.6604	high	0.0000	low
vRhyme_unbinned_48__MGr3G3H3I_000000154912	vRhyme_unbinned_48__MGr3G3H3I_000000154912	vRhyme_unbinned_48__MGr3G3H3I_000000154912_1	0.7221	high	0.9514	high	0.6870	high
vRhyme_unbinned_48__MGr3G3H3I_000000154912	vRhyme_unbinned_48__MGr3G3H3I_000000154912	vRhyme_unbinned_48__MGr3G3H3I_000000154912_2	0.0000	low	1.0000	very high	0.0000	low
vRhyme_unbinned_48__MGr3G3H3I_000000154912	vRhyme_unbinned_48__MGr3G3H3I_000000154912	vRhyme_unbinned_48__MGr3G3H3I_000000154912_3	0.0000	low	1.0000	very high	0.0000	low
vRhyme_unbinned_48__MGr3G3H3I_000000154912	vRhyme_unbinned_48__MGr3G3H3I_000000154912	vRhyme_unbinned_48__MGr3G3H3I_000000154912_4	0.0000	low	1.0000	very high	0.0000	low
vRhyme_unbinned_48__MGr3G3H3I_000000154912	vRhyme_unbinned_48__MGr3G3H3I_000000154912	vRhyme_unbinned_48__MGr3G3H3I_000000154912_5	0.0000	low	1.0000	very high	0.0000	low
vRhyme_unbinned_48__MGr3G3H3I_000000154912	vRhyme_unbinned_48__MGr3G3H3I_000000154912	vRhyme_unbinned_48__MGr3G3H3I_000000154912_6	0.0000	low	1.0000	very high	0.0000	low
vRhyme_unbinned_48__MGr3G3H3I_000000154912	vRhyme_unbinned_48__MGr3G3H3I_000000154912	vRhyme_unbinned_48__MGr3G3H3I_000000154912_7	0.0000	low	1.0000	very high	0.0000	low
vRhyme_unbinned_48__MGr3G3H3I_000000154912	vRhyme_unbinned_48__MGr3G3H3I_000000154912	vRhyme_unbinned_48__MGr3G3H3I_000000154912_8	0.0000	low	1.0000	very high	0.0000	low
vRhyme_unbinned_48__MGr3G3H3I_000000154912	vRhyme_unbinned_48__MGr3G3H3I_000000154912	vRhyme_unbinned_48__MGr3G3H3I_000000154912_9	0.0000	low	1.0000	very high	0.0000	low
vRhyme_unbinned_48__MGr3G3H3I_000000154912	vRhyme_unbinned_48__MGr3G3H3I_000000154912	vRhyme_unbinned_48__MGr3G3H3I_000000154912_10	0.0000	low	1.0000	very high	0.0000	low
vRhyme_unbinned_48__MGr3G3H3I_000000154912	vRhyme_unbinned_48__MGr3G3H3I_000000154912	vRhyme_unbinned_48__MGr3G3H3I_000000154912_11	0.0000	low	1.0000	very high	0.0000	low
vRhyme_unbinned_48__MGr3G3H3I_000000154912	vRhyme_unbinned_48__MGr3G3H3I_000000154912	vRhyme_unbinned_48__MGr3G3H3I_000000154912_12	0.0000	low	1.0000	very high	0.0000	low
vRhyme_unbinned_48__MGr3G3H3I_000000154912	vRhyme_unbinned_48__MGr3G3H3I_000000154912	vRhyme_unbinned_48__MGr3G3H3I_000000154912_13	0.0000	low	1.0000	very high	0.0000	low
vRhyme_unbinned_48__MGr3G3H3I_000000154912	vRhyme_unbinned_48__MGr3G3H3I_000000154912	vRhyme_unbinned_48__MGr3G3H3I_000000154912_14	0.0000	low	1.0000	very high	0.0000	low
vRhyme_unbinned_48__MGr3G3H3I_000000154912	vRhyme_unbinned_48__MGr3G3H3I_000000154912	vRhyme_unbinned_48__MGr3G3H3I_000000154912_15	0.0000	low	1.0000	very high	0.0000	low
vRhyme_unbinned_48__MGr3G3H3I_000000154912	vRhyme_unbinned_48__MGr3G3H3I_000000154912	vRhyme_unbinned_48__MGr3G3H3I_000000154912_16	0.0000	low	1.0000	very high	0.0000	low
vRhyme_unbinned_48__MGr3G3H3I_000000154912	vRhyme_unbinned_48__MGr3G3H3I_000000154912	vRhyme_unbinned_48__MGr3G3H3I_000000154912_17	0.0000	low	1.0000	very high	0.0000	low
vRhyme_unbinned_48__MGr3G3H3I_000000154912	vRhyme_unbinned_48__MGr3G3H3I_000000154912	vRhyme_unbinned_48__MGr3G3H3I_000000154912_18	0.0000	low	1.0000	very high	0.0000	low
vRhyme_unbinned_48__MGr3G3H3I_000000154912	vRhyme_unbinned_48__MGr3G3H3I_000000154912	vRhyme_unbinned_48__MGr3G3H3I_000000154912_19	0.0000	low	1.0000	very high	0.0000	low
vRhyme_unbinned_48__MGr3G3H3I_000000154912	vRhyme_unbinned_48__MGr3G3H3I_000000154912	vRhyme_unbinned_48__MGr3G3H3I_000000154912_20	0.0000	low	1.0000	very high	0.0000	low
vRhyme_unbinned_46__MGr3G3H3I_000000153998	vRhyme_unbinned_46__MGr3G3H3I_000000153998	vRhyme_unbinned_46__MGr3G3H3I_000000153998_1	0.0000	low	1.0000	very high	0.0000	low
vRhyme_unbinned_46__MGr3G3H3I_000000153998	vRhyme_unbinned_46__MGr3G3H3I_000000153998	vRhyme_unbinned_46__MGr3G3H3I_000000153998_2	0.0000	low	1.0000	very high	0.0000	low
vRhyme_unbinned_46__MGr3G3H3I_000000153998	vRhyme_unbinned_46__MGr3G3H3I_000000153998	vRhyme_unbinned_46__MGr3G3H3I_000000153998_3	0.0000	low	1.0000	very high	0.0000	low
vRhyme_unbinned_46__MGr3G3H3I_000000153998	vRhyme_unbinned_46__MGr3G3H3I_000000153998	vRhyme_unbinned_46__MGr3G3H3I_000000153998_4	0.0000	low	1.0000	very high	0.0000	low
vRhyme_unbinned_46__MGr3G3H3I_000000153998	vRhyme_unbinned_46__MGr3G3H3I_000000153998	vRhyme_unbinned_46__MGr3G3H3I_000000153998_5	0.0000	low	1.0000	very high	0.0000	low
vRhyme_unbinned_46__MGr3G3H3I_000000153998	vRhyme_unbinned_46__MGr3G3H3I_000000153998	vRhyme_unbinned_46__MGr3G3H3I_000000153998_6	0.0000	low	1.0000	very high	0.0000	low
vRhyme_unbinned_46__MGr3G3H3I_000000153998	vRhyme_unbinned_46__MGr3G3H3I_000000153998	vRhyme_unbinned_46__MGr3G3H3I_000000153998_7	0.0000	low	1.0000	very high	0.0000	low
vRhyme_unbinned_46__MGr3G3H3I_000000153998	vRhyme_unbinned_46__MGr3G3H3I_000000153998	vRhyme_unbinned_46__MGr3G3H3I_000000153998_8	0.0000	low	1.0000	very high	0.0000	low
vRhyme_unbinned_46__MGr3G3H3I_000000153998	vRhyme_unbinned_46__MGr3G3H3I_000000153998	vRhyme_unbinned_46__MGr3G3H3I_000000153998_9	0.0000	low	1.0000	very high	0.0000	low
vRhyme_unbinned_46__MGr3G3H3I_000000153998	vRhyme_unbinned_46__MGr3G3H3I_000000153998	vRhyme_unbinned_46__MGr3G3H3I_000000153998_10	0.0000	low	1.0000	very high	0.0000	low
vRhyme_unbinned_46__MGr3G3H3I_000000153998	vRhyme_unbinned_46__MGr3G3H3I_000000153998	vRhyme_unbinned_46__MGr3G3H3I_000000153998_11	0.0000	low	1.0000	very high	0.0000	low
vRhyme_unbinned_46__MGr3G3H3I_000000153998	vRhyme_unbinned_46__MGr3G3H3I_000000153998	vRhyme_unbinned_46__MGr3G3H3I_000000153998_12	0.0000	low	1.0000	very high	0.0000	low
vRhyme_unbinned_46__MGr3G3H3I_000000153998	vRhyme_unbinned_46__MGr3G3H3I_000000153998	vRhyme_unbinned_46__MGr3G3H3I_000000153998_13	0.0000	low	1.0000	very high	0.0000	low
vRhyme_unbinned_46__MGr3G3H3I_000000153998	vRhyme_unbinned_46__MGr3G3H3I_000000153998	vRhyme_unbinned_46__MGr3G3H3I_000000153998_14	0.0000	low	1.0000	very high	0.0000	low
vRhyme_unbinned_46__MGr3G3H3I_000000153998	vRhyme_unbinned_46__MGr3G3H3I_000000153998	vRhyme_unbinned_46__MGr3G3H3I_000000153998_15	0.0000	low	1.0000	very high	0.0000	low
vRhyme_unbinned_46__MGr3G3H3I_000000153998	vRhyme_unbinned_46__MGr3G3H3I_000000153998	vRhyme_unbinned_46__MGr3G3H3I_000000153998_16	0.0000	low	1.0000	very high	0.0000	low
vRhyme_unbinned_46__MGr3G3H3I_000000153998	vRhyme_unbinned_46__MGr3G3H3I_000000153998	vRhyme_unbinned_46__MGr3G3H3I_000000153998_17	0.0000	low	1.0000	very high	0.0000	low
vRhyme_unbinned_46__MGr3G3H3I_000000153998	vRhyme_unbinned_46__MGr3G3H3I_000000153998	vRhyme_unbinned_46__MGr3G3H3I_000000153998_18	0.0000	low	1.0000	very high	0.0000	low
vRhyme_unbinned_46__MGr3G3H3I_000000153998	vRhyme_unbinned_46__MGr3G3H3I_000000153998	vRhyme_unbinned_46__MGr3G3H3I_000000153998_19	0.0000	low	1.0000	very high	0.0000	low
vRhyme_unbinned_46__MGr3G3H3I_000000153998	vRhyme_unbinned_46__MGr3G3H3I_000000153998	vRhyme_unbinned_46__MGr3G3H3I_000000153998_20	0.0000	low	1.0000	very high	0.0000	low
vRhyme_unbinned_46__MGr3G3H3I_000000153998	vRhyme_unbinned_46__MGr3G3H3I_000000153998	vRhyme_unbinned_46__MGr3G3H3I_000000153998_21	0.0000	low	1.0000	very high	0.0000	low
vRhyme_unbinned_46__MGr3G3H3I_000000153998	vRhyme_unbinned_46__MGr3G3H3I_000000153998	vRhyme_unbinned_46__MGr3G3H3I_000000153998_22	0.0000	low	1.0000	very high	0.0000	low
vRhyme_unbinned_46__MGr3G3H3I_000000153998	vRhyme_unbinned_46__MGr3G3H3I_000000153998	vRhyme_unbinned_46__MGr3G3H3I_000000153998_23	0.0000	low	1.0000	very high	0.0000	low
vRhyme_unbinned_46__MGr3G3H3I_000000153998	vRhyme_unbinned_46__MGr3G3H3I_000000153998	vRhyme_unbinned_46__MGr3G3H3I_000000153998_24	0.0000	low	1.0000	very high	0.0000	low
vRhyme_unbinned_46__MGr3G3H3I_000000153998	vRhyme_unbinned_46__MGr3G3H3I_000000153998	vRhyme_unbinned_46__MGr3G3H3I_000000153998_25	0.0000	low	1.0000	very high	0.0000	low
vRhyme_unbinned_39__MGr3G3H3I_000000139510	vRhyme_unbinned_39__MGr3G3H3I_000000139510	vRhyme_unbinned_39__MGr3G3H3I_000000139510_1	0.0000	low	1.0000	very high	0.0000	low
vRhyme_unbinned_39__MGr3G3H3I_000000139510	vRhyme_unbinned_39__MGr3G3H3I_000000139510	vRhyme_unbinned_39__MGr3G3H3I_000000139510_2	0.0000	low	1.0000	very high	0.0000	low
vRhyme_unbinned_39__MGr3G3H3I_000000139510	vRhyme_unbinned_39__MGr3G3H3I_000000139510	vRhyme_unbinned_39__MGr3G3H3I_000000139510_3	0.0000	low	1.0000	very high	0.0000	low
vRhyme_unbinned_39__MGr3G3H3I_000000139510	vRhyme_unbinned_39__MGr3G3H3I_000000139510	vRhyme_unbinned_39__MGr3G3H3I_000000139510_4	0.0000	low	1.0000	very high	0.0000	low
vRhyme_unbinned_39__MGr3G3H3I_000000139510	vRhyme_unbinned_39__MGr3G3H3I_000000139510	vRhyme_unbinned_39__MGr3G3H3I_000000139510_5	0.0000	low	1.0000	very high	0.0000	low
vRhyme_unbinned_39__MGr3G3H3I_000000139510	vRhyme_unbinned_39__MGr3G3H3I_000000139510	vRhyme_unbinned_39__MGr3G3H3I_000000139510_6	0.0000	low	1.0000	very high	0.0000	low
vRhyme_unbinned_39__MGr3G3H3I_000000139510	vRhyme_unbinned_39__MGr3G3H3I_000000139510	vRhyme_unbinned_39__MGr3G3H3I_000000139510_7	0.0000	low	1.0000	very high	0.0000	low
vRhyme_unbinned_39__MGr3G3H3I_000000139510	vRhyme_unbinned_39__MGr3G3H3I_000000139510	vRhyme_unbinned_39__MGr3G3H3I_000000139510_8	0.0000	low	0.9491	high	0.0000	low
vRhyme_unbinned_39__MGr3G3H3I_000000139510	vRhyme_unbinned_39__MGr3G3H3I_000000139510	vRhyme_unbinned_39__MGr3G3H3I_000000139510_9	0.0000	low	1.0000	very high	0.0000	low
vRhyme_unbinned_39__MGr3G3H3I_000000139510	vRhyme_unbinned_39__MGr3G3H3I_000000139510	vRhyme_unbinned_39__MGr3G3H3I_000000139510_10	0.0000	low	1.0000	very high	0.0000	low
vRhyme_unbinned_39__MGr3G3H3I_000000139510	vRhyme_unbinned_39__MGr3G3H3I_000000139510	vRhyme_unbinned_39__MGr3G3H3I_000000139510_11	0.0000	low	1.0000	very high	0.0000	low
vRhyme_unbinned_39__MGr3G3H3I_000000139510	vRhyme_unbinned_39__MGr3G3H3I_000000139510	vRhyme_unbinned_39__MGr3G3H3I_000000139510_12	0.0000	low	1.0000	very high	0.0000	low
vRhyme_unbinned_39__MGr3G3H3I_000000139510	vRhyme_unbinned_39__MGr3G3H3I_000000139510	vRhyme_unbinned_39__MGr3G3H3I_000000139510_13	0.0000	low	1.0000	very high	0.0000	low
vRhyme_unbinned_39__MGr3G3H3I_000000139510	vRhyme_unbinned_39__MGr3G3H3I_000000139510	vRhyme_unbinned_39__MGr3G3H3I_000000139510_14	0.0000	low	1.0000	very high	0.0000	low
vRhyme_unbinned_39__MGr3G3H3I_000000139510	vRhyme_unbinned_39__MGr3G3H3I_000000139510	vRhyme_unbinned_39__MGr3G3H3I_000000139510_15	0.0000	low	1.0000	very high	0.0000	low
vRhyme_unbinned_39__MGr3G3H3I_000000139510	vRhyme_unbinned_39__MGr3G3H3I_000000139510	vRhyme_unbinned_39__MGr3G3H3I_000000139510_16	0.0000	low	1.0000	very high	0.0000	low
vRhyme_unbinned_39__MGr3G3H3I_000000139510	vRhyme_unbinned_39__MGr3G3H3I_000000139510	vRhyme_unbinned_39__MGr3G3H3I_000000139510_17	0.0000	low	1.0000	very high	0.0000	low
vRhyme_unbinned_60__MGr3G3H3I_000000180455	vRhyme_unbinned_60__MGr3G3H3I_000000180455	vRhyme_unbinned_60__MGr3G3H3I_000000180455_1	0.0000	low	1.0000	very high	0.0000	low
vRhyme_unbinned_60__MGr3G3H3I_000000180455	vRhyme_unbinned_60__MGr3G3H3I_000000180455	vRhyme_unbinned_60__MGr3G3H3I_000000180455_2	0.0000	low	1.0000	very high	0.0000	low
vRhyme_unbinned_60__MGr3G3H3I_000000180455	vRhyme_unbinned_60__MGr3G3H3I_000000180455	vRhyme_unbinned_60__MGr3G3H3I_000000180455_3	0.0000	low	1.0000	very high	0.0000	low
vRhyme_unbinned_60__MGr3G3H3I_000000180455	vRhyme_unbinned_60__MGr3G3H3I_000000180455	vRhyme_unbinned_60__MGr3G3H3I_000000180455_4	0.8515	high	1.0000	very high	0.8515	high
vRhyme_unbinned_60__MGr3G3H3I_000000180455	vRhyme_unbinned_60__MGr3G3H3I_000000180455	vRhyme_unbinned_60__MGr3G3H3I_000000180455_5	0.0000	low	0.9531	high	0.0000	low
vRhyme_unbinned_60__MGr3G3H3I_000000180455	vRhyme_unbinned_60__MGr3G3H3I_000000180455	vRhyme_unbinned_60__MGr3G3H3I_000000180455_6	0.0000	low	1.0000	very high	0.0000	low
vRhyme_unbinned_60__MGr3G3H3I_000000180455	vRhyme_unbinned_60__MGr3G3H3I_000000180455	vRhyme_unbinned_60__MGr3G3H3I_000000180455_7	0.8964	high	0.9572	high	0.8581	high
vRhyme_unbinned_60__MGr3G3H3I_000000180455	vRhyme_unbinned_60__MGr3G3H3I_000000180455	vRhyme_unbinned_60__MGr3G3H3I_000000180455_8	0.0000	low	1.0000	very high	0.0000	low
vRhyme_unbinned_60__MGr3G3H3I_000000180455	vRhyme_unbinned_60__MGr3G3H3I_000000180455	vRhyme_unbinned_60__MGr3G3H3I_000000180455_9	0.0000	low	1.0000	very high	0.0000	low
vRhyme_unbinned_60__MGr3G3H3I_000000180455	vRhyme_unbinned_60__MGr3G3H3I_000000180455	vRhyme_unbinned_60__MGr3G3H3I_000000180455_10	0.0000	low	1.0000	very high	0.0000	low
vRhyme_unbinned_60__MGr3G3H3I_000000180455	vRhyme_unbinned_60__MGr3G3H3I_000000180455	vRhyme_unbinned_60__MGr3G3H3I_000000180455_11	0.0000	low	1.0000	very high	0.0000	low
vRhyme_unbinned_60__MGr3G3H3I_000000180455	vRhyme_unbinned_60__MGr3G3H3I_000000180455	vRhyme_unbinned_60__MGr3G3H3I_000000180455_12	0.0000	low	1.0000	very high	0.0000	low
vRhyme_unbinned_60__MGr3G3H3I_000000180455	vRhyme_unbinned_60__MGr3G3H3I_000000180455	vRhyme_unbinned_60__MGr3G3H3I_000000180455_13	0.0000	low	1.0000	very high	0.0000	low
vRhyme_unbinned_60__MGr3G3H3I_000000180455	vRhyme_unbinned_60__MGr3G3H3I_000000180455	vRhyme_unbinned_60__MGr3G3H3I_000000180455_14	0.0000	low	1.0000	very high	0.0000	low
vRhyme_unbinned_60__MGr3G3H3I_000000180455	vRhyme_unbinned_60__MGr3G3H3I_000000180455	vRhyme_unbinned_60__MGr3G3H3I_000000180455_15	0.0000	low	1.0000	very high	0.0000	low
vRhyme_unbinned_60__MGr3G3H3I_000000180455	vRhyme_unbinned_60__MGr3G3H3I_000000180455	vRhyme_unbinned_60__MGr3G3H3I_000000180455_16	0.0000	low	1.0000	very high	0.0000	low
vRhyme_unbinned_60__MGr3G3H3I_000000180455	vRhyme_unbinned_60__MGr3G3H3I_000000180455	vRhyme_unbinned_60__MGr3G3H3I_000000180455_17	0.0000	low	1.0000	very high	0.0000	low
vRhyme_unbinned_60__MGr3G3H3I_000000180455	vRhyme_unbinned_60__MGr3G3H3I_000000180455	vRhyme_unbinned_60__MGr3G3H3I_000000180455_18	0.0000	low	1.0000	very high	0.0000	low
vRhyme_unbinned_60__MGr3G3H3I_000000180455	vRhyme_unbinned_60__MGr3G3H3I_000000180455	vRhyme_unbinned_60__MGr3G3H3I_000000180455_19	0.0000	low	1.0000	very high	0.0000	low
vRhyme_unbinned_52__MGr3G3H3I_000000162741	vRhyme_unbinned_52__MGr3G3H3I_000000162741	vRhyme_unbinned_52__MGr3G3H3I_000000162741_1	0.0000	low	1.0000	very high	0.0000	low
vRhyme_unbinned_52__MGr3G3H3I_000000162741	vRhyme_unbinned_52__MGr3G3H3I_000000162741	vRhyme_unbinned_52__MGr3G3H3I_000000162741_2	0.0000	low	1.0000	very high	0.0000	low
vRhyme_unbinned_52__MGr3G3H3I_000000162741	vRhyme_unbinned_52__MGr3G3H3I_000000162741	vRhyme_unbinned_52__MGr3G3H3I_000000162741_3	0.0000	low	1.0000	very high	0.0000	low
vRhyme_unbinned_52__MGr3G3H3I_000000162741	vRhyme_unbinned_52__MGr3G3H3I_000000162741	vRhyme_unbinned_52__MGr3G3H3I_000000162741_4	0.0000	low	1.0000	very high	0.0000	low
vRhyme_unbinned_52__MGr3G3H3I_000000162741	vRhyme_unbinned_52__MGr3G3H3I_000000162741	vRhyme_unbinned_52__MGr3G3H3I_000000162741_5	0.0000	low	1.0000	very high	0.0000	low
vRhyme_unbinned_52__MGr3G3H3I_000000162741	vRhyme_unbinned_52__MGr3G3H3I_000000162741	vRhyme_unbinned_52__MGr3G3H3I_000000162741_6	0.0000	low	1.0000	very high	0.0000	low
vRhyme_unbinned_52__MGr3G3H3I_000000162741	vRhyme_unbinned_52__MGr3G3H3I_000000162741	vRhyme_unbinned_52__MGr3G3H3I_000000162741_7	0.0000	low	1.0000	very high	0.0000	low
vRhyme_unbinned_52__MGr3G3H3I_000000162741	vRhyme_unbinned_52__MGr3G3H3I_000000162741	vRhyme_unbinned_52__MGr3G3H3I_000000162741_8	0.0000	low	1.0000	very high	0.0000	low
vRhyme_unbinned_52__MGr3G3H3I_000000162741	vRhyme_unbinned_52__MGr3G3H3I_000000162741	vRhyme_unbinned_52__MGr3G3H3I_000000162741_9	0.0000	low	1.0000	very high	0.0000	low
vRhyme_unbinned_52__MGr3G3H3I_000000162741	vRhyme_unbinned_52__MGr3G3H3I_000000162741	vRhyme_unbinned_52__MGr3G3H3I_000000162741_10	0.0000	low	1.0000	very high	0.0000	low
vRhyme_unbinned_52__MGr3G3H3I_000000162741	vRhyme_unbinned_52__MGr3G3H3I_000000162741	vRhyme_unbinned_52__MGr3G3H3I_000000162741_11	0.0000	low	1.0000	very high	0.0000	low
vRhyme_unbinned_52__MGr3G3H3I_000000162741	vRhyme_unbinned_52__MGr3G3H3I_000000162741	vRhyme_unbinned_52__MGr3G3H3I_000000162741_12	0.0000	low	1.0000	very high	0.0000	low
vRhyme_unbinned_52__MGr3G3H3I_000000162741	vRhyme_unbinned_52__MGr3G3H3I_000000162741	vRhyme_unbinned_52__MGr3G3H3I_000000162741_13	0.0000	low	1.0000	very high	0.0000	low
vRhyme_unbinned_52__MGr3G3H3I_000000162741	vRhyme_unbinned_52__MGr3G3H3I_000000162741	vRhyme_unbinned_52__MGr3G3H3I_000000162741_14	0.0000	low	1.0000	very high	0.0000	low
vRhyme_unbinned_52__MGr3G3H3I_000000162741	vRhyme_unbinned_52__MGr3G3H3I_000000162741	vRhyme_unbinned_52__MGr3G3H3I_000000162741_15	0.0000	low	1.0000	very high	0.0000	low
vRhyme_unbinned_52__MGr3G3H3I_000000162741	vRhyme_unbinned_52__MGr3G3H3I_000000162741	vRhyme_unbinned_52__MGr3G3H3I_000000162741_16	0.0000	low	1.0000	very high	0.0000	low
vRhyme_unbinned_52__MGr3G3H3I_000000162741	vRhyme_unbinned_52__MGr3G3H3I_000000162741	vRhyme_unbinned_52__MGr3G3H3I_000000162741_17	0.0000	low	1.0000	very high	0.0000	low
vRhyme_unbinned_52__MGr3G3H3I_000000162741	vRhyme_unbinned_52__MGr3G3H3I_000000162741	vRhyme_unbinned_52__MGr3G3H3I_000000162741_18	0.0000	low	1.0000	very high	0.0000	low
vRhyme_unbinned_52__MGr3G3H3I_000000162741	vRhyme_unbinned_52__MGr3G3H3I_000000162741	vRhyme_unbinned_52__MGr3G3H3I_000000162741_19	0.0000	low	1.0000	very high	0.0000	low
vRhyme_unbinned_52__MGr3G3H3I_000000162741	vRhyme_unbinned_52__MGr3G3H3I_000000162741	vRhyme_unbinned_52__MGr3G3H3I_000000162741_20	0.0000	low	1.0000	very high	0.0000	low
vRhyme_unbinned_52__MGr3G3H3I_000000162741	vRhyme_unbinned_52__MGr3G3H3I_000000162741	vRhyme_unbinned_52__MGr3G3H3I_000000162741_21	0.0000	low	1.0000	very high	0.0000	low
vRhyme_unbinned_9__MGr3G3H3I_000000020590	vRhyme_unbinned_9__MGr3G3H3I_000000020590	vRhyme_unbinned_9__MGr3G3H3I_000000020590_1	0.0000	low	1.0000	very high	0.0000	low
vRhyme_unbinned_9__MGr3G3H3I_000000020590	vRhyme_unbinned_9__MGr3G3H3I_000000020590	vRhyme_unbinned_9__MGr3G3H3I_000000020590_2	0.0000	low	1.0000	very high	0.0000	low
vRhyme_unbinned_9__MGr3G3H3I_000000020590	vRhyme_unbinned_9__MGr3G3H3I_000000020590	vRhyme_unbinned_9__MGr3G3H3I_000000020590_3	0.0000	low	1.0000	very high	0.0000	low
vRhyme_unbinned_9__MGr3G3H3I_000000020590	vRhyme_unbinned_9__MGr3G3H3I_000000020590	vRhyme_unbinned_9__MGr3G3H3I_000000020590_4	0.0000	low	1.0000	very high	0.0000	low
vRhyme_unbinned_9__MGr3G3H3I_000000020590	vRhyme_unbinned_9__MGr3G3H3I_000000020590	vRhyme_unbinned_9__MGr3G3H3I_000000020590_5	0.0000	low	1.0000	very high	0.0000	low
vRhyme_unbinned_9__MGr3G3H3I_000000020590	vRhyme_unbinned_9__MGr3G3H3I_000000020590	vRhyme_unbinned_9__MGr3G3H3I_000000020590_6	0.0000	low	1.0000	very high	0.0000	low
vRhyme_unbinned_9__MGr3G3H3I_000000020590	vRhyme_unbinned_9__MGr3G3H3I_000000020590	vRhyme_unbinned_9__MGr3G3H3I_000000020590_7	0.0000	low	1.0000	very high	0.0000	low
vRhyme_unbinned_9__MGr3G3H3I_000000020590	vRhyme_unbinned_9__MGr3G3H3I_000000020590	vRhyme_unbinned_9__MGr3G3H3I_000000020590_8	0.0000	low	1.0000	very high	0.0000	low
vRhyme_unbinned_9__MGr3G3H3I_000000020590	vRhyme_unbinned_9__MGr3G3H3I_000000020590	vRhyme_unbinned_9__MGr3G3H3I_000000020590_9	0.0000	low	1.0000	very high	0.0000	low
vRhyme_unbinned_9__MGr3G3H3I_000000020590	vRhyme_unbinned_9__MGr3G3H3I_000000020590	vRhyme_unbinned_9__MGr3G3H3I_000000020590_10	0.0000	low	1.0000	very high	0.0000	low
vRhyme_unbinned_9__MGr3G3H3I_000000020590	vRhyme_unbinned_9__MGr3G3H3I_000000020590	vRhyme_unbinned_9__MGr3G3H3I_000000020590_11	0.0000	low	1.0000	very high	0.0000	low
vRhyme_unbinned_9__MGr3G3H3I_000000020590	vRhyme_unbinned_9__MGr3G3H3I_000000020590	vRhyme_unbinned_9__MGr3G3H3I_000000020590_12	0.0000	low	1.0000	very high	0.0000	low
vRhyme_unbinned_9__MGr3G3H3I_000000020590	vRhyme_unbinned_9__MGr3G3H3I_000000020590	vRhyme_unbinned_9__MGr3G3H3I_000000020590_13	0.0000	low	1.0000	very high	0.0000	low
vRhyme_unbinned_9__MGr3G3H3I_000000020590	vRhyme_unbinned_9__MGr3G3H3I_000000020590	vRhyme_unbinned_9__MGr3G3H3I_000000020590_14	0.0000	low	1.0000	very high	0.0000	low
vRhyme_unbinned_9__MGr3G3H3I_000000020590	vRhyme_unbinned_9__MGr3G3H3I_000000020590	vRhyme_unbinned_9__MGr3G3H3I_000000020590_15	0.0000	low	1.0000	very high	0.0000	low
vRhyme_unbinned_9__MGr3G3H3I_000000020590	vRhyme_unbinned_9__MGr3G3H3I_000000020590	vRhyme_unbinned_9__MGr3G3H3I_000000020590_16	0.0000	low	1.0000	very high	0.0000	low
vRhyme_unbinned_9__MGr3G3H3I_000000020590	vRhyme_unbinned_9__MGr3G3H3I_000000020590	vRhyme_unbinned_9__MGr3G3H3I_000000020590_17	0.0000	low	1.0000	very high	0.0000	low
vRhyme_unbinned_9__MGr3G3H3I_000000020590	vRhyme_unbinned_9__MGr3G3H3I_000000020590	vRhyme_unbinned_9__MGr3G3H3I_000000020590_18	0.0000	low	1.0000	very high	0.0000	low
vRhyme_unbinned_9__MGr3G3H3I_000000020590	vRhyme_unbinned_9__MGr3G3H3I_000000020590	vRhyme_unbinned_9__MGr3G3H3I_000000020590_19	0.0000	low	1.0000	very high	0.0000	low
vRhyme_unbinned_9__MGr3G3H3I_000000020590	vRhyme_unbinned_9__MGr3G3H3I_000000020590	vRhyme_unbinned_9__MGr3G3H3I_000000020590_20	0.0000	low	1.0000	very high	0.0000	low
vRhyme_unbinned_9__MGr3G3H3I_000000020590	vRhyme_unbinned_9__MGr3G3H3I_000000020590	vRhyme_unbinned_9__MGr3G3H3I_000000020590_21	0.0000	low	1.0000	very high	0.0000	low
vRhyme_unbinned_9__MGr3G3H3I_000000020590	vRhyme_unbinned_9__MGr3G3H3I_000000020590	vRhyme_unbinned_9__MGr3G3H3I_000000020590_22	0.0000	low	1.0000	very high	0.0000	low
vRhyme_unbinned_9__MGr3G3H3I_000000020590	vRhyme_unbinned_9__MGr3G3H3I_000000020590	vRhyme_unbinned_9__MGr3G3H3I_000000020590_23	0.0000	low	1.0000	very high	0.0000	low
vRhyme_unbinned_9__MGr3G3H3I_000000020590	vRhyme_unbinned_9__MGr3G3H3I_000000020590	vRhyme_unbinned_9__MGr3G3H3I_000000020590_24	0.0000	low	1.0000	very high	0.0000	low
vRhyme_unbinned_9__MGr3G3H3I_000000020590	vRhyme_unbinned_9__MGr3G3H3I_000000020590	vRhyme_unbinned_9__MGr3G3H3I_000000020590_25	0.0000	low	1.0000	very high	0.0000	low
vRhyme_unbinned_9__MGr3G3H3I_000000020590	vRhyme_unbinned_9__MGr3G3H3I_000000020590	vRhyme_unbinned_9__MGr3G3H3I_000000020590_26	0.0000	low	1.0000	very high	0.0000	low
vRhyme_unbinned_53__MGr3G3H3I_000000162938	vRhyme_unbinned_53__MGr3G3H3I_000000162938	vRhyme_unbinned_53__MGr3G3H3I_000000162938_1	0.0000	low	0.0000	low	0.0000	low
vRhyme_unbinned_53__MGr3G3H3I_000000162938	vRhyme_unbinned_53__MGr3G3H3I_000000162938	vRhyme_unbinned_53__MGr3G3H3I_000000162938_2	0.0000	low	0.0000	low	0.0000	low
vRhyme_unbinned_53__MGr3G3H3I_000000162938	vRhyme_unbinned_53__MGr3G3H3I_000000162938	vRhyme_unbinned_53__MGr3G3H3I_000000162938_3	0.8994	high	0.0000	low	0.0000	low
vRhyme_unbinned_53__MGr3G3H3I_000000162938	vRhyme_unbinned_53__MGr3G3H3I_000000162938	vRhyme_unbinned_53__MGr3G3H3I_000000162938_4	0.0000	low	0.0000	low	0.0000	low
vRhyme_unbinned_53__MGr3G3H3I_000000162938	vRhyme_unbinned_53__MGr3G3H3I_000000162938	vRhyme_unbinned_53__MGr3G3H3I_000000162938_5	0.0000	low	0.0000	low	0.0000	low
vRhyme_unbinned_53__MGr3G3H3I_000000162938	vRhyme_unbinned_53__MGr3G3H3I_000000162938	vRhyme_unbinned_53__MGr3G3H3I_000000162938_6	1.0000	very high	0.0000	low	0.0000	low
vRhyme_unbinned_53__MGr3G3H3I_000000162938	vRhyme_unbinned_53__MGr3G3H3I_000000162938	vRhyme_unbinned_53__MGr3G3H3I_000000162938_7	0.0000	low	0.0000	low	0.0000	low
vRhyme_unbinned_53__MGr3G3H3I_000000162938	vRhyme_unbinned_53__MGr3G3H3I_000000162938	vRhyme_unbinned_53__MGr3G3H3I_000000162938_8	0.0000	low	0.0000	low	0.0000	low
vRhyme_unbinned_53__MGr3G3H3I_000000162938	vRhyme_unbinned_53__MGr3G3H3I_000000162938	vRhyme_unbinned_53__MGr3G3H3I_000000162938_9	0.0000	low	0.0000	low	0.0000	low
vRhyme_unbinned_53__MGr3G3H3I_000000162938	vRhyme_unbinned_53__MGr3G3H3I_000000162938	vRhyme_unbinned_53__MGr3G3H3I_000000162938_10	0.0000	low	0.0000	low	0.0000	low
vRhyme_unbinned_53__MGr3G3H3I_000000162938	vRhyme_unbinned_53__MGr3G3H3I_000000162938	vRhyme_unbinned_53__MGr3G3H3I_000000162938_11	0.0000	low	0.0000	low	0.0000	low
vRhyme_unbinned_53__MGr3G3H3I_000000162938	vRhyme_unbinned_53__MGr3G3H3I_000000162938	vRhyme_unbinned_53__MGr3G3H3I_000000162938_12	0.0000	low	0.0000	low	0.0000	low
vRhyme_unbinned_53__MGr3G3H3I_000000162938	vRhyme_unbinned_53__MGr3G3H3I_000000162938	vRhyme_unbinned_53__MGr3G3H3I_000000162938_13	0.0000	low	0.0000	low	0.0000	low
vRhyme_unbinned_53__MGr3G3H3I_000000162938	vRhyme_unbinned_53__MGr3G3H3I_000000162938	vRhyme_unbinned_53__MGr3G3H3I_000000162938_14	0.0000	low	0.0000	low	0.0000	low
vRhyme_unbinned_53__MGr3G3H3I_000000162938	vRhyme_unbinned_53__MGr3G3H3I_000000162938	vRhyme_unbinned_53__MGr3G3H3I_000000162938_15	0.0000	low	0.0000	low	0.0000	low
vRhyme_unbinned_53__MGr3G3H3I_000000162938	vRhyme_unbinned_53__MGr3G3H3I_000000162938	vRhyme_unbinned_53__MGr3G3H3I_000000162938_16	0.0000	low	0.0000	low	0.0000	low
vRhyme_unbinned_53__MGr3G3H3I_000000162938	vRhyme_unbinned_53__MGr3G3H3I_000000162938	vRhyme_unbinned_53__MGr3G3H3I_000000162938_17	0.0000	low	0.0000	low	0.0000	low
vRhyme_unbinned_53__MGr3G3H3I_000000162938	vRhyme_unbinned_53__MGr3G3H3I_000000162938	vRhyme_unbinned_53__MGr3G3H3I_000000162938_18	0.1422	medium	0.0000	low	0.0000	low
vRhyme_unbinned_53__MGr3G3H3I_000000162938	vRhyme_unbinned_53__MGr3G3H3I_000000162938	vRhyme_unbinned_53__MGr3G3H3I_000000162938_19	0.0000	low	0.0440	low	0.0000	low
vRhyme_unbinned_53__MGr3G3H3I_000000162938	vRhyme_unbinned_53__MGr3G3H3I_000000162938	vRhyme_unbinned_53__MGr3G3H3I_000000162938_20	0.0000	low	0.0000	low	0.0000	low
vRhyme_unbinned_53__MGr3G3H3I_000000162938	vRhyme_unbinned_53__MGr3G3H3I_000000162938	vRhyme_unbinned_53__MGr3G3H3I_000000162938_21	0.0000	low	0.0000	low	0.0000	low
vRhyme_unbinned_53__MGr3G3H3I_000000162938	vRhyme_unbinned_53__MGr3G3H3I_000000162938	vRhyme_unbinned_53__MGr3G3H3I_000000162938_22	0.0000	low	0.0000	low	0.0000	low
vRhyme_unbinned_53__MGr3G3H3I_000000162938	vRhyme_unbinned_53__MGr3G3H3I_000000162938	vRhyme_unbinned_53__MGr3G3H3I_000000162938_23	0.0000	low	0.0000	low	0.0000	low
vRhyme_unbinned_53__MGr3G3H3I_000000162938	vRhyme_unbinned_53__MGr3G3H3I_000000162938	vRhyme_unbinned_53__MGr3G3H3I_000000162938_24	0.0000	low	0.0000	low	0.0000	low
vRhyme_unbinned_53__MGr3G3H3I_000000162938	vRhyme_unbinned_53__MGr3G3H3I_000000162938	vRhyme_unbinned_53__MGr3G3H3I_000000162938_25	0.0000	low	0.0000	low	0.0000	low
vRhyme_unbinned_53__MGr3G3H3I_000000162938	vRhyme_unbinned_53__MGr3G3H3I_000000162938	vRhyme_unbinned_53__MGr3G3H3I_000000162938_26	0.0000	low	0.0000	low	0.0000	low
vRhyme_unbinned_65__MGr3G3H3I_000000190758	vRhyme_unbinned_65__MGr3G3H3I_000000190758	vRhyme_unbinned_65__MGr3G3H3I_000000190758_1	0.0000	low	1.0000	very high	0.0000	low
vRhyme_unbinned_65__MGr3G3H3I_000000190758	vRhyme_unbinned_65__MGr3G3H3I_000000190758	vRhyme_unbinned_65__MGr3G3H3I_000000190758_2	0.0000	low	1.0000	very high	0.0000	low
vRhyme_unbinned_65__MGr3G3H3I_000000190758	vRhyme_unbinned_65__MGr3G3H3I_000000190758	vRhyme_unbinned_65__MGr3G3H3I_000000190758_3	0.0000	low	1.0000	very high	0.0000	low
vRhyme_unbinned_65__MGr3G3H3I_000000190758	vRhyme_unbinned_65__MGr3G3H3I_000000190758	vRhyme_unbinned_65__MGr3G3H3I_000000190758_4	0.0000	low	1.0000	very high	0.0000	low
vRhyme_unbinned_65__MGr3G3H3I_000000190758	vRhyme_unbinned_65__MGr3G3H3I_000000190758	vRhyme_unbinned_65__MGr3G3H3I_000000190758_5	0.0000	low	1.0000	very high	0.0000	low
vRhyme_unbinned_65__MGr3G3H3I_000000190758	vRhyme_unbinned_65__MGr3G3H3I_000000190758	vRhyme_unbinned_65__MGr3G3H3I_000000190758_6	0.0000	low	1.0000	very high	0.0000	low
vRhyme_unbinned_65__MGr3G3H3I_000000190758	vRhyme_unbinned_65__MGr3G3H3I_000000190758	vRhyme_unbinned_65__MGr3G3H3I_000000190758_7	0.0000	low	1.0000	very high	0.0000	low
vRhyme_unbinned_65__MGr3G3H3I_000000190758	vRhyme_unbinned_65__MGr3G3H3I_000000190758	vRhyme_unbinned_65__MGr3G3H3I_000000190758_8	0.0000	low	1.0000	very high	0.0000	low
vRhyme_unbinned_65__MGr3G3H3I_000000190758	vRhyme_unbinned_65__MGr3G3H3I_000000190758	vRhyme_unbinned_65__MGr3G3H3I_000000190758_9	0.0000	low	1.0000	very high	0.0000	low
vRhyme_unbinned_65__MGr3G3H3I_000000190758	vRhyme_unbinned_65__MGr3G3H3I_000000190758	vRhyme_unbinned_65__MGr3G3H3I_000000190758_10	0.0000	low	1.0000	very high	0.0000	low
vRhyme_unbinned_65__MGr3G3H3I_000000190758	vRhyme_unbinned_65__MGr3G3H3I_000000190758	vRhyme_unbinned_65__MGr3G3H3I_000000190758_11	0.0000	low	1.0000	very high	0.0000	low
vRhyme_unbinned_65__MGr3G3H3I_000000190758	vRhyme_unbinned_65__MGr3G3H3I_000000190758	vRhyme_unbinned_65__MGr3G3H3I_000000190758_12	0.0000	low	1.0000	very high	0.0000	low
vRhyme_unbinned_65__MGr3G3H3I_000000190758	vRhyme_unbinned_65__MGr3G3H3I_000000190758	vRhyme_unbinned_65__MGr3G3H3I_000000190758_13	0.0000	low	1.0000	very high	0.0000	low
vRhyme_unbinned_65__MGr3G3H3I_000000190758	vRhyme_unbinned_65__MGr3G3H3I_000000190758	vRhyme_unbinned_65__MGr3G3H3I_000000190758_14	0.0000	low	1.0000	very high	0.0000	low
vRhyme_unbinned_65__MGr3G3H3I_000000190758	vRhyme_unbinned_65__MGr3G3H3I_000000190758	vRhyme_unbinned_65__MGr3G3H3I_000000190758_15	0.0000	low	1.0000	very high	0.0000	low
vRhyme_unbinned_65__MGr3G3H3I_000000190758	vRhyme_unbinned_65__MGr3G3H3I_000000190758	vRhyme_unbinned_65__MGr3G3H3I_000000190758_16	0.0000	low	1.0000	very high	0.0000	low
vRhyme_unbinned_65__MGr3G3H3I_000000190758	vRhyme_unbinned_65__MGr3G3H3I_000000190758	vRhyme_unbinned_65__MGr3G3H3I_000000190758_17	0.0000	low	1.0000	very high	0.0000	low
vRhyme_unbinned_65__MGr3G3H3I_000000190758	vRhyme_unbinned_65__MGr3G3H3I_000000190758	vRhyme_unbinned_65__MGr3G3H3I_000000190758_18	0.0000	low	1.0000	very high	0.0000	low
vRhyme_unbinned_65__MGr3G3H3I_000000190758	vRhyme_unbinned_65__MGr3G3H3I_000000190758	vRhyme_unbinned_65__MGr3G3H3I_000000190758_19	0.0000	low	1.0000	very high	0.0000	low
vRhyme_unbinned_65__MGr3G3H3I_000000190758	vRhyme_unbinned_65__MGr3G3H3I_000000190758	vRhyme_unbinned_65__MGr3G3H3I_000000190758_20	0.0000	low	1.0000	very high	0.0000	low
vRhyme_unbinned_56__MGr3G3H3I_000000166676	vRhyme_unbinned_56__MGr3G3H3I_000000166676	vRhyme_unbinned_56__MGr3G3H3I_000000166676_1	0.0000	low	1.0000	very high	0.0000	low
vRhyme_unbinned_56__MGr3G3H3I_000000166676	vRhyme_unbinned_56__MGr3G3H3I_000000166676	vRhyme_unbinned_56__MGr3G3H3I_000000166676_2	0.0000	low	1.0000	very high	0.0000	low
vRhyme_unbinned_56__MGr3G3H3I_000000166676	vRhyme_unbinned_56__MGr3G3H3I_000000166676	vRhyme_unbinned_56__MGr3G3H3I_000000166676_3	0.0000	low	1.0000	very high	0.0000	low
vRhyme_unbinned_56__MGr3G3H3I_000000166676	vRhyme_unbinned_56__MGr3G3H3I_000000166676	vRhyme_unbinned_56__MGr3G3H3I_000000166676_4	0.0000	low	1.0000	very high	0.0000	low
vRhyme_unbinned_56__MGr3G3H3I_000000166676	vRhyme_unbinned_56__MGr3G3H3I_000000166676	vRhyme_unbinned_56__MGr3G3H3I_000000166676_5	0.0000	low	1.0000	very high	0.0000	low
vRhyme_unbinned_56__MGr3G3H3I_000000166676	vRhyme_unbinned_56__MGr3G3H3I_000000166676	vRhyme_unbinned_56__MGr3G3H3I_000000166676_6	0.0000	low	1.0000	very high	0.0000	low
vRhyme_unbinned_56__MGr3G3H3I_000000166676	vRhyme_unbinned_56__MGr3G3H3I_000000166676	vRhyme_unbinned_56__MGr3G3H3I_000000166676_7	0.0000	low	1.0000	very high	0.0000	low
vRhyme_unbinned_56__MGr3G3H3I_000000166676	vRhyme_unbinned_56__MGr3G3H3I_000000166676	vRhyme_unbinned_56__MGr3G3H3I_000000166676_8	0.0000	low	1.0000	very high	0.0000	low
vRhyme_unbinned_56__MGr3G3H3I_000000166676	vRhyme_unbinned_56__MGr3G3H3I_000000166676	vRhyme_unbinned_56__MGr3G3H3I_000000166676_9	0.0000	low	1.0000	very high	0.0000	low
vRhyme_unbinned_56__MGr3G3H3I_000000166676	vRhyme_unbinned_56__MGr3G3H3I_000000166676	vRhyme_unbinned_56__MGr3G3H3I_000000166676_10	0.0000	low	1.0000	very high	0.0000	low
vRhyme_unbinned_56__MGr3G3H3I_000000166676	vRhyme_unbinned_56__MGr3G3H3I_000000166676	vRhyme_unbinned_56__MGr3G3H3I_000000166676_11	0.0000	low	1.0000	very high	0.0000	low
vRhyme_unbinned_56__MGr3G3H3I_000000166676	vRhyme_unbinned_56__MGr3G3H3I_000000166676	vRhyme_unbinned_56__MGr3G3H3I_000000166676_12	0.0000	low	1.0000	very high	0.0000	low
vRhyme_unbinned_56__MGr3G3H3I_000000166676	vRhyme_unbinned_56__MGr3G3H3I_000000166676	vRhyme_unbinned_56__MGr3G3H3I_000000166676_13	0.0000	low	1.0000	very high	0.0000	low
vRhyme_unbinned_56__MGr3G3H3I_000000166676	vRhyme_unbinned_56__MGr3G3H3I_000000166676	vRhyme_unbinned_56__MGr3G3H3I_000000166676_14	0.0000	low	1.0000	very high	0.0000	low
vRhyme_unbinned_56__MGr3G3H3I_000000166676	vRhyme_unbinned_56__MGr3G3H3I_000000166676	vRhyme_unbinned_56__MGr3G3H3I_000000166676_15	0.0000	low	1.0000	very high	0.0000	low
vRhyme_unbinned_56__MGr3G3H3I_000000166676	vRhyme_unbinned_56__MGr3G3H3I_000000166676	vRhyme_unbinned_56__MGr3G3H3I_000000166676_16	0.0000	low	1.0000	very high	0.0000	low
vRhyme_unbinned_56__MGr3G3H3I_000000166676	vRhyme_unbinned_56__MGr3G3H3I_000000166676	vRhyme_unbinned_56__MGr3G3H3I_000000166676_17	0.0000	low	1.0000	very high	0.0000	low
vRhyme_unbinned_56__MGr3G3H3I_000000166676	vRhyme_unbinned_56__MGr3G3H3I_000000166676	vRhyme_unbinned_56__MGr3G3H3I_000000166676_18	0.0000	low	1.0000	very high	0.0000	low
vRhyme_unbinned_56__MGr3G3H3I_000000166676	vRhyme_unbinned_56__MGr3G3H3I_000000166676	vRhyme_unbinned_56__MGr3G3H3I_000000166676_19	0.0000	low	1.0000	very high	0.0000	low
vRhyme_unbinned_56__MGr3G3H3I_000000166676	vRhyme_unbinned_56__MGr3G3H3I_000000166676	vRhyme_unbinned_56__MGr3G3H3I_000000166676_20	0.0000	low	1.0000	very high	0.0000	low
vRhyme_unbinned_56__MGr3G3H3I_000000166676	vRhyme_unbinned_56__MGr3G3H3I_000000166676	vRhyme_unbinned_56__MGr3G3H3I_000000166676_21	0.0000	low	1.0000	very high	0.0000	low
vRhyme_unbinned_56__MGr3G3H3I_000000166676	vRhyme_unbinned_56__MGr3G3H3I_000000166676	vRhyme_unbinned_56__MGr3G3H3I_000000166676_22	0.0000	low	1.0000	very high	0.0000	low
vRhyme_unbinned_56__MGr3G3H3I_000000166676	vRhyme_unbinned_56__MGr3G3H3I_000000166676	vRhyme_unbinned_56__MGr3G3H3I_000000166676_23	0.0000	low	1.0000	very high	0.0000	low
vRhyme_unbinned_56__MGr3G3H3I_000000166676	vRhyme_unbinned_56__MGr3G3H3I_000000166676	vRhyme_unbinned_56__MGr3G3H3I_000000166676_24	0.0000	low	1.0000	very high	0.0000	low
vRhyme_unbinned_56__MGr3G3H3I_000000166676	vRhyme_unbinned_56__MGr3G3H3I_000000166676	vRhyme_unbinned_56__MGr3G3H3I_000000166676_25	0.0000	low	1.0000	very high	0.0000	low
vRhyme_unbinned_56__MGr3G3H3I_000000166676	vRhyme_unbinned_56__MGr3G3H3I_000000166676	vRhyme_unbinned_56__MGr3G3H3I_000000166676_26	0.0000	low	1.0000	very high	0.0000	low
vRhyme_unbinned_56__MGr3G3H3I_000000166676	vRhyme_unbinned_56__MGr3G3H3I_000000166676	vRhyme_unbinned_56__MGr3G3H3I_000000166676_27	0.0000	low	1.0000	very high	0.0000	low
vRhyme_unbinned_56__MGr3G3H3I_000000166676	vRhyme_unbinned_56__MGr3G3H3I_000000166676	vRhyme_unbinned_56__MGr3G3H3I_000000166676_28	0.0000	low	1.0000	very high	0.0000	low
vRhyme_unbinned_56__MGr3G3H3I_000000166676	vRhyme_unbinned_56__MGr3G3H3I_000000166676	vRhyme_unbinned_56__MGr3G3H3I_000000166676_29	0.0000	low	1.0000	very high	0.0000	low
vRhyme_unbinned_56__MGr3G3H3I_000000166676	vRhyme_unbinned_56__MGr3G3H3I_000000166676	vRhyme_unbinned_56__MGr3G3H3I_000000166676_30	0.0000	low	1.0000	very high	0.0000	low
vRhyme_unbinned_56__MGr3G3H3I_000000166676	vRhyme_unbinned_56__MGr3G3H3I_000000166676	vRhyme_unbinned_56__MGr3G3H3I_000000166676_31	0.0000	low	1.0000	very high	0.0000	low
vRhyme_unbinned_56__MGr3G3H3I_000000166676	vRhyme_unbinned_56__MGr3G3H3I_000000166676	vRhyme_unbinned_56__MGr3G3H3I_000000166676_32	0.0000	low	1.0000	very high	0.0000	low
vRhyme_unbinned_62__MGr3G3H3I_000000188077	vRhyme_unbinned_62__MGr3G3H3I_000000188077	vRhyme_unbinned_62__MGr3G3H3I_000000188077_1	0.0000	low	1.0000	very high	0.0000	low
vRhyme_unbinned_62__MGr3G3H3I_000000188077	vRhyme_unbinned_62__MGr3G3H3I_000000188077	vRhyme_unbinned_62__MGr3G3H3I_000000188077_2	0.0000	low	1.0000	very high	0.0000	low
vRhyme_unbinned_62__MGr3G3H3I_000000188077	vRhyme_unbinned_62__MGr3G3H3I_000000188077	vRhyme_unbinned_62__MGr3G3H3I_000000188077_3	0.0000	low	1.0000	very high	0.0000	low
vRhyme_unbinned_62__MGr3G3H3I_000000188077	vRhyme_unbinned_62__MGr3G3H3I_000000188077	vRhyme_unbinned_62__MGr3G3H3I_000000188077_4	0.0000	low	1.0000	very high	0.0000	low
vRhyme_unbinned_62__MGr3G3H3I_000000188077	vRhyme_unbinned_62__MGr3G3H3I_000000188077	vRhyme_unbinned_62__MGr3G3H3I_000000188077_5	0.0000	low	1.0000	very high	0.0000	low
vRhyme_unbinned_62__MGr3G3H3I_000000188077	vRhyme_unbinned_62__MGr3G3H3I_000000188077	vRhyme_unbinned_62__MGr3G3H3I_000000188077_6	0.0000	low	1.0000	very high	0.0000	low
vRhyme_unbinned_62__MGr3G3H3I_000000188077	vRhyme_unbinned_62__MGr3G3H3I_000000188077	vRhyme_unbinned_62__MGr3G3H3I_000000188077_7	0.0000	low	1.0000	very high	0.0000	low
vRhyme_unbinned_62__MGr3G3H3I_000000188077	vRhyme_unbinned_62__MGr3G3H3I_000000188077	vRhyme_unbinned_62__MGr3G3H3I_000000188077_8	0.0000	low	1.0000	very high	0.0000	low
vRhyme_unbinned_62__MGr3G3H3I_000000188077	vRhyme_unbinned_62__MGr3G3H3I_000000188077	vRhyme_unbinned_62__MGr3G3H3I_000000188077_9	0.0537	low	1.0000	very high	0.0537	low
vRhyme_unbinned_62__MGr3G3H3I_000000188077	vRhyme_unbinned_62__MGr3G3H3I_000000188077	vRhyme_unbinned_62__MGr3G3H3I_000000188077_10	0.0000	low	1.0000	very high	0.0000	low
vRhyme_unbinned_62__MGr3G3H3I_000000188077	vRhyme_unbinned_62__MGr3G3H3I_000000188077	vRhyme_unbinned_62__MGr3G3H3I_000000188077_11	0.0000	low	1.0000	very high	0.0000	low
vRhyme_unbinned_62__MGr3G3H3I_000000188077	vRhyme_unbinned_62__MGr3G3H3I_000000188077	vRhyme_unbinned_62__MGr3G3H3I_000000188077_12	0.0000	low	1.0000	very high	0.0000	low
vRhyme_unbinned_62__MGr3G3H3I_000000188077	vRhyme_unbinned_62__MGr3G3H3I_000000188077	vRhyme_unbinned_62__MGr3G3H3I_000000188077_13	0.0000	low	1.0000	very high	0.0000	low
vRhyme_unbinned_62__MGr3G3H3I_000000188077	vRhyme_unbinned_62__MGr3G3H3I_000000188077	vRhyme_unbinned_62__MGr3G3H3I_000000188077_14	0.0000	low	1.0000	very high	0.0000	low
vRhyme_unbinned_62__MGr3G3H3I_000000188077	vRhyme_unbinned_62__MGr3G3H3I_000000188077	vRhyme_unbinned_62__MGr3G3H3I_000000188077_15	0.0000	low	1.0000	very high	0.0000	low
vRhyme_unbinned_62__MGr3G3H3I_000000188077	vRhyme_unbinned_62__MGr3G3H3I_000000188077	vRhyme_unbinned_62__MGr3G3H3I_000000188077_16	0.0000	low	1.0000	very high	0.0000	low
vRhyme_unbinned_62__MGr3G3H3I_000000188077	vRhyme_unbinned_62__MGr3G3H3I_000000188077	vRhyme_unbinned_62__MGr3G3H3I_000000188077_17	0.0000	low	1.0000	very high	0.0000	low
vRhyme_unbinned_62__MGr3G3H3I_000000188077	vRhyme_unbinned_62__MGr3G3H3I_000000188077	vRhyme_unbinned_62__MGr3G3H3I_000000188077_18	0.0000	low	1.0000	very high	0.0000	low
vRhyme_unbinned_62__MGr3G3H3I_000000188077	vRhyme_unbinned_62__MGr3G3H3I_000000188077	vRhyme_unbinned_62__MGr3G3H3I_000000188077_19	0.0000	low	1.0000	very high	0.0000	low
vRhyme_unbinned_62__MGr3G3H3I_000000188077	vRhyme_unbinned_62__MGr3G3H3I_000000188077	vRhyme_unbinned_62__MGr3G3H3I_000000188077_20	0.0000	low	1.0000	very high	0.0000	low
vRhyme_unbinned_62__MGr3G3H3I_000000188077	vRhyme_unbinned_62__MGr3G3H3I_000000188077	vRhyme_unbinned_62__MGr3G3H3I_000000188077_21	0.0000	low	1.0000	very high	0.0000	low
vRhyme_unbinned_62__MGr3G3H3I_000000188077	vRhyme_unbinned_62__MGr3G3H3I_000000188077	vRhyme_unbinned_62__MGr3G3H3I_000000188077_22	0.0000	low	1.0000	very high	0.0000	low
vRhyme_unbinned_62__MGr3G3H3I_000000188077	vRhyme_unbinned_62__MGr3G3H3I_000000188077	vRhyme_unbinned_62__MGr3G3H3I_000000188077_23	0.0000	low	1.0000	very high	0.0000	low
vRhyme_unbinned_62__MGr3G3H3I_000000188077	vRhyme_unbinned_62__MGr3G3H3I_000000188077	vRhyme_unbinned_62__MGr3G3H3I_000000188077_24	0.0000	low	1.0000	very high	0.0000	low
vRhyme_unbinned_62__MGr3G3H3I_000000188077	vRhyme_unbinned_62__MGr3G3H3I_000000188077	vRhyme_unbinned_62__MGr3G3H3I_000000188077_25	0.9139	high	1.0000	very high	0.9139	very high
vRhyme_unbinned_62__MGr3G3H3I_000000188077	vRhyme_unbinned_62__MGr3G3H3I_000000188077	vRhyme_unbinned_62__MGr3G3H3I_000000188077_26	0.0000	low	1.0000	very high	0.0000	low
vRhyme_unbinned_62__MGr3G3H3I_000000188077	vRhyme_unbinned_62__MGr3G3H3I_000000188077	vRhyme_unbinned_62__MGr3G3H3I_000000188077_27	0.0000	low	1.0000	very high	0.0000	low
vRhyme_unbinned_62__MGr3G3H3I_000000188077	vRhyme_unbinned_62__MGr3G3H3I_000000188077	vRhyme_unbinned_62__MGr3G3H3I_000000188077_28	0.0000	low	1.0000	very high	0.0000	low
vRhyme_unbinned_62__MGr3G3H3I_000000188077	vRhyme_unbinned_62__MGr3G3H3I_000000188077	vRhyme_unbinned_62__MGr3G3H3I_000000188077_29	0.0000	low	1.0000	very high	0.0000	low
vRhyme_unbinned_99__MGr3G3H3I_000000077756|provirus_33272_71474	vRhyme_unbinned_99__MGr3G3H3I_000000077756|provirus_33272_71474	vRhyme_unbinned_99__MGr3G3H3I_000000077756|provirus_33272_71474_1	0.0489	low	0.0000	low	0.0000	low
vRhyme_unbinned_99__MGr3G3H3I_000000077756|provirus_33272_71474	vRhyme_unbinned_99__MGr3G3H3I_000000077756|provirus_33272_71474	vRhyme_unbinned_99__MGr3G3H3I_000000077756|provirus_33272_71474_2	0.0000	low	0.0000	low	0.0000	low
vRhyme_unbinned_99__MGr3G3H3I_000000077756|provirus_33272_71474	vRhyme_unbinned_99__MGr3G3H3I_000000077756|provirus_33272_71474	vRhyme_unbinned_99__MGr3G3H3I_000000077756|provirus_33272_71474_3	0.0000	low	0.0000	low	0.0000	low
vRhyme_unbinned_99__MGr3G3H3I_000000077756|provirus_33272_71474	vRhyme_unbinned_99__MGr3G3H3I_000000077756|provirus_33272_71474	vRhyme_unbinned_99__MGr3G3H3I_000000077756|provirus_33272_71474_4	0.0000	low	0.0000	low	0.0000	low
vRhyme_unbinned_99__MGr3G3H3I_000000077756|provirus_33272_71474	vRhyme_unbinned_99__MGr3G3H3I_000000077756|provirus_33272_71474	vRhyme_unbinned_99__MGr3G3H3I_000000077756|provirus_33272_71474_5	0.0000	low	0.0000	low	0.0000	low
vRhyme_unbinned_99__MGr3G3H3I_000000077756|provirus_33272_71474	vRhyme_unbinned_99__MGr3G3H3I_000000077756|provirus_33272_71474	vRhyme_unbinned_99__MGr3G3H3I_000000077756|provirus_33272_71474_6	0.0000	low	0.0000	low	0.0000	low
vRhyme_unbinned_99__MGr3G3H3I_000000077756|provirus_33272_71474	vRhyme_unbinned_99__MGr3G3H3I_000000077756|provirus_33272_71474	vRhyme_unbinned_99__MGr3G3H3I_000000077756|provirus_33272_71474_7	0.0000	low	0.0000	low	0.0000	low
vRhyme_unbinned_99__MGr3G3H3I_000000077756|provirus_33272_71474	vRhyme_unbinned_99__MGr3G3H3I_000000077756|provirus_33272_71474	vRhyme_unbinned_99__MGr3G3H3I_000000077756|provirus_33272_71474_8	0.0000	low	0.0000	low	0.0000	low
vRhyme_unbinned_99__MGr3G3H3I_000000077756|provirus_33272_71474	vRhyme_unbinned_99__MGr3G3H3I_000000077756|provirus_33272_71474	vRhyme_unbinned_99__MGr3G3H3I_000000077756|provirus_33272_71474_9	0.0000	low	0.0000	low	0.0000	low
vRhyme_unbinned_99__MGr3G3H3I_000000077756|provirus_33272_71474	vRhyme_unbinned_99__MGr3G3H3I_000000077756|provirus_33272_71474	vRhyme_unbinned_99__MGr3G3H3I_000000077756|provirus_33272_71474_10	0.0000	low	0.0000	low	0.0000	low
vRhyme_unbinned_99__MGr3G3H3I_000000077756|provirus_33272_71474	vRhyme_unbinned_99__MGr3G3H3I_000000077756|provirus_33272_71474	vRhyme_unbinned_99__MGr3G3H3I_000000077756|provirus_33272_71474_11	0.0000	low	0.0000	low	0.0000	low
vRhyme_unbinned_99__MGr3G3H3I_000000077756|provirus_33272_71474	vRhyme_unbinned_99__MGr3G3H3I_000000077756|provirus_33272_71474	vRhyme_unbinned_99__MGr3G3H3I_000000077756|provirus_33272_71474_12	0.0000	low	0.0000	low	0.0000	low
vRhyme_unbinned_99__MGr3G3H3I_000000077756|provirus_33272_71474	vRhyme_unbinned_99__MGr3G3H3I_000000077756|provirus_33272_71474	vRhyme_unbinned_99__MGr3G3H3I_000000077756|provirus_33272_71474_13	0.3959	medium	0.0000	low	0.0000	low
vRhyme_unbinned_99__MGr3G3H3I_000000077756|provirus_33272_71474	vRhyme_unbinned_99__MGr3G3H3I_000000077756|provirus_33272_71474	vRhyme_unbinned_99__MGr3G3H3I_000000077756|provirus_33272_71474_14	0.3774	medium	0.0000	low	0.0000	low
vRhyme_unbinned_99__MGr3G3H3I_000000077756|provirus_33272_71474	vRhyme_unbinned_99__MGr3G3H3I_000000077756|provirus_33272_71474	vRhyme_unbinned_99__MGr3G3H3I_000000077756|provirus_33272_71474_15	0.0000	low	0.0000	low	0.0000	low
vRhyme_unbinned_99__MGr3G3H3I_000000077756|provirus_33272_71474	vRhyme_unbinned_99__MGr3G3H3I_000000077756|provirus_33272_71474	vRhyme_unbinned_99__MGr3G3H3I_000000077756|provirus_33272_71474_16	0.0000	low	0.0000	low	0.0000	low
vRhyme_unbinned_99__MGr3G3H3I_000000077756|provirus_33272_71474	vRhyme_unbinned_99__MGr3G3H3I_000000077756|provirus_33272_71474	vRhyme_unbinned_99__MGr3G3H3I_000000077756|provirus_33272_71474_17	0.0000	low	0.0000	low	0.0000	low
vRhyme_unbinned_99__MGr3G3H3I_000000077756|provirus_33272_71474	vRhyme_unbinned_99__MGr3G3H3I_000000077756|provirus_33272_71474	vRhyme_unbinned_99__MGr3G3H3I_000000077756|provirus_33272_71474_18	0.0000	low	0.0000	low	0.0000	low
vRhyme_unbinned_99__MGr3G3H3I_000000077756|provirus_33272_71474	vRhyme_unbinned_99__MGr3G3H3I_000000077756|provirus_33272_71474	vRhyme_unbinned_99__MGr3G3H3I_000000077756|provirus_33272_71474_19	0.0000	low	0.0000	low	0.0000	low
vRhyme_unbinned_99__MGr3G3H3I_000000077756|provirus_33272_71474	vRhyme_unbinned_99__MGr3G3H3I_000000077756|provirus_33272_71474	vRhyme_unbinned_99__MGr3G3H3I_000000077756|provirus_33272_71474_20	0.0000	low	0.0000	low	0.0000	low
vRhyme_unbinned_99__MGr3G3H3I_000000077756|provirus_33272_71474	vRhyme_unbinned_99__MGr3G3H3I_000000077756|provirus_33272_71474	vRhyme_unbinned_99__MGr3G3H3I_000000077756|provirus_33272_71474_21	0.0507	low	0.0000	low	0.0000	low
vRhyme_unbinned_99__MGr3G3H3I_000000077756|provirus_33272_71474	vRhyme_unbinned_99__MGr3G3H3I_000000077756|provirus_33272_71474	vRhyme_unbinned_99__MGr3G3H3I_000000077756|provirus_33272_71474_22	0.0000	low	0.0000	low	0.0000	low
vRhyme_unbinned_99__MGr3G3H3I_000000077756|provirus_33272_71474	vRhyme_unbinned_99__MGr3G3H3I_000000077756|provirus_33272_71474	vRhyme_unbinned_99__MGr3G3H3I_000000077756|provirus_33272_71474_23	0.0000	low	0.0000	low	0.0000	low
vRhyme_unbinned_99__MGr3G3H3I_000000077756|provirus_33272_71474	vRhyme_unbinned_99__MGr3G3H3I_000000077756|provirus_33272_71474	vRhyme_unbinned_99__MGr3G3H3I_000000077756|provirus_33272_71474_24	0.0000	low	0.0000	low	0.0000	low
vRhyme_unbinned_99__MGr3G3H3I_000000077756|provirus_33272_71474	vRhyme_unbinned_99__MGr3G3H3I_000000077756|provirus_33272_71474	vRhyme_unbinned_99__MGr3G3H3I_000000077756|provirus_33272_71474_25	0.0000	low	0.0000	low	0.0000	low
vRhyme_unbinned_99__MGr3G3H3I_000000077756|provirus_33272_71474	vRhyme_unbinned_99__MGr3G3H3I_000000077756|provirus_33272_71474	vRhyme_unbinned_99__MGr3G3H3I_000000077756|provirus_33272_71474_26	0.3305	medium	0.0000	low	0.0000	low
vRhyme_unbinned_99__MGr3G3H3I_000000077756|provirus_33272_71474	vRhyme_unbinned_99__MGr3G3H3I_000000077756|provirus_33272_71474	vRhyme_unbinned_99__MGr3G3H3I_000000077756|provirus_33272_71474_27	0.2035	medium	0.0000	low	0.0000	low
vRhyme_unbinned_99__MGr3G3H3I_000000077756|provirus_33272_71474	vRhyme_unbinned_99__MGr3G3H3I_000000077756|provirus_33272_71474	vRhyme_unbinned_99__MGr3G3H3I_000000077756|provirus_33272_71474_28	0.0000	low	0.0000	low	0.0000	low
vRhyme_unbinned_99__MGr3G3H3I_000000077756|provirus_33272_71474	vRhyme_unbinned_99__MGr3G3H3I_000000077756|provirus_33272_71474	vRhyme_unbinned_99__MGr3G3H3I_000000077756|provirus_33272_71474_29	0.1592	medium	0.0000	low	0.0000	low
vRhyme_unbinned_99__MGr3G3H3I_000000077756|provirus_33272_71474	vRhyme_unbinned_99__MGr3G3H3I_000000077756|provirus_33272_71474	vRhyme_unbinned_99__MGr3G3H3I_000000077756|provirus_33272_71474_30	0.0000	low	0.0000	low	0.0000	low
vRhyme_unbinned_99__MGr3G3H3I_000000077756|provirus_33272_71474	vRhyme_unbinned_99__MGr3G3H3I_000000077756|provirus_33272_71474	vRhyme_unbinned_99__MGr3G3H3I_000000077756|provirus_33272_71474_31	0.0000	low	0.0000	low	0.0000	low
vRhyme_unbinned_99__MGr3G3H3I_000000077756|provirus_33272_71474	vRhyme_unbinned_99__MGr3G3H3I_000000077756|provirus_33272_71474	vRhyme_unbinned_99__MGr3G3H3I_000000077756|provirus_33272_71474_32	0.0000	low	0.0000	low	0.0000	low
vRhyme_unbinned_99__MGr3G3H3I_000000077756|provirus_33272_71474	vRhyme_unbinned_99__MGr3G3H3I_000000077756|provirus_33272_71474	vRhyme_unbinned_99__MGr3G3H3I_000000077756|provirus_33272_71474_33	0.0000	low	0.0000	low	0.0000	low
vRhyme_unbinned_99__MGr3G3H3I_000000077756|provirus_33272_71474	vRhyme_unbinned_99__MGr3G3H3I_000000077756|provirus_33272_71474	vRhyme_unbinned_99__MGr3G3H3I_000000077756|provirus_33272_71474_34	0.0000	low	0.0000	low	0.0000	low
vRhyme_unbinned_99__MGr3G3H3I_000000077756|provirus_33272_71474	vRhyme_unbinned_99__MGr3G3H3I_000000077756|provirus_33272_71474	vRhyme_unbinned_99__MGr3G3H3I_000000077756|provirus_33272_71474_35	0.3512	medium	0.0000	low	0.0000	low
vRhyme_unbinned_99__MGr3G3H3I_000000077756|provirus_33272_71474	vRhyme_unbinned_99__MGr3G3H3I_000000077756|provirus_33272_71474	vRhyme_unbinned_99__MGr3G3H3I_000000077756|provirus_33272_71474_36	0.0000	low	0.0000	low	0.0000	low
vRhyme_unbinned_99__MGr3G3H3I_000000077756|provirus_33272_71474	vRhyme_unbinned_99__MGr3G3H3I_000000077756|provirus_33272_71474	vRhyme_unbinned_99__MGr3G3H3I_000000077756|provirus_33272_71474_37	0.0000	low	0.0000	low	0.0000	low
vRhyme_unbinned_99__MGr3G3H3I_000000077756|provirus_33272_71474	vRhyme_unbinned_99__MGr3G3H3I_000000077756|provirus_33272_71474	vRhyme_unbinned_99__MGr3G3H3I_000000077756|provirus_33272_71474_38	0.0000	low	0.0000	low	0.0000	low
vRhyme_unbinned_99__MGr3G3H3I_000000077756|provirus_33272_71474	vRhyme_unbinned_99__MGr3G3H3I_000000077756|provirus_33272_71474	vRhyme_unbinned_99__MGr3G3H3I_000000077756|provirus_33272_71474_39	0.0000	low	0.0000	low	0.0000	low
vRhyme_unbinned_64__MGr3G3H3I_000000189417	vRhyme_unbinned_64__MGr3G3H3I_000000189417	vRhyme_unbinned_64__MGr3G3H3I_000000189417_1	0.0000	low	1.0000	very high	0.0000	low
vRhyme_unbinned_64__MGr3G3H3I_000000189417	vRhyme_unbinned_64__MGr3G3H3I_000000189417	vRhyme_unbinned_64__MGr3G3H3I_000000189417_2	0.0000	low	1.0000	very high	0.0000	low
vRhyme_unbinned_64__MGr3G3H3I_000000189417	vRhyme_unbinned_64__MGr3G3H3I_000000189417	vRhyme_unbinned_64__MGr3G3H3I_000000189417_3	0.0000	low	1.0000	very high	0.0000	low
vRhyme_unbinned_64__MGr3G3H3I_000000189417	vRhyme_unbinned_64__MGr3G3H3I_000000189417	vRhyme_unbinned_64__MGr3G3H3I_000000189417_4	0.0000	low	1.0000	very high	0.0000	low
vRhyme_unbinned_64__MGr3G3H3I_000000189417	vRhyme_unbinned_64__MGr3G3H3I_000000189417	vRhyme_unbinned_64__MGr3G3H3I_000000189417_5	0.0000	low	1.0000	very high	0.0000	low
vRhyme_unbinned_64__MGr3G3H3I_000000189417	vRhyme_unbinned_64__MGr3G3H3I_000000189417	vRhyme_unbinned_64__MGr3G3H3I_000000189417_6	0.0000	low	1.0000	very high	0.0000	low
vRhyme_unbinned_64__MGr3G3H3I_000000189417	vRhyme_unbinned_64__MGr3G3H3I_000000189417	vRhyme_unbinned_64__MGr3G3H3I_000000189417_7	0.0000	low	1.0000	very high	0.0000	low
vRhyme_unbinned_64__MGr3G3H3I_000000189417	vRhyme_unbinned_64__MGr3G3H3I_000000189417	vRhyme_unbinned_64__MGr3G3H3I_000000189417_8	0.0000	low	1.0000	very high	0.0000	low
vRhyme_unbinned_64__MGr3G3H3I_000000189417	vRhyme_unbinned_64__MGr3G3H3I_000000189417	vRhyme_unbinned_64__MGr3G3H3I_000000189417_9	0.0000	low	1.0000	very high	0.0000	low
vRhyme_unbinned_64__MGr3G3H3I_000000189417	vRhyme_unbinned_64__MGr3G3H3I_000000189417	vRhyme_unbinned_64__MGr3G3H3I_000000189417_10	0.0000	low	1.0000	very high	0.0000	low
vRhyme_unbinned_64__MGr3G3H3I_000000189417	vRhyme_unbinned_64__MGr3G3H3I_000000189417	vRhyme_unbinned_64__MGr3G3H3I_000000189417_11	0.0000	low	1.0000	very high	0.0000	low
vRhyme_unbinned_64__MGr3G3H3I_000000189417	vRhyme_unbinned_64__MGr3G3H3I_000000189417	vRhyme_unbinned_64__MGr3G3H3I_000000189417_12	0.0000	low	1.0000	very high	0.0000	low
vRhyme_unbinned_5__MGr3G3H3I_000000011984	vRhyme_unbinned_5__MGr3G3H3I_000000011984	vRhyme_unbinned_5__MGr3G3H3I_000000011984_1	0.0000	low	0.9481	high	0.0000	low
vRhyme_unbinned_5__MGr3G3H3I_000000011984	vRhyme_unbinned_5__MGr3G3H3I_000000011984	vRhyme_unbinned_5__MGr3G3H3I_000000011984_2	0.0000	low	0.7708	high	0.0000	low
vRhyme_unbinned_5__MGr3G3H3I_000000011984	vRhyme_unbinned_5__MGr3G3H3I_000000011984	vRhyme_unbinned_5__MGr3G3H3I_000000011984_3	0.0000	low	0.9549	high	0.0000	low
vRhyme_unbinned_5__MGr3G3H3I_000000011984	vRhyme_unbinned_5__MGr3G3H3I_000000011984	vRhyme_unbinned_5__MGr3G3H3I_000000011984_4	0.0000	low	0.9562	high	0.0000	low
vRhyme_unbinned_5__MGr3G3H3I_000000011984	vRhyme_unbinned_5__MGr3G3H3I_000000011984	vRhyme_unbinned_5__MGr3G3H3I_000000011984_5	0.0000	low	1.0000	very high	0.0000	low
vRhyme_unbinned_5__MGr3G3H3I_000000011984	vRhyme_unbinned_5__MGr3G3H3I_000000011984	vRhyme_unbinned_5__MGr3G3H3I_000000011984_6	0.0000	low	0.9005	high	0.0000	low
vRhyme_unbinned_5__MGr3G3H3I_000000011984	vRhyme_unbinned_5__MGr3G3H3I_000000011984	vRhyme_unbinned_5__MGr3G3H3I_000000011984_7	0.0000	low	0.9027	high	0.0000	low
vRhyme_unbinned_5__MGr3G3H3I_000000011984	vRhyme_unbinned_5__MGr3G3H3I_000000011984	vRhyme_unbinned_5__MGr3G3H3I_000000011984_8	0.0000	low	1.0000	very high	0.0000	low
vRhyme_unbinned_5__MGr3G3H3I_000000011984	vRhyme_unbinned_5__MGr3G3H3I_000000011984	vRhyme_unbinned_5__MGr3G3H3I_000000011984_9	0.0000	low	1.0000	very high	0.0000	low
vRhyme_unbinned_5__MGr3G3H3I_000000011984	vRhyme_unbinned_5__MGr3G3H3I_000000011984	vRhyme_unbinned_5__MGr3G3H3I_000000011984_10	0.0000	low	0.7966	high	0.0000	low
vRhyme_unbinned_5__MGr3G3H3I_000000011984	vRhyme_unbinned_5__MGr3G3H3I_000000011984	vRhyme_unbinned_5__MGr3G3H3I_000000011984_11	0.0000	low	0.8810	high	0.0000	low
vRhyme_unbinned_5__MGr3G3H3I_000000011984	vRhyme_unbinned_5__MGr3G3H3I_000000011984	vRhyme_unbinned_5__MGr3G3H3I_000000011984_12	0.0000	low	1.0000	very high	0.0000	low
vRhyme_unbinned_5__MGr3G3H3I_000000011984	vRhyme_unbinned_5__MGr3G3H3I_000000011984	vRhyme_unbinned_5__MGr3G3H3I_000000011984_13	0.0000	low	1.0000	very high	0.0000	low
vRhyme_unbinned_5__MGr3G3H3I_000000011984	vRhyme_unbinned_5__MGr3G3H3I_000000011984	vRhyme_unbinned_5__MGr3G3H3I_000000011984_14	0.0000	low	0.8706	high	0.0000	low
vRhyme_unbinned_5__MGr3G3H3I_000000011984	vRhyme_unbinned_5__MGr3G3H3I_000000011984	vRhyme_unbinned_5__MGr3G3H3I_000000011984_15	0.0000	low	1.0000	very high	0.0000	low
vRhyme_unbinned_5__MGr3G3H3I_000000011984	vRhyme_unbinned_5__MGr3G3H3I_000000011984	vRhyme_unbinned_5__MGr3G3H3I_000000011984_16	0.0000	low	1.0000	very high	0.0000	low
vRhyme_unbinned_40__MGr3G3H3I_000000139685	vRhyme_unbinned_40__MGr3G3H3I_000000139685	vRhyme_unbinned_40__MGr3G3H3I_000000139685_1	0.0000	low	1.0000	very high	0.0000	low
vRhyme_unbinned_40__MGr3G3H3I_000000139685	vRhyme_unbinned_40__MGr3G3H3I_000000139685	vRhyme_unbinned_40__MGr3G3H3I_000000139685_2	0.0000	low	1.0000	very high	0.0000	low
vRhyme_unbinned_40__MGr3G3H3I_000000139685	vRhyme_unbinned_40__MGr3G3H3I_000000139685	vRhyme_unbinned_40__MGr3G3H3I_000000139685_3	0.0000	low	1.0000	very high	0.0000	low
vRhyme_unbinned_40__MGr3G3H3I_000000139685	vRhyme_unbinned_40__MGr3G3H3I_000000139685	vRhyme_unbinned_40__MGr3G3H3I_000000139685_4	0.0000	low	1.0000	very high	0.0000	low
vRhyme_unbinned_40__MGr3G3H3I_000000139685	vRhyme_unbinned_40__MGr3G3H3I_000000139685	vRhyme_unbinned_40__MGr3G3H3I_000000139685_5	0.0000	low	1.0000	very high	0.0000	low
vRhyme_unbinned_40__MGr3G3H3I_000000139685	vRhyme_unbinned_40__MGr3G3H3I_000000139685	vRhyme_unbinned_40__MGr3G3H3I_000000139685_6	0.0000	low	1.0000	very high	0.0000	low
vRhyme_unbinned_40__MGr3G3H3I_000000139685	vRhyme_unbinned_40__MGr3G3H3I_000000139685	vRhyme_unbinned_40__MGr3G3H3I_000000139685_7	0.0000	low	1.0000	very high	0.0000	low
vRhyme_unbinned_40__MGr3G3H3I_000000139685	vRhyme_unbinned_40__MGr3G3H3I_000000139685	vRhyme_unbinned_40__MGr3G3H3I_000000139685_8	0.0000	low	1.0000	very high	0.0000	low
vRhyme_unbinned_40__MGr3G3H3I_000000139685	vRhyme_unbinned_40__MGr3G3H3I_000000139685	vRhyme_unbinned_40__MGr3G3H3I_000000139685_9	0.0000	low	1.0000	very high	0.0000	low
vRhyme_unbinned_40__MGr3G3H3I_000000139685	vRhyme_unbinned_40__MGr3G3H3I_000000139685	vRhyme_unbinned_40__MGr3G3H3I_000000139685_10	0.0000	low	1.0000	very high	0.0000	low
vRhyme_unbinned_40__MGr3G3H3I_000000139685	vRhyme_unbinned_40__MGr3G3H3I_000000139685	vRhyme_unbinned_40__MGr3G3H3I_000000139685_11	0.0000	low	1.0000	very high	0.0000	low
vRhyme_unbinned_40__MGr3G3H3I_000000139685	vRhyme_unbinned_40__MGr3G3H3I_000000139685	vRhyme_unbinned_40__MGr3G3H3I_000000139685_12	0.0000	low	0.9365	high	0.0000	low
vRhyme_unbinned_40__MGr3G3H3I_000000139685	vRhyme_unbinned_40__MGr3G3H3I_000000139685	vRhyme_unbinned_40__MGr3G3H3I_000000139685_13	0.0000	low	1.0000	very high	0.0000	low
vRhyme_unbinned_40__MGr3G3H3I_000000139685	vRhyme_unbinned_40__MGr3G3H3I_000000139685	vRhyme_unbinned_40__MGr3G3H3I_000000139685_14	0.0000	low	1.0000	very high	0.0000	low
vRhyme_unbinned_40__MGr3G3H3I_000000139685	vRhyme_unbinned_40__MGr3G3H3I_000000139685	vRhyme_unbinned_40__MGr3G3H3I_000000139685_15	0.0000	low	1.0000	very high	0.0000	low
vRhyme_unbinned_40__MGr3G3H3I_000000139685	vRhyme_unbinned_40__MGr3G3H3I_000000139685	vRhyme_unbinned_40__MGr3G3H3I_000000139685_16	0.0000	low	1.0000	very high	0.0000	low
vRhyme_unbinned_40__MGr3G3H3I_000000139685	vRhyme_unbinned_40__MGr3G3H3I_000000139685	vRhyme_unbinned_40__MGr3G3H3I_000000139685_17	0.0000	low	1.0000	very high	0.0000	low
vRhyme_unbinned_40__MGr3G3H3I_000000139685	vRhyme_unbinned_40__MGr3G3H3I_000000139685	vRhyme_unbinned_40__MGr3G3H3I_000000139685_18	0.0000	low	1.0000	very high	0.0000	low
vRhyme_unbinned_40__MGr3G3H3I_000000139685	vRhyme_unbinned_40__MGr3G3H3I_000000139685	vRhyme_unbinned_40__MGr3G3H3I_000000139685_19	0.0000	low	1.0000	very high	0.0000	low
vRhyme_unbinned_40__MGr3G3H3I_000000139685	vRhyme_unbinned_40__MGr3G3H3I_000000139685	vRhyme_unbinned_40__MGr3G3H3I_000000139685_20	0.0000	low	1.0000	very high	0.0000	low
vRhyme_unbinned_40__MGr3G3H3I_000000139685	vRhyme_unbinned_40__MGr3G3H3I_000000139685	vRhyme_unbinned_40__MGr3G3H3I_000000139685_21	0.0000	low	1.0000	very high	0.0000	low
vRhyme_unbinned_40__MGr3G3H3I_000000139685	vRhyme_unbinned_40__MGr3G3H3I_000000139685	vRhyme_unbinned_40__MGr3G3H3I_000000139685_22	0.0000	low	1.0000	very high	0.0000	low
vRhyme_unbinned_40__MGr3G3H3I_000000139685	vRhyme_unbinned_40__MGr3G3H3I_000000139685	vRhyme_unbinned_40__MGr3G3H3I_000000139685_23	0.0000	low	1.0000	very high	0.0000	low
vRhyme_unbinned_40__MGr3G3H3I_000000139685	vRhyme_unbinned_40__MGr3G3H3I_000000139685	vRhyme_unbinned_40__MGr3G3H3I_000000139685_24	0.0000	low	1.0000	very high	0.0000	low
vRhyme_unbinned_40__MGr3G3H3I_000000139685	vRhyme_unbinned_40__MGr3G3H3I_000000139685	vRhyme_unbinned_40__MGr3G3H3I_000000139685_25	0.0000	low	1.0000	very high	0.0000	low
vRhyme_unbinned_40__MGr3G3H3I_000000139685	vRhyme_unbinned_40__MGr3G3H3I_000000139685	vRhyme_unbinned_40__MGr3G3H3I_000000139685_26	0.0000	low	1.0000	very high	0.0000	low
vRhyme_unbinned_40__MGr3G3H3I_000000139685	vRhyme_unbinned_40__MGr3G3H3I_000000139685	vRhyme_unbinned_40__MGr3G3H3I_000000139685_27	0.0000	low	0.9529	high	0.0000	low
vRhyme_unbinned_40__MGr3G3H3I_000000139685	vRhyme_unbinned_40__MGr3G3H3I_000000139685	vRhyme_unbinned_40__MGr3G3H3I_000000139685_28	0.0000	low	1.0000	very high	0.0000	low
vRhyme_unbinned_40__MGr3G3H3I_000000139685	vRhyme_unbinned_40__MGr3G3H3I_000000139685	vRhyme_unbinned_40__MGr3G3H3I_000000139685_29	0.0000	low	1.0000	very high	0.0000	low
vRhyme_unbinned_40__MGr3G3H3I_000000139685	vRhyme_unbinned_40__MGr3G3H3I_000000139685	vRhyme_unbinned_40__MGr3G3H3I_000000139685_30	0.0000	low	1.0000	very high	0.0000	low
vRhyme_unbinned_40__MGr3G3H3I_000000139685	vRhyme_unbinned_40__MGr3G3H3I_000000139685	vRhyme_unbinned_40__MGr3G3H3I_000000139685_31	0.0000	low	1.0000	very high	0.0000	low
vRhyme_unbinned_40__MGr3G3H3I_000000139685	vRhyme_unbinned_40__MGr3G3H3I_000000139685	vRhyme_unbinned_40__MGr3G3H3I_000000139685_32	0.0000	low	1.0000	very high	0.0000	low
vRhyme_unbinned_40__MGr3G3H3I_000000139685	vRhyme_unbinned_40__MGr3G3H3I_000000139685	vRhyme_unbinned_40__MGr3G3H3I_000000139685_33	0.0000	low	1.0000	very high	0.0000	low
vRhyme_unbinned_40__MGr3G3H3I_000000139685	vRhyme_unbinned_40__MGr3G3H3I_000000139685	vRhyme_unbinned_40__MGr3G3H3I_000000139685_34	0.0000	low	0.9501	high	0.0000	low
vRhyme_unbinned_40__MGr3G3H3I_000000139685	vRhyme_unbinned_40__MGr3G3H3I_000000139685	vRhyme_unbinned_40__MGr3G3H3I_000000139685_35	0.0000	low	1.0000	very high	0.0000	low
vRhyme_unbinned_40__MGr3G3H3I_000000139685	vRhyme_unbinned_40__MGr3G3H3I_000000139685	vRhyme_unbinned_40__MGr3G3H3I_000000139685_36	0.0000	low	1.0000	very high	0.0000	low
vRhyme_unbinned_40__MGr3G3H3I_000000139685	vRhyme_unbinned_40__MGr3G3H3I_000000139685	vRhyme_unbinned_40__MGr3G3H3I_000000139685_37	0.0000	low	0.9554	high	0.0000	low
vRhyme_unbinned_40__MGr3G3H3I_000000139685	vRhyme_unbinned_40__MGr3G3H3I_000000139685	vRhyme_unbinned_40__MGr3G3H3I_000000139685_38	0.0000	low	1.0000	very high	0.0000	low
vRhyme_unbinned_40__MGr3G3H3I_000000139685	vRhyme_unbinned_40__MGr3G3H3I_000000139685	vRhyme_unbinned_40__MGr3G3H3I_000000139685_39	0.0000	low	1.0000	very high	0.0000	low
vRhyme_unbinned_40__MGr3G3H3I_000000139685	vRhyme_unbinned_40__MGr3G3H3I_000000139685	vRhyme_unbinned_40__MGr3G3H3I_000000139685_40	0.0000	low	1.0000	very high	0.0000	low
vRhyme_unbinned_40__MGr3G3H3I_000000139685	vRhyme_unbinned_40__MGr3G3H3I_000000139685	vRhyme_unbinned_40__MGr3G3H3I_000000139685_41	0.0000	low	1.0000	very high	0.0000	low
vRhyme_unbinned_40__MGr3G3H3I_000000139685	vRhyme_unbinned_40__MGr3G3H3I_000000139685	vRhyme_unbinned_40__MGr3G3H3I_000000139685_42	0.0000	low	0.8813	high	0.0000	low
vRhyme_unbinned_40__MGr3G3H3I_000000139685	vRhyme_unbinned_40__MGr3G3H3I_000000139685	vRhyme_unbinned_40__MGr3G3H3I_000000139685_43	0.0000	low	1.0000	very high	0.0000	low
vRhyme_unbinned_40__MGr3G3H3I_000000139685	vRhyme_unbinned_40__MGr3G3H3I_000000139685	vRhyme_unbinned_40__MGr3G3H3I_000000139685_44	0.0000	low	1.0000	very high	0.0000	low
vRhyme_unbinned_40__MGr3G3H3I_000000139685	vRhyme_unbinned_40__MGr3G3H3I_000000139685	vRhyme_unbinned_40__MGr3G3H3I_000000139685_45	0.0000	low	1.0000	very high	0.0000	low
vRhyme_unbinned_40__MGr3G3H3I_000000139685	vRhyme_unbinned_40__MGr3G3H3I_000000139685	vRhyme_unbinned_40__MGr3G3H3I_000000139685_46	0.0000	low	1.0000	very high	0.0000	low
vRhyme_unbinned_40__MGr3G3H3I_000000139685	vRhyme_unbinned_40__MGr3G3H3I_000000139685	vRhyme_unbinned_40__MGr3G3H3I_000000139685_47	0.0000	low	1.0000	very high	0.0000	low
vRhyme_unbinned_40__MGr3G3H3I_000000139685	vRhyme_unbinned_40__MGr3G3H3I_000000139685	vRhyme_unbinned_40__MGr3G3H3I_000000139685_48	0.0000	low	1.0000	very high	0.0000	low
vRhyme_unbinned_40__MGr3G3H3I_000000139685	vRhyme_unbinned_40__MGr3G3H3I_000000139685	vRhyme_unbinned_40__MGr3G3H3I_000000139685_49	0.0000	low	0.9505	high	0.0000	low
vRhyme_unbinned_40__MGr3G3H3I_000000139685	vRhyme_unbinned_40__MGr3G3H3I_000000139685	vRhyme_unbinned_40__MGr3G3H3I_000000139685_50	0.0000	low	1.0000	very high	0.0000	low
vRhyme_unbinned_40__MGr3G3H3I_000000139685	vRhyme_unbinned_40__MGr3G3H3I_000000139685	vRhyme_unbinned_40__MGr3G3H3I_000000139685_51	0.0000	low	1.0000	very high	0.0000	low
vRhyme_unbinned_40__MGr3G3H3I_000000139685	vRhyme_unbinned_40__MGr3G3H3I_000000139685	vRhyme_unbinned_40__MGr3G3H3I_000000139685_52	0.0000	low	1.0000	very high	0.0000	low
vRhyme_unbinned_40__MGr3G3H3I_000000139685	vRhyme_unbinned_40__MGr3G3H3I_000000139685	vRhyme_unbinned_40__MGr3G3H3I_000000139685_53	0.0000	low	1.0000	very high	0.0000	low
vRhyme_unbinned_40__MGr3G3H3I_000000139685	vRhyme_unbinned_40__MGr3G3H3I_000000139685	vRhyme_unbinned_40__MGr3G3H3I_000000139685_54	0.0000	low	1.0000	very high	0.0000	low
vRhyme_unbinned_40__MGr3G3H3I_000000139685	vRhyme_unbinned_40__MGr3G3H3I_000000139685	vRhyme_unbinned_40__MGr3G3H3I_000000139685_55	0.0000	low	1.0000	very high	0.0000	low
vRhyme_unbinned_40__MGr3G3H3I_000000139685	vRhyme_unbinned_40__MGr3G3H3I_000000139685	vRhyme_unbinned_40__MGr3G3H3I_000000139685_56	0.0000	low	1.0000	very high	0.0000	low
vRhyme_unbinned_40__MGr3G3H3I_000000139685	vRhyme_unbinned_40__MGr3G3H3I_000000139685	vRhyme_unbinned_40__MGr3G3H3I_000000139685_57	0.0000	low	1.0000	very high	0.0000	low
vRhyme_unbinned_40__MGr3G3H3I_000000139685	vRhyme_unbinned_40__MGr3G3H3I_000000139685	vRhyme_unbinned_40__MGr3G3H3I_000000139685_58	0.0000	low	1.0000	very high	0.0000	low
vRhyme_unbinned_40__MGr3G3H3I_000000139685	vRhyme_unbinned_40__MGr3G3H3I_000000139685	vRhyme_unbinned_40__MGr3G3H3I_000000139685_59	0.0000	low	1.0000	very high	0.0000	low
vRhyme_unbinned_40__MGr3G3H3I_000000139685	vRhyme_unbinned_40__MGr3G3H3I_000000139685	vRhyme_unbinned_40__MGr3G3H3I_000000139685_60	0.0000	low	1.0000	very high	0.0000	low
vRhyme_unbinned_40__MGr3G3H3I_000000139685	vRhyme_unbinned_40__MGr3G3H3I_000000139685	vRhyme_unbinned_40__MGr3G3H3I_000000139685_61	0.0000	low	1.0000	very high	0.0000	low
vRhyme_unbinned_40__MGr3G3H3I_000000139685	vRhyme_unbinned_40__MGr3G3H3I_000000139685	vRhyme_unbinned_40__MGr3G3H3I_000000139685_62	0.0000	low	1.0000	very high	0.0000	low
vRhyme_unbinned_40__MGr3G3H3I_000000139685	vRhyme_unbinned_40__MGr3G3H3I_000000139685	vRhyme_unbinned_40__MGr3G3H3I_000000139685_63	0.0000	low	1.0000	very high	0.0000	low
vRhyme_unbinned_40__MGr3G3H3I_000000139685	vRhyme_unbinned_40__MGr3G3H3I_000000139685	vRhyme_unbinned_40__MGr3G3H3I_000000139685_64	0.0000	low	1.0000	very high	0.0000	low
vRhyme_unbinned_40__MGr3G3H3I_000000139685	vRhyme_unbinned_40__MGr3G3H3I_000000139685	vRhyme_unbinned_40__MGr3G3H3I_000000139685_65	0.0000	low	1.0000	very high	0.0000	low
vRhyme_unbinned_68__MGr3G3H3I_000000196642	vRhyme_unbinned_68__MGr3G3H3I_000000196642	vRhyme_unbinned_68__MGr3G3H3I_000000196642_1	0.0000	low	0.8611	high	0.0000	low
vRhyme_unbinned_68__MGr3G3H3I_000000196642	vRhyme_unbinned_68__MGr3G3H3I_000000196642	vRhyme_unbinned_68__MGr3G3H3I_000000196642_2	0.0000	low	1.0000	very high	0.0000	low
vRhyme_unbinned_68__MGr3G3H3I_000000196642	vRhyme_unbinned_68__MGr3G3H3I_000000196642	vRhyme_unbinned_68__MGr3G3H3I_000000196642_3	0.0000	low	0.9436	high	0.0000	low
vRhyme_unbinned_68__MGr3G3H3I_000000196642	vRhyme_unbinned_68__MGr3G3H3I_000000196642	vRhyme_unbinned_68__MGr3G3H3I_000000196642_4	0.0000	low	0.9617	high	0.0000	low
vRhyme_unbinned_68__MGr3G3H3I_000000196642	vRhyme_unbinned_68__MGr3G3H3I_000000196642	vRhyme_unbinned_68__MGr3G3H3I_000000196642_5	0.0000	low	1.0000	very high	0.0000	low
vRhyme_unbinned_68__MGr3G3H3I_000000196642	vRhyme_unbinned_68__MGr3G3H3I_000000196642	vRhyme_unbinned_68__MGr3G3H3I_000000196642_6	0.0000	low	0.9587	high	0.0000	low
vRhyme_unbinned_68__MGr3G3H3I_000000196642	vRhyme_unbinned_68__MGr3G3H3I_000000196642	vRhyme_unbinned_68__MGr3G3H3I_000000196642_7	0.0000	low	1.0000	very high	0.0000	low
vRhyme_unbinned_68__MGr3G3H3I_000000196642	vRhyme_unbinned_68__MGr3G3H3I_000000196642	vRhyme_unbinned_68__MGr3G3H3I_000000196642_8	0.0000	low	1.0000	very high	0.0000	low
vRhyme_unbinned_68__MGr3G3H3I_000000196642	vRhyme_unbinned_68__MGr3G3H3I_000000196642	vRhyme_unbinned_68__MGr3G3H3I_000000196642_9	0.0000	low	1.0000	very high	0.0000	low
vRhyme_unbinned_68__MGr3G3H3I_000000196642	vRhyme_unbinned_68__MGr3G3H3I_000000196642	vRhyme_unbinned_68__MGr3G3H3I_000000196642_10	0.0000	low	1.0000	very high	0.0000	low
vRhyme_unbinned_68__MGr3G3H3I_000000196642	vRhyme_unbinned_68__MGr3G3H3I_000000196642	vRhyme_unbinned_68__MGr3G3H3I_000000196642_11	0.0000	low	0.8304	high	0.0000	low
vRhyme_unbinned_68__MGr3G3H3I_000000196642	vRhyme_unbinned_68__MGr3G3H3I_000000196642	vRhyme_unbinned_68__MGr3G3H3I_000000196642_12	0.0000	low	0.9514	high	0.0000	low
vRhyme_unbinned_68__MGr3G3H3I_000000196642	vRhyme_unbinned_68__MGr3G3H3I_000000196642	vRhyme_unbinned_68__MGr3G3H3I_000000196642_13	0.0000	low	0.9412	high	0.0000	low
vRhyme_unbinned_68__MGr3G3H3I_000000196642	vRhyme_unbinned_68__MGr3G3H3I_000000196642	vRhyme_unbinned_68__MGr3G3H3I_000000196642_14	0.0000	low	0.9537	high	0.0000	low
vRhyme_unbinned_68__MGr3G3H3I_000000196642	vRhyme_unbinned_68__MGr3G3H3I_000000196642	vRhyme_unbinned_68__MGr3G3H3I_000000196642_15	0.0000	low	1.0000	very high	0.0000	low
vRhyme_unbinned_68__MGr3G3H3I_000000196642	vRhyme_unbinned_68__MGr3G3H3I_000000196642	vRhyme_unbinned_68__MGr3G3H3I_000000196642_16	0.0000	low	1.0000	very high	0.0000	low
vRhyme_unbinned_68__MGr3G3H3I_000000196642	vRhyme_unbinned_68__MGr3G3H3I_000000196642	vRhyme_unbinned_68__MGr3G3H3I_000000196642_17	0.0000	low	0.9555	high	0.0000	low
vRhyme_unbinned_68__MGr3G3H3I_000000196642	vRhyme_unbinned_68__MGr3G3H3I_000000196642	vRhyme_unbinned_68__MGr3G3H3I_000000196642_18	0.0000	low	0.9517	high	0.0000	low
vRhyme_unbinned_68__MGr3G3H3I_000000196642	vRhyme_unbinned_68__MGr3G3H3I_000000196642	vRhyme_unbinned_68__MGr3G3H3I_000000196642_19	0.0000	low	1.0000	very high	0.0000	low
vRhyme_unbinned_68__MGr3G3H3I_000000196642	vRhyme_unbinned_68__MGr3G3H3I_000000196642	vRhyme_unbinned_68__MGr3G3H3I_000000196642_20	0.0000	low	1.0000	very high	0.0000	low
vRhyme_unbinned_68__MGr3G3H3I_000000196642	vRhyme_unbinned_68__MGr3G3H3I_000000196642	vRhyme_unbinned_68__MGr3G3H3I_000000196642_21	0.0000	low	0.9222	high	0.0000	low
vRhyme_unbinned_58__MGr3G3H3I_000000175243	vRhyme_unbinned_58__MGr3G3H3I_000000175243	vRhyme_unbinned_58__MGr3G3H3I_000000175243_1	0.0000	low	0.0955	medium	0.0000	low
vRhyme_unbinned_58__MGr3G3H3I_000000175243	vRhyme_unbinned_58__MGr3G3H3I_000000175243	vRhyme_unbinned_58__MGr3G3H3I_000000175243_2	0.0000	low	1.0000	very high	0.0000	low
vRhyme_unbinned_58__MGr3G3H3I_000000175243	vRhyme_unbinned_58__MGr3G3H3I_000000175243	vRhyme_unbinned_58__MGr3G3H3I_000000175243_3	0.0000	low	0.9089	high	0.0000	low
vRhyme_unbinned_58__MGr3G3H3I_000000175243	vRhyme_unbinned_58__MGr3G3H3I_000000175243	vRhyme_unbinned_58__MGr3G3H3I_000000175243_4	0.0000	low	0.9559	high	0.0000	low
vRhyme_unbinned_58__MGr3G3H3I_000000175243	vRhyme_unbinned_58__MGr3G3H3I_000000175243	vRhyme_unbinned_58__MGr3G3H3I_000000175243_5	0.0000	low	0.8528	high	0.0000	low
vRhyme_unbinned_58__MGr3G3H3I_000000175243	vRhyme_unbinned_58__MGr3G3H3I_000000175243	vRhyme_unbinned_58__MGr3G3H3I_000000175243_6	0.0000	low	0.8190	high	0.0000	low
vRhyme_unbinned_58__MGr3G3H3I_000000175243	vRhyme_unbinned_58__MGr3G3H3I_000000175243	vRhyme_unbinned_58__MGr3G3H3I_000000175243_7	0.0000	low	0.7266	high	0.0000	low
vRhyme_unbinned_58__MGr3G3H3I_000000175243	vRhyme_unbinned_58__MGr3G3H3I_000000175243	vRhyme_unbinned_58__MGr3G3H3I_000000175243_8	0.0000	low	0.8896	high	0.0000	low
vRhyme_unbinned_58__MGr3G3H3I_000000175243	vRhyme_unbinned_58__MGr3G3H3I_000000175243	vRhyme_unbinned_58__MGr3G3H3I_000000175243_9	0.0000	low	0.8040	high	0.0000	low
vRhyme_unbinned_58__MGr3G3H3I_000000175243	vRhyme_unbinned_58__MGr3G3H3I_000000175243	vRhyme_unbinned_58__MGr3G3H3I_000000175243_10	0.0000	low	0.9573	high	0.0000	low
vRhyme_unbinned_58__MGr3G3H3I_000000175243	vRhyme_unbinned_58__MGr3G3H3I_000000175243	vRhyme_unbinned_58__MGr3G3H3I_000000175243_11	0.0000	low	0.5588	high	0.0000	low
vRhyme_unbinned_58__MGr3G3H3I_000000175243	vRhyme_unbinned_58__MGr3G3H3I_000000175243	vRhyme_unbinned_58__MGr3G3H3I_000000175243_12	0.0000	low	0.8763	high	0.0000	low
vRhyme_unbinned_58__MGr3G3H3I_000000175243	vRhyme_unbinned_58__MGr3G3H3I_000000175243	vRhyme_unbinned_58__MGr3G3H3I_000000175243_13	0.0000	low	0.9582	high	0.0000	low
vRhyme_unbinned_58__MGr3G3H3I_000000175243	vRhyme_unbinned_58__MGr3G3H3I_000000175243	vRhyme_unbinned_58__MGr3G3H3I_000000175243_14	0.0000	low	0.9453	high	0.0000	low
vRhyme_unbinned_58__MGr3G3H3I_000000175243	vRhyme_unbinned_58__MGr3G3H3I_000000175243	vRhyme_unbinned_58__MGr3G3H3I_000000175243_15	0.0000	low	0.7915	high	0.0000	low
vRhyme_unbinned_58__MGr3G3H3I_000000175243	vRhyme_unbinned_58__MGr3G3H3I_000000175243	vRhyme_unbinned_58__MGr3G3H3I_000000175243_16	0.0926	medium	1.0000	very high	0.0926	medium
vRhyme_unbinned_58__MGr3G3H3I_000000175243	vRhyme_unbinned_58__MGr3G3H3I_000000175243	vRhyme_unbinned_58__MGr3G3H3I_000000175243_17	0.0000	low	0.8963	high	0.0000	low
vRhyme_unbinned_58__MGr3G3H3I_000000175243	vRhyme_unbinned_58__MGr3G3H3I_000000175243	vRhyme_unbinned_58__MGr3G3H3I_000000175243_18	0.0000	low	0.7881	high	0.0000	low
vRhyme_unbinned_58__MGr3G3H3I_000000175243	vRhyme_unbinned_58__MGr3G3H3I_000000175243	vRhyme_unbinned_58__MGr3G3H3I_000000175243_19	0.0726	medium	1.0000	very high	0.0726	low
vRhyme_unbinned_58__MGr3G3H3I_000000175243	vRhyme_unbinned_58__MGr3G3H3I_000000175243	vRhyme_unbinned_58__MGr3G3H3I_000000175243_20	0.0000	low	0.8807	high	0.0000	low
vRhyme_unbinned_58__MGr3G3H3I_000000175243	vRhyme_unbinned_58__MGr3G3H3I_000000175243	vRhyme_unbinned_58__MGr3G3H3I_000000175243_21	0.0000	low	1.0000	very high	0.0000	low
vRhyme_unbinned_66__MGr3G3H3I_000000191734	vRhyme_unbinned_66__MGr3G3H3I_000000191734	vRhyme_unbinned_66__MGr3G3H3I_000000191734_1	0.0000	low	0.8947	high	0.0000	low
vRhyme_unbinned_66__MGr3G3H3I_000000191734	vRhyme_unbinned_66__MGr3G3H3I_000000191734	vRhyme_unbinned_66__MGr3G3H3I_000000191734_2	0.0000	low	0.8607	high	0.0000	low
vRhyme_unbinned_66__MGr3G3H3I_000000191734	vRhyme_unbinned_66__MGr3G3H3I_000000191734	vRhyme_unbinned_66__MGr3G3H3I_000000191734_3	0.0000	low	1.0000	very high	0.0000	low
vRhyme_unbinned_66__MGr3G3H3I_000000191734	vRhyme_unbinned_66__MGr3G3H3I_000000191734	vRhyme_unbinned_66__MGr3G3H3I_000000191734_4	0.0000	low	0.9550	high	0.0000	low
vRhyme_unbinned_66__MGr3G3H3I_000000191734	vRhyme_unbinned_66__MGr3G3H3I_000000191734	vRhyme_unbinned_66__MGr3G3H3I_000000191734_5	0.0000	low	1.0000	very high	0.0000	low
vRhyme_unbinned_66__MGr3G3H3I_000000191734	vRhyme_unbinned_66__MGr3G3H3I_000000191734	vRhyme_unbinned_66__MGr3G3H3I_000000191734_6	0.0000	low	0.9082	high	0.0000	low
vRhyme_unbinned_66__MGr3G3H3I_000000191734	vRhyme_unbinned_66__MGr3G3H3I_000000191734	vRhyme_unbinned_66__MGr3G3H3I_000000191734_7	0.0000	low	0.9072	high	0.0000	low
vRhyme_unbinned_66__MGr3G3H3I_000000191734	vRhyme_unbinned_66__MGr3G3H3I_000000191734	vRhyme_unbinned_66__MGr3G3H3I_000000191734_8	0.0000	low	1.0000	very high	0.0000	low
vRhyme_unbinned_66__MGr3G3H3I_000000191734	vRhyme_unbinned_66__MGr3G3H3I_000000191734	vRhyme_unbinned_66__MGr3G3H3I_000000191734_9	0.0000	low	0.9521	high	0.0000	low
vRhyme_unbinned_66__MGr3G3H3I_000000191734	vRhyme_unbinned_66__MGr3G3H3I_000000191734	vRhyme_unbinned_66__MGr3G3H3I_000000191734_10	0.0000	low	0.9552	high	0.0000	low
vRhyme_unbinned_66__MGr3G3H3I_000000191734	vRhyme_unbinned_66__MGr3G3H3I_000000191734	vRhyme_unbinned_66__MGr3G3H3I_000000191734_11	0.0000	low	0.9646	high	0.0000	low
vRhyme_unbinned_66__MGr3G3H3I_000000191734	vRhyme_unbinned_66__MGr3G3H3I_000000191734	vRhyme_unbinned_66__MGr3G3H3I_000000191734_12	0.0000	low	0.9582	high	0.0000	low
vRhyme_unbinned_66__MGr3G3H3I_000000191734	vRhyme_unbinned_66__MGr3G3H3I_000000191734	vRhyme_unbinned_66__MGr3G3H3I_000000191734_13	0.0000	low	1.0000	very high	0.0000	low
vRhyme_unbinned_66__MGr3G3H3I_000000191734	vRhyme_unbinned_66__MGr3G3H3I_000000191734	vRhyme_unbinned_66__MGr3G3H3I_000000191734_14	0.0000	low	0.9564	high	0.0000	low
vRhyme_unbinned_66__MGr3G3H3I_000000191734	vRhyme_unbinned_66__MGr3G3H3I_000000191734	vRhyme_unbinned_66__MGr3G3H3I_000000191734_15	0.0000	low	0.8612	high	0.0000	low
vRhyme_unbinned_66__MGr3G3H3I_000000191734	vRhyme_unbinned_66__MGr3G3H3I_000000191734	vRhyme_unbinned_66__MGr3G3H3I_000000191734_16	0.0000	low	1.0000	very high	0.0000	low
vRhyme_unbinned_66__MGr3G3H3I_000000191734	vRhyme_unbinned_66__MGr3G3H3I_000000191734	vRhyme_unbinned_66__MGr3G3H3I_000000191734_17	0.0000	low	1.0000	very high	0.0000	low
vRhyme_unbinned_66__MGr3G3H3I_000000191734	vRhyme_unbinned_66__MGr3G3H3I_000000191734	vRhyme_unbinned_66__MGr3G3H3I_000000191734_18	0.0000	low	1.0000	very high	0.0000	low
vRhyme_unbinned_66__MGr3G3H3I_000000191734	vRhyme_unbinned_66__MGr3G3H3I_000000191734	vRhyme_unbinned_66__MGr3G3H3I_000000191734_19	0.0000	low	1.0000	very high	0.0000	low
vRhyme_unbinned_66__MGr3G3H3I_000000191734	vRhyme_unbinned_66__MGr3G3H3I_000000191734	vRhyme_unbinned_66__MGr3G3H3I_000000191734_20	0.0000	low	1.0000	very high	0.0000	low
vRhyme_unbinned_66__MGr3G3H3I_000000191734	vRhyme_unbinned_66__MGr3G3H3I_000000191734	vRhyme_unbinned_66__MGr3G3H3I_000000191734_21	0.0000	low	1.0000	very high	0.0000	low
vRhyme_unbinned_66__MGr3G3H3I_000000191734	vRhyme_unbinned_66__MGr3G3H3I_000000191734	vRhyme_unbinned_66__MGr3G3H3I_000000191734_22	0.0000	low	0.9505	high	0.0000	low
vRhyme_unbinned_50__MGr3G3H3I_000000159176	vRhyme_unbinned_50__MGr3G3H3I_000000159176	vRhyme_unbinned_50__MGr3G3H3I_000000159176_1	0.0000	low	0.0000	low	0.0000	low
vRhyme_unbinned_50__MGr3G3H3I_000000159176	vRhyme_unbinned_50__MGr3G3H3I_000000159176	vRhyme_unbinned_50__MGr3G3H3I_000000159176_2	0.0000	low	0.0616	medium	0.0000	low
vRhyme_unbinned_50__MGr3G3H3I_000000159176	vRhyme_unbinned_50__MGr3G3H3I_000000159176	vRhyme_unbinned_50__MGr3G3H3I_000000159176_3	0.0000	low	0.0000	low	0.0000	low
vRhyme_unbinned_50__MGr3G3H3I_000000159176	vRhyme_unbinned_50__MGr3G3H3I_000000159176	vRhyme_unbinned_50__MGr3G3H3I_000000159176_4	0.0000	low	0.0000	low	0.0000	low
vRhyme_unbinned_50__MGr3G3H3I_000000159176	vRhyme_unbinned_50__MGr3G3H3I_000000159176	vRhyme_unbinned_50__MGr3G3H3I_000000159176_5	0.0000	low	0.0396	low	0.0000	low
vRhyme_unbinned_50__MGr3G3H3I_000000159176	vRhyme_unbinned_50__MGr3G3H3I_000000159176	vRhyme_unbinned_50__MGr3G3H3I_000000159176_6	0.0000	low	0.0442	low	0.0000	low
vRhyme_unbinned_50__MGr3G3H3I_000000159176	vRhyme_unbinned_50__MGr3G3H3I_000000159176	vRhyme_unbinned_50__MGr3G3H3I_000000159176_7	0.0000	low	0.0000	low	0.0000	low
vRhyme_unbinned_50__MGr3G3H3I_000000159176	vRhyme_unbinned_50__MGr3G3H3I_000000159176	vRhyme_unbinned_50__MGr3G3H3I_000000159176_8	0.0000	low	0.0000	low	0.0000	low
vRhyme_unbinned_50__MGr3G3H3I_000000159176	vRhyme_unbinned_50__MGr3G3H3I_000000159176	vRhyme_unbinned_50__MGr3G3H3I_000000159176_9	0.0000	low	0.0000	low	0.0000	low
vRhyme_unbinned_50__MGr3G3H3I_000000159176	vRhyme_unbinned_50__MGr3G3H3I_000000159176	vRhyme_unbinned_50__MGr3G3H3I_000000159176_10	0.0000	low	0.0569	low	0.0000	low
vRhyme_unbinned_50__MGr3G3H3I_000000159176	vRhyme_unbinned_50__MGr3G3H3I_000000159176	vRhyme_unbinned_50__MGr3G3H3I_000000159176_11	0.0000	low	0.0000	low	0.0000	low
vRhyme_unbinned_50__MGr3G3H3I_000000159176	vRhyme_unbinned_50__MGr3G3H3I_000000159176	vRhyme_unbinned_50__MGr3G3H3I_000000159176_12	0.0000	low	0.0000	low	0.0000	low
vRhyme_unbinned_50__MGr3G3H3I_000000159176	vRhyme_unbinned_50__MGr3G3H3I_000000159176	vRhyme_unbinned_50__MGr3G3H3I_000000159176_13	0.0000	low	0.0630	medium	0.0000	low
vRhyme_unbinned_50__MGr3G3H3I_000000159176	vRhyme_unbinned_50__MGr3G3H3I_000000159176	vRhyme_unbinned_50__MGr3G3H3I_000000159176_14	0.0000	low	0.0503	low	0.0000	low
vRhyme_unbinned_50__MGr3G3H3I_000000159176	vRhyme_unbinned_50__MGr3G3H3I_000000159176	vRhyme_unbinned_50__MGr3G3H3I_000000159176_15	0.0000	low	0.0000	low	0.0000	low
vRhyme_unbinned_50__MGr3G3H3I_000000159176	vRhyme_unbinned_50__MGr3G3H3I_000000159176	vRhyme_unbinned_50__MGr3G3H3I_000000159176_16	0.0000	low	0.0461	low	0.0000	low
vRhyme_unbinned_50__MGr3G3H3I_000000159176	vRhyme_unbinned_50__MGr3G3H3I_000000159176	vRhyme_unbinned_50__MGr3G3H3I_000000159176_17	0.0000	low	0.1022	medium	0.0000	low
vRhyme_unbinned_50__MGr3G3H3I_000000159176	vRhyme_unbinned_50__MGr3G3H3I_000000159176	vRhyme_unbinned_50__MGr3G3H3I_000000159176_18	0.0000	low	0.3313	medium	0.0000	low
vRhyme_unbinned_50__MGr3G3H3I_000000159176	vRhyme_unbinned_50__MGr3G3H3I_000000159176	vRhyme_unbinned_50__MGr3G3H3I_000000159176_19	0.0000	low	0.0464	low	0.0000	low
vRhyme_unbinned_50__MGr3G3H3I_000000159176	vRhyme_unbinned_50__MGr3G3H3I_000000159176	vRhyme_unbinned_50__MGr3G3H3I_000000159176_20	0.0000	low	0.2925	medium	0.0000	low
vRhyme_unbinned_50__MGr3G3H3I_000000159176	vRhyme_unbinned_50__MGr3G3H3I_000000159176	vRhyme_unbinned_50__MGr3G3H3I_000000159176_21	0.0000	low	0.1866	medium	0.0000	low
vRhyme_unbinned_50__MGr3G3H3I_000000159176	vRhyme_unbinned_50__MGr3G3H3I_000000159176	vRhyme_unbinned_50__MGr3G3H3I_000000159176_22	0.0000	low	0.2843	medium	0.0000	low
vRhyme_unbinned_50__MGr3G3H3I_000000159176	vRhyme_unbinned_50__MGr3G3H3I_000000159176	vRhyme_unbinned_50__MGr3G3H3I_000000159176_23	0.0545	low	0.0425	low	0.0023	low
vRhyme_unbinned_50__MGr3G3H3I_000000159176	vRhyme_unbinned_50__MGr3G3H3I_000000159176	vRhyme_unbinned_50__MGr3G3H3I_000000159176_24	0.0000	low	0.0989	medium	0.0000	low
vRhyme_unbinned_50__MGr3G3H3I_000000159176	vRhyme_unbinned_50__MGr3G3H3I_000000159176	vRhyme_unbinned_50__MGr3G3H3I_000000159176_25	0.0000	low	0.1665	medium	0.0000	low
vRhyme_unbinned_74__MGr3G3H3I_000000216859	vRhyme_unbinned_74__MGr3G3H3I_000000216859	vRhyme_unbinned_74__MGr3G3H3I_000000216859_1	0.0000	low	1.0000	very high	0.0000	low
vRhyme_unbinned_74__MGr3G3H3I_000000216859	vRhyme_unbinned_74__MGr3G3H3I_000000216859	vRhyme_unbinned_74__MGr3G3H3I_000000216859_2	0.0000	low	1.0000	very high	0.0000	low
vRhyme_unbinned_74__MGr3G3H3I_000000216859	vRhyme_unbinned_74__MGr3G3H3I_000000216859	vRhyme_unbinned_74__MGr3G3H3I_000000216859_3	0.0000	low	1.0000	very high	0.0000	low
vRhyme_unbinned_74__MGr3G3H3I_000000216859	vRhyme_unbinned_74__MGr3G3H3I_000000216859	vRhyme_unbinned_74__MGr3G3H3I_000000216859_4	0.0000	low	1.0000	very high	0.0000	low
vRhyme_unbinned_74__MGr3G3H3I_000000216859	vRhyme_unbinned_74__MGr3G3H3I_000000216859	vRhyme_unbinned_74__MGr3G3H3I_000000216859_5	0.0000	low	1.0000	very high	0.0000	low
vRhyme_unbinned_74__MGr3G3H3I_000000216859	vRhyme_unbinned_74__MGr3G3H3I_000000216859	vRhyme_unbinned_74__MGr3G3H3I_000000216859_6	0.0000	low	1.0000	very high	0.0000	low
vRhyme_unbinned_74__MGr3G3H3I_000000216859	vRhyme_unbinned_74__MGr3G3H3I_000000216859	vRhyme_unbinned_74__MGr3G3H3I_000000216859_7	0.0000	low	1.0000	very high	0.0000	low
vRhyme_unbinned_74__MGr3G3H3I_000000216859	vRhyme_unbinned_74__MGr3G3H3I_000000216859	vRhyme_unbinned_74__MGr3G3H3I_000000216859_8	0.0000	low	1.0000	very high	0.0000	low
vRhyme_unbinned_74__MGr3G3H3I_000000216859	vRhyme_unbinned_74__MGr3G3H3I_000000216859	vRhyme_unbinned_74__MGr3G3H3I_000000216859_9	0.0000	low	1.0000	very high	0.0000	low
vRhyme_unbinned_74__MGr3G3H3I_000000216859	vRhyme_unbinned_74__MGr3G3H3I_000000216859	vRhyme_unbinned_74__MGr3G3H3I_000000216859_10	0.0000	low	1.0000	very high	0.0000	low
vRhyme_unbinned_74__MGr3G3H3I_000000216859	vRhyme_unbinned_74__MGr3G3H3I_000000216859	vRhyme_unbinned_74__MGr3G3H3I_000000216859_11	0.0000	low	1.0000	very high	0.0000	low
vRhyme_unbinned_74__MGr3G3H3I_000000216859	vRhyme_unbinned_74__MGr3G3H3I_000000216859	vRhyme_unbinned_74__MGr3G3H3I_000000216859_12	0.0000	low	1.0000	very high	0.0000	low
vRhyme_unbinned_74__MGr3G3H3I_000000216859	vRhyme_unbinned_74__MGr3G3H3I_000000216859	vRhyme_unbinned_74__MGr3G3H3I_000000216859_13	0.0000	low	1.0000	very high	0.0000	low
vRhyme_unbinned_74__MGr3G3H3I_000000216859	vRhyme_unbinned_74__MGr3G3H3I_000000216859	vRhyme_unbinned_74__MGr3G3H3I_000000216859_14	0.0000	low	1.0000	very high	0.0000	low
vRhyme_unbinned_74__MGr3G3H3I_000000216859	vRhyme_unbinned_74__MGr3G3H3I_000000216859	vRhyme_unbinned_74__MGr3G3H3I_000000216859_15	0.0000	low	1.0000	very high	0.0000	low
vRhyme_unbinned_74__MGr3G3H3I_000000216859	vRhyme_unbinned_74__MGr3G3H3I_000000216859	vRhyme_unbinned_74__MGr3G3H3I_000000216859_16	0.0000	low	1.0000	very high	0.0000	low
vRhyme_unbinned_74__MGr3G3H3I_000000216859	vRhyme_unbinned_74__MGr3G3H3I_000000216859	vRhyme_unbinned_74__MGr3G3H3I_000000216859_17	0.9064	high	0.9567	high	0.8671	high
vRhyme_unbinned_74__MGr3G3H3I_000000216859	vRhyme_unbinned_74__MGr3G3H3I_000000216859	vRhyme_unbinned_74__MGr3G3H3I_000000216859_18	0.0000	low	1.0000	very high	0.0000	low
vRhyme_unbinned_74__MGr3G3H3I_000000216859	vRhyme_unbinned_74__MGr3G3H3I_000000216859	vRhyme_unbinned_74__MGr3G3H3I_000000216859_19	0.0000	low	1.0000	very high	0.0000	low
vRhyme_unbinned_74__MGr3G3H3I_000000216859	vRhyme_unbinned_74__MGr3G3H3I_000000216859	vRhyme_unbinned_74__MGr3G3H3I_000000216859_20	0.0000	low	1.0000	very high	0.0000	low
vRhyme_unbinned_74__MGr3G3H3I_000000216859	vRhyme_unbinned_74__MGr3G3H3I_000000216859	vRhyme_unbinned_74__MGr3G3H3I_000000216859_21	0.0000	low	1.0000	very high	0.0000	low
vRhyme_unbinned_74__MGr3G3H3I_000000216859	vRhyme_unbinned_74__MGr3G3H3I_000000216859	vRhyme_unbinned_74__MGr3G3H3I_000000216859_22	0.0000	low	1.0000	very high	0.0000	low
vRhyme_unbinned_74__MGr3G3H3I_000000216859	vRhyme_unbinned_74__MGr3G3H3I_000000216859	vRhyme_unbinned_74__MGr3G3H3I_000000216859_23	0.0000	low	0.9363	high	0.0000	low
vRhyme_unbinned_74__MGr3G3H3I_000000216859	vRhyme_unbinned_74__MGr3G3H3I_000000216859	vRhyme_unbinned_74__MGr3G3H3I_000000216859_24	0.0000	low	1.0000	very high	0.0000	low
vRhyme_unbinned_74__MGr3G3H3I_000000216859	vRhyme_unbinned_74__MGr3G3H3I_000000216859	vRhyme_unbinned_74__MGr3G3H3I_000000216859_25	0.0000	low	1.0000	very high	0.0000	low
vRhyme_unbinned_74__MGr3G3H3I_000000216859	vRhyme_unbinned_74__MGr3G3H3I_000000216859	vRhyme_unbinned_74__MGr3G3H3I_000000216859_26	0.0000	low	1.0000	very high	0.0000	low
vRhyme_unbinned_74__MGr3G3H3I_000000216859	vRhyme_unbinned_74__MGr3G3H3I_000000216859	vRhyme_unbinned_74__MGr3G3H3I_000000216859_27	0.0000	low	1.0000	very high	0.0000	low
vRhyme_unbinned_71__MGr3G3H3I_000000200092	vRhyme_unbinned_71__MGr3G3H3I_000000200092	vRhyme_unbinned_71__MGr3G3H3I_000000200092_1	0.0000	low	1.0000	very high	0.0000	low
vRhyme_unbinned_71__MGr3G3H3I_000000200092	vRhyme_unbinned_71__MGr3G3H3I_000000200092	vRhyme_unbinned_71__MGr3G3H3I_000000200092_2	0.0000	low	1.0000	very high	0.0000	low
vRhyme_unbinned_71__MGr3G3H3I_000000200092	vRhyme_unbinned_71__MGr3G3H3I_000000200092	vRhyme_unbinned_71__MGr3G3H3I_000000200092_3	0.0000	low	1.0000	very high	0.0000	low
vRhyme_unbinned_71__MGr3G3H3I_000000200092	vRhyme_unbinned_71__MGr3G3H3I_000000200092	vRhyme_unbinned_71__MGr3G3H3I_000000200092_4	0.0000	low	1.0000	very high	0.0000	low
vRhyme_unbinned_71__MGr3G3H3I_000000200092	vRhyme_unbinned_71__MGr3G3H3I_000000200092	vRhyme_unbinned_71__MGr3G3H3I_000000200092_5	0.0000	low	1.0000	very high	0.0000	low
vRhyme_unbinned_71__MGr3G3H3I_000000200092	vRhyme_unbinned_71__MGr3G3H3I_000000200092	vRhyme_unbinned_71__MGr3G3H3I_000000200092_6	0.0000	low	1.0000	very high	0.0000	low
vRhyme_unbinned_71__MGr3G3H3I_000000200092	vRhyme_unbinned_71__MGr3G3H3I_000000200092	vRhyme_unbinned_71__MGr3G3H3I_000000200092_7	0.0000	low	1.0000	very high	0.0000	low
vRhyme_unbinned_71__MGr3G3H3I_000000200092	vRhyme_unbinned_71__MGr3G3H3I_000000200092	vRhyme_unbinned_71__MGr3G3H3I_000000200092_8	0.0000	low	1.0000	very high	0.0000	low
vRhyme_unbinned_71__MGr3G3H3I_000000200092	vRhyme_unbinned_71__MGr3G3H3I_000000200092	vRhyme_unbinned_71__MGr3G3H3I_000000200092_9	0.0000	low	1.0000	very high	0.0000	low
vRhyme_unbinned_75__MGr3G3H3I_000000218818	vRhyme_unbinned_75__MGr3G3H3I_000000218818	vRhyme_unbinned_75__MGr3G3H3I_000000218818_1	0.0000	low	1.0000	very high	0.0000	low
vRhyme_unbinned_75__MGr3G3H3I_000000218818	vRhyme_unbinned_75__MGr3G3H3I_000000218818	vRhyme_unbinned_75__MGr3G3H3I_000000218818_2	0.0000	low	1.0000	very high	0.0000	low
vRhyme_unbinned_75__MGr3G3H3I_000000218818	vRhyme_unbinned_75__MGr3G3H3I_000000218818	vRhyme_unbinned_75__MGr3G3H3I_000000218818_3	0.0000	low	1.0000	very high	0.0000	low
vRhyme_unbinned_75__MGr3G3H3I_000000218818	vRhyme_unbinned_75__MGr3G3H3I_000000218818	vRhyme_unbinned_75__MGr3G3H3I_000000218818_4	0.0000	low	1.0000	very high	0.0000	low
vRhyme_unbinned_75__MGr3G3H3I_000000218818	vRhyme_unbinned_75__MGr3G3H3I_000000218818	vRhyme_unbinned_75__MGr3G3H3I_000000218818_5	0.0000	low	1.0000	very high	0.0000	low
vRhyme_unbinned_75__MGr3G3H3I_000000218818	vRhyme_unbinned_75__MGr3G3H3I_000000218818	vRhyme_unbinned_75__MGr3G3H3I_000000218818_6	0.0000	low	1.0000	very high	0.0000	low
vRhyme_unbinned_75__MGr3G3H3I_000000218818	vRhyme_unbinned_75__MGr3G3H3I_000000218818	vRhyme_unbinned_75__MGr3G3H3I_000000218818_7	0.0000	low	1.0000	very high	0.0000	low
vRhyme_unbinned_75__MGr3G3H3I_000000218818	vRhyme_unbinned_75__MGr3G3H3I_000000218818	vRhyme_unbinned_75__MGr3G3H3I_000000218818_8	0.0000	low	1.0000	very high	0.0000	low
vRhyme_unbinned_75__MGr3G3H3I_000000218818	vRhyme_unbinned_75__MGr3G3H3I_000000218818	vRhyme_unbinned_75__MGr3G3H3I_000000218818_9	0.0000	low	1.0000	very high	0.0000	low
vRhyme_unbinned_75__MGr3G3H3I_000000218818	vRhyme_unbinned_75__MGr3G3H3I_000000218818	vRhyme_unbinned_75__MGr3G3H3I_000000218818_10	0.0000	low	1.0000	very high	0.0000	low
vRhyme_unbinned_75__MGr3G3H3I_000000218818	vRhyme_unbinned_75__MGr3G3H3I_000000218818	vRhyme_unbinned_75__MGr3G3H3I_000000218818_11	0.0000	low	1.0000	very high	0.0000	low
vRhyme_unbinned_75__MGr3G3H3I_000000218818	vRhyme_unbinned_75__MGr3G3H3I_000000218818	vRhyme_unbinned_75__MGr3G3H3I_000000218818_12	0.0000	low	1.0000	very high	0.0000	low
vRhyme_unbinned_75__MGr3G3H3I_000000218818	vRhyme_unbinned_75__MGr3G3H3I_000000218818	vRhyme_unbinned_75__MGr3G3H3I_000000218818_13	0.0000	low	1.0000	very high	0.0000	low
vRhyme_unbinned_78__MGr3G3H3I_000000231783	vRhyme_unbinned_78__MGr3G3H3I_000000231783	vRhyme_unbinned_78__MGr3G3H3I_000000231783_1	0.0000	low	0.8978	high	0.0000	low
vRhyme_unbinned_78__MGr3G3H3I_000000231783	vRhyme_unbinned_78__MGr3G3H3I_000000231783	vRhyme_unbinned_78__MGr3G3H3I_000000231783_2	0.0000	low	0.9593	high	0.0000	low
vRhyme_unbinned_78__MGr3G3H3I_000000231783	vRhyme_unbinned_78__MGr3G3H3I_000000231783	vRhyme_unbinned_78__MGr3G3H3I_000000231783_3	0.0000	low	0.9064	high	0.0000	low
vRhyme_unbinned_78__MGr3G3H3I_000000231783	vRhyme_unbinned_78__MGr3G3H3I_000000231783	vRhyme_unbinned_78__MGr3G3H3I_000000231783_4	0.0000	low	1.0000	very high	0.0000	low
vRhyme_unbinned_78__MGr3G3H3I_000000231783	vRhyme_unbinned_78__MGr3G3H3I_000000231783	vRhyme_unbinned_78__MGr3G3H3I_000000231783_5	0.0000	low	0.9165	high	0.0000	low
vRhyme_unbinned_78__MGr3G3H3I_000000231783	vRhyme_unbinned_78__MGr3G3H3I_000000231783	vRhyme_unbinned_78__MGr3G3H3I_000000231783_6	0.0000	low	0.9124	high	0.0000	low
vRhyme_unbinned_78__MGr3G3H3I_000000231783	vRhyme_unbinned_78__MGr3G3H3I_000000231783	vRhyme_unbinned_78__MGr3G3H3I_000000231783_7	0.0000	low	0.9387	high	0.0000	low
vRhyme_unbinned_78__MGr3G3H3I_000000231783	vRhyme_unbinned_78__MGr3G3H3I_000000231783	vRhyme_unbinned_78__MGr3G3H3I_000000231783_8	0.0000	low	0.9518	high	0.0000	low
vRhyme_unbinned_78__MGr3G3H3I_000000231783	vRhyme_unbinned_78__MGr3G3H3I_000000231783	vRhyme_unbinned_78__MGr3G3H3I_000000231783_9	0.0000	low	0.9563	high	0.0000	low
vRhyme_unbinned_78__MGr3G3H3I_000000231783	vRhyme_unbinned_78__MGr3G3H3I_000000231783	vRhyme_unbinned_78__MGr3G3H3I_000000231783_10	0.0000	low	1.0000	very high	0.0000	low
vRhyme_unbinned_78__MGr3G3H3I_000000231783	vRhyme_unbinned_78__MGr3G3H3I_000000231783	vRhyme_unbinned_78__MGr3G3H3I_000000231783_11	0.0000	low	1.0000	very high	0.0000	low
vRhyme_unbinned_78__MGr3G3H3I_000000231783	vRhyme_unbinned_78__MGr3G3H3I_000000231783	vRhyme_unbinned_78__MGr3G3H3I_000000231783_12	1.0000	very high	1.0000	very high	1.0000	very high
vRhyme_unbinned_78__MGr3G3H3I_000000231783	vRhyme_unbinned_78__MGr3G3H3I_000000231783	vRhyme_unbinned_78__MGr3G3H3I_000000231783_13	0.0000	low	0.9542	high	0.0000	low
vRhyme_unbinned_78__MGr3G3H3I_000000231783	vRhyme_unbinned_78__MGr3G3H3I_000000231783	vRhyme_unbinned_78__MGr3G3H3I_000000231783_14	0.0000	low	1.0000	very high	0.0000	low
vRhyme_unbinned_78__MGr3G3H3I_000000231783	vRhyme_unbinned_78__MGr3G3H3I_000000231783	vRhyme_unbinned_78__MGr3G3H3I_000000231783_15	0.0000	low	1.0000	very high	0.0000	low
vRhyme_unbinned_78__MGr3G3H3I_000000231783	vRhyme_unbinned_78__MGr3G3H3I_000000231783	vRhyme_unbinned_78__MGr3G3H3I_000000231783_16	0.0000	low	0.9222	high	0.0000	low
vRhyme_unbinned_78__MGr3G3H3I_000000231783	vRhyme_unbinned_78__MGr3G3H3I_000000231783	vRhyme_unbinned_78__MGr3G3H3I_000000231783_17	0.0000	low	0.9559	high	0.0000	low
vRhyme_unbinned_78__MGr3G3H3I_000000231783	vRhyme_unbinned_78__MGr3G3H3I_000000231783	vRhyme_unbinned_78__MGr3G3H3I_000000231783_18	0.0000	low	0.8988	high	0.0000	low
vRhyme_unbinned_78__MGr3G3H3I_000000231783	vRhyme_unbinned_78__MGr3G3H3I_000000231783	vRhyme_unbinned_78__MGr3G3H3I_000000231783_19	0.0000	low	1.0000	very high	0.0000	low
vRhyme_unbinned_78__MGr3G3H3I_000000231783	vRhyme_unbinned_78__MGr3G3H3I_000000231783	vRhyme_unbinned_78__MGr3G3H3I_000000231783_20	0.4091	medium	0.9577	high	0.3918	high
vRhyme_unbinned_7__MGr3G3H3I_000000013374	vRhyme_unbinned_7__MGr3G3H3I_000000013374	vRhyme_unbinned_7__MGr3G3H3I_000000013374_1	0.0000	low	0.9551	high	0.0000	low
vRhyme_unbinned_7__MGr3G3H3I_000000013374	vRhyme_unbinned_7__MGr3G3H3I_000000013374	vRhyme_unbinned_7__MGr3G3H3I_000000013374_2	0.0000	low	1.0000	very high	0.0000	low
vRhyme_unbinned_7__MGr3G3H3I_000000013374	vRhyme_unbinned_7__MGr3G3H3I_000000013374	vRhyme_unbinned_7__MGr3G3H3I_000000013374_3	0.0000	low	1.0000	very high	0.0000	low
vRhyme_unbinned_7__MGr3G3H3I_000000013374	vRhyme_unbinned_7__MGr3G3H3I_000000013374	vRhyme_unbinned_7__MGr3G3H3I_000000013374_4	0.0000	low	1.0000	very high	0.0000	low
vRhyme_unbinned_7__MGr3G3H3I_000000013374	vRhyme_unbinned_7__MGr3G3H3I_000000013374	vRhyme_unbinned_7__MGr3G3H3I_000000013374_5	0.0000	low	1.0000	very high	0.0000	low
vRhyme_unbinned_7__MGr3G3H3I_000000013374	vRhyme_unbinned_7__MGr3G3H3I_000000013374	vRhyme_unbinned_7__MGr3G3H3I_000000013374_6	0.0000	low	0.9554	high	0.0000	low
vRhyme_unbinned_7__MGr3G3H3I_000000013374	vRhyme_unbinned_7__MGr3G3H3I_000000013374	vRhyme_unbinned_7__MGr3G3H3I_000000013374_7	0.0000	low	1.0000	very high	0.0000	low
vRhyme_unbinned_7__MGr3G3H3I_000000013374	vRhyme_unbinned_7__MGr3G3H3I_000000013374	vRhyme_unbinned_7__MGr3G3H3I_000000013374_8	0.0000	low	1.0000	very high	0.0000	low
vRhyme_unbinned_7__MGr3G3H3I_000000013374	vRhyme_unbinned_7__MGr3G3H3I_000000013374	vRhyme_unbinned_7__MGr3G3H3I_000000013374_9	0.0000	low	1.0000	very high	0.0000	low
vRhyme_unbinned_7__MGr3G3H3I_000000013374	vRhyme_unbinned_7__MGr3G3H3I_000000013374	vRhyme_unbinned_7__MGr3G3H3I_000000013374_10	0.0000	low	1.0000	very high	0.0000	low
vRhyme_unbinned_7__MGr3G3H3I_000000013374	vRhyme_unbinned_7__MGr3G3H3I_000000013374	vRhyme_unbinned_7__MGr3G3H3I_000000013374_11	0.0000	low	1.0000	very high	0.0000	low
vRhyme_unbinned_83__MGr3G3H3I_000000264560	vRhyme_unbinned_83__MGr3G3H3I_000000264560	vRhyme_unbinned_83__MGr3G3H3I_000000264560_1	0.0000	low	1.0000	very high	0.0000	low
vRhyme_unbinned_83__MGr3G3H3I_000000264560	vRhyme_unbinned_83__MGr3G3H3I_000000264560	vRhyme_unbinned_83__MGr3G3H3I_000000264560_2	0.0000	low	1.0000	very high	0.0000	low
vRhyme_unbinned_83__MGr3G3H3I_000000264560	vRhyme_unbinned_83__MGr3G3H3I_000000264560	vRhyme_unbinned_83__MGr3G3H3I_000000264560_3	0.0000	low	1.0000	very high	0.0000	low
vRhyme_unbinned_83__MGr3G3H3I_000000264560	vRhyme_unbinned_83__MGr3G3H3I_000000264560	vRhyme_unbinned_83__MGr3G3H3I_000000264560_4	0.0000	low	1.0000	very high	0.0000	low
vRhyme_unbinned_83__MGr3G3H3I_000000264560	vRhyme_unbinned_83__MGr3G3H3I_000000264560	vRhyme_unbinned_83__MGr3G3H3I_000000264560_5	0.0000	low	1.0000	very high	0.0000	low
vRhyme_unbinned_83__MGr3G3H3I_000000264560	vRhyme_unbinned_83__MGr3G3H3I_000000264560	vRhyme_unbinned_83__MGr3G3H3I_000000264560_6	0.0000	low	1.0000	very high	0.0000	low
vRhyme_unbinned_83__MGr3G3H3I_000000264560	vRhyme_unbinned_83__MGr3G3H3I_000000264560	vRhyme_unbinned_83__MGr3G3H3I_000000264560_7	0.0000	low	1.0000	very high	0.0000	low
vRhyme_unbinned_83__MGr3G3H3I_000000264560	vRhyme_unbinned_83__MGr3G3H3I_000000264560	vRhyme_unbinned_83__MGr3G3H3I_000000264560_8	0.0000	low	1.0000	very high	0.0000	low
vRhyme_unbinned_83__MGr3G3H3I_000000264560	vRhyme_unbinned_83__MGr3G3H3I_000000264560	vRhyme_unbinned_83__MGr3G3H3I_000000264560_9	0.0000	low	1.0000	very high	0.0000	low
vRhyme_unbinned_83__MGr3G3H3I_000000264560	vRhyme_unbinned_83__MGr3G3H3I_000000264560	vRhyme_unbinned_83__MGr3G3H3I_000000264560_10	0.0000	low	1.0000	very high	0.0000	low
vRhyme_unbinned_83__MGr3G3H3I_000000264560	vRhyme_unbinned_83__MGr3G3H3I_000000264560	vRhyme_unbinned_83__MGr3G3H3I_000000264560_11	0.0000	low	1.0000	very high	0.0000	low
vRhyme_unbinned_83__MGr3G3H3I_000000264560	vRhyme_unbinned_83__MGr3G3H3I_000000264560	vRhyme_unbinned_83__MGr3G3H3I_000000264560_12	0.0000	low	1.0000	very high	0.0000	low
vRhyme_unbinned_83__MGr3G3H3I_000000264560	vRhyme_unbinned_83__MGr3G3H3I_000000264560	vRhyme_unbinned_83__MGr3G3H3I_000000264560_13	0.0000	low	1.0000	very high	0.0000	low
vRhyme_unbinned_83__MGr3G3H3I_000000264560	vRhyme_unbinned_83__MGr3G3H3I_000000264560	vRhyme_unbinned_83__MGr3G3H3I_000000264560_14	0.0000	low	1.0000	very high	0.0000	low
vRhyme_unbinned_83__MGr3G3H3I_000000264560	vRhyme_unbinned_83__MGr3G3H3I_000000264560	vRhyme_unbinned_83__MGr3G3H3I_000000264560_15	0.0000	low	1.0000	very high	0.0000	low
vRhyme_unbinned_83__MGr3G3H3I_000000264560	vRhyme_unbinned_83__MGr3G3H3I_000000264560	vRhyme_unbinned_83__MGr3G3H3I_000000264560_16	0.0000	low	1.0000	very high	0.0000	low
vRhyme_unbinned_83__MGr3G3H3I_000000264560	vRhyme_unbinned_83__MGr3G3H3I_000000264560	vRhyme_unbinned_83__MGr3G3H3I_000000264560_17	0.0000	low	1.0000	very high	0.0000	low
vRhyme_unbinned_83__MGr3G3H3I_000000264560	vRhyme_unbinned_83__MGr3G3H3I_000000264560	vRhyme_unbinned_83__MGr3G3H3I_000000264560_18	0.0000	low	1.0000	very high	0.0000	low
vRhyme_unbinned_83__MGr3G3H3I_000000264560	vRhyme_unbinned_83__MGr3G3H3I_000000264560	vRhyme_unbinned_83__MGr3G3H3I_000000264560_19	0.0000	low	1.0000	very high	0.0000	low
vRhyme_unbinned_83__MGr3G3H3I_000000264560	vRhyme_unbinned_83__MGr3G3H3I_000000264560	vRhyme_unbinned_83__MGr3G3H3I_000000264560_20	0.0000	low	1.0000	very high	0.0000	low
vRhyme_unbinned_83__MGr3G3H3I_000000264560	vRhyme_unbinned_83__MGr3G3H3I_000000264560	vRhyme_unbinned_83__MGr3G3H3I_000000264560_21	0.0000	low	1.0000	very high	0.0000	low
vRhyme_unbinned_83__MGr3G3H3I_000000264560	vRhyme_unbinned_83__MGr3G3H3I_000000264560	vRhyme_unbinned_83__MGr3G3H3I_000000264560_22	0.0000	low	1.0000	very high	0.0000	low
vRhyme_unbinned_83__MGr3G3H3I_000000264560	vRhyme_unbinned_83__MGr3G3H3I_000000264560	vRhyme_unbinned_83__MGr3G3H3I_000000264560_23	0.0000	low	1.0000	very high	0.0000	low
vRhyme_unbinned_83__MGr3G3H3I_000000264560	vRhyme_unbinned_83__MGr3G3H3I_000000264560	vRhyme_unbinned_83__MGr3G3H3I_000000264560_24	0.0000	low	1.0000	very high	0.0000	low
vRhyme_unbinned_83__MGr3G3H3I_000000264560	vRhyme_unbinned_83__MGr3G3H3I_000000264560	vRhyme_unbinned_83__MGr3G3H3I_000000264560_25	0.0000	low	1.0000	very high	0.0000	low
vRhyme_unbinned_83__MGr3G3H3I_000000264560	vRhyme_unbinned_83__MGr3G3H3I_000000264560	vRhyme_unbinned_83__MGr3G3H3I_000000264560_26	0.0000	low	1.0000	very high	0.0000	low
vRhyme_unbinned_83__MGr3G3H3I_000000264560	vRhyme_unbinned_83__MGr3G3H3I_000000264560	vRhyme_unbinned_83__MGr3G3H3I_000000264560_27	0.0000	low	1.0000	very high	0.0000	low
vRhyme_unbinned_83__MGr3G3H3I_000000264560	vRhyme_unbinned_83__MGr3G3H3I_000000264560	vRhyme_unbinned_83__MGr3G3H3I_000000264560_28	0.0000	low	1.0000	very high	0.0000	low
vRhyme_unbinned_83__MGr3G3H3I_000000264560	vRhyme_unbinned_83__MGr3G3H3I_000000264560	vRhyme_unbinned_83__MGr3G3H3I_000000264560_29	0.0000	low	1.0000	very high	0.0000	low
vRhyme_unbinned_83__MGr3G3H3I_000000264560	vRhyme_unbinned_83__MGr3G3H3I_000000264560	vRhyme_unbinned_83__MGr3G3H3I_000000264560_30	0.0000	low	1.0000	very high	0.0000	low
vRhyme_unbinned_83__MGr3G3H3I_000000264560	vRhyme_unbinned_83__MGr3G3H3I_000000264560	vRhyme_unbinned_83__MGr3G3H3I_000000264560_31	0.0000	low	1.0000	very high	0.0000	low
vRhyme_unbinned_83__MGr3G3H3I_000000264560	vRhyme_unbinned_83__MGr3G3H3I_000000264560	vRhyme_unbinned_83__MGr3G3H3I_000000264560_32	0.0000	low	1.0000	very high	0.0000	low
vRhyme_unbinned_83__MGr3G3H3I_000000264560	vRhyme_unbinned_83__MGr3G3H3I_000000264560	vRhyme_unbinned_83__MGr3G3H3I_000000264560_33	0.0000	low	1.0000	very high	0.0000	low
vRhyme_unbinned_83__MGr3G3H3I_000000264560	vRhyme_unbinned_83__MGr3G3H3I_000000264560	vRhyme_unbinned_83__MGr3G3H3I_000000264560_34	0.0000	low	1.0000	very high	0.0000	low
vRhyme_unbinned_83__MGr3G3H3I_000000264560	vRhyme_unbinned_83__MGr3G3H3I_000000264560	vRhyme_unbinned_83__MGr3G3H3I_000000264560_35	0.0000	low	1.0000	very high	0.0000	low
vRhyme_unbinned_83__MGr3G3H3I_000000264560	vRhyme_unbinned_83__MGr3G3H3I_000000264560	vRhyme_unbinned_83__MGr3G3H3I_000000264560_36	0.0000	low	1.0000	very high	0.0000	low
vRhyme_unbinned_83__MGr3G3H3I_000000264560	vRhyme_unbinned_83__MGr3G3H3I_000000264560	vRhyme_unbinned_83__MGr3G3H3I_000000264560_37	0.0000	low	1.0000	very high	0.0000	low
vRhyme_unbinned_83__MGr3G3H3I_000000264560	vRhyme_unbinned_83__MGr3G3H3I_000000264560	vRhyme_unbinned_83__MGr3G3H3I_000000264560_38	0.0000	low	1.0000	very high	0.0000	low
vRhyme_unbinned_83__MGr3G3H3I_000000264560	vRhyme_unbinned_83__MGr3G3H3I_000000264560	vRhyme_unbinned_83__MGr3G3H3I_000000264560_39	0.0000	low	1.0000	very high	0.0000	low
vRhyme_unbinned_83__MGr3G3H3I_000000264560	vRhyme_unbinned_83__MGr3G3H3I_000000264560	vRhyme_unbinned_83__MGr3G3H3I_000000264560_40	0.0000	low	1.0000	very high	0.0000	low
vRhyme_unbinned_83__MGr3G3H3I_000000264560	vRhyme_unbinned_83__MGr3G3H3I_000000264560	vRhyme_unbinned_83__MGr3G3H3I_000000264560_41	0.0000	low	1.0000	very high	0.0000	low
vRhyme_unbinned_83__MGr3G3H3I_000000264560	vRhyme_unbinned_83__MGr3G3H3I_000000264560	vRhyme_unbinned_83__MGr3G3H3I_000000264560_42	0.0000	low	1.0000	very high	0.0000	low
vRhyme_unbinned_83__MGr3G3H3I_000000264560	vRhyme_unbinned_83__MGr3G3H3I_000000264560	vRhyme_unbinned_83__MGr3G3H3I_000000264560_43	0.0000	low	1.0000	very high	0.0000	low
vRhyme_unbinned_83__MGr3G3H3I_000000264560	vRhyme_unbinned_83__MGr3G3H3I_000000264560	vRhyme_unbinned_83__MGr3G3H3I_000000264560_44	0.0000	low	1.0000	very high	0.0000	low
vRhyme_unbinned_79__MGr3G3H3I_000000232172	vRhyme_unbinned_79__MGr3G3H3I_000000232172	vRhyme_unbinned_79__MGr3G3H3I_000000232172_1	0.0000	low	1.0000	very high	0.0000	low
vRhyme_unbinned_79__MGr3G3H3I_000000232172	vRhyme_unbinned_79__MGr3G3H3I_000000232172	vRhyme_unbinned_79__MGr3G3H3I_000000232172_2	0.0000	low	1.0000	very high	0.0000	low
vRhyme_unbinned_79__MGr3G3H3I_000000232172	vRhyme_unbinned_79__MGr3G3H3I_000000232172	vRhyme_unbinned_79__MGr3G3H3I_000000232172_3	0.0000	low	1.0000	very high	0.0000	low
vRhyme_unbinned_79__MGr3G3H3I_000000232172	vRhyme_unbinned_79__MGr3G3H3I_000000232172	vRhyme_unbinned_79__MGr3G3H3I_000000232172_4	0.0000	low	1.0000	very high	0.0000	low
vRhyme_unbinned_79__MGr3G3H3I_000000232172	vRhyme_unbinned_79__MGr3G3H3I_000000232172	vRhyme_unbinned_79__MGr3G3H3I_000000232172_5	0.0000	low	1.0000	very high	0.0000	low
vRhyme_unbinned_79__MGr3G3H3I_000000232172	vRhyme_unbinned_79__MGr3G3H3I_000000232172	vRhyme_unbinned_79__MGr3G3H3I_000000232172_6	0.0000	low	1.0000	very high	0.0000	low
vRhyme_unbinned_79__MGr3G3H3I_000000232172	vRhyme_unbinned_79__MGr3G3H3I_000000232172	vRhyme_unbinned_79__MGr3G3H3I_000000232172_7	0.0000	low	1.0000	very high	0.0000	low
vRhyme_unbinned_79__MGr3G3H3I_000000232172	vRhyme_unbinned_79__MGr3G3H3I_000000232172	vRhyme_unbinned_79__MGr3G3H3I_000000232172_8	0.0000	low	1.0000	very high	0.0000	low
vRhyme_unbinned_79__MGr3G3H3I_000000232172	vRhyme_unbinned_79__MGr3G3H3I_000000232172	vRhyme_unbinned_79__MGr3G3H3I_000000232172_9	0.0000	low	1.0000	very high	0.0000	low
vRhyme_unbinned_79__MGr3G3H3I_000000232172	vRhyme_unbinned_79__MGr3G3H3I_000000232172	vRhyme_unbinned_79__MGr3G3H3I_000000232172_10	0.0000	low	1.0000	very high	0.0000	low
vRhyme_unbinned_79__MGr3G3H3I_000000232172	vRhyme_unbinned_79__MGr3G3H3I_000000232172	vRhyme_unbinned_79__MGr3G3H3I_000000232172_11	0.0000	low	1.0000	very high	0.0000	low
vRhyme_unbinned_79__MGr3G3H3I_000000232172	vRhyme_unbinned_79__MGr3G3H3I_000000232172	vRhyme_unbinned_79__MGr3G3H3I_000000232172_12	0.0000	low	1.0000	very high	0.0000	low
vRhyme_unbinned_79__MGr3G3H3I_000000232172	vRhyme_unbinned_79__MGr3G3H3I_000000232172	vRhyme_unbinned_79__MGr3G3H3I_000000232172_13	0.0000	low	1.0000	very high	0.0000	low
vRhyme_unbinned_79__MGr3G3H3I_000000232172	vRhyme_unbinned_79__MGr3G3H3I_000000232172	vRhyme_unbinned_79__MGr3G3H3I_000000232172_14	0.0000	low	1.0000	very high	0.0000	low
vRhyme_unbinned_79__MGr3G3H3I_000000232172	vRhyme_unbinned_79__MGr3G3H3I_000000232172	vRhyme_unbinned_79__MGr3G3H3I_000000232172_15	0.0000	low	1.0000	very high	0.0000	low
vRhyme_unbinned_79__MGr3G3H3I_000000232172	vRhyme_unbinned_79__MGr3G3H3I_000000232172	vRhyme_unbinned_79__MGr3G3H3I_000000232172_16	0.0000	low	1.0000	very high	0.0000	low
vRhyme_unbinned_81__MGr3G3H3I_000000246984	vRhyme_unbinned_81__MGr3G3H3I_000000246984	vRhyme_unbinned_81__MGr3G3H3I_000000246984_1	0.0000	low	1.0000	very high	0.0000	low
vRhyme_unbinned_81__MGr3G3H3I_000000246984	vRhyme_unbinned_81__MGr3G3H3I_000000246984	vRhyme_unbinned_81__MGr3G3H3I_000000246984_2	0.0000	low	1.0000	very high	0.0000	low
vRhyme_unbinned_81__MGr3G3H3I_000000246984	vRhyme_unbinned_81__MGr3G3H3I_000000246984	vRhyme_unbinned_81__MGr3G3H3I_000000246984_3	0.0000	low	1.0000	very high	0.0000	low
vRhyme_unbinned_81__MGr3G3H3I_000000246984	vRhyme_unbinned_81__MGr3G3H3I_000000246984	vRhyme_unbinned_81__MGr3G3H3I_000000246984_4	0.9447	high	1.0000	very high	0.9447	very high
vRhyme_unbinned_81__MGr3G3H3I_000000246984	vRhyme_unbinned_81__MGr3G3H3I_000000246984	vRhyme_unbinned_81__MGr3G3H3I_000000246984_5	0.0000	low	1.0000	very high	0.0000	low
vRhyme_unbinned_81__MGr3G3H3I_000000246984	vRhyme_unbinned_81__MGr3G3H3I_000000246984	vRhyme_unbinned_81__MGr3G3H3I_000000246984_6	0.0000	low	1.0000	very high	0.0000	low
vRhyme_unbinned_81__MGr3G3H3I_000000246984	vRhyme_unbinned_81__MGr3G3H3I_000000246984	vRhyme_unbinned_81__MGr3G3H3I_000000246984_7	0.0000	low	1.0000	very high	0.0000	low
vRhyme_unbinned_81__MGr3G3H3I_000000246984	vRhyme_unbinned_81__MGr3G3H3I_000000246984	vRhyme_unbinned_81__MGr3G3H3I_000000246984_8	0.0000	low	1.0000	very high	0.0000	low
vRhyme_unbinned_81__MGr3G3H3I_000000246984	vRhyme_unbinned_81__MGr3G3H3I_000000246984	vRhyme_unbinned_81__MGr3G3H3I_000000246984_9	0.0000	low	1.0000	very high	0.0000	low
vRhyme_unbinned_81__MGr3G3H3I_000000246984	vRhyme_unbinned_81__MGr3G3H3I_000000246984	vRhyme_unbinned_81__MGr3G3H3I_000000246984_10	0.0000	low	1.0000	very high	0.0000	low
vRhyme_unbinned_81__MGr3G3H3I_000000246984	vRhyme_unbinned_81__MGr3G3H3I_000000246984	vRhyme_unbinned_81__MGr3G3H3I_000000246984_11	0.0000	low	1.0000	very high	0.0000	low
vRhyme_unbinned_81__MGr3G3H3I_000000246984	vRhyme_unbinned_81__MGr3G3H3I_000000246984	vRhyme_unbinned_81__MGr3G3H3I_000000246984_12	0.0000	low	1.0000	very high	0.0000	low
vRhyme_unbinned_81__MGr3G3H3I_000000246984	vRhyme_unbinned_81__MGr3G3H3I_000000246984	vRhyme_unbinned_81__MGr3G3H3I_000000246984_13	0.0000	low	1.0000	very high	0.0000	low
vRhyme_unbinned_81__MGr3G3H3I_000000246984	vRhyme_unbinned_81__MGr3G3H3I_000000246984	vRhyme_unbinned_81__MGr3G3H3I_000000246984_14	0.0000	low	1.0000	very high	0.0000	low
vRhyme_unbinned_81__MGr3G3H3I_000000246984	vRhyme_unbinned_81__MGr3G3H3I_000000246984	vRhyme_unbinned_81__MGr3G3H3I_000000246984_15	0.0000	low	1.0000	very high	0.0000	low
vRhyme_unbinned_81__MGr3G3H3I_000000246984	vRhyme_unbinned_81__MGr3G3H3I_000000246984	vRhyme_unbinned_81__MGr3G3H3I_000000246984_16	0.0000	low	1.0000	very high	0.0000	low
vRhyme_unbinned_81__MGr3G3H3I_000000246984	vRhyme_unbinned_81__MGr3G3H3I_000000246984	vRhyme_unbinned_81__MGr3G3H3I_000000246984_17	0.0000	low	1.0000	very high	0.0000	low
vRhyme_unbinned_87__MGr3G3H3I_000000274731	vRhyme_unbinned_87__MGr3G3H3I_000000274731	vRhyme_unbinned_87__MGr3G3H3I_000000274731_1	0.0000	low	1.0000	very high	0.0000	low
vRhyme_unbinned_87__MGr3G3H3I_000000274731	vRhyme_unbinned_87__MGr3G3H3I_000000274731	vRhyme_unbinned_87__MGr3G3H3I_000000274731_2	0.0000	low	1.0000	very high	0.0000	low
vRhyme_unbinned_87__MGr3G3H3I_000000274731	vRhyme_unbinned_87__MGr3G3H3I_000000274731	vRhyme_unbinned_87__MGr3G3H3I_000000274731_3	0.0000	low	1.0000	very high	0.0000	low
vRhyme_unbinned_87__MGr3G3H3I_000000274731	vRhyme_unbinned_87__MGr3G3H3I_000000274731	vRhyme_unbinned_87__MGr3G3H3I_000000274731_4	0.0000	low	1.0000	very high	0.0000	low
vRhyme_unbinned_87__MGr3G3H3I_000000274731	vRhyme_unbinned_87__MGr3G3H3I_000000274731	vRhyme_unbinned_87__MGr3G3H3I_000000274731_5	0.0000	low	1.0000	very high	0.0000	low
vRhyme_unbinned_87__MGr3G3H3I_000000274731	vRhyme_unbinned_87__MGr3G3H3I_000000274731	vRhyme_unbinned_87__MGr3G3H3I_000000274731_6	0.0000	low	1.0000	very high	0.0000	low
vRhyme_unbinned_87__MGr3G3H3I_000000274731	vRhyme_unbinned_87__MGr3G3H3I_000000274731	vRhyme_unbinned_87__MGr3G3H3I_000000274731_7	0.0000	low	0.9585	high	0.0000	low
vRhyme_unbinned_87__MGr3G3H3I_000000274731	vRhyme_unbinned_87__MGr3G3H3I_000000274731	vRhyme_unbinned_87__MGr3G3H3I_000000274731_8	0.0000	low	1.0000	very high	0.0000	low
vRhyme_unbinned_87__MGr3G3H3I_000000274731	vRhyme_unbinned_87__MGr3G3H3I_000000274731	vRhyme_unbinned_87__MGr3G3H3I_000000274731_9	0.0000	low	1.0000	very high	0.0000	low
vRhyme_unbinned_87__MGr3G3H3I_000000274731	vRhyme_unbinned_87__MGr3G3H3I_000000274731	vRhyme_unbinned_87__MGr3G3H3I_000000274731_10	0.0000	low	1.0000	very high	0.0000	low
vRhyme_unbinned_87__MGr3G3H3I_000000274731	vRhyme_unbinned_87__MGr3G3H3I_000000274731	vRhyme_unbinned_87__MGr3G3H3I_000000274731_11	0.0000	low	1.0000	very high	0.0000	low
vRhyme_unbinned_87__MGr3G3H3I_000000274731	vRhyme_unbinned_87__MGr3G3H3I_000000274731	vRhyme_unbinned_87__MGr3G3H3I_000000274731_12	0.0000	low	1.0000	very high	0.0000	low
vRhyme_unbinned_87__MGr3G3H3I_000000274731	vRhyme_unbinned_87__MGr3G3H3I_000000274731	vRhyme_unbinned_87__MGr3G3H3I_000000274731_13	0.0000	low	1.0000	very high	0.0000	low
vRhyme_unbinned_73__MGr3G3H3I_000000214235	vRhyme_unbinned_73__MGr3G3H3I_000000214235	vRhyme_unbinned_73__MGr3G3H3I_000000214235_1	0.0000	low	1.0000	very high	0.0000	low
vRhyme_unbinned_73__MGr3G3H3I_000000214235	vRhyme_unbinned_73__MGr3G3H3I_000000214235	vRhyme_unbinned_73__MGr3G3H3I_000000214235_2	0.0000	low	1.0000	very high	0.0000	low
vRhyme_unbinned_73__MGr3G3H3I_000000214235	vRhyme_unbinned_73__MGr3G3H3I_000000214235	vRhyme_unbinned_73__MGr3G3H3I_000000214235_3	0.0000	low	1.0000	very high	0.0000	low
vRhyme_unbinned_73__MGr3G3H3I_000000214235	vRhyme_unbinned_73__MGr3G3H3I_000000214235	vRhyme_unbinned_73__MGr3G3H3I_000000214235_4	0.0000	low	1.0000	very high	0.0000	low
vRhyme_unbinned_73__MGr3G3H3I_000000214235	vRhyme_unbinned_73__MGr3G3H3I_000000214235	vRhyme_unbinned_73__MGr3G3H3I_000000214235_5	0.0000	low	1.0000	very high	0.0000	low
vRhyme_unbinned_73__MGr3G3H3I_000000214235	vRhyme_unbinned_73__MGr3G3H3I_000000214235	vRhyme_unbinned_73__MGr3G3H3I_000000214235_6	0.0000	low	1.0000	very high	0.0000	low
vRhyme_unbinned_73__MGr3G3H3I_000000214235	vRhyme_unbinned_73__MGr3G3H3I_000000214235	vRhyme_unbinned_73__MGr3G3H3I_000000214235_7	0.0000	low	1.0000	very high	0.0000	low
vRhyme_unbinned_73__MGr3G3H3I_000000214235	vRhyme_unbinned_73__MGr3G3H3I_000000214235	vRhyme_unbinned_73__MGr3G3H3I_000000214235_8	0.0000	low	1.0000	very high	0.0000	low
vRhyme_unbinned_73__MGr3G3H3I_000000214235	vRhyme_unbinned_73__MGr3G3H3I_000000214235	vRhyme_unbinned_73__MGr3G3H3I_000000214235_9	0.0000	low	1.0000	very high	0.0000	low
vRhyme_unbinned_73__MGr3G3H3I_000000214235	vRhyme_unbinned_73__MGr3G3H3I_000000214235	vRhyme_unbinned_73__MGr3G3H3I_000000214235_10	0.0000	low	1.0000	very high	0.0000	low
vRhyme_unbinned_73__MGr3G3H3I_000000214235	vRhyme_unbinned_73__MGr3G3H3I_000000214235	vRhyme_unbinned_73__MGr3G3H3I_000000214235_11	0.0000	low	1.0000	very high	0.0000	low
vRhyme_unbinned_73__MGr3G3H3I_000000214235	vRhyme_unbinned_73__MGr3G3H3I_000000214235	vRhyme_unbinned_73__MGr3G3H3I_000000214235_12	0.0000	low	1.0000	very high	0.0000	low
vRhyme_unbinned_73__MGr3G3H3I_000000214235	vRhyme_unbinned_73__MGr3G3H3I_000000214235	vRhyme_unbinned_73__MGr3G3H3I_000000214235_13	0.0000	low	1.0000	very high	0.0000	low
vRhyme_unbinned_85__MGr3G3H3I_000000273023	vRhyme_unbinned_85__MGr3G3H3I_000000273023	vRhyme_unbinned_85__MGr3G3H3I_000000273023_1	0.8856	high	0.0000	low	0.0000	low
vRhyme_unbinned_85__MGr3G3H3I_000000273023	vRhyme_unbinned_85__MGr3G3H3I_000000273023	vRhyme_unbinned_85__MGr3G3H3I_000000273023_2	0.0000	low	0.2009	medium	0.0000	low
vRhyme_unbinned_85__MGr3G3H3I_000000273023	vRhyme_unbinned_85__MGr3G3H3I_000000273023	vRhyme_unbinned_85__MGr3G3H3I_000000273023_3	0.0000	low	0.3005	medium	0.0000	low
vRhyme_unbinned_85__MGr3G3H3I_000000273023	vRhyme_unbinned_85__MGr3G3H3I_000000273023	vRhyme_unbinned_85__MGr3G3H3I_000000273023_4	0.0000	low	0.0685	medium	0.0000	low
vRhyme_unbinned_85__MGr3G3H3I_000000273023	vRhyme_unbinned_85__MGr3G3H3I_000000273023	vRhyme_unbinned_85__MGr3G3H3I_000000273023_5	0.0000	low	0.2167	medium	0.0000	low
vRhyme_unbinned_85__MGr3G3H3I_000000273023	vRhyme_unbinned_85__MGr3G3H3I_000000273023	vRhyme_unbinned_85__MGr3G3H3I_000000273023_6	0.0000	low	0.1496	medium	0.0000	low
vRhyme_unbinned_85__MGr3G3H3I_000000273023	vRhyme_unbinned_85__MGr3G3H3I_000000273023	vRhyme_unbinned_85__MGr3G3H3I_000000273023_7	0.0000	low	0.2074	medium	0.0000	low
vRhyme_unbinned_85__MGr3G3H3I_000000273023	vRhyme_unbinned_85__MGr3G3H3I_000000273023	vRhyme_unbinned_85__MGr3G3H3I_000000273023_8	0.0000	low	0.0907	medium	0.0000	low
vRhyme_unbinned_85__MGr3G3H3I_000000273023	vRhyme_unbinned_85__MGr3G3H3I_000000273023	vRhyme_unbinned_85__MGr3G3H3I_000000273023_9	0.0000	low	0.2878	medium	0.0000	low
vRhyme_unbinned_85__MGr3G3H3I_000000273023	vRhyme_unbinned_85__MGr3G3H3I_000000273023	vRhyme_unbinned_85__MGr3G3H3I_000000273023_10	0.0000	low	0.0777	medium	0.0000	low
vRhyme_unbinned_85__MGr3G3H3I_000000273023	vRhyme_unbinned_85__MGr3G3H3I_000000273023	vRhyme_unbinned_85__MGr3G3H3I_000000273023_11	0.0696	medium	0.0950	medium	0.0066	low
vRhyme_unbinned_76__MGr3G3H3I_000000223668	vRhyme_unbinned_76__MGr3G3H3I_000000223668	vRhyme_unbinned_76__MGr3G3H3I_000000223668_1	0.0000	low	1.0000	very high	0.0000	low
vRhyme_unbinned_76__MGr3G3H3I_000000223668	vRhyme_unbinned_76__MGr3G3H3I_000000223668	vRhyme_unbinned_76__MGr3G3H3I_000000223668_2	0.0000	low	1.0000	very high	0.0000	low
vRhyme_unbinned_76__MGr3G3H3I_000000223668	vRhyme_unbinned_76__MGr3G3H3I_000000223668	vRhyme_unbinned_76__MGr3G3H3I_000000223668_3	0.0000	low	1.0000	very high	0.0000	low
vRhyme_unbinned_76__MGr3G3H3I_000000223668	vRhyme_unbinned_76__MGr3G3H3I_000000223668	vRhyme_unbinned_76__MGr3G3H3I_000000223668_4	0.0000	low	1.0000	very high	0.0000	low
vRhyme_unbinned_76__MGr3G3H3I_000000223668	vRhyme_unbinned_76__MGr3G3H3I_000000223668	vRhyme_unbinned_76__MGr3G3H3I_000000223668_5	0.0000	low	1.0000	very high	0.0000	low
vRhyme_unbinned_76__MGr3G3H3I_000000223668	vRhyme_unbinned_76__MGr3G3H3I_000000223668	vRhyme_unbinned_76__MGr3G3H3I_000000223668_6	0.0000	low	1.0000	very high	0.0000	low
vRhyme_unbinned_76__MGr3G3H3I_000000223668	vRhyme_unbinned_76__MGr3G3H3I_000000223668	vRhyme_unbinned_76__MGr3G3H3I_000000223668_7	0.0000	low	0.9484	high	0.0000	low
vRhyme_unbinned_76__MGr3G3H3I_000000223668	vRhyme_unbinned_76__MGr3G3H3I_000000223668	vRhyme_unbinned_76__MGr3G3H3I_000000223668_8	0.0000	low	1.0000	very high	0.0000	low
vRhyme_unbinned_76__MGr3G3H3I_000000223668	vRhyme_unbinned_76__MGr3G3H3I_000000223668	vRhyme_unbinned_76__MGr3G3H3I_000000223668_9	0.0000	low	1.0000	very high	0.0000	low
vRhyme_unbinned_76__MGr3G3H3I_000000223668	vRhyme_unbinned_76__MGr3G3H3I_000000223668	vRhyme_unbinned_76__MGr3G3H3I_000000223668_10	0.0000	low	1.0000	very high	0.0000	low
vRhyme_unbinned_76__MGr3G3H3I_000000223668	vRhyme_unbinned_76__MGr3G3H3I_000000223668	vRhyme_unbinned_76__MGr3G3H3I_000000223668_11	0.0000	low	1.0000	very high	0.0000	low
vRhyme_unbinned_76__MGr3G3H3I_000000223668	vRhyme_unbinned_76__MGr3G3H3I_000000223668	vRhyme_unbinned_76__MGr3G3H3I_000000223668_12	0.0000	low	1.0000	very high	0.0000	low
vRhyme_unbinned_76__MGr3G3H3I_000000223668	vRhyme_unbinned_76__MGr3G3H3I_000000223668	vRhyme_unbinned_76__MGr3G3H3I_000000223668_13	0.0000	low	1.0000	very high	0.0000	low
vRhyme_unbinned_76__MGr3G3H3I_000000223668	vRhyme_unbinned_76__MGr3G3H3I_000000223668	vRhyme_unbinned_76__MGr3G3H3I_000000223668_14	0.0000	low	1.0000	very high	0.0000	low
vRhyme_unbinned_76__MGr3G3H3I_000000223668	vRhyme_unbinned_76__MGr3G3H3I_000000223668	vRhyme_unbinned_76__MGr3G3H3I_000000223668_15	0.0000	low	1.0000	very high	0.0000	low
vRhyme_unbinned_76__MGr3G3H3I_000000223668	vRhyme_unbinned_76__MGr3G3H3I_000000223668	vRhyme_unbinned_76__MGr3G3H3I_000000223668_16	0.0000	low	1.0000	very high	0.0000	low
vRhyme_unbinned_76__MGr3G3H3I_000000223668	vRhyme_unbinned_76__MGr3G3H3I_000000223668	vRhyme_unbinned_76__MGr3G3H3I_000000223668_17	0.0000	low	1.0000	very high	0.0000	low
vRhyme_unbinned_76__MGr3G3H3I_000000223668	vRhyme_unbinned_76__MGr3G3H3I_000000223668	vRhyme_unbinned_76__MGr3G3H3I_000000223668_18	0.0000	low	1.0000	very high	0.0000	low
vRhyme_unbinned_76__MGr3G3H3I_000000223668	vRhyme_unbinned_76__MGr3G3H3I_000000223668	vRhyme_unbinned_76__MGr3G3H3I_000000223668_19	0.0000	low	1.0000	very high	0.0000	low
vRhyme_unbinned_76__MGr3G3H3I_000000223668	vRhyme_unbinned_76__MGr3G3H3I_000000223668	vRhyme_unbinned_76__MGr3G3H3I_000000223668_20	0.0000	low	1.0000	very high	0.0000	low
vRhyme_unbinned_76__MGr3G3H3I_000000223668	vRhyme_unbinned_76__MGr3G3H3I_000000223668	vRhyme_unbinned_76__MGr3G3H3I_000000223668_21	0.0000	low	1.0000	very high	0.0000	low
vRhyme_unbinned_76__MGr3G3H3I_000000223668	vRhyme_unbinned_76__MGr3G3H3I_000000223668	vRhyme_unbinned_76__MGr3G3H3I_000000223668_22	0.0000	low	1.0000	very high	0.0000	low
vRhyme_unbinned_76__MGr3G3H3I_000000223668	vRhyme_unbinned_76__MGr3G3H3I_000000223668	vRhyme_unbinned_76__MGr3G3H3I_000000223668_23	0.0000	low	1.0000	very high	0.0000	low
vRhyme_unbinned_76__MGr3G3H3I_000000223668	vRhyme_unbinned_76__MGr3G3H3I_000000223668	vRhyme_unbinned_76__MGr3G3H3I_000000223668_24	0.0976	medium	1.0000	very high	0.0976	medium
vRhyme_unbinned_76__MGr3G3H3I_000000223668	vRhyme_unbinned_76__MGr3G3H3I_000000223668	vRhyme_unbinned_76__MGr3G3H3I_000000223668_25	0.0000	low	1.0000	very high	0.0000	low
vRhyme_unbinned_76__MGr3G3H3I_000000223668	vRhyme_unbinned_76__MGr3G3H3I_000000223668	vRhyme_unbinned_76__MGr3G3H3I_000000223668_26	0.0000	low	1.0000	very high	0.0000	low
vRhyme_unbinned_76__MGr3G3H3I_000000223668	vRhyme_unbinned_76__MGr3G3H3I_000000223668	vRhyme_unbinned_76__MGr3G3H3I_000000223668_27	0.0000	low	1.0000	very high	0.0000	low
vRhyme_unbinned_76__MGr3G3H3I_000000223668	vRhyme_unbinned_76__MGr3G3H3I_000000223668	vRhyme_unbinned_76__MGr3G3H3I_000000223668_28	0.0000	low	1.0000	very high	0.0000	low
vRhyme_unbinned_76__MGr3G3H3I_000000223668	vRhyme_unbinned_76__MGr3G3H3I_000000223668	vRhyme_unbinned_76__MGr3G3H3I_000000223668_29	0.0000	low	1.0000	very high	0.0000	low
vRhyme_unbinned_76__MGr3G3H3I_000000223668	vRhyme_unbinned_76__MGr3G3H3I_000000223668	vRhyme_unbinned_76__MGr3G3H3I_000000223668_30	0.0000	low	1.0000	very high	0.0000	low
vRhyme_unbinned_76__MGr3G3H3I_000000223668	vRhyme_unbinned_76__MGr3G3H3I_000000223668	vRhyme_unbinned_76__MGr3G3H3I_000000223668_31	0.0000	low	1.0000	very high	0.0000	low
vRhyme_unbinned_76__MGr3G3H3I_000000223668	vRhyme_unbinned_76__MGr3G3H3I_000000223668	vRhyme_unbinned_76__MGr3G3H3I_000000223668_32	0.0000	low	1.0000	very high	0.0000	low
vRhyme_unbinned_3__MGr3G3H3I_000000009885	vRhyme_unbinned_3__MGr3G3H3I_000000009885	vRhyme_unbinned_3__MGr3G3H3I_000000009885_1	0.0000	low	1.0000	very high	0.0000	low
vRhyme_unbinned_3__MGr3G3H3I_000000009885	vRhyme_unbinned_3__MGr3G3H3I_000000009885	vRhyme_unbinned_3__MGr3G3H3I_000000009885_2	0.0000	low	1.0000	very high	0.0000	low
vRhyme_unbinned_3__MGr3G3H3I_000000009885	vRhyme_unbinned_3__MGr3G3H3I_000000009885	vRhyme_unbinned_3__MGr3G3H3I_000000009885_3	0.0000	low	1.0000	very high	0.0000	low
vRhyme_unbinned_3__MGr3G3H3I_000000009885	vRhyme_unbinned_3__MGr3G3H3I_000000009885	vRhyme_unbinned_3__MGr3G3H3I_000000009885_4	0.0000	low	1.0000	very high	0.0000	low
vRhyme_unbinned_3__MGr3G3H3I_000000009885	vRhyme_unbinned_3__MGr3G3H3I_000000009885	vRhyme_unbinned_3__MGr3G3H3I_000000009885_5	1.0000	very high	1.0000	very high	1.0000	very high
vRhyme_unbinned_3__MGr3G3H3I_000000009885	vRhyme_unbinned_3__MGr3G3H3I_000000009885	vRhyme_unbinned_3__MGr3G3H3I_000000009885_6	0.0000	low	1.0000	very high	0.0000	low
vRhyme_unbinned_3__MGr3G3H3I_000000009885	vRhyme_unbinned_3__MGr3G3H3I_000000009885	vRhyme_unbinned_3__MGr3G3H3I_000000009885_7	0.0000	low	1.0000	very high	0.0000	low
vRhyme_unbinned_3__MGr3G3H3I_000000009885	vRhyme_unbinned_3__MGr3G3H3I_000000009885	vRhyme_unbinned_3__MGr3G3H3I_000000009885_8	0.0000	low	1.0000	very high	0.0000	low
vRhyme_unbinned_3__MGr3G3H3I_000000009885	vRhyme_unbinned_3__MGr3G3H3I_000000009885	vRhyme_unbinned_3__MGr3G3H3I_000000009885_9	0.0000	low	1.0000	very high	0.0000	low
vRhyme_unbinned_3__MGr3G3H3I_000000009885	vRhyme_unbinned_3__MGr3G3H3I_000000009885	vRhyme_unbinned_3__MGr3G3H3I_000000009885_10	0.0000	low	1.0000	very high	0.0000	low
vRhyme_unbinned_3__MGr3G3H3I_000000009885	vRhyme_unbinned_3__MGr3G3H3I_000000009885	vRhyme_unbinned_3__MGr3G3H3I_000000009885_11	0.0000	low	1.0000	very high	0.0000	low
vRhyme_unbinned_3__MGr3G3H3I_000000009885	vRhyme_unbinned_3__MGr3G3H3I_000000009885	vRhyme_unbinned_3__MGr3G3H3I_000000009885_12	0.0000	low	1.0000	very high	0.0000	low
vRhyme_unbinned_3__MGr3G3H3I_000000009885	vRhyme_unbinned_3__MGr3G3H3I_000000009885	vRhyme_unbinned_3__MGr3G3H3I_000000009885_13	0.0000	low	1.0000	very high	0.0000	low
vRhyme_unbinned_3__MGr3G3H3I_000000009885	vRhyme_unbinned_3__MGr3G3H3I_000000009885	vRhyme_unbinned_3__MGr3G3H3I_000000009885_14	0.0000	low	1.0000	very high	0.0000	low
vRhyme_unbinned_3__MGr3G3H3I_000000009885	vRhyme_unbinned_3__MGr3G3H3I_000000009885	vRhyme_unbinned_3__MGr3G3H3I_000000009885_15	0.0000	low	1.0000	very high	0.0000	low
vRhyme_unbinned_3__MGr3G3H3I_000000009885	vRhyme_unbinned_3__MGr3G3H3I_000000009885	vRhyme_unbinned_3__MGr3G3H3I_000000009885_16	0.0000	low	1.0000	very high	0.0000	low
vRhyme_unbinned_3__MGr3G3H3I_000000009885	vRhyme_unbinned_3__MGr3G3H3I_000000009885	vRhyme_unbinned_3__MGr3G3H3I_000000009885_17	0.0000	low	1.0000	very high	0.0000	low
vRhyme_unbinned_3__MGr3G3H3I_000000009885	vRhyme_unbinned_3__MGr3G3H3I_000000009885	vRhyme_unbinned_3__MGr3G3H3I_000000009885_18	0.0000	low	1.0000	very high	0.0000	low
vRhyme_unbinned_3__MGr3G3H3I_000000009885	vRhyme_unbinned_3__MGr3G3H3I_000000009885	vRhyme_unbinned_3__MGr3G3H3I_000000009885_19	0.0000	low	1.0000	very high	0.0000	low
vRhyme_unbinned_3__MGr3G3H3I_000000009885	vRhyme_unbinned_3__MGr3G3H3I_000000009885	vRhyme_unbinned_3__MGr3G3H3I_000000009885_20	0.0000	low	1.0000	very high	0.0000	low
vRhyme_unbinned_3__MGr3G3H3I_000000009885	vRhyme_unbinned_3__MGr3G3H3I_000000009885	vRhyme_unbinned_3__MGr3G3H3I_000000009885_21	0.0000	low	1.0000	very high	0.0000	low
vRhyme_unbinned_3__MGr3G3H3I_000000009885	vRhyme_unbinned_3__MGr3G3H3I_000000009885	vRhyme_unbinned_3__MGr3G3H3I_000000009885_22	0.0000	low	1.0000	very high	0.0000	low
vRhyme_unbinned_3__MGr3G3H3I_000000009885	vRhyme_unbinned_3__MGr3G3H3I_000000009885	vRhyme_unbinned_3__MGr3G3H3I_000000009885_23	0.0000	low	1.0000	very high	0.0000	low
vRhyme_unbinned_3__MGr3G3H3I_000000009885	vRhyme_unbinned_3__MGr3G3H3I_000000009885	vRhyme_unbinned_3__MGr3G3H3I_000000009885_24	0.0000	low	1.0000	very high	0.0000	low
vRhyme_unbinned_3__MGr3G3H3I_000000009885	vRhyme_unbinned_3__MGr3G3H3I_000000009885	vRhyme_unbinned_3__MGr3G3H3I_000000009885_25	0.0000	low	1.0000	very high	0.0000	low
vRhyme_unbinned_3__MGr3G3H3I_000000009885	vRhyme_unbinned_3__MGr3G3H3I_000000009885	vRhyme_unbinned_3__MGr3G3H3I_000000009885_26	0.0000	low	1.0000	very high	0.0000	low
vRhyme_unbinned_3__MGr3G3H3I_000000009885	vRhyme_unbinned_3__MGr3G3H3I_000000009885	vRhyme_unbinned_3__MGr3G3H3I_000000009885_27	0.0000	low	1.0000	very high	0.0000	low
vRhyme_unbinned_3__MGr3G3H3I_000000009885	vRhyme_unbinned_3__MGr3G3H3I_000000009885	vRhyme_unbinned_3__MGr3G3H3I_000000009885_28	0.0000	low	1.0000	very high	0.0000	low
vRhyme_unbinned_3__MGr3G3H3I_000000009885	vRhyme_unbinned_3__MGr3G3H3I_000000009885	vRhyme_unbinned_3__MGr3G3H3I_000000009885_29	0.0000	low	1.0000	very high	0.0000	low
vRhyme_unbinned_3__MGr3G3H3I_000000009885	vRhyme_unbinned_3__MGr3G3H3I_000000009885	vRhyme_unbinned_3__MGr3G3H3I_000000009885_30	0.0000	low	1.0000	very high	0.0000	low
vRhyme_unbinned_3__MGr3G3H3I_000000009885	vRhyme_unbinned_3__MGr3G3H3I_000000009885	vRhyme_unbinned_3__MGr3G3H3I_000000009885_31	0.0000	low	1.0000	very high	0.0000	low
vRhyme_unbinned_3__MGr3G3H3I_000000009885	vRhyme_unbinned_3__MGr3G3H3I_000000009885	vRhyme_unbinned_3__MGr3G3H3I_000000009885_32	0.0000	low	1.0000	very high	0.0000	low
vRhyme_unbinned_3__MGr3G3H3I_000000009885	vRhyme_unbinned_3__MGr3G3H3I_000000009885	vRhyme_unbinned_3__MGr3G3H3I_000000009885_33	0.0000	low	1.0000	very high	0.0000	low
vRhyme_unbinned_3__MGr3G3H3I_000000009885	vRhyme_unbinned_3__MGr3G3H3I_000000009885	vRhyme_unbinned_3__MGr3G3H3I_000000009885_34	0.0000	low	1.0000	very high	0.0000	low
vRhyme_unbinned_3__MGr3G3H3I_000000009885	vRhyme_unbinned_3__MGr3G3H3I_000000009885	vRhyme_unbinned_3__MGr3G3H3I_000000009885_35	0.0000	low	1.0000	very high	0.0000	low
vRhyme_unbinned_3__MGr3G3H3I_000000009885	vRhyme_unbinned_3__MGr3G3H3I_000000009885	vRhyme_unbinned_3__MGr3G3H3I_000000009885_36	0.0000	low	1.0000	very high	0.0000	low
vRhyme_unbinned_3__MGr3G3H3I_000000009885	vRhyme_unbinned_3__MGr3G3H3I_000000009885	vRhyme_unbinned_3__MGr3G3H3I_000000009885_37	0.0000	low	1.0000	very high	0.0000	low
vRhyme_unbinned_3__MGr3G3H3I_000000009885	vRhyme_unbinned_3__MGr3G3H3I_000000009885	vRhyme_unbinned_3__MGr3G3H3I_000000009885_38	0.0000	low	1.0000	very high	0.0000	low
vRhyme_unbinned_3__MGr3G3H3I_000000009885	vRhyme_unbinned_3__MGr3G3H3I_000000009885	vRhyme_unbinned_3__MGr3G3H3I_000000009885_39	0.0000	low	1.0000	very high	0.0000	low
vRhyme_unbinned_3__MGr3G3H3I_000000009885	vRhyme_unbinned_3__MGr3G3H3I_000000009885	vRhyme_unbinned_3__MGr3G3H3I_000000009885_40	0.0000	low	1.0000	very high	0.0000	low
vRhyme_unbinned_3__MGr3G3H3I_000000009885	vRhyme_unbinned_3__MGr3G3H3I_000000009885	vRhyme_unbinned_3__MGr3G3H3I_000000009885_41	0.0000	low	1.0000	very high	0.0000	low
vRhyme_unbinned_3__MGr3G3H3I_000000009885	vRhyme_unbinned_3__MGr3G3H3I_000000009885	vRhyme_unbinned_3__MGr3G3H3I_000000009885_42	0.0000	low	1.0000	very high	0.0000	low
vRhyme_unbinned_3__MGr3G3H3I_000000009885	vRhyme_unbinned_3__MGr3G3H3I_000000009885	vRhyme_unbinned_3__MGr3G3H3I_000000009885_43	0.0000	low	1.0000	very high	0.0000	low
vRhyme_unbinned_3__MGr3G3H3I_000000009885	vRhyme_unbinned_3__MGr3G3H3I_000000009885	vRhyme_unbinned_3__MGr3G3H3I_000000009885_44	0.0000	low	1.0000	very high	0.0000	low
vRhyme_unbinned_3__MGr3G3H3I_000000009885	vRhyme_unbinned_3__MGr3G3H3I_000000009885	vRhyme_unbinned_3__MGr3G3H3I_000000009885_45	0.0000	low	1.0000	very high	0.0000	low
vRhyme_unbinned_3__MGr3G3H3I_000000009885	vRhyme_unbinned_3__MGr3G3H3I_000000009885	vRhyme_unbinned_3__MGr3G3H3I_000000009885_46	0.0000	low	1.0000	very high	0.0000	low
vRhyme_unbinned_3__MGr3G3H3I_000000009885	vRhyme_unbinned_3__MGr3G3H3I_000000009885	vRhyme_unbinned_3__MGr3G3H3I_000000009885_47	0.0000	low	1.0000	very high	0.0000	low
vRhyme_unbinned_3__MGr3G3H3I_000000009885	vRhyme_unbinned_3__MGr3G3H3I_000000009885	vRhyme_unbinned_3__MGr3G3H3I_000000009885_48	0.0000	low	1.0000	very high	0.0000	low
vRhyme_unbinned_3__MGr3G3H3I_000000009885	vRhyme_unbinned_3__MGr3G3H3I_000000009885	vRhyme_unbinned_3__MGr3G3H3I_000000009885_49	0.0000	low	0.9499	high	0.0000	low
vRhyme_unbinned_3__MGr3G3H3I_000000009885	vRhyme_unbinned_3__MGr3G3H3I_000000009885	vRhyme_unbinned_3__MGr3G3H3I_000000009885_50	0.0000	low	1.0000	very high	0.0000	low
vRhyme_unbinned_86__MGr3G3H3I_000000274656	vRhyme_unbinned_86__MGr3G3H3I_000000274656	vRhyme_unbinned_86__MGr3G3H3I_000000274656_1	0.0000	low	1.0000	very high	0.0000	low
vRhyme_unbinned_86__MGr3G3H3I_000000274656	vRhyme_unbinned_86__MGr3G3H3I_000000274656	vRhyme_unbinned_86__MGr3G3H3I_000000274656_2	0.0000	low	1.0000	very high	0.0000	low
vRhyme_unbinned_86__MGr3G3H3I_000000274656	vRhyme_unbinned_86__MGr3G3H3I_000000274656	vRhyme_unbinned_86__MGr3G3H3I_000000274656_3	0.0000	low	1.0000	very high	0.0000	low
vRhyme_unbinned_86__MGr3G3H3I_000000274656	vRhyme_unbinned_86__MGr3G3H3I_000000274656	vRhyme_unbinned_86__MGr3G3H3I_000000274656_4	0.0000	low	1.0000	very high	0.0000	low
vRhyme_unbinned_86__MGr3G3H3I_000000274656	vRhyme_unbinned_86__MGr3G3H3I_000000274656	vRhyme_unbinned_86__MGr3G3H3I_000000274656_5	0.0000	low	1.0000	very high	0.0000	low
vRhyme_unbinned_86__MGr3G3H3I_000000274656	vRhyme_unbinned_86__MGr3G3H3I_000000274656	vRhyme_unbinned_86__MGr3G3H3I_000000274656_6	0.0000	low	1.0000	very high	0.0000	low
vRhyme_unbinned_86__MGr3G3H3I_000000274656	vRhyme_unbinned_86__MGr3G3H3I_000000274656	vRhyme_unbinned_86__MGr3G3H3I_000000274656_7	0.0000	low	1.0000	very high	0.0000	low
vRhyme_unbinned_86__MGr3G3H3I_000000274656	vRhyme_unbinned_86__MGr3G3H3I_000000274656	vRhyme_unbinned_86__MGr3G3H3I_000000274656_8	0.0000	low	1.0000	very high	0.0000	low
vRhyme_unbinned_86__MGr3G3H3I_000000274656	vRhyme_unbinned_86__MGr3G3H3I_000000274656	vRhyme_unbinned_86__MGr3G3H3I_000000274656_9	0.0000	low	1.0000	very high	0.0000	low
vRhyme_unbinned_86__MGr3G3H3I_000000274656	vRhyme_unbinned_86__MGr3G3H3I_000000274656	vRhyme_unbinned_86__MGr3G3H3I_000000274656_10	0.0000	low	1.0000	very high	0.0000	low
vRhyme_unbinned_86__MGr3G3H3I_000000274656	vRhyme_unbinned_86__MGr3G3H3I_000000274656	vRhyme_unbinned_86__MGr3G3H3I_000000274656_11	0.0000	low	1.0000	very high	0.0000	low
vRhyme_unbinned_86__MGr3G3H3I_000000274656	vRhyme_unbinned_86__MGr3G3H3I_000000274656	vRhyme_unbinned_86__MGr3G3H3I_000000274656_12	0.0000	low	1.0000	very high	0.0000	low
vRhyme_unbinned_86__MGr3G3H3I_000000274656	vRhyme_unbinned_86__MGr3G3H3I_000000274656	vRhyme_unbinned_86__MGr3G3H3I_000000274656_13	0.0000	low	1.0000	very high	0.0000	low
vRhyme_unbinned_86__MGr3G3H3I_000000274656	vRhyme_unbinned_86__MGr3G3H3I_000000274656	vRhyme_unbinned_86__MGr3G3H3I_000000274656_14	0.0000	low	1.0000	very high	0.0000	low
vRhyme_unbinned_86__MGr3G3H3I_000000274656	vRhyme_unbinned_86__MGr3G3H3I_000000274656	vRhyme_unbinned_86__MGr3G3H3I_000000274656_15	0.0000	low	1.0000	very high	0.0000	low
vRhyme_unbinned_86__MGr3G3H3I_000000274656	vRhyme_unbinned_86__MGr3G3H3I_000000274656	vRhyme_unbinned_86__MGr3G3H3I_000000274656_16	0.0000	low	1.0000	very high	0.0000	low
vRhyme_unbinned_86__MGr3G3H3I_000000274656	vRhyme_unbinned_86__MGr3G3H3I_000000274656	vRhyme_unbinned_86__MGr3G3H3I_000000274656_17	0.0000	low	1.0000	very high	0.0000	low
vRhyme_unbinned_86__MGr3G3H3I_000000274656	vRhyme_unbinned_86__MGr3G3H3I_000000274656	vRhyme_unbinned_86__MGr3G3H3I_000000274656_18	0.0000	low	1.0000	very high	0.0000	low
vRhyme_unbinned_86__MGr3G3H3I_000000274656	vRhyme_unbinned_86__MGr3G3H3I_000000274656	vRhyme_unbinned_86__MGr3G3H3I_000000274656_19	0.0000	low	1.0000	very high	0.0000	low
vRhyme_unbinned_86__MGr3G3H3I_000000274656	vRhyme_unbinned_86__MGr3G3H3I_000000274656	vRhyme_unbinned_86__MGr3G3H3I_000000274656_20	0.0000	low	1.0000	very high	0.0000	low
vRhyme_unbinned_86__MGr3G3H3I_000000274656	vRhyme_unbinned_86__MGr3G3H3I_000000274656	vRhyme_unbinned_86__MGr3G3H3I_000000274656_21	0.0000	low	1.0000	very high	0.0000	low
vRhyme_unbinned_67__MGr3G3H3I_000000195259	vRhyme_unbinned_67__MGr3G3H3I_000000195259	vRhyme_unbinned_67__MGr3G3H3I_000000195259_1	0.0000	low	1.0000	very high	0.0000	low
vRhyme_unbinned_67__MGr3G3H3I_000000195259	vRhyme_unbinned_67__MGr3G3H3I_000000195259	vRhyme_unbinned_67__MGr3G3H3I_000000195259_2	0.0000	low	1.0000	very high	0.0000	low
vRhyme_unbinned_67__MGr3G3H3I_000000195259	vRhyme_unbinned_67__MGr3G3H3I_000000195259	vRhyme_unbinned_67__MGr3G3H3I_000000195259_3	0.0000	low	1.0000	very high	0.0000	low
vRhyme_unbinned_67__MGr3G3H3I_000000195259	vRhyme_unbinned_67__MGr3G3H3I_000000195259	vRhyme_unbinned_67__MGr3G3H3I_000000195259_4	0.0000	low	1.0000	very high	0.0000	low
vRhyme_unbinned_67__MGr3G3H3I_000000195259	vRhyme_unbinned_67__MGr3G3H3I_000000195259	vRhyme_unbinned_67__MGr3G3H3I_000000195259_5	0.0000	low	1.0000	very high	0.0000	low
vRhyme_unbinned_67__MGr3G3H3I_000000195259	vRhyme_unbinned_67__MGr3G3H3I_000000195259	vRhyme_unbinned_67__MGr3G3H3I_000000195259_6	0.0000	low	1.0000	very high	0.0000	low
vRhyme_unbinned_67__MGr3G3H3I_000000195259	vRhyme_unbinned_67__MGr3G3H3I_000000195259	vRhyme_unbinned_67__MGr3G3H3I_000000195259_7	0.0000	low	1.0000	very high	0.0000	low
vRhyme_unbinned_67__MGr3G3H3I_000000195259	vRhyme_unbinned_67__MGr3G3H3I_000000195259	vRhyme_unbinned_67__MGr3G3H3I_000000195259_8	0.0000	low	1.0000	very high	0.0000	low
vRhyme_unbinned_67__MGr3G3H3I_000000195259	vRhyme_unbinned_67__MGr3G3H3I_000000195259	vRhyme_unbinned_67__MGr3G3H3I_000000195259_9	0.0000	low	1.0000	very high	0.0000	low
vRhyme_unbinned_67__MGr3G3H3I_000000195259	vRhyme_unbinned_67__MGr3G3H3I_000000195259	vRhyme_unbinned_67__MGr3G3H3I_000000195259_10	0.0000	low	1.0000	very high	0.0000	low
vRhyme_unbinned_67__MGr3G3H3I_000000195259	vRhyme_unbinned_67__MGr3G3H3I_000000195259	vRhyme_unbinned_67__MGr3G3H3I_000000195259_11	0.0000	low	1.0000	very high	0.0000	low
vRhyme_unbinned_67__MGr3G3H3I_000000195259	vRhyme_unbinned_67__MGr3G3H3I_000000195259	vRhyme_unbinned_67__MGr3G3H3I_000000195259_12	0.0000	low	1.0000	very high	0.0000	low
vRhyme_unbinned_67__MGr3G3H3I_000000195259	vRhyme_unbinned_67__MGr3G3H3I_000000195259	vRhyme_unbinned_67__MGr3G3H3I_000000195259_13	0.0000	low	1.0000	very high	0.0000	low
vRhyme_unbinned_67__MGr3G3H3I_000000195259	vRhyme_unbinned_67__MGr3G3H3I_000000195259	vRhyme_unbinned_67__MGr3G3H3I_000000195259_14	0.0000	low	1.0000	very high	0.0000	low
vRhyme_unbinned_67__MGr3G3H3I_000000195259	vRhyme_unbinned_67__MGr3G3H3I_000000195259	vRhyme_unbinned_67__MGr3G3H3I_000000195259_15	0.0000	low	1.0000	very high	0.0000	low
vRhyme_unbinned_67__MGr3G3H3I_000000195259	vRhyme_unbinned_67__MGr3G3H3I_000000195259	vRhyme_unbinned_67__MGr3G3H3I_000000195259_16	0.0000	low	1.0000	very high	0.0000	low
vRhyme_unbinned_67__MGr3G3H3I_000000195259	vRhyme_unbinned_67__MGr3G3H3I_000000195259	vRhyme_unbinned_67__MGr3G3H3I_000000195259_17	0.0000	low	1.0000	very high	0.0000	low
vRhyme_unbinned_67__MGr3G3H3I_000000195259	vRhyme_unbinned_67__MGr3G3H3I_000000195259	vRhyme_unbinned_67__MGr3G3H3I_000000195259_18	0.0000	low	1.0000	very high	0.0000	low
vRhyme_unbinned_67__MGr3G3H3I_000000195259	vRhyme_unbinned_67__MGr3G3H3I_000000195259	vRhyme_unbinned_67__MGr3G3H3I_000000195259_19	0.0000	low	1.0000	very high	0.0000	low
vRhyme_unbinned_67__MGr3G3H3I_000000195259	vRhyme_unbinned_67__MGr3G3H3I_000000195259	vRhyme_unbinned_67__MGr3G3H3I_000000195259_20	0.0000	low	1.0000	very high	0.0000	low
vRhyme_unbinned_72__MGr3G3H3I_000000211191	vRhyme_unbinned_72__MGr3G3H3I_000000211191	vRhyme_unbinned_72__MGr3G3H3I_000000211191_1	0.0000	low	0.9424	high	0.0000	low
vRhyme_unbinned_72__MGr3G3H3I_000000211191	vRhyme_unbinned_72__MGr3G3H3I_000000211191	vRhyme_unbinned_72__MGr3G3H3I_000000211191_2	0.0000	low	1.0000	very high	0.0000	low
vRhyme_unbinned_72__MGr3G3H3I_000000211191	vRhyme_unbinned_72__MGr3G3H3I_000000211191	vRhyme_unbinned_72__MGr3G3H3I_000000211191_3	0.0000	low	0.8849	high	0.0000	low
vRhyme_unbinned_72__MGr3G3H3I_000000211191	vRhyme_unbinned_72__MGr3G3H3I_000000211191	vRhyme_unbinned_72__MGr3G3H3I_000000211191_4	0.0000	low	1.0000	very high	0.0000	low
vRhyme_unbinned_72__MGr3G3H3I_000000211191	vRhyme_unbinned_72__MGr3G3H3I_000000211191	vRhyme_unbinned_72__MGr3G3H3I_000000211191_5	0.0000	low	0.9393	high	0.0000	low
vRhyme_unbinned_72__MGr3G3H3I_000000211191	vRhyme_unbinned_72__MGr3G3H3I_000000211191	vRhyme_unbinned_72__MGr3G3H3I_000000211191_6	0.0000	low	0.8431	high	0.0000	low
vRhyme_unbinned_72__MGr3G3H3I_000000211191	vRhyme_unbinned_72__MGr3G3H3I_000000211191	vRhyme_unbinned_72__MGr3G3H3I_000000211191_7	0.0000	low	1.0000	very high	0.0000	low
vRhyme_unbinned_72__MGr3G3H3I_000000211191	vRhyme_unbinned_72__MGr3G3H3I_000000211191	vRhyme_unbinned_72__MGr3G3H3I_000000211191_8	0.0000	low	1.0000	very high	0.0000	low
vRhyme_unbinned_72__MGr3G3H3I_000000211191	vRhyme_unbinned_72__MGr3G3H3I_000000211191	vRhyme_unbinned_72__MGr3G3H3I_000000211191_9	0.0000	low	1.0000	very high	0.0000	low
vRhyme_unbinned_72__MGr3G3H3I_000000211191	vRhyme_unbinned_72__MGr3G3H3I_000000211191	vRhyme_unbinned_72__MGr3G3H3I_000000211191_10	0.0000	low	0.9476	high	0.0000	low
vRhyme_unbinned_72__MGr3G3H3I_000000211191	vRhyme_unbinned_72__MGr3G3H3I_000000211191	vRhyme_unbinned_72__MGr3G3H3I_000000211191_11	0.0000	low	1.0000	very high	0.0000	low
vRhyme_unbinned_72__MGr3G3H3I_000000211191	vRhyme_unbinned_72__MGr3G3H3I_000000211191	vRhyme_unbinned_72__MGr3G3H3I_000000211191_12	0.0000	low	0.8569	high	0.0000	low
vRhyme_unbinned_72__MGr3G3H3I_000000211191	vRhyme_unbinned_72__MGr3G3H3I_000000211191	vRhyme_unbinned_72__MGr3G3H3I_000000211191_13	0.0000	low	1.0000	very high	0.0000	low
vRhyme_unbinned_72__MGr3G3H3I_000000211191	vRhyme_unbinned_72__MGr3G3H3I_000000211191	vRhyme_unbinned_72__MGr3G3H3I_000000211191_14	0.0000	low	0.9227	high	0.0000	low
vRhyme_unbinned_72__MGr3G3H3I_000000211191	vRhyme_unbinned_72__MGr3G3H3I_000000211191	vRhyme_unbinned_72__MGr3G3H3I_000000211191_15	0.0000	low	0.9401	high	0.0000	low
vRhyme_unbinned_72__MGr3G3H3I_000000211191	vRhyme_unbinned_72__MGr3G3H3I_000000211191	vRhyme_unbinned_72__MGr3G3H3I_000000211191_16	0.0000	low	0.9595	high	0.0000	low
vRhyme_unbinned_72__MGr3G3H3I_000000211191	vRhyme_unbinned_72__MGr3G3H3I_000000211191	vRhyme_unbinned_72__MGr3G3H3I_000000211191_17	0.0000	low	1.0000	very high	0.0000	low
vRhyme_unbinned_72__MGr3G3H3I_000000211191	vRhyme_unbinned_72__MGr3G3H3I_000000211191	vRhyme_unbinned_72__MGr3G3H3I_000000211191_18	0.0000	low	0.9582	high	0.0000	low
vRhyme_unbinned_72__MGr3G3H3I_000000211191	vRhyme_unbinned_72__MGr3G3H3I_000000211191	vRhyme_unbinned_72__MGr3G3H3I_000000211191_19	0.0000	low	0.9537	high	0.0000	low
vRhyme_unbinned_72__MGr3G3H3I_000000211191	vRhyme_unbinned_72__MGr3G3H3I_000000211191	vRhyme_unbinned_72__MGr3G3H3I_000000211191_20	0.0000	low	0.4890	high	0.0000	low
vRhyme_unbinned_72__MGr3G3H3I_000000211191	vRhyme_unbinned_72__MGr3G3H3I_000000211191	vRhyme_unbinned_72__MGr3G3H3I_000000211191_21	0.0000	low	0.3013	medium	0.0000	low
vRhyme_unbinned_72__MGr3G3H3I_000000211191	vRhyme_unbinned_72__MGr3G3H3I_000000211191	vRhyme_unbinned_72__MGr3G3H3I_000000211191_22	0.0000	low	0.8236	high	0.0000	low
vRhyme_unbinned_72__MGr3G3H3I_000000211191	vRhyme_unbinned_72__MGr3G3H3I_000000211191	vRhyme_unbinned_72__MGr3G3H3I_000000211191_23	0.0000	low	0.0000	low	0.0000	low
vRhyme_unbinned_72__MGr3G3H3I_000000211191	vRhyme_unbinned_72__MGr3G3H3I_000000211191	vRhyme_unbinned_72__MGr3G3H3I_000000211191_24	0.0000	low	0.0000	low	0.0000	low
vRhyme_unbinned_92__MGr3G3H3I_000000298215	vRhyme_unbinned_92__MGr3G3H3I_000000298215	vRhyme_unbinned_92__MGr3G3H3I_000000298215_1	0.0000	low	1.0000	very high	0.0000	low
vRhyme_unbinned_92__MGr3G3H3I_000000298215	vRhyme_unbinned_92__MGr3G3H3I_000000298215	vRhyme_unbinned_92__MGr3G3H3I_000000298215_2	0.0000	low	1.0000	very high	0.0000	low
vRhyme_unbinned_92__MGr3G3H3I_000000298215	vRhyme_unbinned_92__MGr3G3H3I_000000298215	vRhyme_unbinned_92__MGr3G3H3I_000000298215_3	0.0000	low	0.9351	high	0.0000	low
vRhyme_unbinned_92__MGr3G3H3I_000000298215	vRhyme_unbinned_92__MGr3G3H3I_000000298215	vRhyme_unbinned_92__MGr3G3H3I_000000298215_4	0.0000	low	1.0000	very high	0.0000	low
vRhyme_unbinned_92__MGr3G3H3I_000000298215	vRhyme_unbinned_92__MGr3G3H3I_000000298215	vRhyme_unbinned_92__MGr3G3H3I_000000298215_5	0.0000	low	1.0000	very high	0.0000	low
vRhyme_unbinned_92__MGr3G3H3I_000000298215	vRhyme_unbinned_92__MGr3G3H3I_000000298215	vRhyme_unbinned_92__MGr3G3H3I_000000298215_6	0.0000	low	1.0000	very high	0.0000	low
vRhyme_unbinned_92__MGr3G3H3I_000000298215	vRhyme_unbinned_92__MGr3G3H3I_000000298215	vRhyme_unbinned_92__MGr3G3H3I_000000298215_7	0.0000	low	1.0000	very high	0.0000	low
vRhyme_unbinned_92__MGr3G3H3I_000000298215	vRhyme_unbinned_92__MGr3G3H3I_000000298215	vRhyme_unbinned_92__MGr3G3H3I_000000298215_8	0.0000	low	1.0000	very high	0.0000	low
vRhyme_unbinned_92__MGr3G3H3I_000000298215	vRhyme_unbinned_92__MGr3G3H3I_000000298215	vRhyme_unbinned_92__MGr3G3H3I_000000298215_9	0.0000	low	1.0000	very high	0.0000	low
vRhyme_unbinned_92__MGr3G3H3I_000000298215	vRhyme_unbinned_92__MGr3G3H3I_000000298215	vRhyme_unbinned_92__MGr3G3H3I_000000298215_10	0.0000	low	1.0000	very high	0.0000	low
vRhyme_unbinned_92__MGr3G3H3I_000000298215	vRhyme_unbinned_92__MGr3G3H3I_000000298215	vRhyme_unbinned_92__MGr3G3H3I_000000298215_11	0.0000	low	1.0000	very high	0.0000	low
vRhyme_unbinned_92__MGr3G3H3I_000000298215	vRhyme_unbinned_92__MGr3G3H3I_000000298215	vRhyme_unbinned_92__MGr3G3H3I_000000298215_12	0.0000	low	1.0000	very high	0.0000	low
vRhyme_unbinned_92__MGr3G3H3I_000000298215	vRhyme_unbinned_92__MGr3G3H3I_000000298215	vRhyme_unbinned_92__MGr3G3H3I_000000298215_13	0.0000	low	1.0000	very high	0.0000	low
vRhyme_unbinned_77__MGr3G3H3I_000000224979	vRhyme_unbinned_77__MGr3G3H3I_000000224979	vRhyme_unbinned_77__MGr3G3H3I_000000224979_1	0.0000	low	1.0000	very high	0.0000	low
vRhyme_unbinned_77__MGr3G3H3I_000000224979	vRhyme_unbinned_77__MGr3G3H3I_000000224979	vRhyme_unbinned_77__MGr3G3H3I_000000224979_2	0.0000	low	0.9508	high	0.0000	low
vRhyme_unbinned_77__MGr3G3H3I_000000224979	vRhyme_unbinned_77__MGr3G3H3I_000000224979	vRhyme_unbinned_77__MGr3G3H3I_000000224979_3	0.0000	low	1.0000	very high	0.0000	low
vRhyme_unbinned_77__MGr3G3H3I_000000224979	vRhyme_unbinned_77__MGr3G3H3I_000000224979	vRhyme_unbinned_77__MGr3G3H3I_000000224979_4	0.0000	low	1.0000	very high	0.0000	low
vRhyme_unbinned_77__MGr3G3H3I_000000224979	vRhyme_unbinned_77__MGr3G3H3I_000000224979	vRhyme_unbinned_77__MGr3G3H3I_000000224979_5	0.0000	low	1.0000	very high	0.0000	low
vRhyme_unbinned_77__MGr3G3H3I_000000224979	vRhyme_unbinned_77__MGr3G3H3I_000000224979	vRhyme_unbinned_77__MGr3G3H3I_000000224979_6	0.0000	low	1.0000	very high	0.0000	low
vRhyme_unbinned_77__MGr3G3H3I_000000224979	vRhyme_unbinned_77__MGr3G3H3I_000000224979	vRhyme_unbinned_77__MGr3G3H3I_000000224979_7	0.0000	low	1.0000	very high	0.0000	low
vRhyme_unbinned_77__MGr3G3H3I_000000224979	vRhyme_unbinned_77__MGr3G3H3I_000000224979	vRhyme_unbinned_77__MGr3G3H3I_000000224979_8	0.0000	low	1.0000	very high	0.0000	low
vRhyme_unbinned_77__MGr3G3H3I_000000224979	vRhyme_unbinned_77__MGr3G3H3I_000000224979	vRhyme_unbinned_77__MGr3G3H3I_000000224979_9	0.0000	low	1.0000	very high	0.0000	low
vRhyme_unbinned_77__MGr3G3H3I_000000224979	vRhyme_unbinned_77__MGr3G3H3I_000000224979	vRhyme_unbinned_77__MGr3G3H3I_000000224979_10	0.0000	low	1.0000	very high	0.0000	low
vRhyme_unbinned_77__MGr3G3H3I_000000224979	vRhyme_unbinned_77__MGr3G3H3I_000000224979	vRhyme_unbinned_77__MGr3G3H3I_000000224979_11	0.0000	low	1.0000	very high	0.0000	low
vRhyme_unbinned_77__MGr3G3H3I_000000224979	vRhyme_unbinned_77__MGr3G3H3I_000000224979	vRhyme_unbinned_77__MGr3G3H3I_000000224979_12	0.0000	low	1.0000	very high	0.0000	low
vRhyme_unbinned_77__MGr3G3H3I_000000224979	vRhyme_unbinned_77__MGr3G3H3I_000000224979	vRhyme_unbinned_77__MGr3G3H3I_000000224979_13	0.0000	low	1.0000	very high	0.0000	low
vRhyme_unbinned_77__MGr3G3H3I_000000224979	vRhyme_unbinned_77__MGr3G3H3I_000000224979	vRhyme_unbinned_77__MGr3G3H3I_000000224979_14	0.0000	low	1.0000	very high	0.0000	low
vRhyme_unbinned_77__MGr3G3H3I_000000224979	vRhyme_unbinned_77__MGr3G3H3I_000000224979	vRhyme_unbinned_77__MGr3G3H3I_000000224979_15	0.0000	low	1.0000	very high	0.0000	low
vRhyme_unbinned_77__MGr3G3H3I_000000224979	vRhyme_unbinned_77__MGr3G3H3I_000000224979	vRhyme_unbinned_77__MGr3G3H3I_000000224979_16	0.0000	low	1.0000	very high	0.0000	low
vRhyme_unbinned_77__MGr3G3H3I_000000224979	vRhyme_unbinned_77__MGr3G3H3I_000000224979	vRhyme_unbinned_77__MGr3G3H3I_000000224979_17	0.0000	low	1.0000	very high	0.0000	low
vRhyme_unbinned_77__MGr3G3H3I_000000224979	vRhyme_unbinned_77__MGr3G3H3I_000000224979	vRhyme_unbinned_77__MGr3G3H3I_000000224979_18	0.0000	low	1.0000	very high	0.0000	low
vRhyme_unbinned_77__MGr3G3H3I_000000224979	vRhyme_unbinned_77__MGr3G3H3I_000000224979	vRhyme_unbinned_77__MGr3G3H3I_000000224979_19	0.0000	low	1.0000	very high	0.0000	low
vRhyme_unbinned_77__MGr3G3H3I_000000224979	vRhyme_unbinned_77__MGr3G3H3I_000000224979	vRhyme_unbinned_77__MGr3G3H3I_000000224979_20	0.0000	low	1.0000	very high	0.0000	low
vRhyme_unbinned_77__MGr3G3H3I_000000224979	vRhyme_unbinned_77__MGr3G3H3I_000000224979	vRhyme_unbinned_77__MGr3G3H3I_000000224979_21	0.0000	low	1.0000	very high	0.0000	low
vRhyme_unbinned_77__MGr3G3H3I_000000224979	vRhyme_unbinned_77__MGr3G3H3I_000000224979	vRhyme_unbinned_77__MGr3G3H3I_000000224979_22	0.0000	low	1.0000	very high	0.0000	low
vRhyme_unbinned_77__MGr3G3H3I_000000224979	vRhyme_unbinned_77__MGr3G3H3I_000000224979	vRhyme_unbinned_77__MGr3G3H3I_000000224979_23	0.0000	low	1.0000	very high	0.0000	low
vRhyme_unbinned_77__MGr3G3H3I_000000224979	vRhyme_unbinned_77__MGr3G3H3I_000000224979	vRhyme_unbinned_77__MGr3G3H3I_000000224979_24	0.0000	low	1.0000	very high	0.0000	low
vRhyme_unbinned_77__MGr3G3H3I_000000224979	vRhyme_unbinned_77__MGr3G3H3I_000000224979	vRhyme_unbinned_77__MGr3G3H3I_000000224979_25	0.0000	low	1.0000	very high	0.0000	low
vRhyme_unbinned_77__MGr3G3H3I_000000224979	vRhyme_unbinned_77__MGr3G3H3I_000000224979	vRhyme_unbinned_77__MGr3G3H3I_000000224979_26	0.0000	low	1.0000	very high	0.0000	low
vRhyme_unbinned_77__MGr3G3H3I_000000224979	vRhyme_unbinned_77__MGr3G3H3I_000000224979	vRhyme_unbinned_77__MGr3G3H3I_000000224979_27	0.0000	low	1.0000	very high	0.0000	low
vRhyme_unbinned_77__MGr3G3H3I_000000224979	vRhyme_unbinned_77__MGr3G3H3I_000000224979	vRhyme_unbinned_77__MGr3G3H3I_000000224979_28	0.0000	low	1.0000	very high	0.0000	low
vRhyme_unbinned_77__MGr3G3H3I_000000224979	vRhyme_unbinned_77__MGr3G3H3I_000000224979	vRhyme_unbinned_77__MGr3G3H3I_000000224979_29	0.0000	low	1.0000	very high	0.0000	low
vRhyme_unbinned_98__MGr3G3H3I_000000054290|provirus_3_6002	vRhyme_unbinned_98__MGr3G3H3I_000000054290|provirus_3_6002	vRhyme_unbinned_98__MGr3G3H3I_000000054290|provirus_3_6002_1	0.0000	low	1.0000	very high	0.0000	low
vRhyme_unbinned_98__MGr3G3H3I_000000054290|provirus_3_6002	vRhyme_unbinned_98__MGr3G3H3I_000000054290|provirus_3_6002	vRhyme_unbinned_98__MGr3G3H3I_000000054290|provirus_3_6002_2	0.0000	low	1.0000	very high	0.0000	low
vRhyme_unbinned_98__MGr3G3H3I_000000054290|provirus_3_6002	vRhyme_unbinned_98__MGr3G3H3I_000000054290|provirus_3_6002	vRhyme_unbinned_98__MGr3G3H3I_000000054290|provirus_3_6002_3	0.0000	low	1.0000	very high	0.0000	low
vRhyme_unbinned_98__MGr3G3H3I_000000054290|provirus_3_6002	vRhyme_unbinned_98__MGr3G3H3I_000000054290|provirus_3_6002	vRhyme_unbinned_98__MGr3G3H3I_000000054290|provirus_3_6002_4	0.0000	low	1.0000	very high	0.0000	low
vRhyme_unbinned_98__MGr3G3H3I_000000054290|provirus_3_6002	vRhyme_unbinned_98__MGr3G3H3I_000000054290|provirus_3_6002	vRhyme_unbinned_98__MGr3G3H3I_000000054290|provirus_3_6002_5	0.0000	low	1.0000	very high	0.0000	low
vRhyme_unbinned_98__MGr3G3H3I_000000054290|provirus_3_6002	vRhyme_unbinned_98__MGr3G3H3I_000000054290|provirus_3_6002	vRhyme_unbinned_98__MGr3G3H3I_000000054290|provirus_3_6002_6	0.6456	high	1.0000	very high	0.6456	high
vRhyme_unbinned_98__MGr3G3H3I_000000054290|provirus_3_6002	vRhyme_unbinned_98__MGr3G3H3I_000000054290|provirus_3_6002	vRhyme_unbinned_98__MGr3G3H3I_000000054290|provirus_3_6002_7	0.0000	low	1.0000	very high	0.0000	low
vRhyme_unbinned_98__MGr3G3H3I_000000054290|provirus_3_6002	vRhyme_unbinned_98__MGr3G3H3I_000000054290|provirus_3_6002	vRhyme_unbinned_98__MGr3G3H3I_000000054290|provirus_3_6002_8	0.0000	low	0.9532	high	0.0000	low
vRhyme_unbinned_98__MGr3G3H3I_000000054290|provirus_3_6002	vRhyme_unbinned_98__MGr3G3H3I_000000054290|provirus_3_6002	vRhyme_unbinned_98__MGr3G3H3I_000000054290|provirus_3_6002_9	0.0000	low	1.0000	very high	0.0000	low
vRhyme_unbinned_98__MGr3G3H3I_000000054290|provirus_3_6002	vRhyme_unbinned_98__MGr3G3H3I_000000054290|provirus_3_6002	vRhyme_unbinned_98__MGr3G3H3I_000000054290|provirus_3_6002_10	0.0000	low	1.0000	very high	0.0000	low
vRhyme_unbinned_98__MGr3G3H3I_000000054290|provirus_3_6002	vRhyme_unbinned_98__MGr3G3H3I_000000054290|provirus_3_6002	vRhyme_unbinned_98__MGr3G3H3I_000000054290|provirus_3_6002_11	0.0000	low	1.0000	very high	0.0000	low
vRhyme_unbinned_84__MGr3G3H3I_000000268864	vRhyme_unbinned_84__MGr3G3H3I_000000268864	vRhyme_unbinned_84__MGr3G3H3I_000000268864_1	0.0000	low	1.0000	very high	0.0000	low
vRhyme_unbinned_84__MGr3G3H3I_000000268864	vRhyme_unbinned_84__MGr3G3H3I_000000268864	vRhyme_unbinned_84__MGr3G3H3I_000000268864_2	0.0000	low	1.0000	very high	0.0000	low
vRhyme_unbinned_84__MGr3G3H3I_000000268864	vRhyme_unbinned_84__MGr3G3H3I_000000268864	vRhyme_unbinned_84__MGr3G3H3I_000000268864_3	0.0000	low	1.0000	very high	0.0000	low
vRhyme_unbinned_84__MGr3G3H3I_000000268864	vRhyme_unbinned_84__MGr3G3H3I_000000268864	vRhyme_unbinned_84__MGr3G3H3I_000000268864_4	0.0000	low	0.9481	high	0.0000	low
vRhyme_unbinned_84__MGr3G3H3I_000000268864	vRhyme_unbinned_84__MGr3G3H3I_000000268864	vRhyme_unbinned_84__MGr3G3H3I_000000268864_5	0.0000	low	1.0000	very high	0.0000	low
vRhyme_unbinned_84__MGr3G3H3I_000000268864	vRhyme_unbinned_84__MGr3G3H3I_000000268864	vRhyme_unbinned_84__MGr3G3H3I_000000268864_6	0.0000	low	1.0000	very high	0.0000	low
vRhyme_unbinned_84__MGr3G3H3I_000000268864	vRhyme_unbinned_84__MGr3G3H3I_000000268864	vRhyme_unbinned_84__MGr3G3H3I_000000268864_7	0.0000	low	0.9680	very high	0.0000	low
vRhyme_unbinned_84__MGr3G3H3I_000000268864	vRhyme_unbinned_84__MGr3G3H3I_000000268864	vRhyme_unbinned_84__MGr3G3H3I_000000268864_8	0.0000	low	1.0000	very high	0.0000	low
vRhyme_unbinned_84__MGr3G3H3I_000000268864	vRhyme_unbinned_84__MGr3G3H3I_000000268864	vRhyme_unbinned_84__MGr3G3H3I_000000268864_9	0.0000	low	0.9455	high	0.0000	low
vRhyme_unbinned_84__MGr3G3H3I_000000268864	vRhyme_unbinned_84__MGr3G3H3I_000000268864	vRhyme_unbinned_84__MGr3G3H3I_000000268864_10	0.0000	low	0.9162	high	0.0000	low
vRhyme_unbinned_84__MGr3G3H3I_000000268864	vRhyme_unbinned_84__MGr3G3H3I_000000268864	vRhyme_unbinned_84__MGr3G3H3I_000000268864_11	0.0000	low	0.9453	high	0.0000	low
vRhyme_unbinned_84__MGr3G3H3I_000000268864	vRhyme_unbinned_84__MGr3G3H3I_000000268864	vRhyme_unbinned_84__MGr3G3H3I_000000268864_12	0.0000	low	1.0000	very high	0.0000	low
vRhyme_unbinned_84__MGr3G3H3I_000000268864	vRhyme_unbinned_84__MGr3G3H3I_000000268864	vRhyme_unbinned_84__MGr3G3H3I_000000268864_13	0.0000	low	1.0000	very high	0.0000	low
vRhyme_unbinned_84__MGr3G3H3I_000000268864	vRhyme_unbinned_84__MGr3G3H3I_000000268864	vRhyme_unbinned_84__MGr3G3H3I_000000268864_14	0.0000	low	1.0000	very high	0.0000	low
vRhyme_unbinned_84__MGr3G3H3I_000000268864	vRhyme_unbinned_84__MGr3G3H3I_000000268864	vRhyme_unbinned_84__MGr3G3H3I_000000268864_15	0.0000	low	0.9445	high	0.0000	low
vRhyme_unbinned_84__MGr3G3H3I_000000268864	vRhyme_unbinned_84__MGr3G3H3I_000000268864	vRhyme_unbinned_84__MGr3G3H3I_000000268864_16	0.0000	low	1.0000	very high	0.0000	low
vRhyme_unbinned_84__MGr3G3H3I_000000268864	vRhyme_unbinned_84__MGr3G3H3I_000000268864	vRhyme_unbinned_84__MGr3G3H3I_000000268864_17	0.0000	low	1.0000	very high	0.0000	low
vRhyme_unbinned_84__MGr3G3H3I_000000268864	vRhyme_unbinned_84__MGr3G3H3I_000000268864	vRhyme_unbinned_84__MGr3G3H3I_000000268864_18	0.0000	low	1.0000	very high	0.0000	low
vRhyme_unbinned_89__MGr3G3H3I_000000289364	vRhyme_unbinned_89__MGr3G3H3I_000000289364	vRhyme_unbinned_89__MGr3G3H3I_000000289364_1	0.0000	low	1.0000	very high	0.0000	low
vRhyme_unbinned_89__MGr3G3H3I_000000289364	vRhyme_unbinned_89__MGr3G3H3I_000000289364	vRhyme_unbinned_89__MGr3G3H3I_000000289364_2	0.0000	low	1.0000	very high	0.0000	low
vRhyme_unbinned_89__MGr3G3H3I_000000289364	vRhyme_unbinned_89__MGr3G3H3I_000000289364	vRhyme_unbinned_89__MGr3G3H3I_000000289364_3	0.0000	low	1.0000	very high	0.0000	low
vRhyme_unbinned_89__MGr3G3H3I_000000289364	vRhyme_unbinned_89__MGr3G3H3I_000000289364	vRhyme_unbinned_89__MGr3G3H3I_000000289364_4	0.0000	low	1.0000	very high	0.0000	low
vRhyme_unbinned_89__MGr3G3H3I_000000289364	vRhyme_unbinned_89__MGr3G3H3I_000000289364	vRhyme_unbinned_89__MGr3G3H3I_000000289364_5	0.0000	low	1.0000	very high	0.0000	low
vRhyme_unbinned_89__MGr3G3H3I_000000289364	vRhyme_unbinned_89__MGr3G3H3I_000000289364	vRhyme_unbinned_89__MGr3G3H3I_000000289364_6	0.0000	low	1.0000	very high	0.0000	low
vRhyme_unbinned_89__MGr3G3H3I_000000289364	vRhyme_unbinned_89__MGr3G3H3I_000000289364	vRhyme_unbinned_89__MGr3G3H3I_000000289364_7	0.0000	low	1.0000	very high	0.0000	low
vRhyme_unbinned_89__MGr3G3H3I_000000289364	vRhyme_unbinned_89__MGr3G3H3I_000000289364	vRhyme_unbinned_89__MGr3G3H3I_000000289364_8	0.0000	low	1.0000	very high	0.0000	low
vRhyme_unbinned_89__MGr3G3H3I_000000289364	vRhyme_unbinned_89__MGr3G3H3I_000000289364	vRhyme_unbinned_89__MGr3G3H3I_000000289364_9	0.0000	low	1.0000	very high	0.0000	low
vRhyme_unbinned_89__MGr3G3H3I_000000289364	vRhyme_unbinned_89__MGr3G3H3I_000000289364	vRhyme_unbinned_89__MGr3G3H3I_000000289364_10	0.0000	low	0.9534	high	0.0000	low
vRhyme_unbinned_89__MGr3G3H3I_000000289364	vRhyme_unbinned_89__MGr3G3H3I_000000289364	vRhyme_unbinned_89__MGr3G3H3I_000000289364_11	0.0000	low	1.0000	very high	0.0000	low
vRhyme_unbinned_89__MGr3G3H3I_000000289364	vRhyme_unbinned_89__MGr3G3H3I_000000289364	vRhyme_unbinned_89__MGr3G3H3I_000000289364_12	0.0000	low	1.0000	very high	0.0000	low
vRhyme_unbinned_89__MGr3G3H3I_000000289364	vRhyme_unbinned_89__MGr3G3H3I_000000289364	vRhyme_unbinned_89__MGr3G3H3I_000000289364_13	0.0000	low	0.9551	high	0.0000	low
vRhyme_unbinned_89__MGr3G3H3I_000000289364	vRhyme_unbinned_89__MGr3G3H3I_000000289364	vRhyme_unbinned_89__MGr3G3H3I_000000289364_14	0.0000	low	1.0000	very high	0.0000	low
vRhyme_unbinned_89__MGr3G3H3I_000000289364	vRhyme_unbinned_89__MGr3G3H3I_000000289364	vRhyme_unbinned_89__MGr3G3H3I_000000289364_15	0.0921	medium	1.0000	very high	0.0921	medium
vRhyme_unbinned_89__MGr3G3H3I_000000289364	vRhyme_unbinned_89__MGr3G3H3I_000000289364	vRhyme_unbinned_89__MGr3G3H3I_000000289364_16	0.0000	low	1.0000	very high	0.0000	low
vRhyme_unbinned_89__MGr3G3H3I_000000289364	vRhyme_unbinned_89__MGr3G3H3I_000000289364	vRhyme_unbinned_89__MGr3G3H3I_000000289364_17	0.0000	low	1.0000	very high	0.0000	low
vRhyme_unbinned_89__MGr3G3H3I_000000289364	vRhyme_unbinned_89__MGr3G3H3I_000000289364	vRhyme_unbinned_89__MGr3G3H3I_000000289364_18	0.0000	low	1.0000	very high	0.0000	low
vRhyme_unbinned_89__MGr3G3H3I_000000289364	vRhyme_unbinned_89__MGr3G3H3I_000000289364	vRhyme_unbinned_89__MGr3G3H3I_000000289364_19	0.0000	low	1.0000	very high	0.0000	low
vRhyme_unbinned_89__MGr3G3H3I_000000289364	vRhyme_unbinned_89__MGr3G3H3I_000000289364	vRhyme_unbinned_89__MGr3G3H3I_000000289364_20	0.0000	low	1.0000	very high	0.0000	low
vRhyme_unbinned_89__MGr3G3H3I_000000289364	vRhyme_unbinned_89__MGr3G3H3I_000000289364	vRhyme_unbinned_89__MGr3G3H3I_000000289364_21	0.0000	low	0.9089	high	0.0000	low
vRhyme_unbinned_89__MGr3G3H3I_000000289364	vRhyme_unbinned_89__MGr3G3H3I_000000289364	vRhyme_unbinned_89__MGr3G3H3I_000000289364_22	0.0000	low	1.0000	very high	0.0000	low
vRhyme_unbinned_89__MGr3G3H3I_000000289364	vRhyme_unbinned_89__MGr3G3H3I_000000289364	vRhyme_unbinned_89__MGr3G3H3I_000000289364_23	0.0000	low	1.0000	very high	0.0000	low
vRhyme_unbinned_89__MGr3G3H3I_000000289364	vRhyme_unbinned_89__MGr3G3H3I_000000289364	vRhyme_unbinned_89__MGr3G3H3I_000000289364_24	0.0000	low	1.0000	very high	0.0000	low
vRhyme_unbinned_89__MGr3G3H3I_000000289364	vRhyme_unbinned_89__MGr3G3H3I_000000289364	vRhyme_unbinned_89__MGr3G3H3I_000000289364_25	0.0000	low	0.9064	high	0.0000	low
vRhyme_unbinned_89__MGr3G3H3I_000000289364	vRhyme_unbinned_89__MGr3G3H3I_000000289364	vRhyme_unbinned_89__MGr3G3H3I_000000289364_26	0.0000	low	1.0000	very high	0.0000	low
vRhyme_unbinned_89__MGr3G3H3I_000000289364	vRhyme_unbinned_89__MGr3G3H3I_000000289364	vRhyme_unbinned_89__MGr3G3H3I_000000289364_27	0.0000	low	1.0000	very high	0.0000	low
vRhyme_unbinned_89__MGr3G3H3I_000000289364	vRhyme_unbinned_89__MGr3G3H3I_000000289364	vRhyme_unbinned_89__MGr3G3H3I_000000289364_28	0.0000	low	1.0000	very high	0.0000	low
vRhyme_unbinned_89__MGr3G3H3I_000000289364	vRhyme_unbinned_89__MGr3G3H3I_000000289364	vRhyme_unbinned_89__MGr3G3H3I_000000289364_29	0.0000	low	1.0000	very high	0.0000	low
vRhyme_unbinned_89__MGr3G3H3I_000000289364	vRhyme_unbinned_89__MGr3G3H3I_000000289364	vRhyme_unbinned_89__MGr3G3H3I_000000289364_30	0.0000	low	1.0000	very high	0.0000	low
vRhyme_unbinned_89__MGr3G3H3I_000000289364	vRhyme_unbinned_89__MGr3G3H3I_000000289364	vRhyme_unbinned_89__MGr3G3H3I_000000289364_31	0.0000	low	1.0000	very high	0.0000	low
vRhyme_unbinned_89__MGr3G3H3I_000000289364	vRhyme_unbinned_89__MGr3G3H3I_000000289364	vRhyme_unbinned_89__MGr3G3H3I_000000289364_32	0.0000	low	1.0000	very high	0.0000	low
vRhyme_unbinned_89__MGr3G3H3I_000000289364	vRhyme_unbinned_89__MGr3G3H3I_000000289364	vRhyme_unbinned_89__MGr3G3H3I_000000289364_33	0.0000	low	1.0000	very high	0.0000	low
vRhyme_unbinned_57__MGr3G3H3I_000000170145	vRhyme_unbinned_57__MGr3G3H3I_000000170145	vRhyme_unbinned_57__MGr3G3H3I_000000170145_1	0.0000	low	0.1991	medium	0.0000	low
vRhyme_unbinned_57__MGr3G3H3I_000000170145	vRhyme_unbinned_57__MGr3G3H3I_000000170145	vRhyme_unbinned_57__MGr3G3H3I_000000170145_2	0.0000	low	0.9079	high	0.0000	low
vRhyme_unbinned_57__MGr3G3H3I_000000170145	vRhyme_unbinned_57__MGr3G3H3I_000000170145	vRhyme_unbinned_57__MGr3G3H3I_000000170145_3	0.0000	low	0.7980	high	0.0000	low
vRhyme_unbinned_57__MGr3G3H3I_000000170145	vRhyme_unbinned_57__MGr3G3H3I_000000170145	vRhyme_unbinned_57__MGr3G3H3I_000000170145_4	0.0000	low	1.0000	very high	0.0000	low
vRhyme_unbinned_57__MGr3G3H3I_000000170145	vRhyme_unbinned_57__MGr3G3H3I_000000170145	vRhyme_unbinned_57__MGr3G3H3I_000000170145_5	0.0000	low	1.0000	very high	0.0000	low
vRhyme_unbinned_57__MGr3G3H3I_000000170145	vRhyme_unbinned_57__MGr3G3H3I_000000170145	vRhyme_unbinned_57__MGr3G3H3I_000000170145_6	0.0000	low	1.0000	very high	0.0000	low
vRhyme_unbinned_57__MGr3G3H3I_000000170145	vRhyme_unbinned_57__MGr3G3H3I_000000170145	vRhyme_unbinned_57__MGr3G3H3I_000000170145_7	0.0000	low	0.9608	high	0.0000	low
vRhyme_unbinned_57__MGr3G3H3I_000000170145	vRhyme_unbinned_57__MGr3G3H3I_000000170145	vRhyme_unbinned_57__MGr3G3H3I_000000170145_8	0.0000	low	1.0000	very high	0.0000	low
vRhyme_unbinned_57__MGr3G3H3I_000000170145	vRhyme_unbinned_57__MGr3G3H3I_000000170145	vRhyme_unbinned_57__MGr3G3H3I_000000170145_9	0.0000	low	1.0000	very high	0.0000	low
vRhyme_unbinned_57__MGr3G3H3I_000000170145	vRhyme_unbinned_57__MGr3G3H3I_000000170145	vRhyme_unbinned_57__MGr3G3H3I_000000170145_10	0.0000	low	1.0000	very high	0.0000	low
vRhyme_unbinned_57__MGr3G3H3I_000000170145	vRhyme_unbinned_57__MGr3G3H3I_000000170145	vRhyme_unbinned_57__MGr3G3H3I_000000170145_11	0.0000	low	1.0000	very high	0.0000	low
vRhyme_unbinned_57__MGr3G3H3I_000000170145	vRhyme_unbinned_57__MGr3G3H3I_000000170145	vRhyme_unbinned_57__MGr3G3H3I_000000170145_12	0.0000	low	1.0000	very high	0.0000	low
vRhyme_unbinned_57__MGr3G3H3I_000000170145	vRhyme_unbinned_57__MGr3G3H3I_000000170145	vRhyme_unbinned_57__MGr3G3H3I_000000170145_13	0.0000	low	0.9537	high	0.0000	low
vRhyme_unbinned_57__MGr3G3H3I_000000170145	vRhyme_unbinned_57__MGr3G3H3I_000000170145	vRhyme_unbinned_57__MGr3G3H3I_000000170145_14	0.0000	low	1.0000	very high	0.0000	low
vRhyme_unbinned_90__MGr3G3H3I_000000290477	vRhyme_unbinned_90__MGr3G3H3I_000000290477	vRhyme_unbinned_90__MGr3G3H3I_000000290477_1	0.0000	low	1.0000	very high	0.0000	low
vRhyme_unbinned_90__MGr3G3H3I_000000290477	vRhyme_unbinned_90__MGr3G3H3I_000000290477	vRhyme_unbinned_90__MGr3G3H3I_000000290477_2	0.0000	low	1.0000	very high	0.0000	low
vRhyme_unbinned_90__MGr3G3H3I_000000290477	vRhyme_unbinned_90__MGr3G3H3I_000000290477	vRhyme_unbinned_90__MGr3G3H3I_000000290477_3	0.0000	low	1.0000	very high	0.0000	low
vRhyme_unbinned_90__MGr3G3H3I_000000290477	vRhyme_unbinned_90__MGr3G3H3I_000000290477	vRhyme_unbinned_90__MGr3G3H3I_000000290477_4	0.0000	low	1.0000	very high	0.0000	low
vRhyme_unbinned_90__MGr3G3H3I_000000290477	vRhyme_unbinned_90__MGr3G3H3I_000000290477	vRhyme_unbinned_90__MGr3G3H3I_000000290477_5	0.0000	low	1.0000	very high	0.0000	low
vRhyme_unbinned_90__MGr3G3H3I_000000290477	vRhyme_unbinned_90__MGr3G3H3I_000000290477	vRhyme_unbinned_90__MGr3G3H3I_000000290477_6	0.0000	low	1.0000	very high	0.0000	low
vRhyme_unbinned_90__MGr3G3H3I_000000290477	vRhyme_unbinned_90__MGr3G3H3I_000000290477	vRhyme_unbinned_90__MGr3G3H3I_000000290477_7	0.0000	low	1.0000	very high	0.0000	low
vRhyme_unbinned_90__MGr3G3H3I_000000290477	vRhyme_unbinned_90__MGr3G3H3I_000000290477	vRhyme_unbinned_90__MGr3G3H3I_000000290477_8	0.0000	low	1.0000	very high	0.0000	low
vRhyme_unbinned_90__MGr3G3H3I_000000290477	vRhyme_unbinned_90__MGr3G3H3I_000000290477	vRhyme_unbinned_90__MGr3G3H3I_000000290477_9	0.0000	low	1.0000	very high	0.0000	low
vRhyme_unbinned_90__MGr3G3H3I_000000290477	vRhyme_unbinned_90__MGr3G3H3I_000000290477	vRhyme_unbinned_90__MGr3G3H3I_000000290477_10	0.0000	low	1.0000	very high	0.0000	low
vRhyme_unbinned_90__MGr3G3H3I_000000290477	vRhyme_unbinned_90__MGr3G3H3I_000000290477	vRhyme_unbinned_90__MGr3G3H3I_000000290477_11	0.0000	low	1.0000	very high	0.0000	low
vRhyme_unbinned_90__MGr3G3H3I_000000290477	vRhyme_unbinned_90__MGr3G3H3I_000000290477	vRhyme_unbinned_90__MGr3G3H3I_000000290477_12	0.0000	low	1.0000	very high	0.0000	low
vRhyme_unbinned_90__MGr3G3H3I_000000290477	vRhyme_unbinned_90__MGr3G3H3I_000000290477	vRhyme_unbinned_90__MGr3G3H3I_000000290477_13	0.0000	low	1.0000	very high	0.0000	low
vRhyme_unbinned_90__MGr3G3H3I_000000290477	vRhyme_unbinned_90__MGr3G3H3I_000000290477	vRhyme_unbinned_90__MGr3G3H3I_000000290477_14	0.0000	low	1.0000	very high	0.0000	low
vRhyme_unbinned_90__MGr3G3H3I_000000290477	vRhyme_unbinned_90__MGr3G3H3I_000000290477	vRhyme_unbinned_90__MGr3G3H3I_000000290477_15	0.0000	low	1.0000	very high	0.0000	low
vRhyme_unbinned_90__MGr3G3H3I_000000290477	vRhyme_unbinned_90__MGr3G3H3I_000000290477	vRhyme_unbinned_90__MGr3G3H3I_000000290477_16	0.0000	low	1.0000	very high	0.0000	low
vRhyme_unbinned_6__MGr3G3H3I_000000012933	vRhyme_unbinned_6__MGr3G3H3I_000000012933	vRhyme_unbinned_6__MGr3G3H3I_000000012933_1	0.0000	low	1.0000	very high	0.0000	low
vRhyme_unbinned_6__MGr3G3H3I_000000012933	vRhyme_unbinned_6__MGr3G3H3I_000000012933	vRhyme_unbinned_6__MGr3G3H3I_000000012933_2	0.0000	low	1.0000	very high	0.0000	low
vRhyme_unbinned_6__MGr3G3H3I_000000012933	vRhyme_unbinned_6__MGr3G3H3I_000000012933	vRhyme_unbinned_6__MGr3G3H3I_000000012933_3	0.0000	low	1.0000	very high	0.0000	low
vRhyme_unbinned_6__MGr3G3H3I_000000012933	vRhyme_unbinned_6__MGr3G3H3I_000000012933	vRhyme_unbinned_6__MGr3G3H3I_000000012933_4	0.0000	low	1.0000	very high	0.0000	low
vRhyme_unbinned_6__MGr3G3H3I_000000012933	vRhyme_unbinned_6__MGr3G3H3I_000000012933	vRhyme_unbinned_6__MGr3G3H3I_000000012933_5	0.0000	low	1.0000	very high	0.0000	low
vRhyme_unbinned_6__MGr3G3H3I_000000012933	vRhyme_unbinned_6__MGr3G3H3I_000000012933	vRhyme_unbinned_6__MGr3G3H3I_000000012933_6	0.9500	very high	1.0000	very high	0.9500	very high
vRhyme_unbinned_6__MGr3G3H3I_000000012933	vRhyme_unbinned_6__MGr3G3H3I_000000012933	vRhyme_unbinned_6__MGr3G3H3I_000000012933_7	0.0000	low	1.0000	very high	0.0000	low
vRhyme_unbinned_6__MGr3G3H3I_000000012933	vRhyme_unbinned_6__MGr3G3H3I_000000012933	vRhyme_unbinned_6__MGr3G3H3I_000000012933_8	0.0000	low	1.0000	very high	0.0000	low
vRhyme_unbinned_6__MGr3G3H3I_000000012933	vRhyme_unbinned_6__MGr3G3H3I_000000012933	vRhyme_unbinned_6__MGr3G3H3I_000000012933_9	0.0000	low	1.0000	very high	0.0000	low
vRhyme_unbinned_6__MGr3G3H3I_000000012933	vRhyme_unbinned_6__MGr3G3H3I_000000012933	vRhyme_unbinned_6__MGr3G3H3I_000000012933_10	0.0000	low	1.0000	very high	0.0000	low
vRhyme_unbinned_6__MGr3G3H3I_000000012933	vRhyme_unbinned_6__MGr3G3H3I_000000012933	vRhyme_unbinned_6__MGr3G3H3I_000000012933_11	0.0000	low	1.0000	very high	0.0000	low
vRhyme_unbinned_6__MGr3G3H3I_000000012933	vRhyme_unbinned_6__MGr3G3H3I_000000012933	vRhyme_unbinned_6__MGr3G3H3I_000000012933_12	0.0000	low	1.0000	very high	0.0000	low
vRhyme_unbinned_6__MGr3G3H3I_000000012933	vRhyme_unbinned_6__MGr3G3H3I_000000012933	vRhyme_unbinned_6__MGr3G3H3I_000000012933_13	0.0000	low	1.0000	very high	0.0000	low
vRhyme_unbinned_6__MGr3G3H3I_000000012933	vRhyme_unbinned_6__MGr3G3H3I_000000012933	vRhyme_unbinned_6__MGr3G3H3I_000000012933_14	0.0000	low	1.0000	very high	0.0000	low
vRhyme_unbinned_6__MGr3G3H3I_000000012933	vRhyme_unbinned_6__MGr3G3H3I_000000012933	vRhyme_unbinned_6__MGr3G3H3I_000000012933_15	0.0000	low	1.0000	very high	0.0000	low
vRhyme_unbinned_6__MGr3G3H3I_000000012933	vRhyme_unbinned_6__MGr3G3H3I_000000012933	vRhyme_unbinned_6__MGr3G3H3I_000000012933_16	0.0000	low	1.0000	very high	0.0000	low
vRhyme_unbinned_6__MGr3G3H3I_000000012933	vRhyme_unbinned_6__MGr3G3H3I_000000012933	vRhyme_unbinned_6__MGr3G3H3I_000000012933_17	0.0000	low	1.0000	very high	0.0000	low
vRhyme_unbinned_6__MGr3G3H3I_000000012933	vRhyme_unbinned_6__MGr3G3H3I_000000012933	vRhyme_unbinned_6__MGr3G3H3I_000000012933_18	0.0000	low	1.0000	very high	0.0000	low
vRhyme_unbinned_6__MGr3G3H3I_000000012933	vRhyme_unbinned_6__MGr3G3H3I_000000012933	vRhyme_unbinned_6__MGr3G3H3I_000000012933_19	0.0000	low	1.0000	very high	0.0000	low
vRhyme_unbinned_6__MGr3G3H3I_000000012933	vRhyme_unbinned_6__MGr3G3H3I_000000012933	vRhyme_unbinned_6__MGr3G3H3I_000000012933_20	0.0000	low	1.0000	very high	0.0000	low
vRhyme_unbinned_6__MGr3G3H3I_000000012933	vRhyme_unbinned_6__MGr3G3H3I_000000012933	vRhyme_unbinned_6__MGr3G3H3I_000000012933_21	0.0000	low	1.0000	very high	0.0000	low
vRhyme_unbinned_6__MGr3G3H3I_000000012933	vRhyme_unbinned_6__MGr3G3H3I_000000012933	vRhyme_unbinned_6__MGr3G3H3I_000000012933_22	0.0000	low	1.0000	very high	0.0000	low
vRhyme_unbinned_6__MGr3G3H3I_000000012933	vRhyme_unbinned_6__MGr3G3H3I_000000012933	vRhyme_unbinned_6__MGr3G3H3I_000000012933_23	0.0000	low	1.0000	very high	0.0000	low
vRhyme_unbinned_6__MGr3G3H3I_000000012933	vRhyme_unbinned_6__MGr3G3H3I_000000012933	vRhyme_unbinned_6__MGr3G3H3I_000000012933_24	0.0000	low	1.0000	very high	0.0000	low
vRhyme_unbinned_6__MGr3G3H3I_000000012933	vRhyme_unbinned_6__MGr3G3H3I_000000012933	vRhyme_unbinned_6__MGr3G3H3I_000000012933_25	0.0000	low	1.0000	very high	0.0000	low
vRhyme_unbinned_6__MGr3G3H3I_000000012933	vRhyme_unbinned_6__MGr3G3H3I_000000012933	vRhyme_unbinned_6__MGr3G3H3I_000000012933_26	0.0000	low	1.0000	very high	0.0000	low
vRhyme_unbinned_6__MGr3G3H3I_000000012933	vRhyme_unbinned_6__MGr3G3H3I_000000012933	vRhyme_unbinned_6__MGr3G3H3I_000000012933_27	0.0000	low	1.0000	very high	0.0000	low
vRhyme_unbinned_6__MGr3G3H3I_000000012933	vRhyme_unbinned_6__MGr3G3H3I_000000012933	vRhyme_unbinned_6__MGr3G3H3I_000000012933_28	0.0000	low	1.0000	very high	0.0000	low
vRhyme_unbinned_6__MGr3G3H3I_000000012933	vRhyme_unbinned_6__MGr3G3H3I_000000012933	vRhyme_unbinned_6__MGr3G3H3I_000000012933_29	0.0000	low	1.0000	very high	0.0000	low
vRhyme_unbinned_6__MGr3G3H3I_000000012933	vRhyme_unbinned_6__MGr3G3H3I_000000012933	vRhyme_unbinned_6__MGr3G3H3I_000000012933_30	0.0000	low	1.0000	very high	0.0000	low
vRhyme_unbinned_6__MGr3G3H3I_000000012933	vRhyme_unbinned_6__MGr3G3H3I_000000012933	vRhyme_unbinned_6__MGr3G3H3I_000000012933_31	0.0000	low	1.0000	very high	0.0000	low
vRhyme_unbinned_6__MGr3G3H3I_000000012933	vRhyme_unbinned_6__MGr3G3H3I_000000012933	vRhyme_unbinned_6__MGr3G3H3I_000000012933_32	0.0000	low	1.0000	very high	0.0000	low
vRhyme_unbinned_6__MGr3G3H3I_000000012933	vRhyme_unbinned_6__MGr3G3H3I_000000012933	vRhyme_unbinned_6__MGr3G3H3I_000000012933_33	0.0000	low	1.0000	very high	0.0000	low
vRhyme_unbinned_6__MGr3G3H3I_000000012933	vRhyme_unbinned_6__MGr3G3H3I_000000012933	vRhyme_unbinned_6__MGr3G3H3I_000000012933_34	0.0000	low	1.0000	very high	0.0000	low
vRhyme_unbinned_6__MGr3G3H3I_000000012933	vRhyme_unbinned_6__MGr3G3H3I_000000012933	vRhyme_unbinned_6__MGr3G3H3I_000000012933_35	0.0000	low	1.0000	very high	0.0000	low
vRhyme_unbinned_6__MGr3G3H3I_000000012933	vRhyme_unbinned_6__MGr3G3H3I_000000012933	vRhyme_unbinned_6__MGr3G3H3I_000000012933_36	0.0000	low	1.0000	very high	0.0000	low
vRhyme_unbinned_6__MGr3G3H3I_000000012933	vRhyme_unbinned_6__MGr3G3H3I_000000012933	vRhyme_unbinned_6__MGr3G3H3I_000000012933_37	0.0000	low	1.0000	very high	0.0000	low
vRhyme_unbinned_6__MGr3G3H3I_000000012933	vRhyme_unbinned_6__MGr3G3H3I_000000012933	vRhyme_unbinned_6__MGr3G3H3I_000000012933_38	0.0000	low	1.0000	very high	0.0000	low
vRhyme_unbinned_6__MGr3G3H3I_000000012933	vRhyme_unbinned_6__MGr3G3H3I_000000012933	vRhyme_unbinned_6__MGr3G3H3I_000000012933_39	0.0000	low	1.0000	very high	0.0000	low
vRhyme_unbinned_6__MGr3G3H3I_000000012933	vRhyme_unbinned_6__MGr3G3H3I_000000012933	vRhyme_unbinned_6__MGr3G3H3I_000000012933_40	0.0000	low	1.0000	very high	0.0000	low
vRhyme_unbinned_6__MGr3G3H3I_000000012933	vRhyme_unbinned_6__MGr3G3H3I_000000012933	vRhyme_unbinned_6__MGr3G3H3I_000000012933_41	0.0000	low	1.0000	very high	0.0000	low
vRhyme_unbinned_6__MGr3G3H3I_000000012933	vRhyme_unbinned_6__MGr3G3H3I_000000012933	vRhyme_unbinned_6__MGr3G3H3I_000000012933_42	0.0000	low	1.0000	very high	0.0000	low
vRhyme_unbinned_6__MGr3G3H3I_000000012933	vRhyme_unbinned_6__MGr3G3H3I_000000012933	vRhyme_unbinned_6__MGr3G3H3I_000000012933_43	0.0000	low	1.0000	very high	0.0000	low
vRhyme_unbinned_6__MGr3G3H3I_000000012933	vRhyme_unbinned_6__MGr3G3H3I_000000012933	vRhyme_unbinned_6__MGr3G3H3I_000000012933_44	0.0000	low	1.0000	very high	0.0000	low
vRhyme_unbinned_96__MGr3G3H3I_000000020223|provirus_35327_48594	vRhyme_unbinned_96__MGr3G3H3I_000000020223|provirus_35327_48594	vRhyme_unbinned_96__MGr3G3H3I_000000020223|provirus_35327_48594_1	0.0000	low	1.0000	very high	0.0000	low
vRhyme_unbinned_96__MGr3G3H3I_000000020223|provirus_35327_48594	vRhyme_unbinned_96__MGr3G3H3I_000000020223|provirus_35327_48594	vRhyme_unbinned_96__MGr3G3H3I_000000020223|provirus_35327_48594_2	0.0000	low	1.0000	very high	0.0000	low
vRhyme_unbinned_96__MGr3G3H3I_000000020223|provirus_35327_48594	vRhyme_unbinned_96__MGr3G3H3I_000000020223|provirus_35327_48594	vRhyme_unbinned_96__MGr3G3H3I_000000020223|provirus_35327_48594_3	0.0000	low	1.0000	very high	0.0000	low
vRhyme_unbinned_96__MGr3G3H3I_000000020223|provirus_35327_48594	vRhyme_unbinned_96__MGr3G3H3I_000000020223|provirus_35327_48594	vRhyme_unbinned_96__MGr3G3H3I_000000020223|provirus_35327_48594_4	0.0000	low	0.9512	high	0.0000	low
vRhyme_unbinned_96__MGr3G3H3I_000000020223|provirus_35327_48594	vRhyme_unbinned_96__MGr3G3H3I_000000020223|provirus_35327_48594	vRhyme_unbinned_96__MGr3G3H3I_000000020223|provirus_35327_48594_5	0.0000	low	1.0000	very high	0.0000	low
vRhyme_unbinned_96__MGr3G3H3I_000000020223|provirus_35327_48594	vRhyme_unbinned_96__MGr3G3H3I_000000020223|provirus_35327_48594	vRhyme_unbinned_96__MGr3G3H3I_000000020223|provirus_35327_48594_6	0.0000	low	1.0000	very high	0.0000	low
vRhyme_unbinned_96__MGr3G3H3I_000000020223|provirus_35327_48594	vRhyme_unbinned_96__MGr3G3H3I_000000020223|provirus_35327_48594	vRhyme_unbinned_96__MGr3G3H3I_000000020223|provirus_35327_48594_7	0.0000	low	1.0000	very high	0.0000	low
vRhyme_unbinned_96__MGr3G3H3I_000000020223|provirus_35327_48594	vRhyme_unbinned_96__MGr3G3H3I_000000020223|provirus_35327_48594	vRhyme_unbinned_96__MGr3G3H3I_000000020223|provirus_35327_48594_8	0.0000	low	1.0000	very high	0.0000	low
vRhyme_unbinned_96__MGr3G3H3I_000000020223|provirus_35327_48594	vRhyme_unbinned_96__MGr3G3H3I_000000020223|provirus_35327_48594	vRhyme_unbinned_96__MGr3G3H3I_000000020223|provirus_35327_48594_9	0.0000	low	1.0000	very high	0.0000	low
vRhyme_unbinned_96__MGr3G3H3I_000000020223|provirus_35327_48594	vRhyme_unbinned_96__MGr3G3H3I_000000020223|provirus_35327_48594	vRhyme_unbinned_96__MGr3G3H3I_000000020223|provirus_35327_48594_10	0.0000	low	1.0000	very high	0.0000	low
vRhyme_unbinned_96__MGr3G3H3I_000000020223|provirus_35327_48594	vRhyme_unbinned_96__MGr3G3H3I_000000020223|provirus_35327_48594	vRhyme_unbinned_96__MGr3G3H3I_000000020223|provirus_35327_48594_11	0.0000	low	1.0000	very high	0.0000	low
vRhyme_unbinned_96__MGr3G3H3I_000000020223|provirus_35327_48594	vRhyme_unbinned_96__MGr3G3H3I_000000020223|provirus_35327_48594	vRhyme_unbinned_96__MGr3G3H3I_000000020223|provirus_35327_48594_12	0.0000	low	1.0000	very high	0.0000	low
vRhyme_unbinned_96__MGr3G3H3I_000000020223|provirus_35327_48594	vRhyme_unbinned_96__MGr3G3H3I_000000020223|provirus_35327_48594	vRhyme_unbinned_96__MGr3G3H3I_000000020223|provirus_35327_48594_13	0.0000	low	1.0000	very high	0.0000	low
vRhyme_unbinned_96__MGr3G3H3I_000000020223|provirus_35327_48594	vRhyme_unbinned_96__MGr3G3H3I_000000020223|provirus_35327_48594	vRhyme_unbinned_96__MGr3G3H3I_000000020223|provirus_35327_48594_14	0.0000	low	1.0000	very high	0.0000	low
vRhyme_unbinned_96__MGr3G3H3I_000000020223|provirus_35327_48594	vRhyme_unbinned_96__MGr3G3H3I_000000020223|provirus_35327_48594	vRhyme_unbinned_96__MGr3G3H3I_000000020223|provirus_35327_48594_15	0.0000	low	1.0000	very high	0.0000	low
vRhyme_unbinned_96__MGr3G3H3I_000000020223|provirus_35327_48594	vRhyme_unbinned_96__MGr3G3H3I_000000020223|provirus_35327_48594	vRhyme_unbinned_96__MGr3G3H3I_000000020223|provirus_35327_48594_16	0.0000	low	1.0000	very high	0.0000	low
vRhyme_unbinned_94__MGr3G3H3I_000000010503|provirus_24055_37973	vRhyme_unbinned_94__MGr3G3H3I_000000010503|provirus_24055_37973	vRhyme_unbinned_94__MGr3G3H3I_000000010503|provirus_24055_37973_1	0.0000	low	1.0000	very high	0.0000	low
vRhyme_unbinned_94__MGr3G3H3I_000000010503|provirus_24055_37973	vRhyme_unbinned_94__MGr3G3H3I_000000010503|provirus_24055_37973	vRhyme_unbinned_94__MGr3G3H3I_000000010503|provirus_24055_37973_2	0.0000	low	1.0000	very high	0.0000	low
vRhyme_unbinned_94__MGr3G3H3I_000000010503|provirus_24055_37973	vRhyme_unbinned_94__MGr3G3H3I_000000010503|provirus_24055_37973	vRhyme_unbinned_94__MGr3G3H3I_000000010503|provirus_24055_37973_3	0.0000	low	0.9491	high	0.0000	low
vRhyme_unbinned_94__MGr3G3H3I_000000010503|provirus_24055_37973	vRhyme_unbinned_94__MGr3G3H3I_000000010503|provirus_24055_37973	vRhyme_unbinned_94__MGr3G3H3I_000000010503|provirus_24055_37973_4	0.0000	low	0.8788	high	0.0000	low
vRhyme_unbinned_94__MGr3G3H3I_000000010503|provirus_24055_37973	vRhyme_unbinned_94__MGr3G3H3I_000000010503|provirus_24055_37973	vRhyme_unbinned_94__MGr3G3H3I_000000010503|provirus_24055_37973_5	0.0000	low	1.0000	very high	0.0000	low
vRhyme_unbinned_94__MGr3G3H3I_000000010503|provirus_24055_37973	vRhyme_unbinned_94__MGr3G3H3I_000000010503|provirus_24055_37973	vRhyme_unbinned_94__MGr3G3H3I_000000010503|provirus_24055_37973_6	0.0000	low	1.0000	very high	0.0000	low
vRhyme_unbinned_94__MGr3G3H3I_000000010503|provirus_24055_37973	vRhyme_unbinned_94__MGr3G3H3I_000000010503|provirus_24055_37973	vRhyme_unbinned_94__MGr3G3H3I_000000010503|provirus_24055_37973_7	0.0000	low	1.0000	very high	0.0000	low
vRhyme_unbinned_94__MGr3G3H3I_000000010503|provirus_24055_37973	vRhyme_unbinned_94__MGr3G3H3I_000000010503|provirus_24055_37973	vRhyme_unbinned_94__MGr3G3H3I_000000010503|provirus_24055_37973_8	0.0000	low	1.0000	very high	0.0000	low
vRhyme_unbinned_94__MGr3G3H3I_000000010503|provirus_24055_37973	vRhyme_unbinned_94__MGr3G3H3I_000000010503|provirus_24055_37973	vRhyme_unbinned_94__MGr3G3H3I_000000010503|provirus_24055_37973_9	0.0000	low	1.0000	very high	0.0000	low
vRhyme_unbinned_94__MGr3G3H3I_000000010503|provirus_24055_37973	vRhyme_unbinned_94__MGr3G3H3I_000000010503|provirus_24055_37973	vRhyme_unbinned_94__MGr3G3H3I_000000010503|provirus_24055_37973_10	0.0000	low	1.0000	very high	0.0000	low
vRhyme_unbinned_94__MGr3G3H3I_000000010503|provirus_24055_37973	vRhyme_unbinned_94__MGr3G3H3I_000000010503|provirus_24055_37973	vRhyme_unbinned_94__MGr3G3H3I_000000010503|provirus_24055_37973_11	0.0000	low	1.0000	very high	0.0000	low
vRhyme_unbinned_94__MGr3G3H3I_000000010503|provirus_24055_37973	vRhyme_unbinned_94__MGr3G3H3I_000000010503|provirus_24055_37973	vRhyme_unbinned_94__MGr3G3H3I_000000010503|provirus_24055_37973_12	0.0000	low	1.0000	very high	0.0000	low
vRhyme_unbinned_94__MGr3G3H3I_000000010503|provirus_24055_37973	vRhyme_unbinned_94__MGr3G3H3I_000000010503|provirus_24055_37973	vRhyme_unbinned_94__MGr3G3H3I_000000010503|provirus_24055_37973_13	0.0000	low	1.0000	very high	0.0000	low
vRhyme_unbinned_94__MGr3G3H3I_000000010503|provirus_24055_37973	vRhyme_unbinned_94__MGr3G3H3I_000000010503|provirus_24055_37973	vRhyme_unbinned_94__MGr3G3H3I_000000010503|provirus_24055_37973_14	0.0000	low	1.0000	very high	0.0000	low
vRhyme_unbinned_94__MGr3G3H3I_000000010503|provirus_24055_37973	vRhyme_unbinned_94__MGr3G3H3I_000000010503|provirus_24055_37973	vRhyme_unbinned_94__MGr3G3H3I_000000010503|provirus_24055_37973_15	0.3605	medium	1.0000	very high	0.3605	high
vRhyme_unbinned_94__MGr3G3H3I_000000010503|provirus_24055_37973	vRhyme_unbinned_94__MGr3G3H3I_000000010503|provirus_24055_37973	vRhyme_unbinned_94__MGr3G3H3I_000000010503|provirus_24055_37973_16	0.0000	low	1.0000	very high	0.0000	low
vRhyme_unbinned_94__MGr3G3H3I_000000010503|provirus_24055_37973	vRhyme_unbinned_94__MGr3G3H3I_000000010503|provirus_24055_37973	vRhyme_unbinned_94__MGr3G3H3I_000000010503|provirus_24055_37973_17	0.0000	low	1.0000	very high	0.0000	low
vRhyme_unbinned_94__MGr3G3H3I_000000010503|provirus_24055_37973	vRhyme_unbinned_94__MGr3G3H3I_000000010503|provirus_24055_37973	vRhyme_unbinned_94__MGr3G3H3I_000000010503|provirus_24055_37973_18	0.0000	low	1.0000	very high	0.0000	low
vRhyme_unbinned_94__MGr3G3H3I_000000010503|provirus_24055_37973	vRhyme_unbinned_94__MGr3G3H3I_000000010503|provirus_24055_37973	vRhyme_unbinned_94__MGr3G3H3I_000000010503|provirus_24055_37973_19	0.0000	low	1.0000	very high	0.0000	low
vRhyme_unbinned_94__MGr3G3H3I_000000010503|provirus_24055_37973	vRhyme_unbinned_94__MGr3G3H3I_000000010503|provirus_24055_37973	vRhyme_unbinned_94__MGr3G3H3I_000000010503|provirus_24055_37973_20	0.0000	low	1.0000	very high	0.0000	low
vRhyme_unbinned_93__MGr3G3H3I_000000010460|provirus_1_14105	vRhyme_unbinned_93__MGr3G3H3I_000000010460|provirus_1_14105	vRhyme_unbinned_93__MGr3G3H3I_000000010460|provirus_1_14105_1	0.0000	low	0.0000	low	0.0000	low
vRhyme_unbinned_93__MGr3G3H3I_000000010460|provirus_1_14105	vRhyme_unbinned_93__MGr3G3H3I_000000010460|provirus_1_14105	vRhyme_unbinned_93__MGr3G3H3I_000000010460|provirus_1_14105_2	0.0000	low	0.0472	low	0.0000	low
vRhyme_unbinned_93__MGr3G3H3I_000000010460|provirus_1_14105	vRhyme_unbinned_93__MGr3G3H3I_000000010460|provirus_1_14105	vRhyme_unbinned_93__MGr3G3H3I_000000010460|provirus_1_14105_3	0.0412	low	0.0000	low	0.0000	low
vRhyme_unbinned_93__MGr3G3H3I_000000010460|provirus_1_14105	vRhyme_unbinned_93__MGr3G3H3I_000000010460|provirus_1_14105	vRhyme_unbinned_93__MGr3G3H3I_000000010460|provirus_1_14105_4	0.0000	low	0.1091	medium	0.0000	low
vRhyme_unbinned_93__MGr3G3H3I_000000010460|provirus_1_14105	vRhyme_unbinned_93__MGr3G3H3I_000000010460|provirus_1_14105	vRhyme_unbinned_93__MGr3G3H3I_000000010460|provirus_1_14105_5	0.0000	low	0.0496	low	0.0000	low
vRhyme_unbinned_93__MGr3G3H3I_000000010460|provirus_1_14105	vRhyme_unbinned_93__MGr3G3H3I_000000010460|provirus_1_14105	vRhyme_unbinned_93__MGr3G3H3I_000000010460|provirus_1_14105_6	0.0000	low	0.0980	medium	0.0000	low
vRhyme_unbinned_93__MGr3G3H3I_000000010460|provirus_1_14105	vRhyme_unbinned_93__MGr3G3H3I_000000010460|provirus_1_14105	vRhyme_unbinned_93__MGr3G3H3I_000000010460|provirus_1_14105_7	0.0000	low	0.0000	low	0.0000	low
vRhyme_unbinned_93__MGr3G3H3I_000000010460|provirus_1_14105	vRhyme_unbinned_93__MGr3G3H3I_000000010460|provirus_1_14105	vRhyme_unbinned_93__MGr3G3H3I_000000010460|provirus_1_14105_8	0.0000	low	0.0000	low	0.0000	low
vRhyme_unbinned_93__MGr3G3H3I_000000010460|provirus_1_14105	vRhyme_unbinned_93__MGr3G3H3I_000000010460|provirus_1_14105	vRhyme_unbinned_93__MGr3G3H3I_000000010460|provirus_1_14105_9	0.0000	low	0.0000	low	0.0000	low
vRhyme_unbinned_93__MGr3G3H3I_000000010460|provirus_1_14105	vRhyme_unbinned_93__MGr3G3H3I_000000010460|provirus_1_14105	vRhyme_unbinned_93__MGr3G3H3I_000000010460|provirus_1_14105_10	0.0000	low	0.0474	low	0.0000	low
vRhyme_unbinned_93__MGr3G3H3I_000000010460|provirus_1_14105	vRhyme_unbinned_93__MGr3G3H3I_000000010460|provirus_1_14105	vRhyme_unbinned_93__MGr3G3H3I_000000010460|provirus_1_14105_11	0.0000	low	0.0463	low	0.0000	low
vRhyme_unbinned_93__MGr3G3H3I_000000010460|provirus_1_14105	vRhyme_unbinned_93__MGr3G3H3I_000000010460|provirus_1_14105	vRhyme_unbinned_93__MGr3G3H3I_000000010460|provirus_1_14105_12	0.0000	low	0.0465	low	0.0000	low
vRhyme_unbinned_93__MGr3G3H3I_000000010460|provirus_1_14105	vRhyme_unbinned_93__MGr3G3H3I_000000010460|provirus_1_14105	vRhyme_unbinned_93__MGr3G3H3I_000000010460|provirus_1_14105_13	0.0000	low	0.0526	low	0.0000	low
vRhyme_unbinned_93__MGr3G3H3I_000000010460|provirus_1_14105	vRhyme_unbinned_93__MGr3G3H3I_000000010460|provirus_1_14105	vRhyme_unbinned_93__MGr3G3H3I_000000010460|provirus_1_14105_14	0.0000	low	0.0000	low	0.0000	low
vRhyme_unbinned_8__MGr3G3H3I_000000017652	vRhyme_unbinned_8__MGr3G3H3I_000000017652	vRhyme_unbinned_8__MGr3G3H3I_000000017652_1	0.0000	low	0.9203	high	0.0000	low
vRhyme_unbinned_8__MGr3G3H3I_000000017652	vRhyme_unbinned_8__MGr3G3H3I_000000017652	vRhyme_unbinned_8__MGr3G3H3I_000000017652_2	0.0000	low	1.0000	very high	0.0000	low
vRhyme_unbinned_8__MGr3G3H3I_000000017652	vRhyme_unbinned_8__MGr3G3H3I_000000017652	vRhyme_unbinned_8__MGr3G3H3I_000000017652_3	0.0000	low	0.9589	high	0.0000	low
vRhyme_unbinned_8__MGr3G3H3I_000000017652	vRhyme_unbinned_8__MGr3G3H3I_000000017652	vRhyme_unbinned_8__MGr3G3H3I_000000017652_4	0.0000	low	0.9573	high	0.0000	low
vRhyme_unbinned_8__MGr3G3H3I_000000017652	vRhyme_unbinned_8__MGr3G3H3I_000000017652	vRhyme_unbinned_8__MGr3G3H3I_000000017652_5	0.0000	low	0.9577	high	0.0000	low
vRhyme_unbinned_8__MGr3G3H3I_000000017652	vRhyme_unbinned_8__MGr3G3H3I_000000017652	vRhyme_unbinned_8__MGr3G3H3I_000000017652_6	0.0000	low	0.8905	high	0.0000	low
vRhyme_unbinned_8__MGr3G3H3I_000000017652	vRhyme_unbinned_8__MGr3G3H3I_000000017652	vRhyme_unbinned_8__MGr3G3H3I_000000017652_7	0.0000	low	1.0000	very high	0.0000	low
vRhyme_unbinned_8__MGr3G3H3I_000000017652	vRhyme_unbinned_8__MGr3G3H3I_000000017652	vRhyme_unbinned_8__MGr3G3H3I_000000017652_8	0.0000	low	0.9337	high	0.0000	low
vRhyme_unbinned_8__MGr3G3H3I_000000017652	vRhyme_unbinned_8__MGr3G3H3I_000000017652	vRhyme_unbinned_8__MGr3G3H3I_000000017652_9	0.0000	low	0.8576	high	0.0000	low
vRhyme_unbinned_8__MGr3G3H3I_000000017652	vRhyme_unbinned_8__MGr3G3H3I_000000017652	vRhyme_unbinned_8__MGr3G3H3I_000000017652_10	0.0000	low	0.8949	high	0.0000	low
vRhyme_unbinned_8__MGr3G3H3I_000000017652	vRhyme_unbinned_8__MGr3G3H3I_000000017652	vRhyme_unbinned_8__MGr3G3H3I_000000017652_11	0.0000	low	0.9569	high	0.0000	low
vRhyme_unbinned_8__MGr3G3H3I_000000017652	vRhyme_unbinned_8__MGr3G3H3I_000000017652	vRhyme_unbinned_8__MGr3G3H3I_000000017652_12	0.0000	low	1.0000	very high	0.0000	low
vRhyme_unbinned_8__MGr3G3H3I_000000017652	vRhyme_unbinned_8__MGr3G3H3I_000000017652	vRhyme_unbinned_8__MGr3G3H3I_000000017652_13	0.0000	low	0.9319	high	0.0000	low
vRhyme_unbinned_8__MGr3G3H3I_000000017652	vRhyme_unbinned_8__MGr3G3H3I_000000017652	vRhyme_unbinned_8__MGr3G3H3I_000000017652_14	0.2544	medium	1.0000	very high	0.2544	medium
vRhyme_unbinned_8__MGr3G3H3I_000000017652	vRhyme_unbinned_8__MGr3G3H3I_000000017652	vRhyme_unbinned_8__MGr3G3H3I_000000017652_15	0.0000	low	1.0000	very high	0.0000	low
vRhyme_unbinned_8__MGr3G3H3I_000000017652	vRhyme_unbinned_8__MGr3G3H3I_000000017652	vRhyme_unbinned_8__MGr3G3H3I_000000017652_16	0.0000	low	0.9569	high	0.0000	low
vRhyme_unbinned_8__MGr3G3H3I_000000017652	vRhyme_unbinned_8__MGr3G3H3I_000000017652	vRhyme_unbinned_8__MGr3G3H3I_000000017652_17	0.0000	low	0.9439	high	0.0000	low
vRhyme_unbinned_8__MGr3G3H3I_000000017652	vRhyme_unbinned_8__MGr3G3H3I_000000017652	vRhyme_unbinned_8__MGr3G3H3I_000000017652_18	0.0000	low	1.0000	very high	0.0000	low
vRhyme_unbinned_8__MGr3G3H3I_000000017652	vRhyme_unbinned_8__MGr3G3H3I_000000017652	vRhyme_unbinned_8__MGr3G3H3I_000000017652_19	0.0000	low	0.9498	high	0.0000	low
vRhyme_unbinned_8__MGr3G3H3I_000000017652	vRhyme_unbinned_8__MGr3G3H3I_000000017652	vRhyme_unbinned_8__MGr3G3H3I_000000017652_20	0.0000	low	1.0000	very high	0.0000	low
vRhyme_unbinned_8__MGr3G3H3I_000000017652	vRhyme_unbinned_8__MGr3G3H3I_000000017652	vRhyme_unbinned_8__MGr3G3H3I_000000017652_21	0.2897	medium	1.0000	very high	0.2897	medium
vRhyme_unbinned_8__MGr3G3H3I_000000017652	vRhyme_unbinned_8__MGr3G3H3I_000000017652	vRhyme_unbinned_8__MGr3G3H3I_000000017652_22	0.0000	low	1.0000	very high	0.0000	low
vRhyme_unbinned_8__MGr3G3H3I_000000017652	vRhyme_unbinned_8__MGr3G3H3I_000000017652	vRhyme_unbinned_8__MGr3G3H3I_000000017652_23	0.0000	low	1.0000	very high	0.0000	low
vRhyme_unbinned_8__MGr3G3H3I_000000017652	vRhyme_unbinned_8__MGr3G3H3I_000000017652	vRhyme_unbinned_8__MGr3G3H3I_000000017652_24	0.0000	low	1.0000	very high	0.0000	low
vRhyme_unbinned_91__MGr3G3H3I_000000294607	vRhyme_unbinned_91__MGr3G3H3I_000000294607	vRhyme_unbinned_91__MGr3G3H3I_000000294607_1	0.0000	low	1.0000	very high	0.0000	low
vRhyme_unbinned_91__MGr3G3H3I_000000294607	vRhyme_unbinned_91__MGr3G3H3I_000000294607	vRhyme_unbinned_91__MGr3G3H3I_000000294607_2	0.0000	low	1.0000	very high	0.0000	low
vRhyme_unbinned_91__MGr3G3H3I_000000294607	vRhyme_unbinned_91__MGr3G3H3I_000000294607	vRhyme_unbinned_91__MGr3G3H3I_000000294607_3	0.0000	low	1.0000	very high	0.0000	low
vRhyme_unbinned_91__MGr3G3H3I_000000294607	vRhyme_unbinned_91__MGr3G3H3I_000000294607	vRhyme_unbinned_91__MGr3G3H3I_000000294607_4	0.0000	low	1.0000	very high	0.0000	low
vRhyme_unbinned_91__MGr3G3H3I_000000294607	vRhyme_unbinned_91__MGr3G3H3I_000000294607	vRhyme_unbinned_91__MGr3G3H3I_000000294607_5	0.0000	low	1.0000	very high	0.0000	low
vRhyme_unbinned_91__MGr3G3H3I_000000294607	vRhyme_unbinned_91__MGr3G3H3I_000000294607	vRhyme_unbinned_91__MGr3G3H3I_000000294607_6	0.0000	low	1.0000	very high	0.0000	low
vRhyme_unbinned_91__MGr3G3H3I_000000294607	vRhyme_unbinned_91__MGr3G3H3I_000000294607	vRhyme_unbinned_91__MGr3G3H3I_000000294607_7	0.0000	low	1.0000	very high	0.0000	low
vRhyme_unbinned_91__MGr3G3H3I_000000294607	vRhyme_unbinned_91__MGr3G3H3I_000000294607	vRhyme_unbinned_91__MGr3G3H3I_000000294607_8	0.0000	low	1.0000	very high	0.0000	low
vRhyme_unbinned_91__MGr3G3H3I_000000294607	vRhyme_unbinned_91__MGr3G3H3I_000000294607	vRhyme_unbinned_91__MGr3G3H3I_000000294607_9	0.0000	low	1.0000	very high	0.0000	low
vRhyme_unbinned_91__MGr3G3H3I_000000294607	vRhyme_unbinned_91__MGr3G3H3I_000000294607	vRhyme_unbinned_91__MGr3G3H3I_000000294607_10	0.0000	low	1.0000	very high	0.0000	low
vRhyme_unbinned_91__MGr3G3H3I_000000294607	vRhyme_unbinned_91__MGr3G3H3I_000000294607	vRhyme_unbinned_91__MGr3G3H3I_000000294607_11	0.0000	low	1.0000	very high	0.0000	low
vRhyme_unbinned_91__MGr3G3H3I_000000294607	vRhyme_unbinned_91__MGr3G3H3I_000000294607	vRhyme_unbinned_91__MGr3G3H3I_000000294607_12	0.0000	low	1.0000	very high	0.0000	low
vRhyme_unbinned_91__MGr3G3H3I_000000294607	vRhyme_unbinned_91__MGr3G3H3I_000000294607	vRhyme_unbinned_91__MGr3G3H3I_000000294607_13	0.0000	low	1.0000	very high	0.0000	low
vRhyme_unbinned_91__MGr3G3H3I_000000294607	vRhyme_unbinned_91__MGr3G3H3I_000000294607	vRhyme_unbinned_91__MGr3G3H3I_000000294607_14	0.0000	low	1.0000	very high	0.0000	low
vRhyme_unbinned_91__MGr3G3H3I_000000294607	vRhyme_unbinned_91__MGr3G3H3I_000000294607	vRhyme_unbinned_91__MGr3G3H3I_000000294607_15	0.0000	low	1.0000	very high	0.0000	low
vRhyme_unbinned_91__MGr3G3H3I_000000294607	vRhyme_unbinned_91__MGr3G3H3I_000000294607	vRhyme_unbinned_91__MGr3G3H3I_000000294607_16	0.0000	low	1.0000	very high	0.0000	low
vRhyme_unbinned_91__MGr3G3H3I_000000294607	vRhyme_unbinned_91__MGr3G3H3I_000000294607	vRhyme_unbinned_91__MGr3G3H3I_000000294607_17	0.0000	low	1.0000	very high	0.0000	low
vRhyme_unbinned_91__MGr3G3H3I_000000294607	vRhyme_unbinned_91__MGr3G3H3I_000000294607	vRhyme_unbinned_91__MGr3G3H3I_000000294607_18	0.0000	low	1.0000	very high	0.0000	low
vRhyme_unbinned_91__MGr3G3H3I_000000294607	vRhyme_unbinned_91__MGr3G3H3I_000000294607	vRhyme_unbinned_91__MGr3G3H3I_000000294607_19	0.0000	low	1.0000	very high	0.0000	low
vRhyme_unbinned_91__MGr3G3H3I_000000294607	vRhyme_unbinned_91__MGr3G3H3I_000000294607	vRhyme_unbinned_91__MGr3G3H3I_000000294607_20	0.0000	low	1.0000	very high	0.0000	low
vRhyme_unbinned_95__MGr3G3H3I_000000016731|provirus_134_18976	vRhyme_unbinned_95__MGr3G3H3I_000000016731|provirus_134_18976	vRhyme_unbinned_95__MGr3G3H3I_000000016731|provirus_134_18976_1	0.0000	low	0.8688	high	0.0000	low
vRhyme_unbinned_95__MGr3G3H3I_000000016731|provirus_134_18976	vRhyme_unbinned_95__MGr3G3H3I_000000016731|provirus_134_18976	vRhyme_unbinned_95__MGr3G3H3I_000000016731|provirus_134_18976_2	0.0000	low	0.9024	high	0.0000	low
vRhyme_unbinned_95__MGr3G3H3I_000000016731|provirus_134_18976	vRhyme_unbinned_95__MGr3G3H3I_000000016731|provirus_134_18976	vRhyme_unbinned_95__MGr3G3H3I_000000016731|provirus_134_18976_3	0.0000	low	0.9503	high	0.0000	low
vRhyme_unbinned_95__MGr3G3H3I_000000016731|provirus_134_18976	vRhyme_unbinned_95__MGr3G3H3I_000000016731|provirus_134_18976	vRhyme_unbinned_95__MGr3G3H3I_000000016731|provirus_134_18976_4	0.0000	low	1.0000	very high	0.0000	low
vRhyme_unbinned_95__MGr3G3H3I_000000016731|provirus_134_18976	vRhyme_unbinned_95__MGr3G3H3I_000000016731|provirus_134_18976	vRhyme_unbinned_95__MGr3G3H3I_000000016731|provirus_134_18976_5	0.0000	low	1.0000	very high	0.0000	low
vRhyme_unbinned_95__MGr3G3H3I_000000016731|provirus_134_18976	vRhyme_unbinned_95__MGr3G3H3I_000000016731|provirus_134_18976	vRhyme_unbinned_95__MGr3G3H3I_000000016731|provirus_134_18976_6	0.0000	low	0.9571	high	0.0000	low
vRhyme_unbinned_95__MGr3G3H3I_000000016731|provirus_134_18976	vRhyme_unbinned_95__MGr3G3H3I_000000016731|provirus_134_18976	vRhyme_unbinned_95__MGr3G3H3I_000000016731|provirus_134_18976_7	0.0000	low	0.9339	high	0.0000	low
vRhyme_unbinned_95__MGr3G3H3I_000000016731|provirus_134_18976	vRhyme_unbinned_95__MGr3G3H3I_000000016731|provirus_134_18976	vRhyme_unbinned_95__MGr3G3H3I_000000016731|provirus_134_18976_8	0.0440	low	1.0000	very high	0.0440	low
vRhyme_unbinned_95__MGr3G3H3I_000000016731|provirus_134_18976	vRhyme_unbinned_95__MGr3G3H3I_000000016731|provirus_134_18976	vRhyme_unbinned_95__MGr3G3H3I_000000016731|provirus_134_18976_9	0.0000	low	0.9429	high	0.0000	low
vRhyme_unbinned_95__MGr3G3H3I_000000016731|provirus_134_18976	vRhyme_unbinned_95__MGr3G3H3I_000000016731|provirus_134_18976	vRhyme_unbinned_95__MGr3G3H3I_000000016731|provirus_134_18976_10	0.0000	low	1.0000	very high	0.0000	low
vRhyme_unbinned_95__MGr3G3H3I_000000016731|provirus_134_18976	vRhyme_unbinned_95__MGr3G3H3I_000000016731|provirus_134_18976	vRhyme_unbinned_95__MGr3G3H3I_000000016731|provirus_134_18976_11	0.0000	low	0.8190	high	0.0000	low
vRhyme_unbinned_95__MGr3G3H3I_000000016731|provirus_134_18976	vRhyme_unbinned_95__MGr3G3H3I_000000016731|provirus_134_18976	vRhyme_unbinned_95__MGr3G3H3I_000000016731|provirus_134_18976_12	0.0000	low	1.0000	very high	0.0000	low
vRhyme_unbinned_95__MGr3G3H3I_000000016731|provirus_134_18976	vRhyme_unbinned_95__MGr3G3H3I_000000016731|provirus_134_18976	vRhyme_unbinned_95__MGr3G3H3I_000000016731|provirus_134_18976_13	0.0000	low	1.0000	very high	0.0000	low
vRhyme_unbinned_95__MGr3G3H3I_000000016731|provirus_134_18976	vRhyme_unbinned_95__MGr3G3H3I_000000016731|provirus_134_18976	vRhyme_unbinned_95__MGr3G3H3I_000000016731|provirus_134_18976_14	0.0000	low	1.0000	very high	0.0000	low
vRhyme_unbinned_95__MGr3G3H3I_000000016731|provirus_134_18976	vRhyme_unbinned_95__MGr3G3H3I_000000016731|provirus_134_18976	vRhyme_unbinned_95__MGr3G3H3I_000000016731|provirus_134_18976_15	0.1185	medium	1.0000	very high	0.1185	medium
vRhyme_unbinned_95__MGr3G3H3I_000000016731|provirus_134_18976	vRhyme_unbinned_95__MGr3G3H3I_000000016731|provirus_134_18976	vRhyme_unbinned_95__MGr3G3H3I_000000016731|provirus_134_18976_16	0.0000	low	1.0000	very high	0.0000	low
vRhyme_unbinned_95__MGr3G3H3I_000000016731|provirus_134_18976	vRhyme_unbinned_95__MGr3G3H3I_000000016731|provirus_134_18976	vRhyme_unbinned_95__MGr3G3H3I_000000016731|provirus_134_18976_17	0.0000	low	1.0000	very high	0.0000	low
vRhyme_unbinned_95__MGr3G3H3I_000000016731|provirus_134_18976	vRhyme_unbinned_95__MGr3G3H3I_000000016731|provirus_134_18976	vRhyme_unbinned_95__MGr3G3H3I_000000016731|provirus_134_18976_18	0.0000	low	0.9087	high	0.0000	low
vRhyme_unbinned_95__MGr3G3H3I_000000016731|provirus_134_18976	vRhyme_unbinned_95__MGr3G3H3I_000000016731|provirus_134_18976	vRhyme_unbinned_95__MGr3G3H3I_000000016731|provirus_134_18976_19	0.0000	low	0.9464	high	0.0000	low
vRhyme_unbinned_95__MGr3G3H3I_000000016731|provirus_134_18976	vRhyme_unbinned_95__MGr3G3H3I_000000016731|provirus_134_18976	vRhyme_unbinned_95__MGr3G3H3I_000000016731|provirus_134_18976_20	0.0000	low	0.9557	high	0.0000	low
vRhyme_unbinned_95__MGr3G3H3I_000000016731|provirus_134_18976	vRhyme_unbinned_95__MGr3G3H3I_000000016731|provirus_134_18976	vRhyme_unbinned_95__MGr3G3H3I_000000016731|provirus_134_18976_21	0.0000	low	1.0000	very high	0.0000	low
vRhyme_unbinned_95__MGr3G3H3I_000000016731|provirus_134_18976	vRhyme_unbinned_95__MGr3G3H3I_000000016731|provirus_134_18976	vRhyme_unbinned_95__MGr3G3H3I_000000016731|provirus_134_18976_22	0.0000	low	0.9556	high	0.0000	low
vRhyme_unbinned_95__MGr3G3H3I_000000016731|provirus_134_18976	vRhyme_unbinned_95__MGr3G3H3I_000000016731|provirus_134_18976	vRhyme_unbinned_95__MGr3G3H3I_000000016731|provirus_134_18976_23	0.0000	low	0.9064	high	0.0000	low
vRhyme_unbinned_95__MGr3G3H3I_000000016731|provirus_134_18976	vRhyme_unbinned_95__MGr3G3H3I_000000016731|provirus_134_18976	vRhyme_unbinned_95__MGr3G3H3I_000000016731|provirus_134_18976_24	0.0000	low	0.9485	high	0.0000	low
vRhyme_unbinned_95__MGr3G3H3I_000000016731|provirus_134_18976	vRhyme_unbinned_95__MGr3G3H3I_000000016731|provirus_134_18976	vRhyme_unbinned_95__MGr3G3H3I_000000016731|provirus_134_18976_25	0.0000	low	0.9371	high	0.0000	low
vRhyme_unbinned_95__MGr3G3H3I_000000016731|provirus_134_18976	vRhyme_unbinned_95__MGr3G3H3I_000000016731|provirus_134_18976	vRhyme_unbinned_95__MGr3G3H3I_000000016731|provirus_134_18976_26	0.0000	low	1.0000	very high	0.0000	low
vRhyme_unbinned_95__MGr3G3H3I_000000016731|provirus_134_18976	vRhyme_unbinned_95__MGr3G3H3I_000000016731|provirus_134_18976	vRhyme_unbinned_95__MGr3G3H3I_000000016731|provirus_134_18976_27	0.0000	low	1.0000	very high	0.0000	low
vRhyme_unbinned_95__MGr3G3H3I_000000016731|provirus_134_18976	vRhyme_unbinned_95__MGr3G3H3I_000000016731|provirus_134_18976	vRhyme_unbinned_95__MGr3G3H3I_000000016731|provirus_134_18976_28	0.0000	low	1.0000	very high	0.0000	low
vRhyme_unbinned_95__MGr3G3H3I_000000016731|provirus_134_18976	vRhyme_unbinned_95__MGr3G3H3I_000000016731|provirus_134_18976	vRhyme_unbinned_95__MGr3G3H3I_000000016731|provirus_134_18976_29	0.0000	low	1.0000	very high	0.0000	low
vRhyme_unbinned_97__MGr3G3H3I_000000021262|provirus_50810_75077	vRhyme_unbinned_97__MGr3G3H3I_000000021262|provirus_50810_75077	vRhyme_unbinned_97__MGr3G3H3I_000000021262|provirus_50810_75077_1	0.0000	low	0.9510	high	0.0000	low
vRhyme_unbinned_97__MGr3G3H3I_000000021262|provirus_50810_75077	vRhyme_unbinned_97__MGr3G3H3I_000000021262|provirus_50810_75077	vRhyme_unbinned_97__MGr3G3H3I_000000021262|provirus_50810_75077_2	0.0000	low	1.0000	very high	0.0000	low
vRhyme_unbinned_97__MGr3G3H3I_000000021262|provirus_50810_75077	vRhyme_unbinned_97__MGr3G3H3I_000000021262|provirus_50810_75077	vRhyme_unbinned_97__MGr3G3H3I_000000021262|provirus_50810_75077_3	0.0000	low	1.0000	very high	0.0000	low
vRhyme_unbinned_97__MGr3G3H3I_000000021262|provirus_50810_75077	vRhyme_unbinned_97__MGr3G3H3I_000000021262|provirus_50810_75077	vRhyme_unbinned_97__MGr3G3H3I_000000021262|provirus_50810_75077_4	0.0000	low	1.0000	very high	0.0000	low
vRhyme_unbinned_97__MGr3G3H3I_000000021262|provirus_50810_75077	vRhyme_unbinned_97__MGr3G3H3I_000000021262|provirus_50810_75077	vRhyme_unbinned_97__MGr3G3H3I_000000021262|provirus_50810_75077_5	0.0000	low	1.0000	very high	0.0000	low
vRhyme_unbinned_97__MGr3G3H3I_000000021262|provirus_50810_75077	vRhyme_unbinned_97__MGr3G3H3I_000000021262|provirus_50810_75077	vRhyme_unbinned_97__MGr3G3H3I_000000021262|provirus_50810_75077_6	0.0000	low	1.0000	very high	0.0000	low
vRhyme_unbinned_97__MGr3G3H3I_000000021262|provirus_50810_75077	vRhyme_unbinned_97__MGr3G3H3I_000000021262|provirus_50810_75077	vRhyme_unbinned_97__MGr3G3H3I_000000021262|provirus_50810_75077_7	0.0000	low	1.0000	very high	0.0000	low
vRhyme_unbinned_97__MGr3G3H3I_000000021262|provirus_50810_75077	vRhyme_unbinned_97__MGr3G3H3I_000000021262|provirus_50810_75077	vRhyme_unbinned_97__MGr3G3H3I_000000021262|provirus_50810_75077_8	0.0000	low	1.0000	very high	0.0000	low
vRhyme_unbinned_97__MGr3G3H3I_000000021262|provirus_50810_75077	vRhyme_unbinned_97__MGr3G3H3I_000000021262|provirus_50810_75077	vRhyme_unbinned_97__MGr3G3H3I_000000021262|provirus_50810_75077_9	0.0000	low	1.0000	very high	0.0000	low
vRhyme_unbinned_97__MGr3G3H3I_000000021262|provirus_50810_75077	vRhyme_unbinned_97__MGr3G3H3I_000000021262|provirus_50810_75077	vRhyme_unbinned_97__MGr3G3H3I_000000021262|provirus_50810_75077_10	0.0000	low	1.0000	very high	0.0000	low
vRhyme_unbinned_97__MGr3G3H3I_000000021262|provirus_50810_75077	vRhyme_unbinned_97__MGr3G3H3I_000000021262|provirus_50810_75077	vRhyme_unbinned_97__MGr3G3H3I_000000021262|provirus_50810_75077_11	0.0000	low	1.0000	very high	0.0000	low
vRhyme_unbinned_97__MGr3G3H3I_000000021262|provirus_50810_75077	vRhyme_unbinned_97__MGr3G3H3I_000000021262|provirus_50810_75077	vRhyme_unbinned_97__MGr3G3H3I_000000021262|provirus_50810_75077_12	0.0000	low	1.0000	very high	0.0000	low
vRhyme_unbinned_97__MGr3G3H3I_000000021262|provirus_50810_75077	vRhyme_unbinned_97__MGr3G3H3I_000000021262|provirus_50810_75077	vRhyme_unbinned_97__MGr3G3H3I_000000021262|provirus_50810_75077_13	0.0000	low	1.0000	very high	0.0000	low
vRhyme_unbinned_97__MGr3G3H3I_000000021262|provirus_50810_75077	vRhyme_unbinned_97__MGr3G3H3I_000000021262|provirus_50810_75077	vRhyme_unbinned_97__MGr3G3H3I_000000021262|provirus_50810_75077_14	0.0000	low	1.0000	very high	0.0000	low
vRhyme_unbinned_97__MGr3G3H3I_000000021262|provirus_50810_75077	vRhyme_unbinned_97__MGr3G3H3I_000000021262|provirus_50810_75077	vRhyme_unbinned_97__MGr3G3H3I_000000021262|provirus_50810_75077_15	0.0000	low	1.0000	very high	0.0000	low
vRhyme_unbinned_97__MGr3G3H3I_000000021262|provirus_50810_75077	vRhyme_unbinned_97__MGr3G3H3I_000000021262|provirus_50810_75077	vRhyme_unbinned_97__MGr3G3H3I_000000021262|provirus_50810_75077_16	0.0000	low	1.0000	very high	0.0000	low
vRhyme_unbinned_97__MGr3G3H3I_000000021262|provirus_50810_75077	vRhyme_unbinned_97__MGr3G3H3I_000000021262|provirus_50810_75077	vRhyme_unbinned_97__MGr3G3H3I_000000021262|provirus_50810_75077_17	0.0000	low	1.0000	very high	0.0000	low
vRhyme_unbinned_97__MGr3G3H3I_000000021262|provirus_50810_75077	vRhyme_unbinned_97__MGr3G3H3I_000000021262|provirus_50810_75077	vRhyme_unbinned_97__MGr3G3H3I_000000021262|provirus_50810_75077_18	0.0000	low	1.0000	very high	0.0000	low
vRhyme_unbinned_97__MGr3G3H3I_000000021262|provirus_50810_75077	vRhyme_unbinned_97__MGr3G3H3I_000000021262|provirus_50810_75077	vRhyme_unbinned_97__MGr3G3H3I_000000021262|provirus_50810_75077_19	0.0000	low	1.0000	very high	0.0000	low
vRhyme_unbinned_97__MGr3G3H3I_000000021262|provirus_50810_75077	vRhyme_unbinned_97__MGr3G3H3I_000000021262|provirus_50810_75077	vRhyme_unbinned_97__MGr3G3H3I_000000021262|provirus_50810_75077_20	0.0000	low	1.0000	very high	0.0000	low
vRhyme_unbinned_97__MGr3G3H3I_000000021262|provirus_50810_75077	vRhyme_unbinned_97__MGr3G3H3I_000000021262|provirus_50810_75077	vRhyme_unbinned_97__MGr3G3H3I_000000021262|provirus_50810_75077_21	0.0000	low	1.0000	very high	0.0000	low
vRhyme_unbinned_97__MGr3G3H3I_000000021262|provirus_50810_75077	vRhyme_unbinned_97__MGr3G3H3I_000000021262|provirus_50810_75077	vRhyme_unbinned_97__MGr3G3H3I_000000021262|provirus_50810_75077_22	0.0000	low	1.0000	very high	0.0000	low
vRhyme_unbinned_97__MGr3G3H3I_000000021262|provirus_50810_75077	vRhyme_unbinned_97__MGr3G3H3I_000000021262|provirus_50810_75077	vRhyme_unbinned_97__MGr3G3H3I_000000021262|provirus_50810_75077_23	0.0000	low	1.0000	very high	0.0000	low
vRhyme_unbinned_97__MGr3G3H3I_000000021262|provirus_50810_75077	vRhyme_unbinned_97__MGr3G3H3I_000000021262|provirus_50810_75077	vRhyme_unbinned_97__MGr3G3H3I_000000021262|provirus_50810_75077_24	0.0000	low	1.0000	very high	0.0000	low
vRhyme_unbinned_97__MGr3G3H3I_000000021262|provirus_50810_75077	vRhyme_unbinned_97__MGr3G3H3I_000000021262|provirus_50810_75077	vRhyme_unbinned_97__MGr3G3H3I_000000021262|provirus_50810_75077_25	0.0000	low	1.0000	very high	0.0000	low
vRhyme_unbinned_97__MGr3G3H3I_000000021262|provirus_50810_75077	vRhyme_unbinned_97__MGr3G3H3I_000000021262|provirus_50810_75077	vRhyme_unbinned_97__MGr3G3H3I_000000021262|provirus_50810_75077_26	0.0000	low	1.0000	very high	0.0000	low
vRhyme_unbinned_97__MGr3G3H3I_000000021262|provirus_50810_75077	vRhyme_unbinned_97__MGr3G3H3I_000000021262|provirus_50810_75077	vRhyme_unbinned_97__MGr3G3H3I_000000021262|provirus_50810_75077_27	0.0000	low	1.0000	very high	0.0000	low
vRhyme_unbinned_97__MGr3G3H3I_000000021262|provirus_50810_75077	vRhyme_unbinned_97__MGr3G3H3I_000000021262|provirus_50810_75077	vRhyme_unbinned_97__MGr3G3H3I_000000021262|provirus_50810_75077_28	0.0000	low	1.0000	very high	0.0000	low
vRhyme_unbinned_97__MGr3G3H3I_000000021262|provirus_50810_75077	vRhyme_unbinned_97__MGr3G3H3I_000000021262|provirus_50810_75077	vRhyme_unbinned_97__MGr3G3H3I_000000021262|provirus_50810_75077_29	0.0000	low	1.0000	very high	0.0000	low
vRhyme_unbinned_97__MGr3G3H3I_000000021262|provirus_50810_75077	vRhyme_unbinned_97__MGr3G3H3I_000000021262|provirus_50810_75077	vRhyme_unbinned_97__MGr3G3H3I_000000021262|provirus_50810_75077_30	0.0000	low	1.0000	very high	0.0000	low
vRhyme_unbinned_97__MGr3G3H3I_000000021262|provirus_50810_75077	vRhyme_unbinned_97__MGr3G3H3I_000000021262|provirus_50810_75077	vRhyme_unbinned_97__MGr3G3H3I_000000021262|provirus_50810_75077_31	0.0000	low	1.0000	very high	0.0000	low
vRhyme_unbinned_97__MGr3G3H3I_000000021262|provirus_50810_75077	vRhyme_unbinned_97__MGr3G3H3I_000000021262|provirus_50810_75077	vRhyme_unbinned_97__MGr3G3H3I_000000021262|provirus_50810_75077_32	0.0000	low	1.0000	very high	0.0000	low
vRhyme_unbinned_97__MGr3G3H3I_000000021262|provirus_50810_75077	vRhyme_unbinned_97__MGr3G3H3I_000000021262|provirus_50810_75077	vRhyme_unbinned_97__MGr3G3H3I_000000021262|provirus_50810_75077_33	0.0000	low	1.0000	very high	0.0000	low
vRhyme_unbinned_97__MGr3G3H3I_000000021262|provirus_50810_75077	vRhyme_unbinned_97__MGr3G3H3I_000000021262|provirus_50810_75077	vRhyme_unbinned_97__MGr3G3H3I_000000021262|provirus_50810_75077_34	0.0000	low	1.0000	very high	0.0000	low
vRhyme_unbinned_97__MGr3G3H3I_000000021262|provirus_50810_75077	vRhyme_unbinned_97__MGr3G3H3I_000000021262|provirus_50810_75077	vRhyme_unbinned_97__MGr3G3H3I_000000021262|provirus_50810_75077_35	0.0000	low	1.0000	very high	0.0000	low
vRhyme_unbinned_97__MGr3G3H3I_000000021262|provirus_50810_75077	vRhyme_unbinned_97__MGr3G3H3I_000000021262|provirus_50810_75077	vRhyme_unbinned_97__MGr3G3H3I_000000021262|provirus_50810_75077_36	0.0000	low	1.0000	very high	0.0000	low
vRhyme_unbinned_97__MGr3G3H3I_000000021262|provirus_50810_75077	vRhyme_unbinned_97__MGr3G3H3I_000000021262|provirus_50810_75077	vRhyme_unbinned_97__MGr3G3H3I_000000021262|provirus_50810_75077_37	0.0000	low	1.0000	very high	0.0000	low
vRhyme_unbinned_97__MGr3G3H3I_000000021262|provirus_50810_75077	vRhyme_unbinned_97__MGr3G3H3I_000000021262|provirus_50810_75077	vRhyme_unbinned_97__MGr3G3H3I_000000021262|provirus_50810_75077_38	0.0000	low	1.0000	very high	0.0000	low
vRhyme_unbinned_34__MGr3G3H3I_000000119619	vRhyme_unbinned_34__MGr3G3H3I_000000119619	vRhyme_unbinned_34__MGr3G3H3I_000000119619_1	0.0000	low	1.0000	very high	0.0000	low
vRhyme_unbinned_34__MGr3G3H3I_000000119619	vRhyme_unbinned_34__MGr3G3H3I_000000119619	vRhyme_unbinned_34__MGr3G3H3I_000000119619_2	0.0000	low	1.0000	very high	0.0000	low
vRhyme_unbinned_34__MGr3G3H3I_000000119619	vRhyme_unbinned_34__MGr3G3H3I_000000119619	vRhyme_unbinned_34__MGr3G3H3I_000000119619_3	0.0000	low	1.0000	very high	0.0000	low
vRhyme_unbinned_34__MGr3G3H3I_000000119619	vRhyme_unbinned_34__MGr3G3H3I_000000119619	vRhyme_unbinned_34__MGr3G3H3I_000000119619_4	0.0000	low	1.0000	very high	0.0000	low
vRhyme_unbinned_34__MGr3G3H3I_000000119619	vRhyme_unbinned_34__MGr3G3H3I_000000119619	vRhyme_unbinned_34__MGr3G3H3I_000000119619_5	0.0000	low	1.0000	very high	0.0000	low
vRhyme_unbinned_34__MGr3G3H3I_000000119619	vRhyme_unbinned_34__MGr3G3H3I_000000119619	vRhyme_unbinned_34__MGr3G3H3I_000000119619_6	0.0000	low	1.0000	very high	0.0000	low
vRhyme_unbinned_34__MGr3G3H3I_000000119619	vRhyme_unbinned_34__MGr3G3H3I_000000119619	vRhyme_unbinned_34__MGr3G3H3I_000000119619_7	0.0000	low	1.0000	very high	0.0000	low
vRhyme_unbinned_34__MGr3G3H3I_000000119619	vRhyme_unbinned_34__MGr3G3H3I_000000119619	vRhyme_unbinned_34__MGr3G3H3I_000000119619_8	0.0000	low	1.0000	very high	0.0000	low
vRhyme_unbinned_34__MGr3G3H3I_000000119619	vRhyme_unbinned_34__MGr3G3H3I_000000119619	vRhyme_unbinned_34__MGr3G3H3I_000000119619_9	0.0000	low	1.0000	very high	0.0000	low
vRhyme_unbinned_34__MGr3G3H3I_000000119619	vRhyme_unbinned_34__MGr3G3H3I_000000119619	vRhyme_unbinned_34__MGr3G3H3I_000000119619_10	0.0000	low	1.0000	very high	0.0000	low
vRhyme_unbinned_34__MGr3G3H3I_000000119619	vRhyme_unbinned_34__MGr3G3H3I_000000119619	vRhyme_unbinned_34__MGr3G3H3I_000000119619_11	0.0000	low	1.0000	very high	0.0000	low
vRhyme_unbinned_34__MGr3G3H3I_000000119619	vRhyme_unbinned_34__MGr3G3H3I_000000119619	vRhyme_unbinned_34__MGr3G3H3I_000000119619_12	0.0000	low	1.0000	very high	0.0000	low
vRhyme_unbinned_34__MGr3G3H3I_000000119619	vRhyme_unbinned_34__MGr3G3H3I_000000119619	vRhyme_unbinned_34__MGr3G3H3I_000000119619_13	0.0000	low	1.0000	very high	0.0000	low
vRhyme_unbinned_34__MGr3G3H3I_000000119619	vRhyme_unbinned_34__MGr3G3H3I_000000119619	vRhyme_unbinned_34__MGr3G3H3I_000000119619_14	0.0000	low	1.0000	very high	0.0000	low
vRhyme_unbinned_34__MGr3G3H3I_000000119619	vRhyme_unbinned_34__MGr3G3H3I_000000119619	vRhyme_unbinned_34__MGr3G3H3I_000000119619_15	0.0000	low	1.0000	very high	0.0000	low
vRhyme_unbinned_34__MGr3G3H3I_000000119619	vRhyme_unbinned_34__MGr3G3H3I_000000119619	vRhyme_unbinned_34__MGr3G3H3I_000000119619_16	0.0000	low	1.0000	very high	0.0000	low
vRhyme_unbinned_34__MGr3G3H3I_000000119619	vRhyme_unbinned_34__MGr3G3H3I_000000119619	vRhyme_unbinned_34__MGr3G3H3I_000000119619_17	0.0000	low	1.0000	very high	0.0000	low
vRhyme_unbinned_34__MGr3G3H3I_000000119619	vRhyme_unbinned_34__MGr3G3H3I_000000119619	vRhyme_unbinned_34__MGr3G3H3I_000000119619_18	0.0000	low	1.0000	very high	0.0000	low
vRhyme_unbinned_34__MGr3G3H3I_000000119619	vRhyme_unbinned_34__MGr3G3H3I_000000119619	vRhyme_unbinned_34__MGr3G3H3I_000000119619_19	0.0000	low	1.0000	very high	0.0000	low
vRhyme_unbinned_34__MGr3G3H3I_000000119619	vRhyme_unbinned_34__MGr3G3H3I_000000119619	vRhyme_unbinned_34__MGr3G3H3I_000000119619_20	0.0000	low	1.0000	very high	0.0000	low
vRhyme_unbinned_34__MGr3G3H3I_000000119619	vRhyme_unbinned_34__MGr3G3H3I_000000119619	vRhyme_unbinned_34__MGr3G3H3I_000000119619_21	0.0000	low	1.0000	very high	0.0000	low
vRhyme_unbinned_34__MGr3G3H3I_000000119619	vRhyme_unbinned_34__MGr3G3H3I_000000119619	vRhyme_unbinned_34__MGr3G3H3I_000000119619_22	0.0000	low	1.0000	very high	0.0000	low
vRhyme_unbinned_82__MGr3G3H3I_000000255661	vRhyme_unbinned_82__MGr3G3H3I_000000255661	vRhyme_unbinned_82__MGr3G3H3I_000000255661_1	0.0000	low	1.0000	very high	0.0000	low
vRhyme_unbinned_82__MGr3G3H3I_000000255661	vRhyme_unbinned_82__MGr3G3H3I_000000255661	vRhyme_unbinned_82__MGr3G3H3I_000000255661_2	0.0000	low	1.0000	very high	0.0000	low
vRhyme_unbinned_82__MGr3G3H3I_000000255661	vRhyme_unbinned_82__MGr3G3H3I_000000255661	vRhyme_unbinned_82__MGr3G3H3I_000000255661_3	0.1627	medium	1.0000	very high	0.1627	medium
vRhyme_unbinned_82__MGr3G3H3I_000000255661	vRhyme_unbinned_82__MGr3G3H3I_000000255661	vRhyme_unbinned_82__MGr3G3H3I_000000255661_4	0.0000	low	1.0000	very high	0.0000	low
vRhyme_unbinned_82__MGr3G3H3I_000000255661	vRhyme_unbinned_82__MGr3G3H3I_000000255661	vRhyme_unbinned_82__MGr3G3H3I_000000255661_5	1.0000	very high	1.0000	very high	1.0000	very high
vRhyme_unbinned_82__MGr3G3H3I_000000255661	vRhyme_unbinned_82__MGr3G3H3I_000000255661	vRhyme_unbinned_82__MGr3G3H3I_000000255661_6	0.0000	low	1.0000	very high	0.0000	low
vRhyme_unbinned_82__MGr3G3H3I_000000255661	vRhyme_unbinned_82__MGr3G3H3I_000000255661	vRhyme_unbinned_82__MGr3G3H3I_000000255661_7	0.0000	low	1.0000	very high	0.0000	low
vRhyme_unbinned_82__MGr3G3H3I_000000255661	vRhyme_unbinned_82__MGr3G3H3I_000000255661	vRhyme_unbinned_82__MGr3G3H3I_000000255661_8	0.0000	low	1.0000	very high	0.0000	low
vRhyme_unbinned_82__MGr3G3H3I_000000255661	vRhyme_unbinned_82__MGr3G3H3I_000000255661	vRhyme_unbinned_82__MGr3G3H3I_000000255661_9	0.0000	low	1.0000	very high	0.0000	low
vRhyme_unbinned_82__MGr3G3H3I_000000255661	vRhyme_unbinned_82__MGr3G3H3I_000000255661	vRhyme_unbinned_82__MGr3G3H3I_000000255661_10	0.0000	low	1.0000	very high	0.0000	low
vRhyme_unbinned_82__MGr3G3H3I_000000255661	vRhyme_unbinned_82__MGr3G3H3I_000000255661	vRhyme_unbinned_82__MGr3G3H3I_000000255661_11	0.0000	low	1.0000	very high	0.0000	low
vRhyme_unbinned_82__MGr3G3H3I_000000255661	vRhyme_unbinned_82__MGr3G3H3I_000000255661	vRhyme_unbinned_82__MGr3G3H3I_000000255661_12	0.0000	low	1.0000	very high	0.0000	low
vRhyme_unbinned_82__MGr3G3H3I_000000255661	vRhyme_unbinned_82__MGr3G3H3I_000000255661	vRhyme_unbinned_82__MGr3G3H3I_000000255661_13	0.0000	low	1.0000	very high	0.0000	low
vRhyme_unbinned_82__MGr3G3H3I_000000255661	vRhyme_unbinned_82__MGr3G3H3I_000000255661	vRhyme_unbinned_82__MGr3G3H3I_000000255661_14	0.0000	low	1.0000	very high	0.0000	low
vRhyme_unbinned_82__MGr3G3H3I_000000255661	vRhyme_unbinned_82__MGr3G3H3I_000000255661	vRhyme_unbinned_82__MGr3G3H3I_000000255661_15	0.0000	low	1.0000	very high	0.0000	low
vRhyme_unbinned_82__MGr3G3H3I_000000255661	vRhyme_unbinned_82__MGr3G3H3I_000000255661	vRhyme_unbinned_82__MGr3G3H3I_000000255661_16	0.0000	low	1.0000	very high	0.0000	low
vRhyme_unbinned_82__MGr3G3H3I_000000255661	vRhyme_unbinned_82__MGr3G3H3I_000000255661	vRhyme_unbinned_82__MGr3G3H3I_000000255661_17	0.0000	low	1.0000	very high	0.0000	low
vRhyme_unbinned_82__MGr3G3H3I_000000255661	vRhyme_unbinned_82__MGr3G3H3I_000000255661	vRhyme_unbinned_82__MGr3G3H3I_000000255661_18	0.0000	low	1.0000	very high	0.0000	low
vRhyme_unbinned_82__MGr3G3H3I_000000255661	vRhyme_unbinned_82__MGr3G3H3I_000000255661	vRhyme_unbinned_82__MGr3G3H3I_000000255661_19	0.0000	low	1.0000	very high	0.0000	low
vRhyme_unbinned_82__MGr3G3H3I_000000255661	vRhyme_unbinned_82__MGr3G3H3I_000000255661	vRhyme_unbinned_82__MGr3G3H3I_000000255661_20	0.0000	low	1.0000	very high	0.0000	low
vRhyme_unbinned_82__MGr3G3H3I_000000255661	vRhyme_unbinned_82__MGr3G3H3I_000000255661	vRhyme_unbinned_82__MGr3G3H3I_000000255661_21	0.0000	low	1.0000	very high	0.0000	low
vRhyme_unbinned_82__MGr3G3H3I_000000255661	vRhyme_unbinned_82__MGr3G3H3I_000000255661	vRhyme_unbinned_82__MGr3G3H3I_000000255661_22	0.0000	low	1.0000	very high	0.0000	low
vRhyme_unbinned_82__MGr3G3H3I_000000255661	vRhyme_unbinned_82__MGr3G3H3I_000000255661	vRhyme_unbinned_82__MGr3G3H3I_000000255661_23	0.0000	low	1.0000	very high	0.0000	low
vRhyme_unbinned_82__MGr3G3H3I_000000255661	vRhyme_unbinned_82__MGr3G3H3I_000000255661	vRhyme_unbinned_82__MGr3G3H3I_000000255661_24	0.0000	low	1.0000	very high	0.0000	low
vRhyme_unbinned_82__MGr3G3H3I_000000255661	vRhyme_unbinned_82__MGr3G3H3I_000000255661	vRhyme_unbinned_82__MGr3G3H3I_000000255661_25	0.0000	low	1.0000	very high	0.0000	low
vRhyme_unbinned_82__MGr3G3H3I_000000255661	vRhyme_unbinned_82__MGr3G3H3I_000000255661	vRhyme_unbinned_82__MGr3G3H3I_000000255661_26	0.0000	low	1.0000	very high	0.0000	low
vRhyme_unbinned_82__MGr3G3H3I_000000255661	vRhyme_unbinned_82__MGr3G3H3I_000000255661	vRhyme_unbinned_82__MGr3G3H3I_000000255661_27	0.0000	low	1.0000	very high	0.0000	low
vRhyme_unbinned_82__MGr3G3H3I_000000255661	vRhyme_unbinned_82__MGr3G3H3I_000000255661	vRhyme_unbinned_82__MGr3G3H3I_000000255661_28	0.0000	low	1.0000	very high	0.0000	low
vRhyme_unbinned_82__MGr3G3H3I_000000255661	vRhyme_unbinned_82__MGr3G3H3I_000000255661	vRhyme_unbinned_82__MGr3G3H3I_000000255661_29	0.0000	low	1.0000	very high	0.0000	low
vRhyme_unbinned_82__MGr3G3H3I_000000255661	vRhyme_unbinned_82__MGr3G3H3I_000000255661	vRhyme_unbinned_82__MGr3G3H3I_000000255661_30	0.0000	low	1.0000	very high	0.0000	low
vRhyme_unbinned_82__MGr3G3H3I_000000255661	vRhyme_unbinned_82__MGr3G3H3I_000000255661	vRhyme_unbinned_82__MGr3G3H3I_000000255661_31	0.0000	low	1.0000	very high	0.0000	low
vRhyme_unbinned_82__MGr3G3H3I_000000255661	vRhyme_unbinned_82__MGr3G3H3I_000000255661	vRhyme_unbinned_82__MGr3G3H3I_000000255661_32	0.0000	low	1.0000	very high	0.0000	low
vRhyme_unbinned_82__MGr3G3H3I_000000255661	vRhyme_unbinned_82__MGr3G3H3I_000000255661	vRhyme_unbinned_82__MGr3G3H3I_000000255661_33	0.0000	low	1.0000	very high	0.0000	low
vRhyme_unbinned_82__MGr3G3H3I_000000255661	vRhyme_unbinned_82__MGr3G3H3I_000000255661	vRhyme_unbinned_82__MGr3G3H3I_000000255661_34	0.0000	low	1.0000	very high	0.0000	low
vRhyme_unbinned_82__MGr3G3H3I_000000255661	vRhyme_unbinned_82__MGr3G3H3I_000000255661	vRhyme_unbinned_82__MGr3G3H3I_000000255661_35	0.0000	low	1.0000	very high	0.0000	low
vRhyme_unbinned_82__MGr3G3H3I_000000255661	vRhyme_unbinned_82__MGr3G3H3I_000000255661	vRhyme_unbinned_82__MGr3G3H3I_000000255661_36	0.0000	low	1.0000	very high	0.0000	low
vRhyme_unbinned_82__MGr3G3H3I_000000255661	vRhyme_unbinned_82__MGr3G3H3I_000000255661	vRhyme_unbinned_82__MGr3G3H3I_000000255661_37	0.0000	low	1.0000	very high	0.0000	low
vRhyme_unbinned_82__MGr3G3H3I_000000255661	vRhyme_unbinned_82__MGr3G3H3I_000000255661	vRhyme_unbinned_82__MGr3G3H3I_000000255661_38	0.0000	low	1.0000	very high	0.0000	low
vRhyme_unbinned_82__MGr3G3H3I_000000255661	vRhyme_unbinned_82__MGr3G3H3I_000000255661	vRhyme_unbinned_82__MGr3G3H3I_000000255661_39	0.0000	low	1.0000	very high	0.0000	low
vRhyme_unbinned_82__MGr3G3H3I_000000255661	vRhyme_unbinned_82__MGr3G3H3I_000000255661	vRhyme_unbinned_82__MGr3G3H3I_000000255661_40	0.0000	low	1.0000	very high	0.0000	low
vRhyme_unbinned_82__MGr3G3H3I_000000255661	vRhyme_unbinned_82__MGr3G3H3I_000000255661	vRhyme_unbinned_82__MGr3G3H3I_000000255661_41	0.0000	low	1.0000	very high	0.0000	low
vRhyme_unbinned_82__MGr3G3H3I_000000255661	vRhyme_unbinned_82__MGr3G3H3I_000000255661	vRhyme_unbinned_82__MGr3G3H3I_000000255661_42	0.0000	low	1.0000	very high	0.0000	low
vRhyme_unbinned_82__MGr3G3H3I_000000255661	vRhyme_unbinned_82__MGr3G3H3I_000000255661	vRhyme_unbinned_82__MGr3G3H3I_000000255661_43	0.0000	low	1.0000	very high	0.0000	low
vRhyme_unbinned_82__MGr3G3H3I_000000255661	vRhyme_unbinned_82__MGr3G3H3I_000000255661	vRhyme_unbinned_82__MGr3G3H3I_000000255661_44	0.0000	low	1.0000	very high	0.0000	low
vRhyme_unbinned_82__MGr3G3H3I_000000255661	vRhyme_unbinned_82__MGr3G3H3I_000000255661	vRhyme_unbinned_82__MGr3G3H3I_000000255661_45	0.0000	low	1.0000	very high	0.0000	low
vRhyme_unbinned_82__MGr3G3H3I_000000255661	vRhyme_unbinned_82__MGr3G3H3I_000000255661	vRhyme_unbinned_82__MGr3G3H3I_000000255661_46	0.0000	low	1.0000	very high	0.0000	low
vRhyme_unbinned_82__MGr3G3H3I_000000255661	vRhyme_unbinned_82__MGr3G3H3I_000000255661	vRhyme_unbinned_82__MGr3G3H3I_000000255661_47	0.0000	low	1.0000	very high	0.0000	low
vRhyme_unbinned_82__MGr3G3H3I_000000255661	vRhyme_unbinned_82__MGr3G3H3I_000000255661	vRhyme_unbinned_82__MGr3G3H3I_000000255661_48	0.0000	low	1.0000	very high	0.0000	low
vRhyme_unbinned_82__MGr3G3H3I_000000255661	vRhyme_unbinned_82__MGr3G3H3I_000000255661	vRhyme_unbinned_82__MGr3G3H3I_000000255661_49	0.0000	low	1.0000	very high	0.0000	low
vRhyme_unbinned_82__MGr3G3H3I_000000255661	vRhyme_unbinned_82__MGr3G3H3I_000000255661	vRhyme_unbinned_82__MGr3G3H3I_000000255661_50	0.0500	low	1.0000	very high	0.0500	low
vRhyme_unbinned_82__MGr3G3H3I_000000255661	vRhyme_unbinned_82__MGr3G3H3I_000000255661	vRhyme_unbinned_82__MGr3G3H3I_000000255661_51	0.0000	low	1.0000	very high	0.0000	low
vRhyme_unbinned_82__MGr3G3H3I_000000255661	vRhyme_unbinned_82__MGr3G3H3I_000000255661	vRhyme_unbinned_82__MGr3G3H3I_000000255661_52	0.0000	low	1.0000	very high	0.0000	low
vRhyme_unbinned_82__MGr3G3H3I_000000255661	vRhyme_unbinned_82__MGr3G3H3I_000000255661	vRhyme_unbinned_82__MGr3G3H3I_000000255661_53	0.0000	low	1.0000	very high	0.0000	low
vRhyme_unbinned_82__MGr3G3H3I_000000255661	vRhyme_unbinned_82__MGr3G3H3I_000000255661	vRhyme_unbinned_82__MGr3G3H3I_000000255661_54	0.0000	low	1.0000	very high	0.0000	low
vRhyme_unbinned_82__MGr3G3H3I_000000255661	vRhyme_unbinned_82__MGr3G3H3I_000000255661	vRhyme_unbinned_82__MGr3G3H3I_000000255661_55	0.0000	low	1.0000	very high	0.0000	low
vRhyme_unbinned_82__MGr3G3H3I_000000255661	vRhyme_unbinned_82__MGr3G3H3I_000000255661	vRhyme_unbinned_82__MGr3G3H3I_000000255661_56	0.0000	low	1.0000	very high	0.0000	low
vRhyme_unbinned_82__MGr3G3H3I_000000255661	vRhyme_unbinned_82__MGr3G3H3I_000000255661	vRhyme_unbinned_82__MGr3G3H3I_000000255661_57	0.0000	low	1.0000	very high	0.0000	low
vRhyme_unbinned_82__MGr3G3H3I_000000255661	vRhyme_unbinned_82__MGr3G3H3I_000000255661	vRhyme_unbinned_82__MGr3G3H3I_000000255661_58	0.0000	low	1.0000	very high	0.0000	low
vRhyme_unbinned_82__MGr3G3H3I_000000255661	vRhyme_unbinned_82__MGr3G3H3I_000000255661	vRhyme_unbinned_82__MGr3G3H3I_000000255661_59	0.0000	low	1.0000	very high	0.0000	low
vRhyme_unbinned_82__MGr3G3H3I_000000255661	vRhyme_unbinned_82__MGr3G3H3I_000000255661	vRhyme_unbinned_82__MGr3G3H3I_000000255661_60	0.0000	low	1.0000	very high	0.0000	low
vRhyme_unbinned_82__MGr3G3H3I_000000255661	vRhyme_unbinned_82__MGr3G3H3I_000000255661	vRhyme_unbinned_82__MGr3G3H3I_000000255661_61	0.0000	low	1.0000	very high	0.0000	low
vRhyme_unbinned_82__MGr3G3H3I_000000255661	vRhyme_unbinned_82__MGr3G3H3I_000000255661	vRhyme_unbinned_82__MGr3G3H3I_000000255661_62	0.0000	low	1.0000	very high	0.0000	low
vRhyme_unbinned_82__MGr3G3H3I_000000255661	vRhyme_unbinned_82__MGr3G3H3I_000000255661	vRhyme_unbinned_82__MGr3G3H3I_000000255661_63	0.0000	low	1.0000	very high	0.0000	low
vRhyme_unbinned_82__MGr3G3H3I_000000255661	vRhyme_unbinned_82__MGr3G3H3I_000000255661	vRhyme_unbinned_82__MGr3G3H3I_000000255661_64	0.0000	low	1.0000	very high	0.0000	low
vRhyme_unbinned_82__MGr3G3H3I_000000255661	vRhyme_unbinned_82__MGr3G3H3I_000000255661	vRhyme_unbinned_82__MGr3G3H3I_000000255661_65	0.0000	low	1.0000	very high	0.0000	low
vRhyme_unbinned_82__MGr3G3H3I_000000255661	vRhyme_unbinned_82__MGr3G3H3I_000000255661	vRhyme_unbinned_82__MGr3G3H3I_000000255661_66	0.0000	low	1.0000	very high	0.0000	low
vRhyme_unbinned_82__MGr3G3H3I_000000255661	vRhyme_unbinned_82__MGr3G3H3I_000000255661	vRhyme_unbinned_82__MGr3G3H3I_000000255661_67	0.0000	low	0.9507	high	0.0000	low
vRhyme_unbinned_82__MGr3G3H3I_000000255661	vRhyme_unbinned_82__MGr3G3H3I_000000255661	vRhyme_unbinned_82__MGr3G3H3I_000000255661_68	0.0000	low	1.0000	very high	0.0000	low
vRhyme_unbinned_82__MGr3G3H3I_000000255661	vRhyme_unbinned_82__MGr3G3H3I_000000255661	vRhyme_unbinned_82__MGr3G3H3I_000000255661_69	0.0000	low	1.0000	very high	0.0000	low
vRhyme_unbinned_88__MGr3G3H3I_000000288833	vRhyme_unbinned_88__MGr3G3H3I_000000288833	vRhyme_unbinned_88__MGr3G3H3I_000000288833_1	0.0000	low	1.0000	very high	0.0000	low
vRhyme_unbinned_88__MGr3G3H3I_000000288833	vRhyme_unbinned_88__MGr3G3H3I_000000288833	vRhyme_unbinned_88__MGr3G3H3I_000000288833_2	0.0000	low	1.0000	very high	0.0000	low
vRhyme_unbinned_88__MGr3G3H3I_000000288833	vRhyme_unbinned_88__MGr3G3H3I_000000288833	vRhyme_unbinned_88__MGr3G3H3I_000000288833_3	0.0000	low	1.0000	very high	0.0000	low
vRhyme_unbinned_88__MGr3G3H3I_000000288833	vRhyme_unbinned_88__MGr3G3H3I_000000288833	vRhyme_unbinned_88__MGr3G3H3I_000000288833_4	0.0000	low	1.0000	very high	0.0000	low
vRhyme_unbinned_88__MGr3G3H3I_000000288833	vRhyme_unbinned_88__MGr3G3H3I_000000288833	vRhyme_unbinned_88__MGr3G3H3I_000000288833_5	0.0000	low	1.0000	very high	0.0000	low
vRhyme_unbinned_88__MGr3G3H3I_000000288833	vRhyme_unbinned_88__MGr3G3H3I_000000288833	vRhyme_unbinned_88__MGr3G3H3I_000000288833_6	0.0000	low	1.0000	very high	0.0000	low
vRhyme_unbinned_88__MGr3G3H3I_000000288833	vRhyme_unbinned_88__MGr3G3H3I_000000288833	vRhyme_unbinned_88__MGr3G3H3I_000000288833_7	0.0000	low	1.0000	very high	0.0000	low
vRhyme_unbinned_88__MGr3G3H3I_000000288833	vRhyme_unbinned_88__MGr3G3H3I_000000288833	vRhyme_unbinned_88__MGr3G3H3I_000000288833_8	0.0000	low	1.0000	very high	0.0000	low
vRhyme_unbinned_88__MGr3G3H3I_000000288833	vRhyme_unbinned_88__MGr3G3H3I_000000288833	vRhyme_unbinned_88__MGr3G3H3I_000000288833_9	0.0000	low	1.0000	very high	0.0000	low
vRhyme_unbinned_88__MGr3G3H3I_000000288833	vRhyme_unbinned_88__MGr3G3H3I_000000288833	vRhyme_unbinned_88__MGr3G3H3I_000000288833_10	0.0000	low	1.0000	very high	0.0000	low
vRhyme_unbinned_88__MGr3G3H3I_000000288833	vRhyme_unbinned_88__MGr3G3H3I_000000288833	vRhyme_unbinned_88__MGr3G3H3I_000000288833_11	0.0000	low	1.0000	very high	0.0000	low
vRhyme_unbinned_88__MGr3G3H3I_000000288833	vRhyme_unbinned_88__MGr3G3H3I_000000288833	vRhyme_unbinned_88__MGr3G3H3I_000000288833_12	0.0000	low	1.0000	very high	0.0000	low
vRhyme_unbinned_88__MGr3G3H3I_000000288833	vRhyme_unbinned_88__MGr3G3H3I_000000288833	vRhyme_unbinned_88__MGr3G3H3I_000000288833_13	0.0000	low	1.0000	very high	0.0000	low
vRhyme_unbinned_88__MGr3G3H3I_000000288833	vRhyme_unbinned_88__MGr3G3H3I_000000288833	vRhyme_unbinned_88__MGr3G3H3I_000000288833_14	0.0000	low	1.0000	very high	0.0000	low
vRhyme_unbinned_88__MGr3G3H3I_000000288833	vRhyme_unbinned_88__MGr3G3H3I_000000288833	vRhyme_unbinned_88__MGr3G3H3I_000000288833_15	0.0000	low	1.0000	very high	0.0000	low
vRhyme_unbinned_88__MGr3G3H3I_000000288833	vRhyme_unbinned_88__MGr3G3H3I_000000288833	vRhyme_unbinned_88__MGr3G3H3I_000000288833_16	0.0000	low	1.0000	very high	0.0000	low
vRhyme_unbinned_88__MGr3G3H3I_000000288833	vRhyme_unbinned_88__MGr3G3H3I_000000288833	vRhyme_unbinned_88__MGr3G3H3I_000000288833_17	0.0000	low	1.0000	very high	0.0000	low
vRhyme_unbinned_88__MGr3G3H3I_000000288833	vRhyme_unbinned_88__MGr3G3H3I_000000288833	vRhyme_unbinned_88__MGr3G3H3I_000000288833_18	0.0000	low	1.0000	very high	0.0000	low
vRhyme_unbinned_88__MGr3G3H3I_000000288833	vRhyme_unbinned_88__MGr3G3H3I_000000288833	vRhyme_unbinned_88__MGr3G3H3I_000000288833_19	0.0000	low	1.0000	very high	0.0000	low
vRhyme_unbinned_88__MGr3G3H3I_000000288833	vRhyme_unbinned_88__MGr3G3H3I_000000288833	vRhyme_unbinned_88__MGr3G3H3I_000000288833_20	0.0000	low	1.0000	very high	0.0000	low
vRhyme_unbinned_88__MGr3G3H3I_000000288833	vRhyme_unbinned_88__MGr3G3H3I_000000288833	vRhyme_unbinned_88__MGr3G3H3I_000000288833_21	0.0000	low	1.0000	very high	0.0000	low
vRhyme_unbinned_88__MGr3G3H3I_000000288833	vRhyme_unbinned_88__MGr3G3H3I_000000288833	vRhyme_unbinned_88__MGr3G3H3I_000000288833_22	0.0000	low	1.0000	very high	0.0000	low
vRhyme_unbinned_88__MGr3G3H3I_000000288833	vRhyme_unbinned_88__MGr3G3H3I_000000288833	vRhyme_unbinned_88__MGr3G3H3I_000000288833_23	0.0000	low	1.0000	very high	0.0000	low
vRhyme_unbinned_88__MGr3G3H3I_000000288833	vRhyme_unbinned_88__MGr3G3H3I_000000288833	vRhyme_unbinned_88__MGr3G3H3I_000000288833_24	0.0000	low	1.0000	very high	0.0000	low
vRhyme_unbinned_88__MGr3G3H3I_000000288833	vRhyme_unbinned_88__MGr3G3H3I_000000288833	vRhyme_unbinned_88__MGr3G3H3I_000000288833_25	0.0000	low	1.0000	very high	0.0000	low
vRhyme_unbinned_88__MGr3G3H3I_000000288833	vRhyme_unbinned_88__MGr3G3H3I_000000288833	vRhyme_unbinned_88__MGr3G3H3I_000000288833_26	0.0000	low	1.0000	very high	0.0000	low
vRhyme_unbinned_88__MGr3G3H3I_000000288833	vRhyme_unbinned_88__MGr3G3H3I_000000288833	vRhyme_unbinned_88__MGr3G3H3I_000000288833_27	0.0000	low	1.0000	very high	0.0000	low
vRhyme_unbinned_88__MGr3G3H3I_000000288833	vRhyme_unbinned_88__MGr3G3H3I_000000288833	vRhyme_unbinned_88__MGr3G3H3I_000000288833_28	0.0000	low	1.0000	very high	0.0000	low
vRhyme_unbinned_88__MGr3G3H3I_000000288833	vRhyme_unbinned_88__MGr3G3H3I_000000288833	vRhyme_unbinned_88__MGr3G3H3I_000000288833_29	0.0000	low	1.0000	very high	0.0000	low
vRhyme_unbinned_88__MGr3G3H3I_000000288833	vRhyme_unbinned_88__MGr3G3H3I_000000288833	vRhyme_unbinned_88__MGr3G3H3I_000000288833_30	0.0000	low	1.0000	very high	0.0000	low
vRhyme_unbinned_88__MGr3G3H3I_000000288833	vRhyme_unbinned_88__MGr3G3H3I_000000288833	vRhyme_unbinned_88__MGr3G3H3I_000000288833_31	0.0000	low	1.0000	very high	0.0000	low
vRhyme_unbinned_88__MGr3G3H3I_000000288833	vRhyme_unbinned_88__MGr3G3H3I_000000288833	vRhyme_unbinned_88__MGr3G3H3I_000000288833_32	0.0000	low	1.0000	very high	0.0000	low
vRhyme_unbinned_88__MGr3G3H3I_000000288833	vRhyme_unbinned_88__MGr3G3H3I_000000288833	vRhyme_unbinned_88__MGr3G3H3I_000000288833_33	0.0000	low	1.0000	very high	0.0000	low
vRhyme_unbinned_88__MGr3G3H3I_000000288833	vRhyme_unbinned_88__MGr3G3H3I_000000288833	vRhyme_unbinned_88__MGr3G3H3I_000000288833_34	0.0000	low	1.0000	very high	0.0000	low
vRhyme_unbinned_88__MGr3G3H3I_000000288833	vRhyme_unbinned_88__MGr3G3H3I_000000288833	vRhyme_unbinned_88__MGr3G3H3I_000000288833_35	0.0000	low	1.0000	very high	0.0000	low
vRhyme_unbinned_88__MGr3G3H3I_000000288833	vRhyme_unbinned_88__MGr3G3H3I_000000288833	vRhyme_unbinned_88__MGr3G3H3I_000000288833_36	0.0000	low	1.0000	very high	0.0000	low
vRhyme_unbinned_88__MGr3G3H3I_000000288833	vRhyme_unbinned_88__MGr3G3H3I_000000288833	vRhyme_unbinned_88__MGr3G3H3I_000000288833_37	0.0000	low	1.0000	very high	0.0000	low
vRhyme_unbinned_88__MGr3G3H3I_000000288833	vRhyme_unbinned_88__MGr3G3H3I_000000288833	vRhyme_unbinned_88__MGr3G3H3I_000000288833_38	0.0000	low	1.0000	very high	0.0000	low
vRhyme_unbinned_88__MGr3G3H3I_000000288833	vRhyme_unbinned_88__MGr3G3H3I_000000288833	vRhyme_unbinned_88__MGr3G3H3I_000000288833_39	0.0000	low	1.0000	very high	0.0000	low
vRhyme_unbinned_88__MGr3G3H3I_000000288833	vRhyme_unbinned_88__MGr3G3H3I_000000288833	vRhyme_unbinned_88__MGr3G3H3I_000000288833_40	0.0000	low	1.0000	very high	0.0000	low
vRhyme_unbinned_88__MGr3G3H3I_000000288833	vRhyme_unbinned_88__MGr3G3H3I_000000288833	vRhyme_unbinned_88__MGr3G3H3I_000000288833_41	0.0000	low	1.0000	very high	0.0000	low
vRhyme_unbinned_88__MGr3G3H3I_000000288833	vRhyme_unbinned_88__MGr3G3H3I_000000288833	vRhyme_unbinned_88__MGr3G3H3I_000000288833_42	0.0000	low	1.0000	very high	0.0000	low
vRhyme_unbinned_88__MGr3G3H3I_000000288833	vRhyme_unbinned_88__MGr3G3H3I_000000288833	vRhyme_unbinned_88__MGr3G3H3I_000000288833_43	0.0000	low	1.0000	very high	0.0000	low
vRhyme_unbinned_88__MGr3G3H3I_000000288833	vRhyme_unbinned_88__MGr3G3H3I_000000288833	vRhyme_unbinned_88__MGr3G3H3I_000000288833_44	0.0000	low	1.0000	very high	0.0000	low
vRhyme_unbinned_88__MGr3G3H3I_000000288833	vRhyme_unbinned_88__MGr3G3H3I_000000288833	vRhyme_unbinned_88__MGr3G3H3I_000000288833_45	0.0000	low	1.0000	very high	0.0000	low
vRhyme_unbinned_88__MGr3G3H3I_000000288833	vRhyme_unbinned_88__MGr3G3H3I_000000288833	vRhyme_unbinned_88__MGr3G3H3I_000000288833_46	0.0000	low	1.0000	very high	0.0000	low
vRhyme_unbinned_88__MGr3G3H3I_000000288833	vRhyme_unbinned_88__MGr3G3H3I_000000288833	vRhyme_unbinned_88__MGr3G3H3I_000000288833_47	0.0000	low	1.0000	very high	0.0000	low
vRhyme_unbinned_88__MGr3G3H3I_000000288833	vRhyme_unbinned_88__MGr3G3H3I_000000288833	vRhyme_unbinned_88__MGr3G3H3I_000000288833_48	0.0000	low	1.0000	very high	0.0000	low
vRhyme_unbinned_88__MGr3G3H3I_000000288833	vRhyme_unbinned_88__MGr3G3H3I_000000288833	vRhyme_unbinned_88__MGr3G3H3I_000000288833_49	0.0000	low	1.0000	very high	0.0000	low
vRhyme_unbinned_88__MGr3G3H3I_000000288833	vRhyme_unbinned_88__MGr3G3H3I_000000288833	vRhyme_unbinned_88__MGr3G3H3I_000000288833_50	0.0000	low	1.0000	very high	0.0000	low
vRhyme_unbinned_88__MGr3G3H3I_000000288833	vRhyme_unbinned_88__MGr3G3H3I_000000288833	vRhyme_unbinned_88__MGr3G3H3I_000000288833_51	0.0000	low	1.0000	very high	0.0000	low
vRhyme_unbinned_88__MGr3G3H3I_000000288833	vRhyme_unbinned_88__MGr3G3H3I_000000288833	vRhyme_unbinned_88__MGr3G3H3I_000000288833_52	0.0000	low	1.0000	very high	0.0000	low
vRhyme_unbinned_88__MGr3G3H3I_000000288833	vRhyme_unbinned_88__MGr3G3H3I_000000288833	vRhyme_unbinned_88__MGr3G3H3I_000000288833_53	0.0000	low	1.0000	very high	0.0000	low
vRhyme_unbinned_88__MGr3G3H3I_000000288833	vRhyme_unbinned_88__MGr3G3H3I_000000288833	vRhyme_unbinned_88__MGr3G3H3I_000000288833_54	0.0000	low	1.0000	very high	0.0000	low
vRhyme_unbinned_88__MGr3G3H3I_000000288833	vRhyme_unbinned_88__MGr3G3H3I_000000288833	vRhyme_unbinned_88__MGr3G3H3I_000000288833_55	0.0000	low	1.0000	very high	0.0000	low
vRhyme_unbinned_88__MGr3G3H3I_000000288833	vRhyme_unbinned_88__MGr3G3H3I_000000288833	vRhyme_unbinned_88__MGr3G3H3I_000000288833_56	0.0000	low	1.0000	very high	0.0000	low
vRhyme_unbinned_88__MGr3G3H3I_000000288833	vRhyme_unbinned_88__MGr3G3H3I_000000288833	vRhyme_unbinned_88__MGr3G3H3I_000000288833_57	0.0000	low	1.0000	very high	0.0000	low
vRhyme_unbinned_88__MGr3G3H3I_000000288833	vRhyme_unbinned_88__MGr3G3H3I_000000288833	vRhyme_unbinned_88__MGr3G3H3I_000000288833_58	0.0000	low	1.0000	very high	0.0000	low
vRhyme_unbinned_88__MGr3G3H3I_000000288833	vRhyme_unbinned_88__MGr3G3H3I_000000288833	vRhyme_unbinned_88__MGr3G3H3I_000000288833_59	0.0000	low	1.0000	very high	0.0000	low
vRhyme_unbinned_88__MGr3G3H3I_000000288833	vRhyme_unbinned_88__MGr3G3H3I_000000288833	vRhyme_unbinned_88__MGr3G3H3I_000000288833_60	0.0000	low	1.0000	very high	0.0000	low
vRhyme_unbinned_88__MGr3G3H3I_000000288833	vRhyme_unbinned_88__MGr3G3H3I_000000288833	vRhyme_unbinned_88__MGr3G3H3I_000000288833_61	0.0000	low	1.0000	very high	0.0000	low
vRhyme_unbinned_88__MGr3G3H3I_000000288833	vRhyme_unbinned_88__MGr3G3H3I_000000288833	vRhyme_unbinned_88__MGr3G3H3I_000000288833_62	0.0000	low	1.0000	very high	0.0000	low
vRhyme_unbinned_88__MGr3G3H3I_000000288833	vRhyme_unbinned_88__MGr3G3H3I_000000288833	vRhyme_unbinned_88__MGr3G3H3I_000000288833_63	0.0000	low	1.0000	very high	0.0000	low
vRhyme_unbinned_88__MGr3G3H3I_000000288833	vRhyme_unbinned_88__MGr3G3H3I_000000288833	vRhyme_unbinned_88__MGr3G3H3I_000000288833_64	0.0000	low	1.0000	very high	0.0000	low
vRhyme_unbinned_88__MGr3G3H3I_000000288833	vRhyme_unbinned_88__MGr3G3H3I_000000288833	vRhyme_unbinned_88__MGr3G3H3I_000000288833_65	0.0000	low	1.0000	very high	0.0000	low
vRhyme_unbinned_88__MGr3G3H3I_000000288833	vRhyme_unbinned_88__MGr3G3H3I_000000288833	vRhyme_unbinned_88__MGr3G3H3I_000000288833_66	0.0000	low	1.0000	very high	0.0000	low
vRhyme_unbinned_88__MGr3G3H3I_000000288833	vRhyme_unbinned_88__MGr3G3H3I_000000288833	vRhyme_unbinned_88__MGr3G3H3I_000000288833_67	0.0000	low	1.0000	very high	0.0000	low
vRhyme_unbinned_88__MGr3G3H3I_000000288833	vRhyme_unbinned_88__MGr3G3H3I_000000288833	vRhyme_unbinned_88__MGr3G3H3I_000000288833_68	0.0000	low	1.0000	very high	0.0000	low
vRhyme_unbinned_88__MGr3G3H3I_000000288833	vRhyme_unbinned_88__MGr3G3H3I_000000288833	vRhyme_unbinned_88__MGr3G3H3I_000000288833_69	0.0000	low	1.0000	very high	0.0000	low
vRhyme_unbinned_88__MGr3G3H3I_000000288833	vRhyme_unbinned_88__MGr3G3H3I_000000288833	vRhyme_unbinned_88__MGr3G3H3I_000000288833_70	0.0000	low	1.0000	very high	0.0000	low
vRhyme_unbinned_88__MGr3G3H3I_000000288833	vRhyme_unbinned_88__MGr3G3H3I_000000288833	vRhyme_unbinned_88__MGr3G3H3I_000000288833_71	0.0000	low	1.0000	very high	0.0000	low
vRhyme_unbinned_88__MGr3G3H3I_000000288833	vRhyme_unbinned_88__MGr3G3H3I_000000288833	vRhyme_unbinned_88__MGr3G3H3I_000000288833_72	0.0000	low	1.0000	very high	0.0000	low
vRhyme_unbinned_88__MGr3G3H3I_000000288833	vRhyme_unbinned_88__MGr3G3H3I_000000288833	vRhyme_unbinned_88__MGr3G3H3I_000000288833_73	0.0000	low	1.0000	very high	0.0000	low
vRhyme_unbinned_88__MGr3G3H3I_000000288833	vRhyme_unbinned_88__MGr3G3H3I_000000288833	vRhyme_unbinned_88__MGr3G3H3I_000000288833_74	0.0000	low	1.0000	very high	0.0000	low
vRhyme_unbinned_88__MGr3G3H3I_000000288833	vRhyme_unbinned_88__MGr3G3H3I_000000288833	vRhyme_unbinned_88__MGr3G3H3I_000000288833_75	0.0000	low	1.0000	very high	0.0000	low
vRhyme_unbinned_88__MGr3G3H3I_000000288833	vRhyme_unbinned_88__MGr3G3H3I_000000288833	vRhyme_unbinned_88__MGr3G3H3I_000000288833_76	0.0000	low	1.0000	very high	0.0000	low
vRhyme_unbinned_88__MGr3G3H3I_000000288833	vRhyme_unbinned_88__MGr3G3H3I_000000288833	vRhyme_unbinned_88__MGr3G3H3I_000000288833_77	0.0000	low	1.0000	very high	0.0000	low
vRhyme_unbinned_88__MGr3G3H3I_000000288833	vRhyme_unbinned_88__MGr3G3H3I_000000288833	vRhyme_unbinned_88__MGr3G3H3I_000000288833_78	0.0000	low	1.0000	very high	0.0000	low
vRhyme_unbinned_88__MGr3G3H3I_000000288833	vRhyme_unbinned_88__MGr3G3H3I_000000288833	vRhyme_unbinned_88__MGr3G3H3I_000000288833_79	0.0000	low	1.0000	very high	0.0000	low
vRhyme_unbinned_88__MGr3G3H3I_000000288833	vRhyme_unbinned_88__MGr3G3H3I_000000288833	vRhyme_unbinned_88__MGr3G3H3I_000000288833_80	0.0000	low	1.0000	very high	0.0000	low
vRhyme_unbinned_88__MGr3G3H3I_000000288833	vRhyme_unbinned_88__MGr3G3H3I_000000288833	vRhyme_unbinned_88__MGr3G3H3I_000000288833_81	0.0000	low	1.0000	very high	0.0000	low
vRhyme_unbinned_88__MGr3G3H3I_000000288833	vRhyme_unbinned_88__MGr3G3H3I_000000288833	vRhyme_unbinned_88__MGr3G3H3I_000000288833_82	0.0000	low	1.0000	very high	0.0000	low
vRhyme_unbinned_88__MGr3G3H3I_000000288833	vRhyme_unbinned_88__MGr3G3H3I_000000288833	vRhyme_unbinned_88__MGr3G3H3I_000000288833_83	0.0000	low	1.0000	very high	0.0000	low
vRhyme_unbinned_88__MGr3G3H3I_000000288833	vRhyme_unbinned_88__MGr3G3H3I_000000288833	vRhyme_unbinned_88__MGr3G3H3I_000000288833_84	0.0000	low	1.0000	very high	0.0000	low
vRhyme_unbinned_88__MGr3G3H3I_000000288833	vRhyme_unbinned_88__MGr3G3H3I_000000288833	vRhyme_unbinned_88__MGr3G3H3I_000000288833_85	0.0000	low	1.0000	very high	0.0000	low
vRhyme_unbinned_88__MGr3G3H3I_000000288833	vRhyme_unbinned_88__MGr3G3H3I_000000288833	vRhyme_unbinned_88__MGr3G3H3I_000000288833_86	0.0000	low	1.0000	very high	0.0000	low
vRhyme_unbinned_88__MGr3G3H3I_000000288833	vRhyme_unbinned_88__MGr3G3H3I_000000288833	vRhyme_unbinned_88__MGr3G3H3I_000000288833_87	0.0000	low	1.0000	very high	0.0000	low
vRhyme_unbinned_88__MGr3G3H3I_000000288833	vRhyme_unbinned_88__MGr3G3H3I_000000288833	vRhyme_unbinned_88__MGr3G3H3I_000000288833_88	0.0000	low	1.0000	very high	0.0000	low
vRhyme_unbinned_88__MGr3G3H3I_000000288833	vRhyme_unbinned_88__MGr3G3H3I_000000288833	vRhyme_unbinned_88__MGr3G3H3I_000000288833_89	0.0000	low	1.0000	very high	0.0000	low
vRhyme_unbinned_88__MGr3G3H3I_000000288833	vRhyme_unbinned_88__MGr3G3H3I_000000288833	vRhyme_unbinned_88__MGr3G3H3I_000000288833_90	1.0000	very high	1.0000	very high	1.0000	very high
vRhyme_unbinned_88__MGr3G3H3I_000000288833	vRhyme_unbinned_88__MGr3G3H3I_000000288833	vRhyme_unbinned_88__MGr3G3H3I_000000288833_91	0.0000	low	1.0000	very high	0.0000	low
vRhyme_unbinned_88__MGr3G3H3I_000000288833	vRhyme_unbinned_88__MGr3G3H3I_000000288833	vRhyme_unbinned_88__MGr3G3H3I_000000288833_92	0.0000	low	1.0000	very high	0.0000	low
vRhyme_unbinned_88__MGr3G3H3I_000000288833	vRhyme_unbinned_88__MGr3G3H3I_000000288833	vRhyme_unbinned_88__MGr3G3H3I_000000288833_93	0.0000	low	1.0000	very high	0.0000	low
vRhyme_unbinned_88__MGr3G3H3I_000000288833	vRhyme_unbinned_88__MGr3G3H3I_000000288833	vRhyme_unbinned_88__MGr3G3H3I_000000288833_94	0.0000	low	1.0000	very high	0.0000	low
vRhyme_unbinned_88__MGr3G3H3I_000000288833	vRhyme_unbinned_88__MGr3G3H3I_000000288833	vRhyme_unbinned_88__MGr3G3H3I_000000288833_95	0.0000	low	1.0000	very high	0.0000	low
vRhyme_unbinned_88__MGr3G3H3I_000000288833	vRhyme_unbinned_88__MGr3G3H3I_000000288833	vRhyme_unbinned_88__MGr3G3H3I_000000288833_96	0.0000	low	1.0000	very high	0.0000	low
vRhyme_unbinned_88__MGr3G3H3I_000000288833	vRhyme_unbinned_88__MGr3G3H3I_000000288833	vRhyme_unbinned_88__MGr3G3H3I_000000288833_97	0.0000	low	1.0000	very high	0.0000	low
vRhyme_unbinned_88__MGr3G3H3I_000000288833	vRhyme_unbinned_88__MGr3G3H3I_000000288833	vRhyme_unbinned_88__MGr3G3H3I_000000288833_98	0.0000	low	1.0000	very high	0.0000	low
vRhyme_unbinned_88__MGr3G3H3I_000000288833	vRhyme_unbinned_88__MGr3G3H3I_000000288833	vRhyme_unbinned_88__MGr3G3H3I_000000288833_99	0.0000	low	1.0000	very high	0.0000	low
vRhyme_unbinned_88__MGr3G3H3I_000000288833	vRhyme_unbinned_88__MGr3G3H3I_000000288833	vRhyme_unbinned_88__MGr3G3H3I_000000288833_100	0.0000	low	1.0000	very high	0.0000	low
vRhyme_unbinned_88__MGr3G3H3I_000000288833	vRhyme_unbinned_88__MGr3G3H3I_000000288833	vRhyme_unbinned_88__MGr3G3H3I_000000288833_101	0.0000	low	1.0000	very high	0.0000	low
vRhyme_unbinned_88__MGr3G3H3I_000000288833	vRhyme_unbinned_88__MGr3G3H3I_000000288833	vRhyme_unbinned_88__MGr3G3H3I_000000288833_102	0.0000	low	1.0000	very high	0.0000	low
vRhyme_unbinned_88__MGr3G3H3I_000000288833	vRhyme_unbinned_88__MGr3G3H3I_000000288833	vRhyme_unbinned_88__MGr3G3H3I_000000288833_103	0.0000	low	1.0000	very high	0.0000	low
vRhyme_unbinned_88__MGr3G3H3I_000000288833	vRhyme_unbinned_88__MGr3G3H3I_000000288833	vRhyme_unbinned_88__MGr3G3H3I_000000288833_104	0.0000	low	1.0000	very high	0.0000	low
vRhyme_unbinned_88__MGr3G3H3I_000000288833	vRhyme_unbinned_88__MGr3G3H3I_000000288833	vRhyme_unbinned_88__MGr3G3H3I_000000288833_105	0.0000	low	1.0000	very high	0.0000	low
vRhyme_unbinned_88__MGr3G3H3I_000000288833	vRhyme_unbinned_88__MGr3G3H3I_000000288833	vRhyme_unbinned_88__MGr3G3H3I_000000288833_106	0.0000	low	1.0000	very high	0.0000	low
vRhyme_unbinned_88__MGr3G3H3I_000000288833	vRhyme_unbinned_88__MGr3G3H3I_000000288833	vRhyme_unbinned_88__MGr3G3H3I_000000288833_107	0.0000	low	1.0000	very high	0.0000	low
vRhyme_unbinned_88__MGr3G3H3I_000000288833	vRhyme_unbinned_88__MGr3G3H3I_000000288833	vRhyme_unbinned_88__MGr3G3H3I_000000288833_108	0.0000	low	1.0000	very high	0.0000	low
vRhyme_unbinned_88__MGr3G3H3I_000000288833	vRhyme_unbinned_88__MGr3G3H3I_000000288833	vRhyme_unbinned_88__MGr3G3H3I_000000288833_109	0.0000	low	1.0000	very high	0.0000	low
vRhyme_unbinned_88__MGr3G3H3I_000000288833	vRhyme_unbinned_88__MGr3G3H3I_000000288833	vRhyme_unbinned_88__MGr3G3H3I_000000288833_110	0.0000	low	1.0000	very high	0.0000	low
vRhyme_unbinned_88__MGr3G3H3I_000000288833	vRhyme_unbinned_88__MGr3G3H3I_000000288833	vRhyme_unbinned_88__MGr3G3H3I_000000288833_111	0.0000	low	1.0000	very high	0.0000	low
vRhyme_unbinned_88__MGr3G3H3I_000000288833	vRhyme_unbinned_88__MGr3G3H3I_000000288833	vRhyme_unbinned_88__MGr3G3H3I_000000288833_112	0.0000	low	1.0000	very high	0.0000	low
vRhyme_unbinned_88__MGr3G3H3I_000000288833	vRhyme_unbinned_88__MGr3G3H3I_000000288833	vRhyme_unbinned_88__MGr3G3H3I_000000288833_113	0.0000	low	1.0000	very high	0.0000	low
vRhyme_unbinned_88__MGr3G3H3I_000000288833	vRhyme_unbinned_88__MGr3G3H3I_000000288833	vRhyme_unbinned_88__MGr3G3H3I_000000288833_114	0.0000	low	1.0000	very high	0.0000	low
vRhyme_unbinned_88__MGr3G3H3I_000000288833	vRhyme_unbinned_88__MGr3G3H3I_000000288833	vRhyme_unbinned_88__MGr3G3H3I_000000288833_115	0.0000	low	1.0000	very high	0.0000	low
vRhyme_unbinned_88__MGr3G3H3I_000000288833	vRhyme_unbinned_88__MGr3G3H3I_000000288833	vRhyme_unbinned_88__MGr3G3H3I_000000288833_116	0.0000	low	1.0000	very high	0.0000	low
vRhyme_unbinned_88__MGr3G3H3I_000000288833	vRhyme_unbinned_88__MGr3G3H3I_000000288833	vRhyme_unbinned_88__MGr3G3H3I_000000288833_117	0.0000	low	1.0000	very high	0.0000	low
vRhyme_unbinned_88__MGr3G3H3I_000000288833	vRhyme_unbinned_88__MGr3G3H3I_000000288833	vRhyme_unbinned_88__MGr3G3H3I_000000288833_118	0.0000	low	1.0000	very high	0.0000	low
vRhyme_unbinned_88__MGr3G3H3I_000000288833	vRhyme_unbinned_88__MGr3G3H3I_000000288833	vRhyme_unbinned_88__MGr3G3H3I_000000288833_119	0.0000	low	1.0000	very high	0.0000	low
vRhyme_unbinned_88__MGr3G3H3I_000000288833	vRhyme_unbinned_88__MGr3G3H3I_000000288833	vRhyme_unbinned_88__MGr3G3H3I_000000288833_120	0.0000	low	1.0000	very high	0.0000	low
vRhyme_unbinned_88__MGr3G3H3I_000000288833	vRhyme_unbinned_88__MGr3G3H3I_000000288833	vRhyme_unbinned_88__MGr3G3H3I_000000288833_121	1.0000	very high	0.9510	high	0.9510	very high
vRhyme_unbinned_88__MGr3G3H3I_000000288833	vRhyme_unbinned_88__MGr3G3H3I_000000288833	vRhyme_unbinned_88__MGr3G3H3I_000000288833_122	0.0000	low	1.0000	very high	0.0000	low
vRhyme_unbinned_88__MGr3G3H3I_000000288833	vRhyme_unbinned_88__MGr3G3H3I_000000288833	vRhyme_unbinned_88__MGr3G3H3I_000000288833_123	0.0000	low	1.0000	very high	0.0000	low
vRhyme_unbinned_88__MGr3G3H3I_000000288833	vRhyme_unbinned_88__MGr3G3H3I_000000288833	vRhyme_unbinned_88__MGr3G3H3I_000000288833_124	0.0000	low	1.0000	very high	0.0000	low
vRhyme_unbinned_88__MGr3G3H3I_000000288833	vRhyme_unbinned_88__MGr3G3H3I_000000288833	vRhyme_unbinned_88__MGr3G3H3I_000000288833_125	0.0000	low	1.0000	very high	0.0000	low
vRhyme_unbinned_88__MGr3G3H3I_000000288833	vRhyme_unbinned_88__MGr3G3H3I_000000288833	vRhyme_unbinned_88__MGr3G3H3I_000000288833_126	0.0000	low	1.0000	very high	0.0000	low
vRhyme_unbinned_88__MGr3G3H3I_000000288833	vRhyme_unbinned_88__MGr3G3H3I_000000288833	vRhyme_unbinned_88__MGr3G3H3I_000000288833_127	0.0000	low	1.0000	very high	0.0000	low
vRhyme_unbinned_88__MGr3G3H3I_000000288833	vRhyme_unbinned_88__MGr3G3H3I_000000288833	vRhyme_unbinned_88__MGr3G3H3I_000000288833_128	0.0000	low	1.0000	very high	0.0000	low
vRhyme_unbinned_88__MGr3G3H3I_000000288833	vRhyme_unbinned_88__MGr3G3H3I_000000288833	vRhyme_unbinned_88__MGr3G3H3I_000000288833_129	0.0000	low	1.0000	very high	0.0000	low
vRhyme_unbinned_88__MGr3G3H3I_000000288833	vRhyme_unbinned_88__MGr3G3H3I_000000288833	vRhyme_unbinned_88__MGr3G3H3I_000000288833_130	0.0000	low	1.0000	very high	0.0000	low
vRhyme_unbinned_88__MGr3G3H3I_000000288833	vRhyme_unbinned_88__MGr3G3H3I_000000288833	vRhyme_unbinned_88__MGr3G3H3I_000000288833_131	0.0000	low	1.0000	very high	0.0000	low
vRhyme_unbinned_88__MGr3G3H3I_000000288833	vRhyme_unbinned_88__MGr3G3H3I_000000288833	vRhyme_unbinned_88__MGr3G3H3I_000000288833_132	0.0000	low	1.0000	very high	0.0000	low
vRhyme_unbinned_88__MGr3G3H3I_000000288833	vRhyme_unbinned_88__MGr3G3H3I_000000288833	vRhyme_unbinned_88__MGr3G3H3I_000000288833_133	0.0000	low	1.0000	very high	0.0000	low
vRhyme_unbinned_88__MGr3G3H3I_000000288833	vRhyme_unbinned_88__MGr3G3H3I_000000288833	vRhyme_unbinned_88__MGr3G3H3I_000000288833_134	0.0000	low	1.0000	very high	0.0000	low
vRhyme_unbinned_88__MGr3G3H3I_000000288833	vRhyme_unbinned_88__MGr3G3H3I_000000288833	vRhyme_unbinned_88__MGr3G3H3I_000000288833_135	0.0000	low	1.0000	very high	0.0000	low
vRhyme_unbinned_88__MGr3G3H3I_000000288833	vRhyme_unbinned_88__MGr3G3H3I_000000288833	vRhyme_unbinned_88__MGr3G3H3I_000000288833_136	0.0000	low	1.0000	very high	0.0000	low
vRhyme_unbinned_88__MGr3G3H3I_000000288833	vRhyme_unbinned_88__MGr3G3H3I_000000288833	vRhyme_unbinned_88__MGr3G3H3I_000000288833_137	0.0000	low	1.0000	very high	0.0000	low
vRhyme_unbinned_88__MGr3G3H3I_000000288833	vRhyme_unbinned_88__MGr3G3H3I_000000288833	vRhyme_unbinned_88__MGr3G3H3I_000000288833_138	0.0000	low	1.0000	very high	0.0000	low
vRhyme_unbinned_88__MGr3G3H3I_000000288833	vRhyme_unbinned_88__MGr3G3H3I_000000288833	vRhyme_unbinned_88__MGr3G3H3I_000000288833_139	0.0000	low	1.0000	very high	0.0000	low
vRhyme_unbinned_88__MGr3G3H3I_000000288833	vRhyme_unbinned_88__MGr3G3H3I_000000288833	vRhyme_unbinned_88__MGr3G3H3I_000000288833_140	0.0000	low	1.0000	very high	0.0000	low
vRhyme_unbinned_88__MGr3G3H3I_000000288833	vRhyme_unbinned_88__MGr3G3H3I_000000288833	vRhyme_unbinned_88__MGr3G3H3I_000000288833_141	0.0000	low	1.0000	very high	0.0000	low
vRhyme_unbinned_88__MGr3G3H3I_000000288833	vRhyme_unbinned_88__MGr3G3H3I_000000288833	vRhyme_unbinned_88__MGr3G3H3I_000000288833_142	0.0000	low	1.0000	very high	0.0000	low
vRhyme_unbinned_88__MGr3G3H3I_000000288833	vRhyme_unbinned_88__MGr3G3H3I_000000288833	vRhyme_unbinned_88__MGr3G3H3I_000000288833_143	0.0000	low	1.0000	very high	0.0000	low
vRhyme_unbinned_88__MGr3G3H3I_000000288833	vRhyme_unbinned_88__MGr3G3H3I_000000288833	vRhyme_unbinned_88__MGr3G3H3I_000000288833_144	0.0000	low	1.0000	very high	0.0000	low
vRhyme_unbinned_88__MGr3G3H3I_000000288833	vRhyme_unbinned_88__MGr3G3H3I_000000288833	vRhyme_unbinned_88__MGr3G3H3I_000000288833_145	0.0000	low	1.0000	very high	0.0000	low
vRhyme_unbinned_88__MGr3G3H3I_000000288833	vRhyme_unbinned_88__MGr3G3H3I_000000288833	vRhyme_unbinned_88__MGr3G3H3I_000000288833_146	0.0000	low	1.0000	very high	0.0000	low
vRhyme_unbinned_88__MGr3G3H3I_000000288833	vRhyme_unbinned_88__MGr3G3H3I_000000288833	vRhyme_unbinned_88__MGr3G3H3I_000000288833_147	0.0000	low	1.0000	very high	0.0000	low
vRhyme_unbinned_88__MGr3G3H3I_000000288833	vRhyme_unbinned_88__MGr3G3H3I_000000288833	vRhyme_unbinned_88__MGr3G3H3I_000000288833_148	0.0000	low	1.0000	very high	0.0000	low
vRhyme_unbinned_88__MGr3G3H3I_000000288833	vRhyme_unbinned_88__MGr3G3H3I_000000288833	vRhyme_unbinned_88__MGr3G3H3I_000000288833_149	0.0000	low	1.0000	very high	0.0000	low
vRhyme_unbinned_88__MGr3G3H3I_000000288833	vRhyme_unbinned_88__MGr3G3H3I_000000288833	vRhyme_unbinned_88__MGr3G3H3I_000000288833_150	0.0000	low	1.0000	very high	0.0000	low
vRhyme_unbinned_88__MGr3G3H3I_000000288833	vRhyme_unbinned_88__MGr3G3H3I_000000288833	vRhyme_unbinned_88__MGr3G3H3I_000000288833_151	0.0000	low	1.0000	very high	0.0000	low
vRhyme_unbinned_88__MGr3G3H3I_000000288833	vRhyme_unbinned_88__MGr3G3H3I_000000288833	vRhyme_unbinned_88__MGr3G3H3I_000000288833_152	0.0000	low	1.0000	very high	0.0000	low
vRhyme_unbinned_88__MGr3G3H3I_000000288833	vRhyme_unbinned_88__MGr3G3H3I_000000288833	vRhyme_unbinned_88__MGr3G3H3I_000000288833_153	0.0000	low	1.0000	very high	0.0000	low
vRhyme_unbinned_88__MGr3G3H3I_000000288833	vRhyme_unbinned_88__MGr3G3H3I_000000288833	vRhyme_unbinned_88__MGr3G3H3I_000000288833_154	0.0000	low	1.0000	very high	0.0000	low
vRhyme_unbinned_88__MGr3G3H3I_000000288833	vRhyme_unbinned_88__MGr3G3H3I_000000288833	vRhyme_unbinned_88__MGr3G3H3I_000000288833_155	0.0000	low	1.0000	very high	0.0000	low
vRhyme_unbinned_88__MGr3G3H3I_000000288833	vRhyme_unbinned_88__MGr3G3H3I_000000288833	vRhyme_unbinned_88__MGr3G3H3I_000000288833_156	0.0000	low	1.0000	very high	0.0000	low
MHr2D2E2F_vRhyme_bin_11	vRhyme_bin_11__MHr2D2E2F_000000167594	vRhyme_bin_11__MHr2D2E2F_000000167594_1	0.0000	low	1.0000	very high	0.0000	low
MHr2D2E2F_vRhyme_bin_11	vRhyme_bin_11__MHr2D2E2F_000000167594	vRhyme_bin_11__MHr2D2E2F_000000167594_2	0.0000	low	1.0000	very high	0.0000	low
MHr2D2E2F_vRhyme_bin_11	vRhyme_bin_11__MHr2D2E2F_000000167594	vRhyme_bin_11__MHr2D2E2F_000000167594_3	0.0000	low	1.0000	very high	0.0000	low
MHr2D2E2F_vRhyme_bin_11	vRhyme_bin_11__MHr2D2E2F_000000167594	vRhyme_bin_11__MHr2D2E2F_000000167594_4	0.0000	low	1.0000	very high	0.0000	low
MHr2D2E2F_vRhyme_bin_11	vRhyme_bin_11__MHr2D2E2F_000000167594	vRhyme_bin_11__MHr2D2E2F_000000167594_5	1.0000	very high	1.0000	very high	1.0000	very high
MHr2D2E2F_vRhyme_bin_11	vRhyme_bin_11__MHr2D2E2F_000000167594	vRhyme_bin_11__MHr2D2E2F_000000167594_6	0.0000	low	0.9479	high	0.0000	low
MHr2D2E2F_vRhyme_bin_11	vRhyme_bin_11__MHr2D2E2F_000000167594	vRhyme_bin_11__MHr2D2E2F_000000167594_7	0.0000	low	1.0000	very high	0.0000	low
MHr2D2E2F_vRhyme_bin_11	vRhyme_bin_11__MHr2D2E2F_000000167594	vRhyme_bin_11__MHr2D2E2F_000000167594_8	0.0000	low	1.0000	very high	0.0000	low
MHr2D2E2F_vRhyme_bin_11	vRhyme_bin_11__MHr2D2E2F_000000167594	vRhyme_bin_11__MHr2D2E2F_000000167594_9	0.0000	low	1.0000	very high	0.0000	low
MHr2D2E2F_vRhyme_bin_11	vRhyme_bin_11__MHr2D2E2F_000000167594	vRhyme_bin_11__MHr2D2E2F_000000167594_10	0.0000	low	1.0000	very high	0.0000	low
MHr2D2E2F_vRhyme_bin_11	vRhyme_bin_11__MHr2D2E2F_000000167594	vRhyme_bin_11__MHr2D2E2F_000000167594_11	0.0000	low	1.0000	very high	0.0000	low
MHr2D2E2F_vRhyme_bin_11	vRhyme_bin_11__MHr2D2E2F_000000167594	vRhyme_bin_11__MHr2D2E2F_000000167594_12	0.0000	low	1.0000	very high	0.0000	low
MHr2D2E2F_vRhyme_bin_11	vRhyme_bin_11__MHr2D2E2F_000000167594	vRhyme_bin_11__MHr2D2E2F_000000167594_13	0.0000	low	1.0000	very high	0.0000	low
MHr2D2E2F_vRhyme_bin_11	vRhyme_bin_11__MHr2D2E2F_000000167594	vRhyme_bin_11__MHr2D2E2F_000000167594_14	0.0000	low	1.0000	very high	0.0000	low
MHr2D2E2F_vRhyme_bin_11	vRhyme_bin_11__MHr2D2E2F_000000167594	vRhyme_bin_11__MHr2D2E2F_000000167594_15	0.0000	low	1.0000	very high	0.0000	low
MHr2D2E2F_vRhyme_bin_11	vRhyme_bin_11__MHr2D2E2F_000000167594	vRhyme_bin_11__MHr2D2E2F_000000167594_16	0.0000	low	1.0000	very high	0.0000	low
MHr2D2E2F_vRhyme_bin_11	vRhyme_bin_11__MHr2D2E2F_000000167594	vRhyme_bin_11__MHr2D2E2F_000000167594_17	0.0000	low	1.0000	very high	0.0000	low
MHr2D2E2F_vRhyme_bin_11	vRhyme_bin_11__MHr2D2E2F_000000167594	vRhyme_bin_11__MHr2D2E2F_000000167594_18	0.0000	low	1.0000	very high	0.0000	low
MHr2D2E2F_vRhyme_bin_11	vRhyme_bin_11__MHr2D2E2F_000000167594	vRhyme_bin_11__MHr2D2E2F_000000167594_19	0.0000	low	1.0000	very high	0.0000	low
MHr2D2E2F_vRhyme_bin_11	vRhyme_bin_11__MHr2D2E2F_000000167594	vRhyme_bin_11__MHr2D2E2F_000000167594_20	0.0000	low	1.0000	very high	0.0000	low
MHr2D2E2F_vRhyme_bin_11	vRhyme_bin_11__MHr2D2E2F_000000167594	vRhyme_bin_11__MHr2D2E2F_000000167594_21	0.0000	low	1.0000	very high	0.0000	low
MHr2D2E2F_vRhyme_bin_11	vRhyme_bin_11__MHr2D2E2F_000000167594	vRhyme_bin_11__MHr2D2E2F_000000167594_22	0.0000	low	1.0000	very high	0.0000	low
MHr2D2E2F_vRhyme_bin_11	vRhyme_bin_11__MHr2D2E2F_000000167594	vRhyme_bin_11__MHr2D2E2F_000000167594_23	0.0000	low	1.0000	very high	0.0000	low
MHr2D2E2F_vRhyme_bin_11	vRhyme_bin_11__MHr2D2E2F_000000167594	vRhyme_bin_11__MHr2D2E2F_000000167594_24	0.0000	low	1.0000	very high	0.0000	low
MHr2D2E2F_vRhyme_bin_11	vRhyme_bin_11__MHr2D2E2F_000000167594	vRhyme_bin_11__MHr2D2E2F_000000167594_25	0.0000	low	1.0000	very high	0.0000	low
MHr2D2E2F_vRhyme_bin_11	vRhyme_bin_11__MHr2D2E2F_000000167594	vRhyme_bin_11__MHr2D2E2F_000000167594_26	0.0000	low	1.0000	very high	0.0000	low
MHr2D2E2F_vRhyme_bin_11	vRhyme_bin_11__MHr2D2E2F_000000167594	vRhyme_bin_11__MHr2D2E2F_000000167594_27	0.0000	low	1.0000	very high	0.0000	low
MHr2D2E2F_vRhyme_bin_11	vRhyme_bin_11__MHr2D2E2F_000000167594	vRhyme_bin_11__MHr2D2E2F_000000167594_28	0.0000	low	1.0000	very high	0.0000	low
MHr2D2E2F_vRhyme_bin_11	vRhyme_bin_11__MHr2D2E2F_000000167594	vRhyme_bin_11__MHr2D2E2F_000000167594_29	0.0852	medium	1.0000	very high	0.0852	medium
MHr2D2E2F_vRhyme_bin_11	vRhyme_bin_11__MHr2D2E2F_000000167594	vRhyme_bin_11__MHr2D2E2F_000000167594_30	0.0000	low	1.0000	very high	0.0000	low
MHr2D2E2F_vRhyme_bin_11	vRhyme_bin_11__MHr2D2E2F_000000167594	vRhyme_bin_11__MHr2D2E2F_000000167594_31	0.0000	low	1.0000	very high	0.0000	low
MHr2D2E2F_vRhyme_bin_11	vRhyme_bin_11__MHr2D2E2F_000000167594	vRhyme_bin_11__MHr2D2E2F_000000167594_32	0.0000	low	1.0000	very high	0.0000	low
MHr2D2E2F_vRhyme_bin_11	vRhyme_bin_11__MHr2D2E2F_000000167594	vRhyme_bin_11__MHr2D2E2F_000000167594_33	0.0000	low	1.0000	very high	0.0000	low
MHr2D2E2F_vRhyme_bin_11	vRhyme_bin_11__MHr2D2E2F_000000040067	vRhyme_bin_11__MHr2D2E2F_000000040067_1	0.0000	low	1.0000	very high	0.0000	low
MHr2D2E2F_vRhyme_bin_11	vRhyme_bin_11__MHr2D2E2F_000000040067	vRhyme_bin_11__MHr2D2E2F_000000040067_2	0.0000	low	1.0000	very high	0.0000	low
MHr2D2E2F_vRhyme_bin_11	vRhyme_bin_11__MHr2D2E2F_000000040067	vRhyme_bin_11__MHr2D2E2F_000000040067_3	0.0000	low	1.0000	very high	0.0000	low
MHr2D2E2F_vRhyme_bin_11	vRhyme_bin_11__MHr2D2E2F_000000040067	vRhyme_bin_11__MHr2D2E2F_000000040067_4	0.0000	low	1.0000	very high	0.0000	low
MHr2D2E2F_vRhyme_bin_11	vRhyme_bin_11__MHr2D2E2F_000000040067	vRhyme_bin_11__MHr2D2E2F_000000040067_5	0.0000	low	1.0000	very high	0.0000	low
MHr2D2E2F_vRhyme_bin_11	vRhyme_bin_11__MHr2D2E2F_000000040067	vRhyme_bin_11__MHr2D2E2F_000000040067_6	0.0000	low	1.0000	very high	0.0000	low
MHr2D2E2F_vRhyme_bin_11	vRhyme_bin_11__MHr2D2E2F_000000040067	vRhyme_bin_11__MHr2D2E2F_000000040067_7	0.0000	low	1.0000	very high	0.0000	low
MHr2D2E2F_vRhyme_bin_11	vRhyme_bin_11__MHr2D2E2F_000000040067	vRhyme_bin_11__MHr2D2E2F_000000040067_8	0.0000	low	1.0000	very high	0.0000	low
MHr2D2E2F_vRhyme_bin_11	vRhyme_bin_11__MHr2D2E2F_000000040067	vRhyme_bin_11__MHr2D2E2F_000000040067_9	0.0000	low	1.0000	very high	0.0000	low
MHr2D2E2F_vRhyme_bin_11	vRhyme_bin_11__MHr2D2E2F_000000040067	vRhyme_bin_11__MHr2D2E2F_000000040067_10	0.0000	low	1.0000	very high	0.0000	low
MHr2D2E2F_vRhyme_bin_11	vRhyme_bin_11__MHr2D2E2F_000000040067	vRhyme_bin_11__MHr2D2E2F_000000040067_11	0.0000	low	1.0000	very high	0.0000	low
MHr2D2E2F_vRhyme_bin_11	vRhyme_bin_11__MHr2D2E2F_000000040067	vRhyme_bin_11__MHr2D2E2F_000000040067_12	0.0000	low	1.0000	very high	0.0000	low
MHr2D2E2F_vRhyme_bin_11	vRhyme_bin_11__MHr2D2E2F_000000040067	vRhyme_bin_11__MHr2D2E2F_000000040067_13	0.0000	low	1.0000	very high	0.0000	low
MHr2D2E2F_vRhyme_bin_11	vRhyme_bin_11__MHr2D2E2F_000000040067	vRhyme_bin_11__MHr2D2E2F_000000040067_14	0.0000	low	1.0000	very high	0.0000	low
MHr2D2E2F_vRhyme_bin_11	vRhyme_bin_11__MHr2D2E2F_000000040067	vRhyme_bin_11__MHr2D2E2F_000000040067_15	0.0000	low	1.0000	very high	0.0000	low
MHr2D2E2F_vRhyme_bin_11	vRhyme_bin_11__MHr2D2E2F_000000040067	vRhyme_bin_11__MHr2D2E2F_000000040067_16	0.0000	low	1.0000	very high	0.0000	low
MHr2D2E2F_vRhyme_bin_11	vRhyme_bin_11__MHr2D2E2F_000000040067	vRhyme_bin_11__MHr2D2E2F_000000040067_17	0.0000	low	1.0000	very high	0.0000	low
MHr2D2E2F_vRhyme_bin_11	vRhyme_bin_11__MHr2D2E2F_000000040067	vRhyme_bin_11__MHr2D2E2F_000000040067_18	0.0000	low	1.0000	very high	0.0000	low
MHr2D2E2F_vRhyme_bin_11	vRhyme_bin_11__MHr2D2E2F_000000040067	vRhyme_bin_11__MHr2D2E2F_000000040067_19	0.0000	low	1.0000	very high	0.0000	low
MHr2D2E2F_vRhyme_bin_11	vRhyme_bin_11__MHr2D2E2F_000000040067	vRhyme_bin_11__MHr2D2E2F_000000040067_20	0.0000	low	1.0000	very high	0.0000	low
MHr2D2E2F_vRhyme_bin_11	vRhyme_bin_11__MHr2D2E2F_000000040067	vRhyme_bin_11__MHr2D2E2F_000000040067_21	0.0000	low	1.0000	very high	0.0000	low
MHr2D2E2F_vRhyme_bin_11	vRhyme_bin_11__MHr2D2E2F_000000040067	vRhyme_bin_11__MHr2D2E2F_000000040067_22	0.0000	low	1.0000	very high	0.0000	low
MHr2D2E2F_vRhyme_bin_11	vRhyme_bin_11__MHr2D2E2F_000000040067	vRhyme_bin_11__MHr2D2E2F_000000040067_23	0.0000	low	1.0000	very high	0.0000	low
MHr2D2E2F_vRhyme_bin_11	vRhyme_bin_11__MHr2D2E2F_000000040067	vRhyme_bin_11__MHr2D2E2F_000000040067_24	0.0000	low	1.0000	very high	0.0000	low
MHr2D2E2F_vRhyme_bin_11	vRhyme_bin_11__MHr2D2E2F_000000040067	vRhyme_bin_11__MHr2D2E2F_000000040067_25	0.0000	low	1.0000	very high	0.0000	low
MHr2D2E2F_vRhyme_bin_11	vRhyme_bin_11__MHr2D2E2F_000000040067	vRhyme_bin_11__MHr2D2E2F_000000040067_26	0.0000	low	1.0000	very high	0.0000	low
MHr2D2E2F_vRhyme_bin_11	vRhyme_bin_11__MHr2D2E2F_000000040067	vRhyme_bin_11__MHr2D2E2F_000000040067_27	0.0000	low	1.0000	very high	0.0000	low
MHr2D2E2F_vRhyme_bin_11	vRhyme_bin_11__MHr2D2E2F_000000040067	vRhyme_bin_11__MHr2D2E2F_000000040067_28	0.0000	low	1.0000	very high	0.0000	low
MHr2D2E2F_vRhyme_bin_11	vRhyme_bin_11__MHr2D2E2F_000000040067	vRhyme_bin_11__MHr2D2E2F_000000040067_29	0.0000	low	1.0000	very high	0.0000	low
MHr2D2E2F_vRhyme_bin_11	vRhyme_bin_11__MHr2D2E2F_000000040067	vRhyme_bin_11__MHr2D2E2F_000000040067_30	0.0000	low	1.0000	very high	0.0000	low
MHr2D2E2F_vRhyme_bin_11	vRhyme_bin_11__MHr2D2E2F_000000040067	vRhyme_bin_11__MHr2D2E2F_000000040067_31	0.0000	low	1.0000	very high	0.0000	low
MHr2D2E2F_vRhyme_bin_11	vRhyme_bin_11__MHr2D2E2F_000000040067	vRhyme_bin_11__MHr2D2E2F_000000040067_32	0.0000	low	1.0000	very high	0.0000	low
MHr2D2E2F_vRhyme_bin_11	vRhyme_bin_11__MHr2D2E2F_000000040067	vRhyme_bin_11__MHr2D2E2F_000000040067_33	0.0000	low	1.0000	very high	0.0000	low
MHr2D2E2F_vRhyme_bin_11	vRhyme_bin_11__MHr2D2E2F_000000040067	vRhyme_bin_11__MHr2D2E2F_000000040067_34	0.0000	low	0.9482	high	0.0000	low
MHr2D2E2F_vRhyme_bin_11	vRhyme_bin_11__MHr2D2E2F_000000040067	vRhyme_bin_11__MHr2D2E2F_000000040067_35	0.0000	low	1.0000	very high	0.0000	low
MHr2D2E2F_vRhyme_bin_11	vRhyme_bin_11__MHr2D2E2F_000000040067	vRhyme_bin_11__MHr2D2E2F_000000040067_36	0.0000	low	1.0000	very high	0.0000	low
MHr2D2E2F_vRhyme_bin_11	vRhyme_bin_11__MHr2D2E2F_000000040067	vRhyme_bin_11__MHr2D2E2F_000000040067_37	0.0000	low	1.0000	very high	0.0000	low
MHr2D2E2F_vRhyme_bin_11	vRhyme_bin_11__MHr2D2E2F_000000040067	vRhyme_bin_11__MHr2D2E2F_000000040067_38	0.0000	low	0.9511	high	0.0000	low
MHr2D2E2F_vRhyme_bin_11	vRhyme_bin_11__MHr2D2E2F_000000040067	vRhyme_bin_11__MHr2D2E2F_000000040067_39	0.0000	low	1.0000	very high	0.0000	low
MHr2D2E2F_vRhyme_bin_11	vRhyme_bin_11__MHr2D2E2F_000000040067	vRhyme_bin_11__MHr2D2E2F_000000040067_40	0.0000	low	1.0000	very high	0.0000	low
MHr2D2E2F_vRhyme_bin_11	vRhyme_bin_11__MHr2D2E2F_000000040067	vRhyme_bin_11__MHr2D2E2F_000000040067_41	0.0000	low	1.0000	very high	0.0000	low
MHr2D2E2F_vRhyme_bin_11	vRhyme_bin_11__MHr2D2E2F_000000040067	vRhyme_bin_11__MHr2D2E2F_000000040067_42	0.0000	low	1.0000	very high	0.0000	low
MHr2D2E2F_vRhyme_bin_11	vRhyme_bin_11__MHr2D2E2F_000000040067	vRhyme_bin_11__MHr2D2E2F_000000040067_43	0.0000	low	1.0000	very high	0.0000	low
MHr2D2E2F_vRhyme_bin_11	vRhyme_bin_11__MHr2D2E2F_000000040067	vRhyme_bin_11__MHr2D2E2F_000000040067_44	0.0000	low	1.0000	very high	0.0000	low
MHr2D2E2F_vRhyme_bin_11	vRhyme_bin_11__MHr2D2E2F_000000040067	vRhyme_bin_11__MHr2D2E2F_000000040067_45	0.0000	low	1.0000	very high	0.0000	low
MHr2D2E2F_vRhyme_bin_11	vRhyme_bin_11__MHr2D2E2F_000000040067	vRhyme_bin_11__MHr2D2E2F_000000040067_46	0.0000	low	1.0000	very high	0.0000	low
MHr2D2E2F_vRhyme_bin_11	vRhyme_bin_11__MHr2D2E2F_000000040067	vRhyme_bin_11__MHr2D2E2F_000000040067_47	0.0000	low	1.0000	very high	0.0000	low
MHr2D2E2F_vRhyme_bin_11	vRhyme_bin_11__MHr2D2E2F_000000040067	vRhyme_bin_11__MHr2D2E2F_000000040067_48	0.0000	low	1.0000	very high	0.0000	low
MHr2D2E2F_vRhyme_bin_11	vRhyme_bin_11__MHr2D2E2F_000000040067	vRhyme_bin_11__MHr2D2E2F_000000040067_49	0.0000	low	1.0000	very high	0.0000	low
MHr2D2E2F_vRhyme_bin_11	vRhyme_bin_11__MHr2D2E2F_000000040067	vRhyme_bin_11__MHr2D2E2F_000000040067_50	0.0000	low	1.0000	very high	0.0000	low
MHr2D2E2F_vRhyme_bin_11	vRhyme_bin_11__MHr2D2E2F_000000040067	vRhyme_bin_11__MHr2D2E2F_000000040067_51	0.0000	low	1.0000	very high	0.0000	low
MHr2D2E2F_vRhyme_bin_11	vRhyme_bin_11__MHr2D2E2F_000000040067	vRhyme_bin_11__MHr2D2E2F_000000040067_52	0.0000	low	1.0000	very high	0.0000	low
MHr2D2E2F_vRhyme_bin_11	vRhyme_bin_11__MHr2D2E2F_000000040067	vRhyme_bin_11__MHr2D2E2F_000000040067_53	0.0543	low	1.0000	very high	0.0543	low
MHr2D2E2F_vRhyme_bin_11	vRhyme_bin_11__MHr2D2E2F_000000040067	vRhyme_bin_11__MHr2D2E2F_000000040067_54	0.0000	low	1.0000	very high	0.0000	low
MHr2D2E2F_vRhyme_bin_11	vRhyme_bin_11__MHr2D2E2F_000000040067	vRhyme_bin_11__MHr2D2E2F_000000040067_55	0.0000	low	1.0000	very high	0.0000	low
MHr2D2E2F_vRhyme_bin_11	vRhyme_bin_11__MHr2D2E2F_000000047197	vRhyme_bin_11__MHr2D2E2F_000000047197_1	0.0000	low	1.0000	very high	0.0000	low
MHr2D2E2F_vRhyme_bin_11	vRhyme_bin_11__MHr2D2E2F_000000047197	vRhyme_bin_11__MHr2D2E2F_000000047197_2	0.0000	low	0.9625	high	0.0000	low
MHr2D2E2F_vRhyme_bin_11	vRhyme_bin_11__MHr2D2E2F_000000047197	vRhyme_bin_11__MHr2D2E2F_000000047197_3	0.0000	low	1.0000	very high	0.0000	low
MHr2D2E2F_vRhyme_bin_11	vRhyme_bin_11__MHr2D2E2F_000000047197	vRhyme_bin_11__MHr2D2E2F_000000047197_4	0.0000	low	1.0000	very high	0.0000	low
MHr2D2E2F_vRhyme_bin_11	vRhyme_bin_11__MHr2D2E2F_000000047197	vRhyme_bin_11__MHr2D2E2F_000000047197_5	0.0000	low	0.9362	high	0.0000	low
MHr2D2E2F_vRhyme_bin_11	vRhyme_bin_11__MHr2D2E2F_000000047197	vRhyme_bin_11__MHr2D2E2F_000000047197_6	0.0000	low	0.9545	high	0.0000	low
MHr2D2E2F_vRhyme_bin_11	vRhyme_bin_11__MHr2D2E2F_000000047197	vRhyme_bin_11__MHr2D2E2F_000000047197_7	0.0000	low	1.0000	very high	0.0000	low
MHr2D2E2F_vRhyme_bin_11	vRhyme_bin_11__MHr2D2E2F_000000047197	vRhyme_bin_11__MHr2D2E2F_000000047197_8	0.0000	low	0.9180	high	0.0000	low
MHr2D2E2F_vRhyme_bin_11	vRhyme_bin_11__MHr2D2E2F_000000047197	vRhyme_bin_11__MHr2D2E2F_000000047197_9	0.0000	low	1.0000	very high	0.0000	low
MHr2D2E2F_vRhyme_bin_11	vRhyme_bin_11__MHr2D2E2F_000000047197	vRhyme_bin_11__MHr2D2E2F_000000047197_10	0.0000	low	1.0000	very high	0.0000	low
MHr2D2E2F_vRhyme_bin_11	vRhyme_bin_11__MHr2D2E2F_000000047197	vRhyme_bin_11__MHr2D2E2F_000000047197_11	0.0000	low	1.0000	very high	0.0000	low
MHr2D2E2F_vRhyme_bin_11	vRhyme_bin_11__MHr2D2E2F_000000047197	vRhyme_bin_11__MHr2D2E2F_000000047197_12	0.0000	low	1.0000	very high	0.0000	low
MHr2D2E2F_vRhyme_bin_11	vRhyme_bin_11__MHr2D2E2F_000000047197	vRhyme_bin_11__MHr2D2E2F_000000047197_13	0.0000	low	0.9578	high	0.0000	low
MHr2D2E2F_vRhyme_bin_11	vRhyme_bin_11__MHr2D2E2F_000000047197	vRhyme_bin_11__MHr2D2E2F_000000047197_14	0.0000	low	1.0000	very high	0.0000	low
MHr2D2E2F_vRhyme_bin_11	vRhyme_bin_11__MHr2D2E2F_000000047197	vRhyme_bin_11__MHr2D2E2F_000000047197_15	0.0000	low	1.0000	very high	0.0000	low
MHr2D2E2F_vRhyme_bin_11	vRhyme_bin_11__MHr2D2E2F_000000047197	vRhyme_bin_11__MHr2D2E2F_000000047197_16	0.0000	low	1.0000	very high	0.0000	low
MHr2D2E2F_vRhyme_bin_11	vRhyme_bin_11__MHr2D2E2F_000000047197	vRhyme_bin_11__MHr2D2E2F_000000047197_17	0.0000	low	1.0000	very high	0.0000	low
MHr2D2E2F_vRhyme_bin_11	vRhyme_bin_11__MHr2D2E2F_000000047197	vRhyme_bin_11__MHr2D2E2F_000000047197_18	0.0000	low	1.0000	very high	0.0000	low
MHr2D2E2F_vRhyme_bin_11	vRhyme_bin_11__MHr2D2E2F_000000047197	vRhyme_bin_11__MHr2D2E2F_000000047197_19	0.0000	low	1.0000	very high	0.0000	low
MHr2D2E2F_vRhyme_bin_11	vRhyme_bin_11__MHr2D2E2F_000000047197	vRhyme_bin_11__MHr2D2E2F_000000047197_20	0.0000	low	1.0000	very high	0.0000	low
MHr2D2E2F_vRhyme_bin_11	vRhyme_bin_11__MHr2D2E2F_000000047197	vRhyme_bin_11__MHr2D2E2F_000000047197_21	0.0000	low	1.0000	very high	0.0000	low
MHr2D2E2F_vRhyme_bin_11	vRhyme_bin_11__MHr2D2E2F_000000047197	vRhyme_bin_11__MHr2D2E2F_000000047197_22	0.0000	low	1.0000	very high	0.0000	low
MHr2D2E2F_vRhyme_bin_11	vRhyme_bin_11__MHr2D2E2F_000000049988	vRhyme_bin_11__MHr2D2E2F_000000049988_1	0.0000	low	1.0000	very high	0.0000	low
MHr2D2E2F_vRhyme_bin_11	vRhyme_bin_11__MHr2D2E2F_000000049988	vRhyme_bin_11__MHr2D2E2F_000000049988_2	0.0000	low	1.0000	very high	0.0000	low
MHr2D2E2F_vRhyme_bin_11	vRhyme_bin_11__MHr2D2E2F_000000049988	vRhyme_bin_11__MHr2D2E2F_000000049988_3	0.0000	low	1.0000	very high	0.0000	low
MHr2D2E2F_vRhyme_bin_11	vRhyme_bin_11__MHr2D2E2F_000000049988	vRhyme_bin_11__MHr2D2E2F_000000049988_4	0.0000	low	1.0000	very high	0.0000	low
MHr2D2E2F_vRhyme_bin_11	vRhyme_bin_11__MHr2D2E2F_000000049988	vRhyme_bin_11__MHr2D2E2F_000000049988_5	0.0000	low	1.0000	very high	0.0000	low
MHr2D2E2F_vRhyme_bin_11	vRhyme_bin_11__MHr2D2E2F_000000049988	vRhyme_bin_11__MHr2D2E2F_000000049988_6	0.0000	low	1.0000	very high	0.0000	low
MHr2D2E2F_vRhyme_bin_11	vRhyme_bin_11__MHr2D2E2F_000000049988	vRhyme_bin_11__MHr2D2E2F_000000049988_7	0.0000	low	1.0000	very high	0.0000	low
MHr2D2E2F_vRhyme_bin_11	vRhyme_bin_11__MHr2D2E2F_000000049988	vRhyme_bin_11__MHr2D2E2F_000000049988_8	0.0000	low	1.0000	very high	0.0000	low
MHr2D2E2F_vRhyme_bin_11	vRhyme_bin_11__MHr2D2E2F_000000049988	vRhyme_bin_11__MHr2D2E2F_000000049988_9	0.0000	low	1.0000	very high	0.0000	low
MHr2D2E2F_vRhyme_bin_11	vRhyme_bin_11__MHr2D2E2F_000000049988	vRhyme_bin_11__MHr2D2E2F_000000049988_10	0.0000	low	1.0000	very high	0.0000	low
MHr2D2E2F_vRhyme_bin_11	vRhyme_bin_11__MHr2D2E2F_000000049988	vRhyme_bin_11__MHr2D2E2F_000000049988_11	0.0000	low	1.0000	very high	0.0000	low
MHr2D2E2F_vRhyme_bin_11	vRhyme_bin_11__MHr2D2E2F_000000049988	vRhyme_bin_11__MHr2D2E2F_000000049988_12	0.0000	low	1.0000	very high	0.0000	low
MHr2D2E2F_vRhyme_bin_11	vRhyme_bin_11__MHr2D2E2F_000000049988	vRhyme_bin_11__MHr2D2E2F_000000049988_13	0.0000	low	1.0000	very high	0.0000	low
MHr2D2E2F_vRhyme_bin_11	vRhyme_bin_11__MHr2D2E2F_000000049988	vRhyme_bin_11__MHr2D2E2F_000000049988_14	0.0000	low	1.0000	very high	0.0000	low
MHr2D2E2F_vRhyme_bin_11	vRhyme_bin_11__MHr2D2E2F_000000049988	vRhyme_bin_11__MHr2D2E2F_000000049988_15	0.0000	low	1.0000	very high	0.0000	low
MHr2D2E2F_vRhyme_bin_11	vRhyme_bin_11__MHr2D2E2F_000000049988	vRhyme_bin_11__MHr2D2E2F_000000049988_16	0.0000	low	1.0000	very high	0.0000	low
MHr2D2E2F_vRhyme_bin_11	vRhyme_bin_11__MHr2D2E2F_000000049988	vRhyme_bin_11__MHr2D2E2F_000000049988_17	0.0000	low	1.0000	very high	0.0000	low
MHr2D2E2F_vRhyme_bin_11	vRhyme_bin_11__MHr2D2E2F_000000049988	vRhyme_bin_11__MHr2D2E2F_000000049988_18	0.0000	low	1.0000	very high	0.0000	low
MHr2D2E2F_vRhyme_bin_11	vRhyme_bin_11__MHr2D2E2F_000000049988	vRhyme_bin_11__MHr2D2E2F_000000049988_19	0.0000	low	1.0000	very high	0.0000	low
MHr2D2E2F_vRhyme_bin_11	vRhyme_bin_11__MHr2D2E2F_000000049988	vRhyme_bin_11__MHr2D2E2F_000000049988_20	0.0000	low	1.0000	very high	0.0000	low
MHr2D2E2F_vRhyme_bin_11	vRhyme_bin_11__MHr2D2E2F_000000049988	vRhyme_bin_11__MHr2D2E2F_000000049988_21	0.0000	low	1.0000	very high	0.0000	low
MHr2D2E2F_vRhyme_bin_11	vRhyme_bin_11__MHr2D2E2F_000000049988	vRhyme_bin_11__MHr2D2E2F_000000049988_22	0.0000	low	1.0000	very high	0.0000	low
MHr2D2E2F_vRhyme_bin_11	vRhyme_bin_11__MHr2D2E2F_000000049988	vRhyme_bin_11__MHr2D2E2F_000000049988_23	0.0000	low	1.0000	very high	0.0000	low
MHr2D2E2F_vRhyme_bin_11	vRhyme_bin_11__MHr2D2E2F_000000049988	vRhyme_bin_11__MHr2D2E2F_000000049988_24	0.0000	low	1.0000	very high	0.0000	low
MHr2D2E2F_vRhyme_bin_11	vRhyme_bin_11__MHr2D2E2F_000000049988	vRhyme_bin_11__MHr2D2E2F_000000049988_25	0.9493	high	1.0000	very high	0.9493	very high
MHr2D2E2F_vRhyme_bin_11	vRhyme_bin_11__MHr2D2E2F_000000049988	vRhyme_bin_11__MHr2D2E2F_000000049988_26	0.0000	low	1.0000	very high	0.0000	low
MHr2D2E2F_vRhyme_bin_11	vRhyme_bin_11__MHr2D2E2F_000000049988	vRhyme_bin_11__MHr2D2E2F_000000049988_27	0.0000	low	1.0000	very high	0.0000	low
MHr2D2E2F_vRhyme_bin_11	vRhyme_bin_11__MHr2D2E2F_000000049988	vRhyme_bin_11__MHr2D2E2F_000000049988_28	0.0000	low	1.0000	very high	0.0000	low
MHr2D2E2F_vRhyme_bin_11	vRhyme_bin_11__MHr2D2E2F_000000049988	vRhyme_bin_11__MHr2D2E2F_000000049988_29	0.0000	low	1.0000	very high	0.0000	low
MHr2D2E2F_vRhyme_bin_11	vRhyme_bin_11__MHr2D2E2F_000000049988	vRhyme_bin_11__MHr2D2E2F_000000049988_30	0.0000	low	1.0000	very high	0.0000	low
MHr2D2E2F_vRhyme_bin_11	vRhyme_bin_11__MHr2D2E2F_000000049988	vRhyme_bin_11__MHr2D2E2F_000000049988_31	0.0000	low	1.0000	very high	0.0000	low
MHr2D2E2F_vRhyme_bin_11	vRhyme_bin_11__MHr2D2E2F_000000049988	vRhyme_bin_11__MHr2D2E2F_000000049988_32	0.0000	low	1.0000	very high	0.0000	low
MHr2D2E2F_vRhyme_bin_11	vRhyme_bin_11__MHr2D2E2F_000000049988	vRhyme_bin_11__MHr2D2E2F_000000049988_33	0.0000	low	1.0000	very high	0.0000	low
MHr2D2E2F_vRhyme_bin_11	vRhyme_bin_11__MHr2D2E2F_000000049988	vRhyme_bin_11__MHr2D2E2F_000000049988_34	0.0000	low	1.0000	very high	0.0000	low
MHr2D2E2F_vRhyme_bin_11	vRhyme_bin_11__MHr2D2E2F_000000049988	vRhyme_bin_11__MHr2D2E2F_000000049988_35	0.0000	low	1.0000	very high	0.0000	low
MHr2D2E2F_vRhyme_bin_11	vRhyme_bin_11__MHr2D2E2F_000000049988	vRhyme_bin_11__MHr2D2E2F_000000049988_36	0.0000	low	1.0000	very high	0.0000	low
MHr2D2E2F_vRhyme_bin_11	vRhyme_bin_11__MHr2D2E2F_000000049988	vRhyme_bin_11__MHr2D2E2F_000000049988_37	0.0000	low	1.0000	very high	0.0000	low
MHr2D2E2F_vRhyme_bin_11	vRhyme_bin_11__MHr2D2E2F_000000049988	vRhyme_bin_11__MHr2D2E2F_000000049988_38	0.0000	low	0.9504	high	0.0000	low
MHr2D2E2F_vRhyme_bin_11	vRhyme_bin_11__MHr2D2E2F_000000049988	vRhyme_bin_11__MHr2D2E2F_000000049988_39	0.0000	low	1.0000	very high	0.0000	low
MHr2D2E2F_vRhyme_bin_11	vRhyme_bin_11__MHr2D2E2F_000000049988	vRhyme_bin_11__MHr2D2E2F_000000049988_40	0.0000	low	1.0000	very high	0.0000	low
MHr2D2E2F_vRhyme_bin_11	vRhyme_bin_11__MHr2D2E2F_000000049988	vRhyme_bin_11__MHr2D2E2F_000000049988_41	0.0000	low	1.0000	very high	0.0000	low
MHr2D2E2F_vRhyme_bin_11	vRhyme_bin_11__MHr2D2E2F_000000049988	vRhyme_bin_11__MHr2D2E2F_000000049988_42	0.0000	low	1.0000	very high	0.0000	low
MHr2D2E2F_vRhyme_bin_11	vRhyme_bin_11__MHr2D2E2F_000000049988	vRhyme_bin_11__MHr2D2E2F_000000049988_43	0.0000	low	1.0000	very high	0.0000	low
MHr2D2E2F_vRhyme_bin_11	vRhyme_bin_11__MHr2D2E2F_000000049988	vRhyme_bin_11__MHr2D2E2F_000000049988_44	0.0000	low	1.0000	very high	0.0000	low
MHr2D2E2F_vRhyme_bin_11	vRhyme_bin_11__MHr2D2E2F_000000049988	vRhyme_bin_11__MHr2D2E2F_000000049988_45	0.0000	low	1.0000	very high	0.0000	low
MHr2D2E2F_vRhyme_bin_11	vRhyme_bin_11__MHr2D2E2F_000000049988	vRhyme_bin_11__MHr2D2E2F_000000049988_46	0.0000	low	1.0000	very high	0.0000	low
MHr2D2E2F_vRhyme_bin_11	vRhyme_bin_11__MHr2D2E2F_000000049988	vRhyme_bin_11__MHr2D2E2F_000000049988_47	0.0000	low	1.0000	very high	0.0000	low
MHr2D2E2F_vRhyme_bin_11	vRhyme_bin_11__MHr2D2E2F_000000049988	vRhyme_bin_11__MHr2D2E2F_000000049988_48	0.0000	low	1.0000	very high	0.0000	low
MHr2D2E2F_vRhyme_bin_11	vRhyme_bin_11__MHr2D2E2F_000000049988	vRhyme_bin_11__MHr2D2E2F_000000049988_49	0.0000	low	1.0000	very high	0.0000	low
MHr2D2E2F_vRhyme_bin_11	vRhyme_bin_11__MHr2D2E2F_000000049988	vRhyme_bin_11__MHr2D2E2F_000000049988_50	0.0000	low	1.0000	very high	0.0000	low
MHr2D2E2F_vRhyme_bin_11	vRhyme_bin_11__MHr2D2E2F_000000049988	vRhyme_bin_11__MHr2D2E2F_000000049988_51	0.0000	low	1.0000	very high	0.0000	low
MHr2D2E2F_vRhyme_bin_11	vRhyme_bin_11__MHr2D2E2F_000000049988	vRhyme_bin_11__MHr2D2E2F_000000049988_52	0.0000	low	1.0000	very high	0.0000	low
MHr2D2E2F_vRhyme_bin_11	vRhyme_bin_11__MHr2D2E2F_000000049988	vRhyme_bin_11__MHr2D2E2F_000000049988_53	0.0000	low	1.0000	very high	0.0000	low
MHr2D2E2F_vRhyme_bin_11	vRhyme_bin_11__MHr2D2E2F_000000049988	vRhyme_bin_11__MHr2D2E2F_000000049988_54	0.0000	low	1.0000	very high	0.0000	low
MHr2D2E2F_vRhyme_bin_11	vRhyme_bin_11__MHr2D2E2F_000000049988	vRhyme_bin_11__MHr2D2E2F_000000049988_55	0.0000	low	1.0000	very high	0.0000	low
MHr2D2E2F_vRhyme_bin_11	vRhyme_bin_11__MHr2D2E2F_000000049988	vRhyme_bin_11__MHr2D2E2F_000000049988_56	0.0000	low	1.0000	very high	0.0000	low
MHr2D2E2F_vRhyme_bin_11	vRhyme_bin_11__MHr2D2E2F_000000049988	vRhyme_bin_11__MHr2D2E2F_000000049988_57	0.0000	low	1.0000	very high	0.0000	low
MHr2D2E2F_vRhyme_bin_11	vRhyme_bin_11__MHr2D2E2F_000000084120	vRhyme_bin_11__MHr2D2E2F_000000084120_1	0.0000	low	0.9544	high	0.0000	low
MHr2D2E2F_vRhyme_bin_11	vRhyme_bin_11__MHr2D2E2F_000000084120	vRhyme_bin_11__MHr2D2E2F_000000084120_2	0.0000	low	1.0000	very high	0.0000	low
MHr2D2E2F_vRhyme_bin_11	vRhyme_bin_11__MHr2D2E2F_000000084120	vRhyme_bin_11__MHr2D2E2F_000000084120_3	0.0000	low	0.9487	high	0.0000	low
MHr2D2E2F_vRhyme_bin_11	vRhyme_bin_11__MHr2D2E2F_000000084120	vRhyme_bin_11__MHr2D2E2F_000000084120_4	0.0000	low	0.9502	high	0.0000	low
MHr2D2E2F_vRhyme_bin_11	vRhyme_bin_11__MHr2D2E2F_000000084120	vRhyme_bin_11__MHr2D2E2F_000000084120_5	0.0000	low	1.0000	very high	0.0000	low
MHr2D2E2F_vRhyme_bin_11	vRhyme_bin_11__MHr2D2E2F_000000084120	vRhyme_bin_11__MHr2D2E2F_000000084120_6	0.0000	low	0.9507	high	0.0000	low
MHr2D2E2F_vRhyme_bin_11	vRhyme_bin_11__MHr2D2E2F_000000084120	vRhyme_bin_11__MHr2D2E2F_000000084120_7	0.0000	low	1.0000	very high	0.0000	low
MHr2D2E2F_vRhyme_bin_11	vRhyme_bin_11__MHr2D2E2F_000000084120	vRhyme_bin_11__MHr2D2E2F_000000084120_8	0.0000	low	0.9573	high	0.0000	low
MHr2D2E2F_vRhyme_bin_11	vRhyme_bin_11__MHr2D2E2F_000000084120	vRhyme_bin_11__MHr2D2E2F_000000084120_9	0.0000	low	1.0000	very high	0.0000	low
MHr2D2E2F_vRhyme_bin_11	vRhyme_bin_11__MHr2D2E2F_000000084120	vRhyme_bin_11__MHr2D2E2F_000000084120_10	0.0000	low	1.0000	very high	0.0000	low
MHr2D2E2F_vRhyme_bin_11	vRhyme_bin_11__MHr2D2E2F_000000084120	vRhyme_bin_11__MHr2D2E2F_000000084120_11	0.0000	low	1.0000	very high	0.0000	low
MHr2D2E2F_vRhyme_bin_11	vRhyme_bin_11__MHr2D2E2F_000000084120	vRhyme_bin_11__MHr2D2E2F_000000084120_12	0.0000	low	1.0000	very high	0.0000	low
MHr2D2E2F_vRhyme_bin_11	vRhyme_bin_11__MHr2D2E2F_000000084120	vRhyme_bin_11__MHr2D2E2F_000000084120_13	0.0000	low	1.0000	very high	0.0000	low
MHr2D2E2F_vRhyme_bin_11	vRhyme_bin_11__MHr2D2E2F_000000084120	vRhyme_bin_11__MHr2D2E2F_000000084120_14	0.0000	low	0.9449	high	0.0000	low
MHr2D2E2F_vRhyme_bin_11	vRhyme_bin_11__MHr2D2E2F_000000084120	vRhyme_bin_11__MHr2D2E2F_000000084120_15	0.0000	low	1.0000	very high	0.0000	low
MHr2D2E2F_vRhyme_bin_11	vRhyme_bin_11__MHr2D2E2F_000000084120	vRhyme_bin_11__MHr2D2E2F_000000084120_16	0.0000	low	1.0000	very high	0.0000	low
MHr2D2E2F_vRhyme_bin_11	vRhyme_bin_11__MHr2D2E2F_000000084120	vRhyme_bin_11__MHr2D2E2F_000000084120_17	0.0000	low	1.0000	very high	0.0000	low
MHr2D2E2F_vRhyme_bin_11	vRhyme_bin_11__MHr2D2E2F_000000084120	vRhyme_bin_11__MHr2D2E2F_000000084120_18	0.0000	low	0.9500	high	0.0000	low
MHr2D2E2F_vRhyme_bin_11	vRhyme_bin_11__MHr2D2E2F_000000084120	vRhyme_bin_11__MHr2D2E2F_000000084120_19	0.0000	low	0.9569	high	0.0000	low
MHr2D2E2F_vRhyme_bin_11	vRhyme_bin_11__MHr2D2E2F_000000084120	vRhyme_bin_11__MHr2D2E2F_000000084120_20	0.0000	low	1.0000	very high	0.0000	low
MHr2D2E2F_vRhyme_bin_11	vRhyme_bin_11__MHr2D2E2F_000000084120	vRhyme_bin_11__MHr2D2E2F_000000084120_21	0.0000	low	1.0000	very high	0.0000	low
MHr2D2E2F_vRhyme_bin_11	vRhyme_bin_11__MHr2D2E2F_000000084120	vRhyme_bin_11__MHr2D2E2F_000000084120_22	0.0000	low	1.0000	very high	0.0000	low
MHr2D2E2F_vRhyme_bin_11	vRhyme_bin_11__MHr2D2E2F_000000084120	vRhyme_bin_11__MHr2D2E2F_000000084120_23	0.0000	low	1.0000	very high	0.0000	low
MHr2D2E2F_vRhyme_bin_11	vRhyme_bin_11__MHr2D2E2F_000000084120	vRhyme_bin_11__MHr2D2E2F_000000084120_24	0.0000	low	1.0000	very high	0.0000	low
MHr2D2E2F_vRhyme_bin_11	vRhyme_bin_11__MHr2D2E2F_000000084120	vRhyme_bin_11__MHr2D2E2F_000000084120_25	0.0000	low	1.0000	very high	0.0000	low
MHr2D2E2F_vRhyme_bin_11	vRhyme_bin_11__MHr2D2E2F_000000084120	vRhyme_bin_11__MHr2D2E2F_000000084120_26	0.0000	low	1.0000	very high	0.0000	low
MHr2D2E2F_vRhyme_bin_11	vRhyme_bin_11__MHr2D2E2F_000000084120	vRhyme_bin_11__MHr2D2E2F_000000084120_27	0.0000	low	1.0000	very high	0.0000	low
MHr2D2E2F_vRhyme_bin_11	vRhyme_bin_11__MHr2D2E2F_000000084120	vRhyme_bin_11__MHr2D2E2F_000000084120_28	0.0000	low	1.0000	very high	0.0000	low
MHr2D2E2F_vRhyme_bin_11	vRhyme_bin_11__MHr2D2E2F_000000084120	vRhyme_bin_11__MHr2D2E2F_000000084120_29	0.0000	low	1.0000	very high	0.0000	low
MHr2D2E2F_vRhyme_bin_11	vRhyme_bin_11__MHr2D2E2F_000000084120	vRhyme_bin_11__MHr2D2E2F_000000084120_30	0.0000	low	1.0000	very high	0.0000	low
MHr2D2E2F_vRhyme_bin_11	vRhyme_bin_11__MHr2D2E2F_000000084120	vRhyme_bin_11__MHr2D2E2F_000000084120_31	0.0000	low	1.0000	very high	0.0000	low
MHr2D2E2F_vRhyme_bin_11	vRhyme_bin_11__MHr2D2E2F_000000084120	vRhyme_bin_11__MHr2D2E2F_000000084120_32	0.0000	low	1.0000	very high	0.0000	low
MHr2D2E2F_vRhyme_bin_11	vRhyme_bin_11__MHr2D2E2F_000000084120	vRhyme_bin_11__MHr2D2E2F_000000084120_33	0.0000	low	1.0000	very high	0.0000	low
MHr2D2E2F_vRhyme_bin_11	vRhyme_bin_11__MHr2D2E2F_000000084120	vRhyme_bin_11__MHr2D2E2F_000000084120_34	0.0000	low	1.0000	very high	0.0000	low
MHr2D2E2F_vRhyme_bin_11	vRhyme_bin_11__MHr2D2E2F_000000084120	vRhyme_bin_11__MHr2D2E2F_000000084120_35	0.0000	low	1.0000	very high	0.0000	low
MHr2D2E2F_vRhyme_bin_11	vRhyme_bin_11__MHr2D2E2F_000000084120	vRhyme_bin_11__MHr2D2E2F_000000084120_36	0.0000	low	1.0000	very high	0.0000	low
MHr2D2E2F_vRhyme_bin_11	vRhyme_bin_11__MHr2D2E2F_000000084120	vRhyme_bin_11__MHr2D2E2F_000000084120_37	0.0000	low	1.0000	very high	0.0000	low
MHr2D2E2F_vRhyme_bin_11	vRhyme_bin_11__MHr2D2E2F_000000084120	vRhyme_bin_11__MHr2D2E2F_000000084120_38	0.0000	low	1.0000	very high	0.0000	low
MHr2D2E2F_vRhyme_bin_11	vRhyme_bin_11__MHr2D2E2F_000000084120	vRhyme_bin_11__MHr2D2E2F_000000084120_39	0.0000	low	1.0000	very high	0.0000	low
MHr2D2E2F_vRhyme_bin_11	vRhyme_bin_11__MHr2D2E2F_000000084120	vRhyme_bin_11__MHr2D2E2F_000000084120_40	0.0000	low	1.0000	very high	0.0000	low
MHr2D2E2F_vRhyme_bin_11	vRhyme_bin_11__MHr2D2E2F_000000084120	vRhyme_bin_11__MHr2D2E2F_000000084120_41	0.0000	low	1.0000	very high	0.0000	low
MHr2D2E2F_vRhyme_bin_11	vRhyme_bin_11__MHr2D2E2F_000000084120	vRhyme_bin_11__MHr2D2E2F_000000084120_42	0.0000	low	1.0000	very high	0.0000	low
MHr2D2E2F_vRhyme_bin_11	vRhyme_bin_11__MHr2D2E2F_000000084120	vRhyme_bin_11__MHr2D2E2F_000000084120_43	0.0000	low	1.0000	very high	0.0000	low
MHr2D2E2F_vRhyme_bin_11	vRhyme_bin_11__MHr2D2E2F_000000084120	vRhyme_bin_11__MHr2D2E2F_000000084120_44	0.0000	low	1.0000	very high	0.0000	low
MHr2D2E2F_vRhyme_bin_11	vRhyme_bin_11__MHr2D2E2F_000000121636	vRhyme_bin_11__MHr2D2E2F_000000121636_1	0.0000	low	1.0000	very high	0.0000	low
MHr2D2E2F_vRhyme_bin_11	vRhyme_bin_11__MHr2D2E2F_000000121636	vRhyme_bin_11__MHr2D2E2F_000000121636_2	0.0000	low	1.0000	very high	0.0000	low
MHr2D2E2F_vRhyme_bin_11	vRhyme_bin_11__MHr2D2E2F_000000121636	vRhyme_bin_11__MHr2D2E2F_000000121636_3	0.0000	low	1.0000	very high	0.0000	low
MHr2D2E2F_vRhyme_bin_11	vRhyme_bin_11__MHr2D2E2F_000000121636	vRhyme_bin_11__MHr2D2E2F_000000121636_4	0.0000	low	1.0000	very high	0.0000	low
MHr2D2E2F_vRhyme_bin_11	vRhyme_bin_11__MHr2D2E2F_000000121636	vRhyme_bin_11__MHr2D2E2F_000000121636_5	0.5023	high	0.8881	high	0.4461	high
MHr2D2E2F_vRhyme_bin_11	vRhyme_bin_11__MHr2D2E2F_000000121636	vRhyme_bin_11__MHr2D2E2F_000000121636_6	0.0000	low	1.0000	very high	0.0000	low
MHr2D2E2F_vRhyme_bin_11	vRhyme_bin_11__MHr2D2E2F_000000121636	vRhyme_bin_11__MHr2D2E2F_000000121636_7	0.0000	low	1.0000	very high	0.0000	low
MHr2D2E2F_vRhyme_bin_11	vRhyme_bin_11__MHr2D2E2F_000000121636	vRhyme_bin_11__MHr2D2E2F_000000121636_8	0.0000	low	1.0000	very high	0.0000	low
MHr2D2E2F_vRhyme_bin_11	vRhyme_bin_11__MHr2D2E2F_000000121636	vRhyme_bin_11__MHr2D2E2F_000000121636_9	0.0000	low	1.0000	very high	0.0000	low
MHr2D2E2F_vRhyme_bin_11	vRhyme_bin_11__MHr2D2E2F_000000121636	vRhyme_bin_11__MHr2D2E2F_000000121636_10	0.0000	low	1.0000	very high	0.0000	low
MHr2D2E2F_vRhyme_bin_11	vRhyme_bin_11__MHr2D2E2F_000000121636	vRhyme_bin_11__MHr2D2E2F_000000121636_11	0.0000	low	1.0000	very high	0.0000	low
MHr2D2E2F_vRhyme_bin_11	vRhyme_bin_11__MHr2D2E2F_000000121636	vRhyme_bin_11__MHr2D2E2F_000000121636_12	0.0000	low	1.0000	very high	0.0000	low
MHr2D2E2F_vRhyme_bin_11	vRhyme_bin_11__MHr2D2E2F_000000121636	vRhyme_bin_11__MHr2D2E2F_000000121636_13	0.0000	low	0.9550	high	0.0000	low
MHr2D2E2F_vRhyme_bin_11	vRhyme_bin_11__MHr2D2E2F_000000121636	vRhyme_bin_11__MHr2D2E2F_000000121636_14	0.0000	low	1.0000	very high	0.0000	low
MHr2D2E2F_vRhyme_bin_11	vRhyme_bin_11__MHr2D2E2F_000000121636	vRhyme_bin_11__MHr2D2E2F_000000121636_15	0.0000	low	1.0000	very high	0.0000	low
MHr2D2E2F_vRhyme_bin_11	vRhyme_bin_11__MHr2D2E2F_000000121636	vRhyme_bin_11__MHr2D2E2F_000000121636_16	0.0000	low	1.0000	very high	0.0000	low
MHr2D2E2F_vRhyme_bin_11	vRhyme_bin_11__MHr2D2E2F_000000121636	vRhyme_bin_11__MHr2D2E2F_000000121636_17	0.0000	low	1.0000	very high	0.0000	low
MHr2D2E2F_vRhyme_bin_11	vRhyme_bin_11__MHr2D2E2F_000000136596	vRhyme_bin_11__MHr2D2E2F_000000136596_1	0.0000	low	1.0000	very high	0.0000	low
MHr2D2E2F_vRhyme_bin_11	vRhyme_bin_11__MHr2D2E2F_000000136596	vRhyme_bin_11__MHr2D2E2F_000000136596_2	0.0000	low	1.0000	very high	0.0000	low
MHr2D2E2F_vRhyme_bin_11	vRhyme_bin_11__MHr2D2E2F_000000136596	vRhyme_bin_11__MHr2D2E2F_000000136596_3	0.0000	low	1.0000	very high	0.0000	low
MHr2D2E2F_vRhyme_bin_11	vRhyme_bin_11__MHr2D2E2F_000000136596	vRhyme_bin_11__MHr2D2E2F_000000136596_4	0.0000	low	1.0000	very high	0.0000	low
MHr2D2E2F_vRhyme_bin_11	vRhyme_bin_11__MHr2D2E2F_000000136596	vRhyme_bin_11__MHr2D2E2F_000000136596_5	0.0000	low	0.9506	high	0.0000	low
MHr2D2E2F_vRhyme_bin_11	vRhyme_bin_11__MHr2D2E2F_000000136596	vRhyme_bin_11__MHr2D2E2F_000000136596_6	0.0000	low	1.0000	very high	0.0000	low
MHr2D2E2F_vRhyme_bin_11	vRhyme_bin_11__MHr2D2E2F_000000136596	vRhyme_bin_11__MHr2D2E2F_000000136596_7	0.0000	low	0.9040	high	0.0000	low
MHr2D2E2F_vRhyme_bin_11	vRhyme_bin_11__MHr2D2E2F_000000136596	vRhyme_bin_11__MHr2D2E2F_000000136596_8	0.0000	low	1.0000	very high	0.0000	low
MHr2D2E2F_vRhyme_bin_11	vRhyme_bin_11__MHr2D2E2F_000000136596	vRhyme_bin_11__MHr2D2E2F_000000136596_9	0.0000	low	1.0000	very high	0.0000	low
MHr2D2E2F_vRhyme_bin_11	vRhyme_bin_11__MHr2D2E2F_000000136596	vRhyme_bin_11__MHr2D2E2F_000000136596_10	0.0000	low	1.0000	very high	0.0000	low
MHr2D2E2F_vRhyme_bin_11	vRhyme_bin_11__MHr2D2E2F_000000136596	vRhyme_bin_11__MHr2D2E2F_000000136596_11	0.0000	low	1.0000	very high	0.0000	low
MHr2D2E2F_vRhyme_bin_11	vRhyme_bin_11__MHr2D2E2F_000000136596	vRhyme_bin_11__MHr2D2E2F_000000136596_12	0.0000	low	0.9541	high	0.0000	low
MHr2D2E2F_vRhyme_bin_11	vRhyme_bin_11__MHr2D2E2F_000000136596	vRhyme_bin_11__MHr2D2E2F_000000136596_13	0.0000	low	1.0000	very high	0.0000	low
MHr2D2E2F_vRhyme_bin_11	vRhyme_bin_11__MHr2D2E2F_000000136596	vRhyme_bin_11__MHr2D2E2F_000000136596_14	0.0000	low	1.0000	very high	0.0000	low
MHr2D2E2F_vRhyme_bin_11	vRhyme_bin_11__MHr2D2E2F_000000136596	vRhyme_bin_11__MHr2D2E2F_000000136596_15	0.0000	low	1.0000	very high	0.0000	low
MHr2D2E2F_vRhyme_bin_11	vRhyme_bin_11__MHr2D2E2F_000000136596	vRhyme_bin_11__MHr2D2E2F_000000136596_16	0.0000	low	0.9546	high	0.0000	low
MHr2D2E2F_vRhyme_bin_11	vRhyme_bin_11__MHr2D2E2F_000000151933	vRhyme_bin_11__MHr2D2E2F_000000151933_1	0.0000	low	0.9590	high	0.0000	low
MHr2D2E2F_vRhyme_bin_11	vRhyme_bin_11__MHr2D2E2F_000000151933	vRhyme_bin_11__MHr2D2E2F_000000151933_2	0.0000	low	0.9021	high	0.0000	low
MHr2D2E2F_vRhyme_bin_11	vRhyme_bin_11__MHr2D2E2F_000000151933	vRhyme_bin_11__MHr2D2E2F_000000151933_3	0.0000	low	0.8580	high	0.0000	low
MHr2D2E2F_vRhyme_bin_11	vRhyme_bin_11__MHr2D2E2F_000000151933	vRhyme_bin_11__MHr2D2E2F_000000151933_4	0.0000	low	0.8967	high	0.0000	low
MHr2D2E2F_vRhyme_bin_11	vRhyme_bin_11__MHr2D2E2F_000000151933	vRhyme_bin_11__MHr2D2E2F_000000151933_5	0.0000	low	1.0000	very high	0.0000	low
MHr2D2E2F_vRhyme_bin_11	vRhyme_bin_11__MHr2D2E2F_000000151933	vRhyme_bin_11__MHr2D2E2F_000000151933_6	0.0000	low	1.0000	very high	0.0000	low
MHr2D2E2F_vRhyme_bin_11	vRhyme_bin_11__MHr2D2E2F_000000151933	vRhyme_bin_11__MHr2D2E2F_000000151933_7	0.0000	low	1.0000	very high	0.0000	low
MHr2D2E2F_vRhyme_bin_11	vRhyme_bin_11__MHr2D2E2F_000000151933	vRhyme_bin_11__MHr2D2E2F_000000151933_8	0.0000	low	1.0000	very high	0.0000	low
MHr2D2E2F_vRhyme_bin_11	vRhyme_bin_11__MHr2D2E2F_000000151933	vRhyme_bin_11__MHr2D2E2F_000000151933_9	0.0000	low	0.9126	high	0.0000	low
MHr2D2E2F_vRhyme_bin_11	vRhyme_bin_11__MHr2D2E2F_000000151933	vRhyme_bin_11__MHr2D2E2F_000000151933_10	0.0000	low	0.8439	high	0.0000	low
MHr2D2E2F_vRhyme_bin_11	vRhyme_bin_11__MHr2D2E2F_000000151933	vRhyme_bin_11__MHr2D2E2F_000000151933_11	0.0000	low	1.0000	very high	0.0000	low
MHr2D2E2F_vRhyme_bin_11	vRhyme_bin_11__MHr2D2E2F_000000151933	vRhyme_bin_11__MHr2D2E2F_000000151933_12	0.0000	low	1.0000	very high	0.0000	low
MHr2D2E2F_vRhyme_bin_11	vRhyme_bin_11__MHr2D2E2F_000000151933	vRhyme_bin_11__MHr2D2E2F_000000151933_13	0.0000	low	0.9293	high	0.0000	low
MHr2D2E2F_vRhyme_bin_11	vRhyme_bin_11__MHr2D2E2F_000000151933	vRhyme_bin_11__MHr2D2E2F_000000151933_14	0.0000	low	1.0000	very high	0.0000	low
MHr2D2E2F_vRhyme_bin_11	vRhyme_bin_11__MHr2D2E2F_000000151933	vRhyme_bin_11__MHr2D2E2F_000000151933_15	0.0000	low	1.0000	very high	0.0000	low
MHr2D2E2F_vRhyme_bin_11	vRhyme_bin_11__MHr2D2E2F_000000151933	vRhyme_bin_11__MHr2D2E2F_000000151933_16	0.0000	low	0.9603	high	0.0000	low
MHr2D2E2F_vRhyme_bin_11	vRhyme_bin_11__MHr2D2E2F_000000151933	vRhyme_bin_11__MHr2D2E2F_000000151933_17	0.0000	low	1.0000	very high	0.0000	low
MHr2D2E2F_vRhyme_bin_11	vRhyme_bin_11__MHr2D2E2F_000000151933	vRhyme_bin_11__MHr2D2E2F_000000151933_18	0.0000	low	0.9537	high	0.0000	low
MHr2D2E2F_vRhyme_bin_11	vRhyme_bin_11__MHr2D2E2F_000000151933	vRhyme_bin_11__MHr2D2E2F_000000151933_19	0.0000	low	0.9579	high	0.0000	low
MHr2D2E2F_vRhyme_bin_11	vRhyme_bin_11__MHr2D2E2F_000000151933	vRhyme_bin_11__MHr2D2E2F_000000151933_20	0.0000	low	1.0000	very high	0.0000	low
MHr2D2E2F_vRhyme_bin_11	vRhyme_bin_11__MHr2D2E2F_000000151933	vRhyme_bin_11__MHr2D2E2F_000000151933_21	0.0000	low	0.8856	high	0.0000	low
MHr2D2E2F_vRhyme_bin_11	vRhyme_bin_11__MHr2D2E2F_000000151933	vRhyme_bin_11__MHr2D2E2F_000000151933_22	0.0000	low	0.9504	high	0.0000	low
MHr2D2E2F_vRhyme_bin_11	vRhyme_bin_11__MHr2D2E2F_000000151933	vRhyme_bin_11__MHr2D2E2F_000000151933_23	0.0000	low	0.8921	high	0.0000	low
MHr2D2E2F_vRhyme_bin_11	vRhyme_bin_11__MHr2D2E2F_000000151933	vRhyme_bin_11__MHr2D2E2F_000000151933_24	0.0000	low	0.9503	high	0.0000	low
MHr2D2E2F_vRhyme_bin_11	vRhyme_bin_11__MHr2D2E2F_000000151933	vRhyme_bin_11__MHr2D2E2F_000000151933_25	0.0000	low	1.0000	very high	0.0000	low
MHr2D2E2F_vRhyme_bin_11	vRhyme_bin_11__MHr2D2E2F_000000151933	vRhyme_bin_11__MHr2D2E2F_000000151933_26	0.0000	low	1.0000	very high	0.0000	low
MHr2D2E2F_vRhyme_bin_11	vRhyme_bin_11__MHr2D2E2F_000000151933	vRhyme_bin_11__MHr2D2E2F_000000151933_27	0.0000	low	1.0000	very high	0.0000	low
MHr2D2E2F_vRhyme_bin_11	vRhyme_bin_11__MHr2D2E2F_000000151933	vRhyme_bin_11__MHr2D2E2F_000000151933_28	0.0000	low	1.0000	very high	0.0000	low
MHr2D2E2F_vRhyme_bin_11	vRhyme_bin_11__MHr2D2E2F_000000172760	vRhyme_bin_11__MHr2D2E2F_000000172760_1	0.0000	low	1.0000	very high	0.0000	low
MHr2D2E2F_vRhyme_bin_11	vRhyme_bin_11__MHr2D2E2F_000000172760	vRhyme_bin_11__MHr2D2E2F_000000172760_2	0.0000	low	1.0000	very high	0.0000	low
MHr2D2E2F_vRhyme_bin_11	vRhyme_bin_11__MHr2D2E2F_000000172760	vRhyme_bin_11__MHr2D2E2F_000000172760_3	0.0000	low	1.0000	very high	0.0000	low
MHr2D2E2F_vRhyme_bin_11	vRhyme_bin_11__MHr2D2E2F_000000172760	vRhyme_bin_11__MHr2D2E2F_000000172760_4	0.0000	low	1.0000	very high	0.0000	low
MHr2D2E2F_vRhyme_bin_11	vRhyme_bin_11__MHr2D2E2F_000000172760	vRhyme_bin_11__MHr2D2E2F_000000172760_5	0.0000	low	1.0000	very high	0.0000	low
MHr2D2E2F_vRhyme_bin_11	vRhyme_bin_11__MHr2D2E2F_000000172760	vRhyme_bin_11__MHr2D2E2F_000000172760_6	0.0000	low	1.0000	very high	0.0000	low
MHr2D2E2F_vRhyme_bin_11	vRhyme_bin_11__MHr2D2E2F_000000172760	vRhyme_bin_11__MHr2D2E2F_000000172760_7	0.0000	low	1.0000	very high	0.0000	low
MHr2D2E2F_vRhyme_bin_11	vRhyme_bin_11__MHr2D2E2F_000000172760	vRhyme_bin_11__MHr2D2E2F_000000172760_8	0.0000	low	1.0000	very high	0.0000	low
MHr2D2E2F_vRhyme_bin_11	vRhyme_bin_11__MHr2D2E2F_000000172760	vRhyme_bin_11__MHr2D2E2F_000000172760_9	0.0000	low	1.0000	very high	0.0000	low
MHr2D2E2F_vRhyme_bin_11	vRhyme_bin_11__MHr2D2E2F_000000172760	vRhyme_bin_11__MHr2D2E2F_000000172760_10	0.0000	low	1.0000	very high	0.0000	low
MHr2D2E2F_vRhyme_bin_11	vRhyme_bin_11__MHr2D2E2F_000000172760	vRhyme_bin_11__MHr2D2E2F_000000172760_11	0.0000	low	1.0000	very high	0.0000	low
MHr2D2E2F_vRhyme_bin_11	vRhyme_bin_11__MHr2D2E2F_000000172760	vRhyme_bin_11__MHr2D2E2F_000000172760_12	0.0000	low	1.0000	very high	0.0000	low
MHr2D2E2F_vRhyme_bin_11	vRhyme_bin_11__MHr2D2E2F_000000172760	vRhyme_bin_11__MHr2D2E2F_000000172760_13	0.0000	low	1.0000	very high	0.0000	low
MHr2D2E2F_vRhyme_bin_11	vRhyme_bin_11__MHr2D2E2F_000000172760	vRhyme_bin_11__MHr2D2E2F_000000172760_14	0.0000	low	1.0000	very high	0.0000	low
MHr2D2E2F_vRhyme_bin_11	vRhyme_bin_11__MHr2D2E2F_000000172760	vRhyme_bin_11__MHr2D2E2F_000000172760_15	0.0000	low	1.0000	very high	0.0000	low
MHr2D2E2F_vRhyme_bin_11	vRhyme_bin_11__MHr2D2E2F_000000172760	vRhyme_bin_11__MHr2D2E2F_000000172760_16	0.0000	low	1.0000	very high	0.0000	low
MHr2D2E2F_vRhyme_bin_11	vRhyme_bin_11__MHr2D2E2F_000000172760	vRhyme_bin_11__MHr2D2E2F_000000172760_17	0.0000	low	1.0000	very high	0.0000	low
MHr2D2E2F_vRhyme_bin_11	vRhyme_bin_11__MHr2D2E2F_000000172760	vRhyme_bin_11__MHr2D2E2F_000000172760_18	0.0000	low	1.0000	very high	0.0000	low
MHr2D2E2F_vRhyme_bin_11	vRhyme_bin_11__MHr2D2E2F_000000172760	vRhyme_bin_11__MHr2D2E2F_000000172760_19	0.0000	low	1.0000	very high	0.0000	low
MHr2D2E2F_vRhyme_bin_11	vRhyme_bin_11__MHr2D2E2F_000000172760	vRhyme_bin_11__MHr2D2E2F_000000172760_20	0.0000	low	1.0000	very high	0.0000	low
MHr2D2E2F_vRhyme_bin_11	vRhyme_bin_11__MHr2D2E2F_000000172760	vRhyme_bin_11__MHr2D2E2F_000000172760_21	0.0000	low	1.0000	very high	0.0000	low
MHr2D2E2F_vRhyme_bin_11	vRhyme_bin_11__MHr2D2E2F_000000172760	vRhyme_bin_11__MHr2D2E2F_000000172760_22	0.0000	low	1.0000	very high	0.0000	low
MHr2D2E2F_vRhyme_bin_11	vRhyme_bin_11__MHr2D2E2F_000000172760	vRhyme_bin_11__MHr2D2E2F_000000172760_23	0.0000	low	1.0000	very high	0.0000	low
MHr2D2E2F_vRhyme_bin_11	vRhyme_bin_11__MHr2D2E2F_000000172760	vRhyme_bin_11__MHr2D2E2F_000000172760_24	0.0000	low	1.0000	very high	0.0000	low
MHr2D2E2F_vRhyme_bin_11	vRhyme_bin_11__MHr2D2E2F_000000172760	vRhyme_bin_11__MHr2D2E2F_000000172760_25	0.0000	low	0.9521	high	0.0000	low
MHr2D2E2F_vRhyme_bin_11	vRhyme_bin_11__MHr2D2E2F_000000172760	vRhyme_bin_11__MHr2D2E2F_000000172760_26	0.0000	low	1.0000	very high	0.0000	low
MHr2D2E2F_vRhyme_bin_11	vRhyme_bin_11__MHr2D2E2F_000000172760	vRhyme_bin_11__MHr2D2E2F_000000172760_27	0.0000	low	1.0000	very high	0.0000	low
MHr2D2E2F_vRhyme_bin_11	vRhyme_bin_11__MHr2D2E2F_000000172760	vRhyme_bin_11__MHr2D2E2F_000000172760_28	0.0000	low	1.0000	very high	0.0000	low
MHr2D2E2F_vRhyme_bin_11	vRhyme_bin_11__MHr2D2E2F_000000172760	vRhyme_bin_11__MHr2D2E2F_000000172760_29	0.0000	low	1.0000	very high	0.0000	low
MHr2D2E2F_vRhyme_bin_11	vRhyme_bin_11__MHr2D2E2F_000000172760	vRhyme_bin_11__MHr2D2E2F_000000172760_30	0.0000	low	1.0000	very high	0.0000	low
MHr2D2E2F_vRhyme_bin_11	vRhyme_bin_11__MHr2D2E2F_000000172760	vRhyme_bin_11__MHr2D2E2F_000000172760_31	1.0000	very high	1.0000	very high	1.0000	very high
MHr2D2E2F_vRhyme_bin_11	vRhyme_bin_11__MHr2D2E2F_000000172760	vRhyme_bin_11__MHr2D2E2F_000000172760_32	0.0000	low	1.0000	very high	0.0000	low
MHr2D2E2F_vRhyme_bin_11	vRhyme_bin_11__MHr2D2E2F_000000251315	vRhyme_bin_11__MHr2D2E2F_000000251315_1	0.0000	low	1.0000	very high	0.0000	low
MHr2D2E2F_vRhyme_bin_11	vRhyme_bin_11__MHr2D2E2F_000000251315	vRhyme_bin_11__MHr2D2E2F_000000251315_2	0.0000	low	1.0000	very high	0.0000	low
MHr2D2E2F_vRhyme_bin_11	vRhyme_bin_11__MHr2D2E2F_000000251315	vRhyme_bin_11__MHr2D2E2F_000000251315_3	0.0000	low	1.0000	very high	0.0000	low
MHr2D2E2F_vRhyme_bin_11	vRhyme_bin_11__MHr2D2E2F_000000251315	vRhyme_bin_11__MHr2D2E2F_000000251315_4	0.0000	low	1.0000	very high	0.0000	low
MHr2D2E2F_vRhyme_bin_11	vRhyme_bin_11__MHr2D2E2F_000000251315	vRhyme_bin_11__MHr2D2E2F_000000251315_5	0.0000	low	1.0000	very high	0.0000	low
MHr2D2E2F_vRhyme_bin_11	vRhyme_bin_11__MHr2D2E2F_000000251315	vRhyme_bin_11__MHr2D2E2F_000000251315_6	0.0000	low	1.0000	very high	0.0000	low
MHr2D2E2F_vRhyme_bin_11	vRhyme_bin_11__MHr2D2E2F_000000251315	vRhyme_bin_11__MHr2D2E2F_000000251315_7	0.0000	low	1.0000	very high	0.0000	low
MHr2D2E2F_vRhyme_bin_11	vRhyme_bin_11__MHr2D2E2F_000000251315	vRhyme_bin_11__MHr2D2E2F_000000251315_8	0.0000	low	1.0000	very high	0.0000	low
MHr2D2E2F_vRhyme_bin_11	vRhyme_bin_11__MHr2D2E2F_000000251315	vRhyme_bin_11__MHr2D2E2F_000000251315_9	0.0000	low	1.0000	very high	0.0000	low
MHr2D2E2F_vRhyme_bin_11	vRhyme_bin_11__MHr2D2E2F_000000251315	vRhyme_bin_11__MHr2D2E2F_000000251315_10	0.0000	low	1.0000	very high	0.0000	low
MHr2D2E2F_vRhyme_bin_11	vRhyme_bin_11__MHr2D2E2F_000000251315	vRhyme_bin_11__MHr2D2E2F_000000251315_11	0.0000	low	1.0000	very high	0.0000	low
MHr2D2E2F_vRhyme_bin_11	vRhyme_bin_11__MHr2D2E2F_000000251315	vRhyme_bin_11__MHr2D2E2F_000000251315_12	0.0000	low	1.0000	very high	0.0000	low
MHr2D2E2F_vRhyme_bin_11	vRhyme_bin_11__MHr2D2E2F_000000251315	vRhyme_bin_11__MHr2D2E2F_000000251315_13	0.0000	low	1.0000	very high	0.0000	low
MHr2D2E2F_vRhyme_bin_11	vRhyme_bin_11__MHr2D2E2F_000000251315	vRhyme_bin_11__MHr2D2E2F_000000251315_14	0.0000	low	1.0000	very high	0.0000	low
MHr2D2E2F_vRhyme_bin_11	vRhyme_bin_11__MHr2D2E2F_000000251315	vRhyme_bin_11__MHr2D2E2F_000000251315_15	0.0000	low	1.0000	very high	0.0000	low
MHr2D2E2F_vRhyme_bin_11	vRhyme_bin_11__MHr2D2E2F_000000251315	vRhyme_bin_11__MHr2D2E2F_000000251315_16	0.0000	low	1.0000	very high	0.0000	low
MHr2D2E2F_vRhyme_bin_11	vRhyme_bin_11__MHr2D2E2F_000000251315	vRhyme_bin_11__MHr2D2E2F_000000251315_17	0.0000	low	1.0000	very high	0.0000	low
MHr2D2E2F_vRhyme_bin_11	vRhyme_bin_11__MHr2D2E2F_000000251315	vRhyme_bin_11__MHr2D2E2F_000000251315_18	0.0000	low	1.0000	very high	0.0000	low
MHr2D2E2F_vRhyme_bin_11	vRhyme_bin_11__MHr2D2E2F_000000251315	vRhyme_bin_11__MHr2D2E2F_000000251315_19	0.0000	low	1.0000	very high	0.0000	low
MHr2D2E2F_vRhyme_bin_11	vRhyme_bin_11__MHr2D2E2F_000000251315	vRhyme_bin_11__MHr2D2E2F_000000251315_20	0.0000	low	1.0000	very high	0.0000	low
MHr2D2E2F_vRhyme_bin_11	vRhyme_bin_11__MHr2D2E2F_000000251315	vRhyme_bin_11__MHr2D2E2F_000000251315_21	0.0000	low	0.9601	high	0.0000	low
MHr2D2E2F_vRhyme_bin_11	vRhyme_bin_11__MHr2D2E2F_000000251315	vRhyme_bin_11__MHr2D2E2F_000000251315_22	0.0000	low	1.0000	very high	0.0000	low
MHr2D2E2F_vRhyme_bin_11	vRhyme_bin_11__MHr2D2E2F_000000251315	vRhyme_bin_11__MHr2D2E2F_000000251315_23	0.0000	low	1.0000	very high	0.0000	low
MHr2D2E2F_vRhyme_bin_11	vRhyme_bin_11__MHr2D2E2F_000000251315	vRhyme_bin_11__MHr2D2E2F_000000251315_24	0.0000	low	1.0000	very high	0.0000	low
MHr2D2E2F_vRhyme_bin_11	vRhyme_bin_11__MHr2D2E2F_000000251315	vRhyme_bin_11__MHr2D2E2F_000000251315_25	0.0000	low	1.0000	very high	0.0000	low
MHr2D2E2F_vRhyme_bin_11	vRhyme_bin_11__MHr2D2E2F_000000251315	vRhyme_bin_11__MHr2D2E2F_000000251315_26	0.0000	low	1.0000	very high	0.0000	low
MHr2D2E2F_vRhyme_bin_11	vRhyme_bin_11__MHr2D2E2F_000000251315	vRhyme_bin_11__MHr2D2E2F_000000251315_27	0.0000	low	1.0000	very high	0.0000	low
MHr2D2E2F_vRhyme_bin_11	vRhyme_bin_11__MHr2D2E2F_000000251315	vRhyme_bin_11__MHr2D2E2F_000000251315_28	0.0000	low	1.0000	very high	0.0000	low
MHr2D2E2F_vRhyme_bin_11	vRhyme_bin_11__MHr2D2E2F_000000251315	vRhyme_bin_11__MHr2D2E2F_000000251315_29	0.0000	low	1.0000	very high	0.0000	low
MHr2D2E2F_vRhyme_bin_11	vRhyme_bin_11__MHr2D2E2F_000000251315	vRhyme_bin_11__MHr2D2E2F_000000251315_30	0.0000	low	1.0000	very high	0.0000	low
MHr2D2E2F_vRhyme_bin_11	vRhyme_bin_11__MHr2D2E2F_000000251315	vRhyme_bin_11__MHr2D2E2F_000000251315_31	0.0000	low	1.0000	very high	0.0000	low
MHr2D2E2F_vRhyme_bin_11	vRhyme_bin_11__MHr2D2E2F_000000251315	vRhyme_bin_11__MHr2D2E2F_000000251315_32	0.0000	low	1.0000	very high	0.0000	low
MHr2D2E2F_vRhyme_bin_11	vRhyme_bin_11__MHr2D2E2F_000000308642	vRhyme_bin_11__MHr2D2E2F_000000308642_1	0.0000	low	1.0000	very high	0.0000	low
MHr2D2E2F_vRhyme_bin_11	vRhyme_bin_11__MHr2D2E2F_000000308642	vRhyme_bin_11__MHr2D2E2F_000000308642_2	0.0000	low	1.0000	very high	0.0000	low
MHr2D2E2F_vRhyme_bin_11	vRhyme_bin_11__MHr2D2E2F_000000308642	vRhyme_bin_11__MHr2D2E2F_000000308642_3	0.0000	low	1.0000	very high	0.0000	low
MHr2D2E2F_vRhyme_bin_11	vRhyme_bin_11__MHr2D2E2F_000000308642	vRhyme_bin_11__MHr2D2E2F_000000308642_4	0.0000	low	1.0000	very high	0.0000	low
MHr2D2E2F_vRhyme_bin_11	vRhyme_bin_11__MHr2D2E2F_000000308642	vRhyme_bin_11__MHr2D2E2F_000000308642_5	0.0000	low	1.0000	very high	0.0000	low
MHr2D2E2F_vRhyme_bin_11	vRhyme_bin_11__MHr2D2E2F_000000308642	vRhyme_bin_11__MHr2D2E2F_000000308642_6	0.0000	low	1.0000	very high	0.0000	low
MHr2D2E2F_vRhyme_bin_11	vRhyme_bin_11__MHr2D2E2F_000000308642	vRhyme_bin_11__MHr2D2E2F_000000308642_7	0.0000	low	1.0000	very high	0.0000	low
MHr2D2E2F_vRhyme_bin_11	vRhyme_bin_11__MHr2D2E2F_000000308642	vRhyme_bin_11__MHr2D2E2F_000000308642_8	0.0000	low	1.0000	very high	0.0000	low
MHr2D2E2F_vRhyme_bin_11	vRhyme_bin_11__MHr2D2E2F_000000308642	vRhyme_bin_11__MHr2D2E2F_000000308642_9	0.0000	low	1.0000	very high	0.0000	low
MHr2D2E2F_vRhyme_bin_11	vRhyme_bin_11__MHr2D2E2F_000000308642	vRhyme_bin_11__MHr2D2E2F_000000308642_10	0.0000	low	1.0000	very high	0.0000	low
MHr2D2E2F_vRhyme_bin_11	vRhyme_bin_11__MHr2D2E2F_000000308642	vRhyme_bin_11__MHr2D2E2F_000000308642_11	0.0000	low	1.0000	very high	0.0000	low
MHr2D2E2F_vRhyme_bin_11	vRhyme_bin_11__MHr2D2E2F_000000308642	vRhyme_bin_11__MHr2D2E2F_000000308642_12	0.0000	low	1.0000	very high	0.0000	low
MHr2D2E2F_vRhyme_bin_11	vRhyme_bin_11__MHr2D2E2F_000000308642	vRhyme_bin_11__MHr2D2E2F_000000308642_13	0.0000	low	1.0000	very high	0.0000	low
MHr2D2E2F_vRhyme_bin_11	vRhyme_bin_11__MHr2D2E2F_000000308642	vRhyme_bin_11__MHr2D2E2F_000000308642_14	0.0000	low	1.0000	very high	0.0000	low
MHr2D2E2F_vRhyme_bin_11	vRhyme_bin_11__MHr2D2E2F_000000308642	vRhyme_bin_11__MHr2D2E2F_000000308642_15	0.0000	low	1.0000	very high	0.0000	low
MHr2D2E2F_vRhyme_bin_11	vRhyme_bin_11__MHr2D2E2F_000000308642	vRhyme_bin_11__MHr2D2E2F_000000308642_16	0.0000	low	1.0000	very high	0.0000	low
MHr2D2E2F_vRhyme_bin_11	vRhyme_bin_11__MHr2D2E2F_000000308642	vRhyme_bin_11__MHr2D2E2F_000000308642_17	0.0000	low	1.0000	very high	0.0000	low
MHr2D2E2F_vRhyme_bin_11	vRhyme_bin_11__MHr2D2E2F_000000308642	vRhyme_bin_11__MHr2D2E2F_000000308642_18	0.0000	low	1.0000	very high	0.0000	low
MHr2D2E2F_vRhyme_bin_11	vRhyme_bin_11__MHr2D2E2F_000000308642	vRhyme_bin_11__MHr2D2E2F_000000308642_19	0.0000	low	1.0000	very high	0.0000	low
MHr2D2E2F_vRhyme_bin_11	vRhyme_bin_11__MHr2D2E2F_000000308642	vRhyme_bin_11__MHr2D2E2F_000000308642_20	0.0000	low	1.0000	very high	0.0000	low
MHr2D2E2F_vRhyme_bin_11	vRhyme_bin_11__MHr2D2E2F_000000308642	vRhyme_bin_11__MHr2D2E2F_000000308642_21	0.0000	low	1.0000	very high	0.0000	low
MHr2D2E2F_vRhyme_bin_11	vRhyme_bin_11__MHr2D2E2F_000000308642	vRhyme_bin_11__MHr2D2E2F_000000308642_22	0.0000	low	1.0000	very high	0.0000	low
MHr2D2E2F_vRhyme_bin_11	vRhyme_bin_11__MHr2D2E2F_000000308642	vRhyme_bin_11__MHr2D2E2F_000000308642_23	0.0000	low	1.0000	very high	0.0000	low
MHr2D2E2F_vRhyme_bin_11	vRhyme_bin_11__MHr2D2E2F_000000308642	vRhyme_bin_11__MHr2D2E2F_000000308642_24	0.0000	low	1.0000	very high	0.0000	low
MHr2D2E2F_vRhyme_bin_11	vRhyme_bin_11__MHr2D2E2F_000000308642	vRhyme_bin_11__MHr2D2E2F_000000308642_25	0.0000	low	1.0000	very high	0.0000	low
MHr2D2E2F_vRhyme_bin_11	vRhyme_bin_11__MHr2D2E2F_000000308642	vRhyme_bin_11__MHr2D2E2F_000000308642_26	0.0000	low	1.0000	very high	0.0000	low
MHr2D2E2F_vRhyme_bin_11	vRhyme_bin_11__MHr2D2E2F_000000308642	vRhyme_bin_11__MHr2D2E2F_000000308642_27	0.0000	low	1.0000	very high	0.0000	low
MHr2D2E2F_vRhyme_bin_11	vRhyme_bin_11__MHr2D2E2F_000000308642	vRhyme_bin_11__MHr2D2E2F_000000308642_28	0.0000	low	1.0000	very high	0.0000	low
MHr2D2E2F_vRhyme_bin_11	vRhyme_bin_11__MHr2D2E2F_000000308642	vRhyme_bin_11__MHr2D2E2F_000000308642_29	0.0000	low	1.0000	very high	0.0000	low
MHr2D2E2F_vRhyme_bin_11	vRhyme_bin_11__MHr2D2E2F_000000308642	vRhyme_bin_11__MHr2D2E2F_000000308642_30	0.0000	low	1.0000	very high	0.0000	low
MHr2D2E2F_vRhyme_bin_11	vRhyme_bin_11__MHr2D2E2F_000000308642	vRhyme_bin_11__MHr2D2E2F_000000308642_31	0.0000	low	1.0000	very high	0.0000	low
MHr2D2E2F_vRhyme_bin_11	vRhyme_bin_11__MHr2D2E2F_000000308642	vRhyme_bin_11__MHr2D2E2F_000000308642_32	0.0000	low	1.0000	very high	0.0000	low
MHr2D2E2F_vRhyme_bin_11	vRhyme_bin_11__MHr2D2E2F_000000308642	vRhyme_bin_11__MHr2D2E2F_000000308642_33	0.0000	low	1.0000	very high	0.0000	low
MHr2D2E2F_vRhyme_bin_11	vRhyme_bin_11__MHr2D2E2F_000000308642	vRhyme_bin_11__MHr2D2E2F_000000308642_34	0.0000	low	1.0000	very high	0.0000	low
MHr2D2E2F_vRhyme_bin_11	vRhyme_bin_11__MHr2D2E2F_000000308642	vRhyme_bin_11__MHr2D2E2F_000000308642_35	0.0000	low	1.0000	very high	0.0000	low
MHr2D2E2F_vRhyme_bin_11	vRhyme_bin_11__MHr2D2E2F_000000308642	vRhyme_bin_11__MHr2D2E2F_000000308642_36	0.0000	low	1.0000	very high	0.0000	low
MHr2D2E2F_vRhyme_bin_11	vRhyme_bin_11__MHr2D2E2F_000000308642	vRhyme_bin_11__MHr2D2E2F_000000308642_37	0.0000	low	1.0000	very high	0.0000	low
MHr2D2E2F_vRhyme_bin_11	vRhyme_bin_11__MHr2D2E2F_000000308642	vRhyme_bin_11__MHr2D2E2F_000000308642_38	0.0000	low	1.0000	very high	0.0000	low
MHr2D2E2F_vRhyme_bin_11	vRhyme_bin_11__MHr2D2E2F_000000308642	vRhyme_bin_11__MHr2D2E2F_000000308642_39	0.0000	low	0.9521	high	0.0000	low
MHr2D2E2F_vRhyme_bin_11	vRhyme_bin_11__MHr2D2E2F_000000308642	vRhyme_bin_11__MHr2D2E2F_000000308642_40	0.0000	low	1.0000	very high	0.0000	low
MHr2D2E2F_vRhyme_bin_11	vRhyme_bin_11__MHr2D2E2F_000000308642	vRhyme_bin_11__MHr2D2E2F_000000308642_41	0.0000	low	1.0000	very high	0.0000	low
MHr2D2E2F_vRhyme_bin_11	vRhyme_bin_11__MHr2D2E2F_000000308642	vRhyme_bin_11__MHr2D2E2F_000000308642_42	0.0000	low	0.9529	high	0.0000	low
MHr2D2E2F_vRhyme_bin_11	vRhyme_bin_11__MHr2D2E2F_000000308642	vRhyme_bin_11__MHr2D2E2F_000000308642_43	0.0000	low	1.0000	very high	0.0000	low
MHr2D2E2F_vRhyme_bin_11	vRhyme_bin_11__MHr2D2E2F_000000308642	vRhyme_bin_11__MHr2D2E2F_000000308642_44	0.0000	low	1.0000	very high	0.0000	low
MHr2D2E2F_vRhyme_bin_11	vRhyme_bin_11__MHr2D2E2F_000000308642	vRhyme_bin_11__MHr2D2E2F_000000308642_45	0.0000	low	1.0000	very high	0.0000	low
MHr2D2E2F_vRhyme_bin_11	vRhyme_bin_11__MHr2D2E2F_000000308642	vRhyme_bin_11__MHr2D2E2F_000000308642_46	0.0000	low	1.0000	very high	0.0000	low
MHr2D2E2F_vRhyme_bin_11	vRhyme_bin_11__MHr2D2E2F_000000308642	vRhyme_bin_11__MHr2D2E2F_000000308642_47	0.0000	low	1.0000	very high	0.0000	low
MHr2D2E2F_vRhyme_bin_11	vRhyme_bin_11__MHr2D2E2F_000000308642	vRhyme_bin_11__MHr2D2E2F_000000308642_48	0.0000	low	1.0000	very high	0.0000	low
MHr2D2E2F_vRhyme_bin_11	vRhyme_bin_11__MHr2D2E2F_000000308642	vRhyme_bin_11__MHr2D2E2F_000000308642_49	0.0000	low	1.0000	very high	0.0000	low
MHr2D2E2F_vRhyme_bin_11	vRhyme_bin_11__MHr2D2E2F_000000308642	vRhyme_bin_11__MHr2D2E2F_000000308642_50	0.0000	low	1.0000	very high	0.0000	low
MHr2D2E2F_vRhyme_bin_11	vRhyme_bin_11__MHr2D2E2F_000000308642	vRhyme_bin_11__MHr2D2E2F_000000308642_51	0.0000	low	1.0000	very high	0.0000	low
MHr2D2E2F_vRhyme_bin_11	vRhyme_bin_11__MHr2D2E2F_000000308642	vRhyme_bin_11__MHr2D2E2F_000000308642_52	0.0000	low	1.0000	very high	0.0000	low
MHr2D2E2F_vRhyme_bin_11	vRhyme_bin_11__MHr2D2E2F_000000308642	vRhyme_bin_11__MHr2D2E2F_000000308642_53	0.0000	low	0.9412	high	0.0000	low
MHr2D2E2F_vRhyme_bin_11	vRhyme_bin_11__MHr2D2E2F_000000308642	vRhyme_bin_11__MHr2D2E2F_000000308642_54	0.0000	low	1.0000	very high	0.0000	low
MHr2D2E2F_vRhyme_bin_11	vRhyme_bin_11__MHr2D2E2F_000000308642	vRhyme_bin_11__MHr2D2E2F_000000308642_55	0.0000	low	0.9491	high	0.0000	low
MHr2D2E2F_vRhyme_bin_11	vRhyme_bin_11__MHr2D2E2F_000000308642	vRhyme_bin_11__MHr2D2E2F_000000308642_56	0.0000	low	0.9335	high	0.0000	low
MHr2D2E2F_vRhyme_bin_11	vRhyme_bin_11__MHr2D2E2F_000000308642	vRhyme_bin_11__MHr2D2E2F_000000308642_57	0.0000	low	1.0000	very high	0.0000	low
MHr2D2E2F_vRhyme_bin_11	vRhyme_bin_11__MHr2D2E2F_000000308642	vRhyme_bin_11__MHr2D2E2F_000000308642_58	0.0000	low	1.0000	very high	0.0000	low
MHr2D2E2F_vRhyme_bin_11	vRhyme_bin_11__MHr2D2E2F_000000308642	vRhyme_bin_11__MHr2D2E2F_000000308642_59	0.0000	low	1.0000	very high	0.0000	low
MHr2D2E2F_vRhyme_bin_11	vRhyme_bin_11__MHr2D2E2F_000000308642	vRhyme_bin_11__MHr2D2E2F_000000308642_60	0.0000	low	1.0000	very high	0.0000	low
MHr2D2E2F_vRhyme_bin_11	vRhyme_bin_11__MHr2D2E2F_000000308642	vRhyme_bin_11__MHr2D2E2F_000000308642_61	0.0000	low	0.9469	high	0.0000	low
MHr2D2E2F_vRhyme_bin_11	vRhyme_bin_11__MHr2D2E2F_000000308642	vRhyme_bin_11__MHr2D2E2F_000000308642_62	0.0000	low	1.0000	very high	0.0000	low
MHr2D2E2F_vRhyme_bin_11	vRhyme_bin_11__MHr2D2E2F_000000308642	vRhyme_bin_11__MHr2D2E2F_000000308642_63	0.0000	low	1.0000	very high	0.0000	low
MHr2D2E2F_vRhyme_bin_11	vRhyme_bin_11__MHr2D2E2F_000000308642	vRhyme_bin_11__MHr2D2E2F_000000308642_64	0.0000	low	1.0000	very high	0.0000	low
MHr2D2E2F_vRhyme_bin_11	vRhyme_bin_11__MHr2D2E2F_000000308642	vRhyme_bin_11__MHr2D2E2F_000000308642_65	0.0000	low	0.9425	high	0.0000	low
MHr2D2E2F_vRhyme_bin_11	vRhyme_bin_11__MHr2D2E2F_000000308642	vRhyme_bin_11__MHr2D2E2F_000000308642_66	0.0000	low	1.0000	very high	0.0000	low
MHr2D2E2F_vRhyme_bin_11	vRhyme_bin_11__MHr2D2E2F_000000308642	vRhyme_bin_11__MHr2D2E2F_000000308642_67	0.0000	low	1.0000	very high	0.0000	low
MHr2D2E2F_vRhyme_bin_11	vRhyme_bin_11__MHr2D2E2F_000000342937	vRhyme_bin_11__MHr2D2E2F_000000342937_1	0.0000	low	1.0000	very high	0.0000	low
MHr2D2E2F_vRhyme_bin_11	vRhyme_bin_11__MHr2D2E2F_000000342937	vRhyme_bin_11__MHr2D2E2F_000000342937_2	0.0000	low	1.0000	very high	0.0000	low
MHr2D2E2F_vRhyme_bin_11	vRhyme_bin_11__MHr2D2E2F_000000342937	vRhyme_bin_11__MHr2D2E2F_000000342937_3	0.0000	low	1.0000	very high	0.0000	low
MHr2D2E2F_vRhyme_bin_11	vRhyme_bin_11__MHr2D2E2F_000000342937	vRhyme_bin_11__MHr2D2E2F_000000342937_4	0.0000	low	1.0000	very high	0.0000	low
MHr2D2E2F_vRhyme_bin_11	vRhyme_bin_11__MHr2D2E2F_000000342937	vRhyme_bin_11__MHr2D2E2F_000000342937_5	0.0000	low	1.0000	very high	0.0000	low
MHr2D2E2F_vRhyme_bin_11	vRhyme_bin_11__MHr2D2E2F_000000342937	vRhyme_bin_11__MHr2D2E2F_000000342937_6	0.0000	low	1.0000	very high	0.0000	low
MHr2D2E2F_vRhyme_bin_11	vRhyme_bin_11__MHr2D2E2F_000000342937	vRhyme_bin_11__MHr2D2E2F_000000342937_7	0.0000	low	1.0000	very high	0.0000	low
MHr2D2E2F_vRhyme_bin_11	vRhyme_bin_11__MHr2D2E2F_000000342937	vRhyme_bin_11__MHr2D2E2F_000000342937_8	0.0000	low	1.0000	very high	0.0000	low
MHr2D2E2F_vRhyme_bin_11	vRhyme_bin_11__MHr2D2E2F_000000342937	vRhyme_bin_11__MHr2D2E2F_000000342937_9	0.0000	low	1.0000	very high	0.0000	low
MHr2D2E2F_vRhyme_bin_11	vRhyme_bin_11__MHr2D2E2F_000000342937	vRhyme_bin_11__MHr2D2E2F_000000342937_10	0.0000	low	1.0000	very high	0.0000	low
MHr2D2E2F_vRhyme_bin_11	vRhyme_bin_11__MHr2D2E2F_000000342937	vRhyme_bin_11__MHr2D2E2F_000000342937_11	0.0000	low	1.0000	very high	0.0000	low
MHr2D2E2F_vRhyme_bin_11	vRhyme_bin_11__MHr2D2E2F_000000342937	vRhyme_bin_11__MHr2D2E2F_000000342937_12	0.0000	low	1.0000	very high	0.0000	low
MHr2D2E2F_vRhyme_bin_11	vRhyme_bin_11__MHr2D2E2F_000000342937	vRhyme_bin_11__MHr2D2E2F_000000342937_13	0.0000	low	1.0000	very high	0.0000	low
MHr2D2E2F_vRhyme_bin_11	vRhyme_bin_11__MHr2D2E2F_000000342937	vRhyme_bin_11__MHr2D2E2F_000000342937_14	0.0000	low	1.0000	very high	0.0000	low
MHr2D2E2F_vRhyme_bin_11	vRhyme_bin_11__MHr2D2E2F_000000342937	vRhyme_bin_11__MHr2D2E2F_000000342937_15	0.0000	low	1.0000	very high	0.0000	low
MHr2D2E2F_vRhyme_bin_11	vRhyme_bin_11__MHr2D2E2F_000000342937	vRhyme_bin_11__MHr2D2E2F_000000342937_16	0.0000	low	1.0000	very high	0.0000	low
MHr2D2E2F_vRhyme_bin_11	vRhyme_bin_11__MHr2D2E2F_000000342937	vRhyme_bin_11__MHr2D2E2F_000000342937_17	0.0000	low	1.0000	very high	0.0000	low
MHr2D2E2F_vRhyme_bin_11	vRhyme_bin_11__MHr2D2E2F_000000342937	vRhyme_bin_11__MHr2D2E2F_000000342937_18	0.0000	low	1.0000	very high	0.0000	low
MHr2D2E2F_vRhyme_bin_11	vRhyme_bin_11__MHr2D2E2F_000000342937	vRhyme_bin_11__MHr2D2E2F_000000342937_19	0.0000	low	1.0000	very high	0.0000	low
MHr2D2E2F_vRhyme_bin_11	vRhyme_bin_11__MHr2D2E2F_000000342937	vRhyme_bin_11__MHr2D2E2F_000000342937_20	0.0000	low	1.0000	very high	0.0000	low
MHr2D2E2F_vRhyme_bin_11	vRhyme_bin_11__MHr2D2E2F_000000342937	vRhyme_bin_11__MHr2D2E2F_000000342937_21	1.0000	very high	1.0000	very high	1.0000	very high
MHr2D2E2F_vRhyme_bin_11	vRhyme_bin_11__MHr2D2E2F_000000342937	vRhyme_bin_11__MHr2D2E2F_000000342937_22	0.0000	low	1.0000	very high	0.0000	low
MHr2D2E2F_vRhyme_bin_11	vRhyme_bin_11__MHr2D2E2F_000000342937	vRhyme_bin_11__MHr2D2E2F_000000342937_23	0.0000	low	1.0000	very high	0.0000	low
MHr2D2E2F_vRhyme_bin_11	vRhyme_bin_11__MHr2D2E2F_000000342937	vRhyme_bin_11__MHr2D2E2F_000000342937_24	0.0000	low	1.0000	very high	0.0000	low
MHr2D2E2F_vRhyme_bin_11	vRhyme_bin_11__MHr2D2E2F_000000342937	vRhyme_bin_11__MHr2D2E2F_000000342937_25	1.0000	very high	1.0000	very high	1.0000	very high
MHr2D2E2F_vRhyme_bin_11	vRhyme_bin_11__MHr2D2E2F_000000342937	vRhyme_bin_11__MHr2D2E2F_000000342937_26	0.0000	low	1.0000	very high	0.0000	low
MHr2D2E2F_vRhyme_bin_11	vRhyme_bin_11__MHr2D2E2F_000000342937	vRhyme_bin_11__MHr2D2E2F_000000342937_27	0.0000	low	1.0000	very high	0.0000	low
MHr2D2E2F_vRhyme_bin_11	vRhyme_bin_11__MHr2D2E2F_000000342937	vRhyme_bin_11__MHr2D2E2F_000000342937_28	0.0000	low	1.0000	very high	0.0000	low
MHr2D2E2F_vRhyme_bin_11	vRhyme_bin_11__MHr2D2E2F_000000342937	vRhyme_bin_11__MHr2D2E2F_000000342937_29	0.0000	low	1.0000	very high	0.0000	low
MHr2D2E2F_vRhyme_bin_11	vRhyme_bin_11__MHr2D2E2F_000000342937	vRhyme_bin_11__MHr2D2E2F_000000342937_30	0.0000	low	1.0000	very high	0.0000	low
MHr2D2E2F_vRhyme_bin_11	vRhyme_bin_11__MHr2D2E2F_000000286237	vRhyme_bin_11__MHr2D2E2F_000000286237_1	0.0000	low	1.0000	very high	0.0000	low
MHr2D2E2F_vRhyme_bin_11	vRhyme_bin_11__MHr2D2E2F_000000286237	vRhyme_bin_11__MHr2D2E2F_000000286237_2	0.0000	low	0.9363	high	0.0000	low
MHr2D2E2F_vRhyme_bin_11	vRhyme_bin_11__MHr2D2E2F_000000286237	vRhyme_bin_11__MHr2D2E2F_000000286237_3	0.0000	low	1.0000	very high	0.0000	low
MHr2D2E2F_vRhyme_bin_11	vRhyme_bin_11__MHr2D2E2F_000000286237	vRhyme_bin_11__MHr2D2E2F_000000286237_4	0.0000	low	1.0000	very high	0.0000	low
MHr2D2E2F_vRhyme_bin_11	vRhyme_bin_11__MHr2D2E2F_000000286237	vRhyme_bin_11__MHr2D2E2F_000000286237_5	0.0000	low	1.0000	very high	0.0000	low
MHr2D2E2F_vRhyme_bin_11	vRhyme_bin_11__MHr2D2E2F_000000286237	vRhyme_bin_11__MHr2D2E2F_000000286237_6	0.0000	low	1.0000	very high	0.0000	low
MHr2D2E2F_vRhyme_bin_11	vRhyme_bin_11__MHr2D2E2F_000000286237	vRhyme_bin_11__MHr2D2E2F_000000286237_7	0.0000	low	1.0000	very high	0.0000	low
MHr2D2E2F_vRhyme_bin_11	vRhyme_bin_11__MHr2D2E2F_000000286237	vRhyme_bin_11__MHr2D2E2F_000000286237_8	0.0000	low	1.0000	very high	0.0000	low
MHr2D2E2F_vRhyme_bin_11	vRhyme_bin_11__MHr2D2E2F_000000286237	vRhyme_bin_11__MHr2D2E2F_000000286237_9	0.0000	low	1.0000	very high	0.0000	low
MHr2D2E2F_vRhyme_bin_11	vRhyme_bin_11__MHr2D2E2F_000000286237	vRhyme_bin_11__MHr2D2E2F_000000286237_10	0.0000	low	1.0000	very high	0.0000	low
MHr2D2E2F_vRhyme_bin_11	vRhyme_bin_11__MHr2D2E2F_000000286237	vRhyme_bin_11__MHr2D2E2F_000000286237_11	0.0000	low	1.0000	very high	0.0000	low
MHr2D2E2F_vRhyme_bin_11	vRhyme_bin_11__MHr2D2E2F_000000286237	vRhyme_bin_11__MHr2D2E2F_000000286237_12	0.0000	low	0.9575	high	0.0000	low
MHr2D2E2F_vRhyme_bin_11	vRhyme_bin_11__MHr2D2E2F_000000286237	vRhyme_bin_11__MHr2D2E2F_000000286237_13	0.0000	low	0.8747	high	0.0000	low
MHr2D2E2F_vRhyme_bin_11	vRhyme_bin_11__MHr2D2E2F_000000286237	vRhyme_bin_11__MHr2D2E2F_000000286237_14	0.0000	low	1.0000	very high	0.0000	low
MHr2D2E2F_vRhyme_bin_11	vRhyme_bin_11__MHr2D2E2F_000000286237	vRhyme_bin_11__MHr2D2E2F_000000286237_15	0.0000	low	0.9586	high	0.0000	low
MHr2D2E2F_vRhyme_bin_11	vRhyme_bin_11__MHr2D2E2F_000000286237	vRhyme_bin_11__MHr2D2E2F_000000286237_16	0.0000	low	0.9531	high	0.0000	low
MHr2D2E2F_vRhyme_bin_11	vRhyme_bin_11__MHr2D2E2F_000000286237	vRhyme_bin_11__MHr2D2E2F_000000286237_17	0.0000	low	1.0000	very high	0.0000	low
MHr2D2E2F_vRhyme_bin_11	vRhyme_bin_11__MHr2D2E2F_000000286237	vRhyme_bin_11__MHr2D2E2F_000000286237_18	0.0000	low	1.0000	very high	0.0000	low
MHr2D2E2F_vRhyme_bin_11	vRhyme_bin_11__MHr2D2E2F_000000286237	vRhyme_bin_11__MHr2D2E2F_000000286237_19	0.0000	low	1.0000	very high	0.0000	low
MHr2D2E2F_vRhyme_bin_11	vRhyme_bin_11__MHr2D2E2F_000000286237	vRhyme_bin_11__MHr2D2E2F_000000286237_20	0.0000	low	1.0000	very high	0.0000	low
MHr2D2E2F_vRhyme_bin_11	vRhyme_bin_11__MHr2D2E2F_000000286237	vRhyme_bin_11__MHr2D2E2F_000000286237_21	0.0000	low	0.8794	high	0.0000	low
MHr2D2E2F_vRhyme_bin_11	vRhyme_bin_11__MHr2D2E2F_000000286237	vRhyme_bin_11__MHr2D2E2F_000000286237_22	0.0000	low	0.9390	high	0.0000	low
MHr2D2E2F_vRhyme_bin_11	vRhyme_bin_11__MHr2D2E2F_000000286237	vRhyme_bin_11__MHr2D2E2F_000000286237_23	0.0000	low	1.0000	very high	0.0000	low
MHr2D2E2F_vRhyme_bin_11	vRhyme_bin_11__MHr2D2E2F_000000286237	vRhyme_bin_11__MHr2D2E2F_000000286237_24	0.0000	low	1.0000	very high	0.0000	low
MHr2D2E2F_vRhyme_bin_11	vRhyme_bin_11__MHr2D2E2F_000000286237	vRhyme_bin_11__MHr2D2E2F_000000286237_25	0.0000	low	1.0000	very high	0.0000	low
MHr2D2E2F_vRhyme_bin_11	vRhyme_bin_11__MHr2D2E2F_000000286237	vRhyme_bin_11__MHr2D2E2F_000000286237_26	0.0000	low	1.0000	very high	0.0000	low
MHr2D2E2F_vRhyme_bin_11	vRhyme_bin_11__MHr2D2E2F_000000286237	vRhyme_bin_11__MHr2D2E2F_000000286237_27	0.0000	low	1.0000	very high	0.0000	low
MHr2D2E2F_vRhyme_bin_11	vRhyme_bin_11__MHr2D2E2F_000000286237	vRhyme_bin_11__MHr2D2E2F_000000286237_28	0.0000	low	1.0000	very high	0.0000	low
MHr2D2E2F_vRhyme_bin_11	vRhyme_bin_11__MHr2D2E2F_000000286237	vRhyme_bin_11__MHr2D2E2F_000000286237_29	0.0000	low	1.0000	very high	0.0000	low
MHr2D2E2F_vRhyme_bin_11	vRhyme_bin_11__MHr2D2E2F_000000286237	vRhyme_bin_11__MHr2D2E2F_000000286237_30	0.0000	low	1.0000	very high	0.0000	low
MHr2D2E2F_vRhyme_bin_11	vRhyme_bin_11__MHr2D2E2F_000000286237	vRhyme_bin_11__MHr2D2E2F_000000286237_31	0.0000	low	0.9465	high	0.0000	low
MHr2D2E2F_vRhyme_bin_11	vRhyme_bin_11__MHr2D2E2F_000000286237	vRhyme_bin_11__MHr2D2E2F_000000286237_32	0.0000	low	0.9551	high	0.0000	low
MHr2D2E2F_vRhyme_bin_11	vRhyme_bin_11__MHr2D2E2F_000000286237	vRhyme_bin_11__MHr2D2E2F_000000286237_33	0.0000	low	1.0000	very high	0.0000	low
MHr2D2E2F_vRhyme_bin_11	vRhyme_bin_11__MHr2D2E2F_000000286237	vRhyme_bin_11__MHr2D2E2F_000000286237_34	0.0000	low	0.9577	high	0.0000	low
MHr2D2E2F_vRhyme_bin_11	vRhyme_bin_11__MHr2D2E2F_000000286237	vRhyme_bin_11__MHr2D2E2F_000000286237_35	0.0000	low	1.0000	very high	0.0000	low
MHr2D2E2F_vRhyme_bin_11	vRhyme_bin_11__MHr2D2E2F_000000286237	vRhyme_bin_11__MHr2D2E2F_000000286237_36	0.0000	low	1.0000	very high	0.0000	low
MHr2D2E2F_vRhyme_bin_11	vRhyme_bin_11__MHr2D2E2F_000000286237	vRhyme_bin_11__MHr2D2E2F_000000286237_37	0.0000	low	1.0000	very high	0.0000	low
LABRr1A1B1C_vRhyme_bin_11	vRhyme_bin_11__LABRr1A1B1C_000000014874	vRhyme_bin_11__LABRr1A1B1C_000000014874_1	0.0000	low	1.0000	very high	0.0000	low
LABRr1A1B1C_vRhyme_bin_11	vRhyme_bin_11__LABRr1A1B1C_000000014874	vRhyme_bin_11__LABRr1A1B1C_000000014874_2	0.0000	low	1.0000	very high	0.0000	low
LABRr1A1B1C_vRhyme_bin_11	vRhyme_bin_11__LABRr1A1B1C_000000014874	vRhyme_bin_11__LABRr1A1B1C_000000014874_3	0.0552	low	1.0000	very high	0.0552	low
LABRr1A1B1C_vRhyme_bin_11	vRhyme_bin_11__LABRr1A1B1C_000000014874	vRhyme_bin_11__LABRr1A1B1C_000000014874_4	0.0000	low	1.0000	very high	0.0000	low
LABRr1A1B1C_vRhyme_bin_11	vRhyme_bin_11__LABRr1A1B1C_000000014874	vRhyme_bin_11__LABRr1A1B1C_000000014874_5	0.0000	low	1.0000	very high	0.0000	low
LABRr1A1B1C_vRhyme_bin_11	vRhyme_bin_11__LABRr1A1B1C_000000014874	vRhyme_bin_11__LABRr1A1B1C_000000014874_6	0.0000	low	1.0000	very high	0.0000	low
LABRr1A1B1C_vRhyme_bin_11	vRhyme_bin_11__LABRr1A1B1C_000000014874	vRhyme_bin_11__LABRr1A1B1C_000000014874_7	0.0000	low	1.0000	very high	0.0000	low
LABRr1A1B1C_vRhyme_bin_11	vRhyme_bin_11__LABRr1A1B1C_000000014874	vRhyme_bin_11__LABRr1A1B1C_000000014874_8	0.0000	low	1.0000	very high	0.0000	low
LABRr1A1B1C_vRhyme_bin_11	vRhyme_bin_11__LABRr1A1B1C_000000014874	vRhyme_bin_11__LABRr1A1B1C_000000014874_9	0.0000	low	1.0000	very high	0.0000	low
LABRr1A1B1C_vRhyme_bin_11	vRhyme_bin_11__LABRr1A1B1C_000000014874	vRhyme_bin_11__LABRr1A1B1C_000000014874_10	0.0000	low	1.0000	very high	0.0000	low
LABRr1A1B1C_vRhyme_bin_11	vRhyme_bin_11__LABRr1A1B1C_000000014874	vRhyme_bin_11__LABRr1A1B1C_000000014874_11	0.0000	low	1.0000	very high	0.0000	low
LABRr1A1B1C_vRhyme_bin_11	vRhyme_bin_11__LABRr1A1B1C_000000014874	vRhyme_bin_11__LABRr1A1B1C_000000014874_12	0.0000	low	1.0000	very high	0.0000	low
LABRr1A1B1C_vRhyme_bin_11	vRhyme_bin_11__LABRr1A1B1C_000000014874	vRhyme_bin_11__LABRr1A1B1C_000000014874_13	0.0000	low	1.0000	very high	0.0000	low
LABRr1A1B1C_vRhyme_bin_11	vRhyme_bin_11__LABRr1A1B1C_000000014874	vRhyme_bin_11__LABRr1A1B1C_000000014874_14	0.0000	low	1.0000	very high	0.0000	low
LABRr1A1B1C_vRhyme_bin_11	vRhyme_bin_11__LABRr1A1B1C_000000014874	vRhyme_bin_11__LABRr1A1B1C_000000014874_15	0.0000	low	1.0000	very high	0.0000	low
LABRr1A1B1C_vRhyme_bin_11	vRhyme_bin_11__LABRr1A1B1C_000000014874	vRhyme_bin_11__LABRr1A1B1C_000000014874_16	0.0000	low	1.0000	very high	0.0000	low
LABRr1A1B1C_vRhyme_bin_11	vRhyme_bin_11__LABRr1A1B1C_000000014874	vRhyme_bin_11__LABRr1A1B1C_000000014874_17	0.0000	low	0.9585	high	0.0000	low
LABRr1A1B1C_vRhyme_bin_11	vRhyme_bin_11__LABRr1A1B1C_000000080164	vRhyme_bin_11__LABRr1A1B1C_000000080164_1	0.0000	low	1.0000	very high	0.0000	low
LABRr1A1B1C_vRhyme_bin_11	vRhyme_bin_11__LABRr1A1B1C_000000080164	vRhyme_bin_11__LABRr1A1B1C_000000080164_2	0.0000	low	1.0000	very high	0.0000	low
LABRr1A1B1C_vRhyme_bin_11	vRhyme_bin_11__LABRr1A1B1C_000000080164	vRhyme_bin_11__LABRr1A1B1C_000000080164_3	0.0000	low	1.0000	very high	0.0000	low
LABRr1A1B1C_vRhyme_bin_11	vRhyme_bin_11__LABRr1A1B1C_000000080164	vRhyme_bin_11__LABRr1A1B1C_000000080164_4	0.0000	low	1.0000	very high	0.0000	low
LABRr1A1B1C_vRhyme_bin_11	vRhyme_bin_11__LABRr1A1B1C_000000080164	vRhyme_bin_11__LABRr1A1B1C_000000080164_5	0.0000	low	1.0000	very high	0.0000	low
LABRr1A1B1C_vRhyme_bin_11	vRhyme_bin_11__LABRr1A1B1C_000000080164	vRhyme_bin_11__LABRr1A1B1C_000000080164_6	0.0000	low	1.0000	very high	0.0000	low
LABRr1A1B1C_vRhyme_bin_11	vRhyme_bin_11__LABRr1A1B1C_000000080164	vRhyme_bin_11__LABRr1A1B1C_000000080164_7	0.0000	low	1.0000	very high	0.0000	low
LABRr1A1B1C_vRhyme_bin_11	vRhyme_bin_11__LABRr1A1B1C_000000080164	vRhyme_bin_11__LABRr1A1B1C_000000080164_8	0.0000	low	1.0000	very high	0.0000	low
LABRr1A1B1C_vRhyme_bin_11	vRhyme_bin_11__LABRr1A1B1C_000000080164	vRhyme_bin_11__LABRr1A1B1C_000000080164_9	0.0000	low	1.0000	very high	0.0000	low
LABRr1A1B1C_vRhyme_bin_11	vRhyme_bin_11__LABRr1A1B1C_000000080164	vRhyme_bin_11__LABRr1A1B1C_000000080164_10	0.0000	low	1.0000	very high	0.0000	low
LABRr1A1B1C_vRhyme_bin_11	vRhyme_bin_11__LABRr1A1B1C_000000080164	vRhyme_bin_11__LABRr1A1B1C_000000080164_11	0.0000	low	1.0000	very high	0.0000	low
LABRr1A1B1C_vRhyme_bin_11	vRhyme_bin_11__LABRr1A1B1C_000000080164	vRhyme_bin_11__LABRr1A1B1C_000000080164_12	0.0000	low	1.0000	very high	0.0000	low
LABRr1A1B1C_vRhyme_bin_11	vRhyme_bin_11__LABRr1A1B1C_000000080164	vRhyme_bin_11__LABRr1A1B1C_000000080164_13	0.0000	low	1.0000	very high	0.0000	low
LABRr1A1B1C_vRhyme_bin_11	vRhyme_bin_11__LABRr1A1B1C_000000080164	vRhyme_bin_11__LABRr1A1B1C_000000080164_14	0.0000	low	1.0000	very high	0.0000	low
LABRr1A1B1C_vRhyme_bin_11	vRhyme_bin_11__LABRr1A1B1C_000000080164	vRhyme_bin_11__LABRr1A1B1C_000000080164_15	0.0000	low	1.0000	very high	0.0000	low
LABRr1A1B1C_vRhyme_bin_11	vRhyme_bin_11__LABRr1A1B1C_000000080164	vRhyme_bin_11__LABRr1A1B1C_000000080164_16	0.0000	low	1.0000	very high	0.0000	low
LABRr1A1B1C_vRhyme_bin_11	vRhyme_bin_11__LABRr1A1B1C_000000080164	vRhyme_bin_11__LABRr1A1B1C_000000080164_17	0.0000	low	1.0000	very high	0.0000	low
LABRr1A1B1C_vRhyme_bin_11	vRhyme_bin_11__LABRr1A1B1C_000000080164	vRhyme_bin_11__LABRr1A1B1C_000000080164_18	0.0000	low	1.0000	very high	0.0000	low
LABRr1A1B1C_vRhyme_bin_11	vRhyme_bin_11__LABRr1A1B1C_000000080164	vRhyme_bin_11__LABRr1A1B1C_000000080164_19	0.0000	low	1.0000	very high	0.0000	low
LABRr1A1B1C_vRhyme_bin_11	vRhyme_bin_11__LABRr1A1B1C_000000039540	vRhyme_bin_11__LABRr1A1B1C_000000039540_1	0.0000	low	1.0000	very high	0.0000	low
LABRr1A1B1C_vRhyme_bin_11	vRhyme_bin_11__LABRr1A1B1C_000000039540	vRhyme_bin_11__LABRr1A1B1C_000000039540_2	0.0000	low	1.0000	very high	0.0000	low
LABRr1A1B1C_vRhyme_bin_11	vRhyme_bin_11__LABRr1A1B1C_000000039540	vRhyme_bin_11__LABRr1A1B1C_000000039540_3	0.0000	low	1.0000	very high	0.0000	low
LABRr1A1B1C_vRhyme_bin_11	vRhyme_bin_11__LABRr1A1B1C_000000039540	vRhyme_bin_11__LABRr1A1B1C_000000039540_4	0.0000	low	1.0000	very high	0.0000	low
LABRr1A1B1C_vRhyme_bin_11	vRhyme_bin_11__LABRr1A1B1C_000000039540	vRhyme_bin_11__LABRr1A1B1C_000000039540_5	0.0000	low	1.0000	very high	0.0000	low
LABRr1A1B1C_vRhyme_bin_11	vRhyme_bin_11__LABRr1A1B1C_000000039540	vRhyme_bin_11__LABRr1A1B1C_000000039540_6	0.0000	low	1.0000	very high	0.0000	low
LABRr1A1B1C_vRhyme_bin_11	vRhyme_bin_11__LABRr1A1B1C_000000039540	vRhyme_bin_11__LABRr1A1B1C_000000039540_7	0.0000	low	1.0000	very high	0.0000	low
LABRr1A1B1C_vRhyme_bin_11	vRhyme_bin_11__LABRr1A1B1C_000000039540	vRhyme_bin_11__LABRr1A1B1C_000000039540_8	0.0000	low	1.0000	very high	0.0000	low
LABRr1A1B1C_vRhyme_bin_11	vRhyme_bin_11__LABRr1A1B1C_000000039540	vRhyme_bin_11__LABRr1A1B1C_000000039540_9	0.0000	low	1.0000	very high	0.0000	low
LABRr1A1B1C_vRhyme_bin_11	vRhyme_bin_11__LABRr1A1B1C_000000039540	vRhyme_bin_11__LABRr1A1B1C_000000039540_10	0.0000	low	1.0000	very high	0.0000	low
LABRr1A1B1C_vRhyme_bin_11	vRhyme_bin_11__LABRr1A1B1C_000000039540	vRhyme_bin_11__LABRr1A1B1C_000000039540_11	0.0000	low	1.0000	very high	0.0000	low
LABRr1A1B1C_vRhyme_bin_11	vRhyme_bin_11__LABRr1A1B1C_000000039540	vRhyme_bin_11__LABRr1A1B1C_000000039540_12	0.0000	low	1.0000	very high	0.0000	low
LABRr1A1B1C_vRhyme_bin_11	vRhyme_bin_11__LABRr1A1B1C_000000039540	vRhyme_bin_11__LABRr1A1B1C_000000039540_13	0.0000	low	1.0000	very high	0.0000	low
LABRr1A1B1C_vRhyme_bin_11	vRhyme_bin_11__LABRr1A1B1C_000000039540	vRhyme_bin_11__LABRr1A1B1C_000000039540_14	0.0000	low	1.0000	very high	0.0000	low
LABRr1A1B1C_vRhyme_bin_11	vRhyme_bin_11__LABRr1A1B1C_000000039540	vRhyme_bin_11__LABRr1A1B1C_000000039540_15	0.0000	low	1.0000	very high	0.0000	low
LABRr1A1B1C_vRhyme_bin_11	vRhyme_bin_11__LABRr1A1B1C_000000039540	vRhyme_bin_11__LABRr1A1B1C_000000039540_16	0.0000	low	1.0000	very high	0.0000	low
LABRr1A1B1C_vRhyme_bin_11	vRhyme_bin_11__LABRr1A1B1C_000000039540	vRhyme_bin_11__LABRr1A1B1C_000000039540_17	0.0000	low	1.0000	very high	0.0000	low
LABRr1A1B1C_vRhyme_bin_11	vRhyme_bin_11__LABRr1A1B1C_000000039540	vRhyme_bin_11__LABRr1A1B1C_000000039540_18	0.0000	low	1.0000	very high	0.0000	low
LABRr1A1B1C_vRhyme_bin_11	vRhyme_bin_11__LABRr1A1B1C_000000039540	vRhyme_bin_11__LABRr1A1B1C_000000039540_19	0.0000	low	1.0000	very high	0.0000	low
LABRr1A1B1C_vRhyme_bin_11	vRhyme_bin_11__LABRr1A1B1C_000000039540	vRhyme_bin_11__LABRr1A1B1C_000000039540_20	0.0000	low	1.0000	very high	0.0000	low
LABRr1A1B1C_vRhyme_bin_11	vRhyme_bin_11__LABRr1A1B1C_000000039540	vRhyme_bin_11__LABRr1A1B1C_000000039540_21	0.0000	low	1.0000	very high	0.0000	low
LABRr1A1B1C_vRhyme_bin_11	vRhyme_bin_11__LABRr1A1B1C_000000039540	vRhyme_bin_11__LABRr1A1B1C_000000039540_22	0.0000	low	1.0000	very high	0.0000	low
LABRr1A1B1C_vRhyme_bin_11	vRhyme_bin_11__LABRr1A1B1C_000000039540	vRhyme_bin_11__LABRr1A1B1C_000000039540_23	0.0000	low	1.0000	very high	0.0000	low
LABRr1A1B1C_vRhyme_bin_11	vRhyme_bin_11__LABRr1A1B1C_000000039540	vRhyme_bin_11__LABRr1A1B1C_000000039540_24	0.0000	low	1.0000	very high	0.0000	low
LABRr1A1B1C_vRhyme_bin_11	vRhyme_bin_11__LABRr1A1B1C_000000039540	vRhyme_bin_11__LABRr1A1B1C_000000039540_25	0.0000	low	1.0000	very high	0.0000	low
LABRr1A1B1C_vRhyme_bin_11	vRhyme_bin_11__LABRr1A1B1C_000000039540	vRhyme_bin_11__LABRr1A1B1C_000000039540_26	0.0000	low	1.0000	very high	0.0000	low
LABRr1A1B1C_vRhyme_bin_11	vRhyme_bin_11__LABRr1A1B1C_000000039540	vRhyme_bin_11__LABRr1A1B1C_000000039540_27	0.0000	low	1.0000	very high	0.0000	low
LABRr1A1B1C_vRhyme_bin_11	vRhyme_bin_11__LABRr1A1B1C_000000039540	vRhyme_bin_11__LABRr1A1B1C_000000039540_28	0.0000	low	1.0000	very high	0.0000	low
LABRr1A1B1C_vRhyme_bin_11	vRhyme_bin_11__LABRr1A1B1C_000000039540	vRhyme_bin_11__LABRr1A1B1C_000000039540_29	0.0000	low	1.0000	very high	0.0000	low
LABRr1A1B1C_vRhyme_bin_11	vRhyme_bin_11__LABRr1A1B1C_000000039540	vRhyme_bin_11__LABRr1A1B1C_000000039540_30	0.0000	low	1.0000	very high	0.0000	low
LABRr1A1B1C_vRhyme_bin_11	vRhyme_bin_11__LABRr1A1B1C_000000039540	vRhyme_bin_11__LABRr1A1B1C_000000039540_31	0.0000	low	1.0000	very high	0.0000	low
LABRr1A1B1C_vRhyme_bin_11	vRhyme_bin_11__LABRr1A1B1C_000000039540	vRhyme_bin_11__LABRr1A1B1C_000000039540_32	0.0000	low	1.0000	very high	0.0000	low
LABRr1A1B1C_vRhyme_bin_11	vRhyme_bin_11__LABRr1A1B1C_000000039540	vRhyme_bin_11__LABRr1A1B1C_000000039540_33	0.0000	low	1.0000	very high	0.0000	low
LABRr1A1B1C_vRhyme_bin_11	vRhyme_bin_11__LABRr1A1B1C_000000039540	vRhyme_bin_11__LABRr1A1B1C_000000039540_34	0.0000	low	1.0000	very high	0.0000	low
LABRr1A1B1C_vRhyme_bin_11	vRhyme_bin_11__LABRr1A1B1C_000000039540	vRhyme_bin_11__LABRr1A1B1C_000000039540_35	0.0000	low	1.0000	very high	0.0000	low
LABRr1A1B1C_vRhyme_bin_11	vRhyme_bin_11__LABRr1A1B1C_000000039540	vRhyme_bin_11__LABRr1A1B1C_000000039540_36	0.0000	low	1.0000	very high	0.0000	low
LABRr1A1B1C_vRhyme_bin_11	vRhyme_bin_11__LABRr1A1B1C_000000039540	vRhyme_bin_11__LABRr1A1B1C_000000039540_37	0.0000	low	1.0000	very high	0.0000	low
LABRr1A1B1C_vRhyme_bin_11	vRhyme_bin_11__LABRr1A1B1C_000000039540	vRhyme_bin_11__LABRr1A1B1C_000000039540_38	0.0000	low	1.0000	very high	0.0000	low
LABRr1A1B1C_vRhyme_bin_11	vRhyme_bin_11__LABRr1A1B1C_000000039540	vRhyme_bin_11__LABRr1A1B1C_000000039540_39	0.0000	low	1.0000	very high	0.0000	low
LABRr1A1B1C_vRhyme_bin_11	vRhyme_bin_11__LABRr1A1B1C_000000039540	vRhyme_bin_11__LABRr1A1B1C_000000039540_40	0.0000	low	1.0000	very high	0.0000	low
LABRr1A1B1C_vRhyme_bin_11	vRhyme_bin_11__LABRr1A1B1C_000000039540	vRhyme_bin_11__LABRr1A1B1C_000000039540_41	0.0000	low	1.0000	very high	0.0000	low
LABRr1A1B1C_vRhyme_bin_11	vRhyme_bin_11__LABRr1A1B1C_000000039540	vRhyme_bin_11__LABRr1A1B1C_000000039540_42	0.0000	low	1.0000	very high	0.0000	low
LABRr1A1B1C_vRhyme_bin_11	vRhyme_bin_11__LABRr1A1B1C_000000039540	vRhyme_bin_11__LABRr1A1B1C_000000039540_43	0.0000	low	1.0000	very high	0.0000	low
LABRr1A1B1C_vRhyme_bin_11	vRhyme_bin_11__LABRr1A1B1C_000000039540	vRhyme_bin_11__LABRr1A1B1C_000000039540_44	0.0000	low	1.0000	very high	0.0000	low
LABRr1A1B1C_vRhyme_bin_11	vRhyme_bin_11__LABRr1A1B1C_000000092334	vRhyme_bin_11__LABRr1A1B1C_000000092334_1	0.0000	low	1.0000	very high	0.0000	low
LABRr1A1B1C_vRhyme_bin_11	vRhyme_bin_11__LABRr1A1B1C_000000092334	vRhyme_bin_11__LABRr1A1B1C_000000092334_2	0.0000	low	1.0000	very high	0.0000	low
LABRr1A1B1C_vRhyme_bin_11	vRhyme_bin_11__LABRr1A1B1C_000000092334	vRhyme_bin_11__LABRr1A1B1C_000000092334_3	0.0000	low	1.0000	very high	0.0000	low
LABRr1A1B1C_vRhyme_bin_11	vRhyme_bin_11__LABRr1A1B1C_000000092334	vRhyme_bin_11__LABRr1A1B1C_000000092334_4	0.0000	low	1.0000	very high	0.0000	low
LABRr1A1B1C_vRhyme_bin_11	vRhyme_bin_11__LABRr1A1B1C_000000092334	vRhyme_bin_11__LABRr1A1B1C_000000092334_5	0.0000	low	1.0000	very high	0.0000	low
LABRr1A1B1C_vRhyme_bin_11	vRhyme_bin_11__LABRr1A1B1C_000000092334	vRhyme_bin_11__LABRr1A1B1C_000000092334_6	0.0000	low	1.0000	very high	0.0000	low
LABRr1A1B1C_vRhyme_bin_11	vRhyme_bin_11__LABRr1A1B1C_000000092334	vRhyme_bin_11__LABRr1A1B1C_000000092334_7	0.0000	low	1.0000	very high	0.0000	low
LABRr1A1B1C_vRhyme_bin_11	vRhyme_bin_11__LABRr1A1B1C_000000092334	vRhyme_bin_11__LABRr1A1B1C_000000092334_8	0.0000	low	1.0000	very high	0.0000	low
LABRr1A1B1C_vRhyme_bin_11	vRhyme_bin_11__LABRr1A1B1C_000000092334	vRhyme_bin_11__LABRr1A1B1C_000000092334_9	0.0000	low	1.0000	very high	0.0000	low
LABRr1A1B1C_vRhyme_bin_11	vRhyme_bin_11__LABRr1A1B1C_000000092334	vRhyme_bin_11__LABRr1A1B1C_000000092334_10	0.0000	low	1.0000	very high	0.0000	low
LABRr1A1B1C_vRhyme_bin_11	vRhyme_bin_11__LABRr1A1B1C_000000092334	vRhyme_bin_11__LABRr1A1B1C_000000092334_11	0.0000	low	1.0000	very high	0.0000	low
LABRr1A1B1C_vRhyme_bin_11	vRhyme_bin_11__LABRr1A1B1C_000000092334	vRhyme_bin_11__LABRr1A1B1C_000000092334_12	0.0000	low	1.0000	very high	0.0000	low
LABRr1A1B1C_vRhyme_bin_11	vRhyme_bin_11__LABRr1A1B1C_000000092334	vRhyme_bin_11__LABRr1A1B1C_000000092334_13	0.0000	low	1.0000	very high	0.0000	low
LABRr1A1B1C_vRhyme_bin_11	vRhyme_bin_11__LABRr1A1B1C_000000092334	vRhyme_bin_11__LABRr1A1B1C_000000092334_14	0.0000	low	1.0000	very high	0.0000	low
LABRr1A1B1C_vRhyme_bin_11	vRhyme_bin_11__LABRr1A1B1C_000000092334	vRhyme_bin_11__LABRr1A1B1C_000000092334_15	0.0000	low	1.0000	very high	0.0000	low
LABRr1A1B1C_vRhyme_bin_11	vRhyme_bin_11__LABRr1A1B1C_000000092334	vRhyme_bin_11__LABRr1A1B1C_000000092334_16	0.0000	low	1.0000	very high	0.0000	low
LABRr1A1B1C_vRhyme_bin_11	vRhyme_bin_11__LABRr1A1B1C_000000092334	vRhyme_bin_11__LABRr1A1B1C_000000092334_17	0.0000	low	1.0000	very high	0.0000	low
LABRr1A1B1C_vRhyme_bin_11	vRhyme_bin_11__LABRr1A1B1C_000000092334	vRhyme_bin_11__LABRr1A1B1C_000000092334_18	0.0000	low	1.0000	very high	0.0000	low
LABRr1A1B1C_vRhyme_bin_11	vRhyme_bin_11__LABRr1A1B1C_000000092334	vRhyme_bin_11__LABRr1A1B1C_000000092334_19	0.0000	low	1.0000	very high	0.0000	low
LABRr1A1B1C_vRhyme_bin_11	vRhyme_bin_11__LABRr1A1B1C_000000092334	vRhyme_bin_11__LABRr1A1B1C_000000092334_20	0.0000	low	1.0000	very high	0.0000	low
LABRr1A1B1C_vRhyme_bin_11	vRhyme_bin_11__LABRr1A1B1C_000000092334	vRhyme_bin_11__LABRr1A1B1C_000000092334_21	0.0000	low	1.0000	very high	0.0000	low
LABRr1A1B1C_vRhyme_bin_11	vRhyme_bin_11__LABRr1A1B1C_000000092334	vRhyme_bin_11__LABRr1A1B1C_000000092334_22	0.0000	low	1.0000	very high	0.0000	low
LABRr1A1B1C_vRhyme_bin_11	vRhyme_bin_11__LABRr1A1B1C_000000092334	vRhyme_bin_11__LABRr1A1B1C_000000092334_23	0.0000	low	1.0000	very high	0.0000	low
LABRr1A1B1C_vRhyme_bin_11	vRhyme_bin_11__LABRr1A1B1C_000000092334	vRhyme_bin_11__LABRr1A1B1C_000000092334_24	0.0000	low	1.0000	very high	0.0000	low
LABRr1A1B1C_vRhyme_bin_11	vRhyme_bin_11__LABRr1A1B1C_000000092334	vRhyme_bin_11__LABRr1A1B1C_000000092334_25	0.0000	low	1.0000	very high	0.0000	low
LABRr1A1B1C_vRhyme_bin_11	vRhyme_bin_11__LABRr1A1B1C_000000092334	vRhyme_bin_11__LABRr1A1B1C_000000092334_26	0.0000	low	1.0000	very high	0.0000	low
LABRr1A1B1C_vRhyme_bin_11	vRhyme_bin_11__LABRr1A1B1C_000000092334	vRhyme_bin_11__LABRr1A1B1C_000000092334_27	0.0000	low	1.0000	very high	0.0000	low
LABRr1A1B1C_vRhyme_bin_11	vRhyme_bin_11__LABRr1A1B1C_000000092334	vRhyme_bin_11__LABRr1A1B1C_000000092334_28	0.0000	low	1.0000	very high	0.0000	low
LABRr1A1B1C_vRhyme_bin_11	vRhyme_bin_11__LABRr1A1B1C_000000092334	vRhyme_bin_11__LABRr1A1B1C_000000092334_29	0.0000	low	1.0000	very high	0.0000	low
LABRr1A1B1C_vRhyme_bin_11	vRhyme_bin_11__LABRr1A1B1C_000000092334	vRhyme_bin_11__LABRr1A1B1C_000000092334_30	0.0000	low	1.0000	very high	0.0000	low
LABRr1A1B1C_vRhyme_bin_11	vRhyme_bin_11__LABRr1A1B1C_000000092334	vRhyme_bin_11__LABRr1A1B1C_000000092334_31	0.0000	low	0.9510	high	0.0000	low
LABRr1A1B1C_vRhyme_bin_11	vRhyme_bin_11__LABRr1A1B1C_000000092334	vRhyme_bin_11__LABRr1A1B1C_000000092334_32	0.0000	low	1.0000	very high	0.0000	low
LABRr1A1B1C_vRhyme_bin_11	vRhyme_bin_11__LABRr1A1B1C_000000092334	vRhyme_bin_11__LABRr1A1B1C_000000092334_33	0.0000	low	1.0000	very high	0.0000	low
LABRr1A1B1C_vRhyme_bin_11	vRhyme_bin_11__LABRr1A1B1C_000000092334	vRhyme_bin_11__LABRr1A1B1C_000000092334_34	0.0000	low	1.0000	very high	0.0000	low
LABRr1A1B1C_vRhyme_bin_11	vRhyme_bin_11__LABRr1A1B1C_000000092334	vRhyme_bin_11__LABRr1A1B1C_000000092334_35	0.0000	low	1.0000	very high	0.0000	low
LABRr1A1B1C_vRhyme_bin_11	vRhyme_bin_11__LABRr1A1B1C_000000092334	vRhyme_bin_11__LABRr1A1B1C_000000092334_36	0.0000	low	1.0000	very high	0.0000	low
LABRr1A1B1C_vRhyme_bin_11	vRhyme_bin_11__LABRr1A1B1C_000000092334	vRhyme_bin_11__LABRr1A1B1C_000000092334_37	0.0000	low	1.0000	very high	0.0000	low
LABRr1A1B1C_vRhyme_bin_11	vRhyme_bin_11__LABRr1A1B1C_000000092334	vRhyme_bin_11__LABRr1A1B1C_000000092334_38	0.0000	low	1.0000	very high	0.0000	low
LABRr1A1B1C_vRhyme_bin_11	vRhyme_bin_11__LABRr1A1B1C_000000092334	vRhyme_bin_11__LABRr1A1B1C_000000092334_39	0.0000	low	1.0000	very high	0.0000	low
LABRr1A1B1C_vRhyme_bin_11	vRhyme_bin_11__LABRr1A1B1C_000000092334	vRhyme_bin_11__LABRr1A1B1C_000000092334_40	0.0000	low	1.0000	very high	0.0000	low
LABRr1A1B1C_vRhyme_bin_11	vRhyme_bin_11__LABRr1A1B1C_000000092334	vRhyme_bin_11__LABRr1A1B1C_000000092334_41	0.0000	low	1.0000	very high	0.0000	low
LABRr1A1B1C_vRhyme_bin_11	vRhyme_bin_11__LABRr1A1B1C_000000092334	vRhyme_bin_11__LABRr1A1B1C_000000092334_42	0.0000	low	1.0000	very high	0.0000	low
LABRr1A1B1C_vRhyme_bin_11	vRhyme_bin_11__LABRr1A1B1C_000000092334	vRhyme_bin_11__LABRr1A1B1C_000000092334_43	0.0000	low	1.0000	very high	0.0000	low
LABRr1A1B1C_vRhyme_bin_11	vRhyme_bin_11__LABRr1A1B1C_000000092334	vRhyme_bin_11__LABRr1A1B1C_000000092334_44	0.0000	low	1.0000	very high	0.0000	low
LABRr1A1B1C_vRhyme_bin_11	vRhyme_bin_11__LABRr1A1B1C_000000092334	vRhyme_bin_11__LABRr1A1B1C_000000092334_45	0.0000	low	1.0000	very high	0.0000	low
LABRr1A1B1C_vRhyme_bin_11	vRhyme_bin_11__LABRr1A1B1C_000000092334	vRhyme_bin_11__LABRr1A1B1C_000000092334_46	0.0000	low	1.0000	very high	0.0000	low
LABRr1A1B1C_vRhyme_bin_11	vRhyme_bin_11__LABRr1A1B1C_000000092334	vRhyme_bin_11__LABRr1A1B1C_000000092334_47	0.0000	low	1.0000	very high	0.0000	low
LABRr1A1B1C_vRhyme_bin_11	vRhyme_bin_11__LABRr1A1B1C_000000098710	vRhyme_bin_11__LABRr1A1B1C_000000098710_1	0.0000	low	1.0000	very high	0.0000	low
LABRr1A1B1C_vRhyme_bin_11	vRhyme_bin_11__LABRr1A1B1C_000000098710	vRhyme_bin_11__LABRr1A1B1C_000000098710_2	0.0000	low	1.0000	very high	0.0000	low
LABRr1A1B1C_vRhyme_bin_11	vRhyme_bin_11__LABRr1A1B1C_000000098710	vRhyme_bin_11__LABRr1A1B1C_000000098710_3	0.0000	low	1.0000	very high	0.0000	low
LABRr1A1B1C_vRhyme_bin_11	vRhyme_bin_11__LABRr1A1B1C_000000098710	vRhyme_bin_11__LABRr1A1B1C_000000098710_4	0.0000	low	1.0000	very high	0.0000	low
LABRr1A1B1C_vRhyme_bin_11	vRhyme_bin_11__LABRr1A1B1C_000000098710	vRhyme_bin_11__LABRr1A1B1C_000000098710_5	0.0000	low	1.0000	very high	0.0000	low
LABRr1A1B1C_vRhyme_bin_11	vRhyme_bin_11__LABRr1A1B1C_000000098710	vRhyme_bin_11__LABRr1A1B1C_000000098710_6	0.0000	low	1.0000	very high	0.0000	low
LABRr1A1B1C_vRhyme_bin_11	vRhyme_bin_11__LABRr1A1B1C_000000098710	vRhyme_bin_11__LABRr1A1B1C_000000098710_7	0.0000	low	1.0000	very high	0.0000	low
LABRr1A1B1C_vRhyme_bin_11	vRhyme_bin_11__LABRr1A1B1C_000000098710	vRhyme_bin_11__LABRr1A1B1C_000000098710_8	0.0000	low	1.0000	very high	0.0000	low
LABRr1A1B1C_vRhyme_bin_11	vRhyme_bin_11__LABRr1A1B1C_000000105942	vRhyme_bin_11__LABRr1A1B1C_000000105942_1	0.0000	low	1.0000	very high	0.0000	low
LABRr1A1B1C_vRhyme_bin_11	vRhyme_bin_11__LABRr1A1B1C_000000105942	vRhyme_bin_11__LABRr1A1B1C_000000105942_2	0.0000	low	1.0000	very high	0.0000	low
LABRr1A1B1C_vRhyme_bin_11	vRhyme_bin_11__LABRr1A1B1C_000000105942	vRhyme_bin_11__LABRr1A1B1C_000000105942_3	0.0000	low	1.0000	very high	0.0000	low
LABRr1A1B1C_vRhyme_bin_11	vRhyme_bin_11__LABRr1A1B1C_000000105942	vRhyme_bin_11__LABRr1A1B1C_000000105942_4	0.0000	low	1.0000	very high	0.0000	low
LABRr1A1B1C_vRhyme_bin_11	vRhyme_bin_11__LABRr1A1B1C_000000105942	vRhyme_bin_11__LABRr1A1B1C_000000105942_5	0.0000	low	1.0000	very high	0.0000	low
LABRr1A1B1C_vRhyme_bin_11	vRhyme_bin_11__LABRr1A1B1C_000000105942	vRhyme_bin_11__LABRr1A1B1C_000000105942_6	0.0000	low	1.0000	very high	0.0000	low
LABRr1A1B1C_vRhyme_bin_11	vRhyme_bin_11__LABRr1A1B1C_000000105942	vRhyme_bin_11__LABRr1A1B1C_000000105942_7	0.0000	low	1.0000	very high	0.0000	low
LABRr1A1B1C_vRhyme_bin_11	vRhyme_bin_11__LABRr1A1B1C_000000105942	vRhyme_bin_11__LABRr1A1B1C_000000105942_8	0.0000	low	1.0000	very high	0.0000	low
LABRr1A1B1C_vRhyme_bin_11	vRhyme_bin_11__LABRr1A1B1C_000000105942	vRhyme_bin_11__LABRr1A1B1C_000000105942_9	0.0000	low	1.0000	very high	0.0000	low
LABRr1A1B1C_vRhyme_bin_11	vRhyme_bin_11__LABRr1A1B1C_000000105942	vRhyme_bin_11__LABRr1A1B1C_000000105942_10	0.0442	low	1.0000	very high	0.0442	low
LABRr1A1B1C_vRhyme_bin_11	vRhyme_bin_11__LABRr1A1B1C_000000105942	vRhyme_bin_11__LABRr1A1B1C_000000105942_11	0.0000	low	1.0000	very high	0.0000	low
LABRr1A1B1C_vRhyme_bin_11	vRhyme_bin_11__LABRr1A1B1C_000000105942	vRhyme_bin_11__LABRr1A1B1C_000000105942_12	0.0000	low	1.0000	very high	0.0000	low
LABRr1A1B1C_vRhyme_bin_11	vRhyme_bin_11__LABRr1A1B1C_000000105942	vRhyme_bin_11__LABRr1A1B1C_000000105942_13	0.0000	low	1.0000	very high	0.0000	low
LABRr1A1B1C_vRhyme_bin_11	vRhyme_bin_11__LABRr1A1B1C_000000105942	vRhyme_bin_11__LABRr1A1B1C_000000105942_14	0.0000	low	1.0000	very high	0.0000	low
LABRr1A1B1C_vRhyme_bin_11	vRhyme_bin_11__LABRr1A1B1C_000000105942	vRhyme_bin_11__LABRr1A1B1C_000000105942_15	0.0000	low	1.0000	very high	0.0000	low
LABRr1A1B1C_vRhyme_bin_11	vRhyme_bin_11__LABRr1A1B1C_000000105942	vRhyme_bin_11__LABRr1A1B1C_000000105942_16	0.0000	low	1.0000	very high	0.0000	low
LABRr1A1B1C_vRhyme_bin_11	vRhyme_bin_11__LABRr1A1B1C_000000105942	vRhyme_bin_11__LABRr1A1B1C_000000105942_17	0.0000	low	1.0000	very high	0.0000	low
LABRr1A1B1C_vRhyme_bin_11	vRhyme_bin_11__LABRr1A1B1C_000000105942	vRhyme_bin_11__LABRr1A1B1C_000000105942_18	0.0000	low	1.0000	very high	0.0000	low
LABRr1A1B1C_vRhyme_bin_11	vRhyme_bin_11__LABRr1A1B1C_000000105942	vRhyme_bin_11__LABRr1A1B1C_000000105942_19	0.0000	low	1.0000	very high	0.0000	low
LABRr1A1B1C_vRhyme_bin_11	vRhyme_bin_11__LABRr1A1B1C_000000105942	vRhyme_bin_11__LABRr1A1B1C_000000105942_20	0.0000	low	1.0000	very high	0.0000	low
LABRr1A1B1C_vRhyme_bin_11	vRhyme_bin_11__LABRr1A1B1C_000000105942	vRhyme_bin_11__LABRr1A1B1C_000000105942_21	0.0000	low	1.0000	very high	0.0000	low
LABRr1A1B1C_vRhyme_bin_11	vRhyme_bin_11__LABRr1A1B1C_000000105942	vRhyme_bin_11__LABRr1A1B1C_000000105942_22	0.0000	low	1.0000	very high	0.0000	low
LABRr1A1B1C_vRhyme_bin_11	vRhyme_bin_11__LABRr1A1B1C_000000105942	vRhyme_bin_11__LABRr1A1B1C_000000105942_23	0.0000	low	1.0000	very high	0.0000	low
LABRr1A1B1C_vRhyme_bin_11	vRhyme_bin_11__LABRr1A1B1C_000000110784	vRhyme_bin_11__LABRr1A1B1C_000000110784_1	0.0000	low	1.0000	very high	0.0000	low
LABRr1A1B1C_vRhyme_bin_11	vRhyme_bin_11__LABRr1A1B1C_000000110784	vRhyme_bin_11__LABRr1A1B1C_000000110784_2	0.0000	low	1.0000	very high	0.0000	low
LABRr1A1B1C_vRhyme_bin_11	vRhyme_bin_11__LABRr1A1B1C_000000110784	vRhyme_bin_11__LABRr1A1B1C_000000110784_3	0.0000	low	1.0000	very high	0.0000	low
LABRr1A1B1C_vRhyme_bin_11	vRhyme_bin_11__LABRr1A1B1C_000000110784	vRhyme_bin_11__LABRr1A1B1C_000000110784_4	0.0000	low	1.0000	very high	0.0000	low
LABRr1A1B1C_vRhyme_bin_11	vRhyme_bin_11__LABRr1A1B1C_000000110784	vRhyme_bin_11__LABRr1A1B1C_000000110784_5	0.0000	low	1.0000	very high	0.0000	low
LABRr1A1B1C_vRhyme_bin_11	vRhyme_bin_11__LABRr1A1B1C_000000110784	vRhyme_bin_11__LABRr1A1B1C_000000110784_6	0.0000	low	1.0000	very high	0.0000	low
LABRr1A1B1C_vRhyme_bin_11	vRhyme_bin_11__LABRr1A1B1C_000000110784	vRhyme_bin_11__LABRr1A1B1C_000000110784_7	0.0000	low	1.0000	very high	0.0000	low
LABRr1A1B1C_vRhyme_bin_11	vRhyme_bin_11__LABRr1A1B1C_000000110784	vRhyme_bin_11__LABRr1A1B1C_000000110784_8	0.0000	low	1.0000	very high	0.0000	low
LABRr1A1B1C_vRhyme_bin_11	vRhyme_bin_11__LABRr1A1B1C_000000110784	vRhyme_bin_11__LABRr1A1B1C_000000110784_9	0.0000	low	1.0000	very high	0.0000	low
LABRr1A1B1C_vRhyme_bin_11	vRhyme_bin_11__LABRr1A1B1C_000000110784	vRhyme_bin_11__LABRr1A1B1C_000000110784_10	0.0000	low	1.0000	very high	0.0000	low
LABRr1A1B1C_vRhyme_bin_11	vRhyme_bin_11__LABRr1A1B1C_000000110784	vRhyme_bin_11__LABRr1A1B1C_000000110784_11	0.0000	low	1.0000	very high	0.0000	low
LABRr1A1B1C_vRhyme_bin_11	vRhyme_bin_11__LABRr1A1B1C_000000110784	vRhyme_bin_11__LABRr1A1B1C_000000110784_12	0.0000	low	1.0000	very high	0.0000	low
LABRr1A1B1C_vRhyme_bin_11	vRhyme_bin_11__LABRr1A1B1C_000000110784	vRhyme_bin_11__LABRr1A1B1C_000000110784_13	1.0000	very high	1.0000	very high	1.0000	very high
LABRr1A1B1C_vRhyme_bin_11	vRhyme_bin_11__LABRr1A1B1C_000000110784	vRhyme_bin_11__LABRr1A1B1C_000000110784_14	0.0000	low	1.0000	very high	0.0000	low
LABRr1A1B1C_vRhyme_bin_11	vRhyme_bin_11__LABRr1A1B1C_000000110784	vRhyme_bin_11__LABRr1A1B1C_000000110784_15	0.0000	low	1.0000	very high	0.0000	low
LABRr1A1B1C_vRhyme_bin_11	vRhyme_bin_11__LABRr1A1B1C_000000110784	vRhyme_bin_11__LABRr1A1B1C_000000110784_16	0.0000	low	1.0000	very high	0.0000	low
LABRr1A1B1C_vRhyme_bin_11	vRhyme_bin_11__LABRr1A1B1C_000000110784	vRhyme_bin_11__LABRr1A1B1C_000000110784_17	0.0000	low	1.0000	very high	0.0000	low
LABRr1A1B1C_vRhyme_bin_11	vRhyme_bin_11__LABRr1A1B1C_000000110784	vRhyme_bin_11__LABRr1A1B1C_000000110784_18	0.0000	low	1.0000	very high	0.0000	low
LABRr1A1B1C_vRhyme_bin_11	vRhyme_bin_11__LABRr1A1B1C_000000110784	vRhyme_bin_11__LABRr1A1B1C_000000110784_19	0.0000	low	1.0000	very high	0.0000	low
LABRr1A1B1C_vRhyme_bin_11	vRhyme_bin_11__LABRr1A1B1C_000000110784	vRhyme_bin_11__LABRr1A1B1C_000000110784_20	0.0000	low	1.0000	very high	0.0000	low
LABRr1A1B1C_vRhyme_bin_11	vRhyme_bin_11__LABRr1A1B1C_000000110784	vRhyme_bin_11__LABRr1A1B1C_000000110784_21	0.0000	low	1.0000	very high	0.0000	low
LABRr1A1B1C_vRhyme_bin_11	vRhyme_bin_11__LABRr1A1B1C_000000110784	vRhyme_bin_11__LABRr1A1B1C_000000110784_22	0.0000	low	1.0000	very high	0.0000	low
LABRr1A1B1C_vRhyme_bin_11	vRhyme_bin_11__LABRr1A1B1C_000000110784	vRhyme_bin_11__LABRr1A1B1C_000000110784_23	0.0000	low	1.0000	very high	0.0000	low
LABRr1A1B1C_vRhyme_bin_11	vRhyme_bin_11__LABRr1A1B1C_000000110784	vRhyme_bin_11__LABRr1A1B1C_000000110784_24	0.0000	low	1.0000	very high	0.0000	low
LABRr1A1B1C_vRhyme_bin_11	vRhyme_bin_11__LABRr1A1B1C_000000110784	vRhyme_bin_11__LABRr1A1B1C_000000110784_25	0.0000	low	1.0000	very high	0.0000	low
LABRr1A1B1C_vRhyme_bin_11	vRhyme_bin_11__LABRr1A1B1C_000000110784	vRhyme_bin_11__LABRr1A1B1C_000000110784_26	0.0000	low	0.9509	high	0.0000	low
LABRr1A1B1C_vRhyme_bin_11	vRhyme_bin_11__LABRr1A1B1C_000000110784	vRhyme_bin_11__LABRr1A1B1C_000000110784_27	0.0000	low	1.0000	very high	0.0000	low
LABRr1A1B1C_vRhyme_bin_11	vRhyme_bin_11__LABRr1A1B1C_000000110784	vRhyme_bin_11__LABRr1A1B1C_000000110784_28	0.0000	low	1.0000	very high	0.0000	low
LABRr1A1B1C_vRhyme_bin_11	vRhyme_bin_11__LABRr1A1B1C_000000110784	vRhyme_bin_11__LABRr1A1B1C_000000110784_29	0.0000	low	1.0000	very high	0.0000	low
LABRr1A1B1C_vRhyme_bin_11	vRhyme_bin_11__LABRr1A1B1C_000000110784	vRhyme_bin_11__LABRr1A1B1C_000000110784_30	0.0000	low	1.0000	very high	0.0000	low
LABRr1A1B1C_vRhyme_bin_11	vRhyme_bin_11__LABRr1A1B1C_000000110784	vRhyme_bin_11__LABRr1A1B1C_000000110784_31	0.0000	low	1.0000	very high	0.0000	low
LABRr1A1B1C_vRhyme_bin_11	vRhyme_bin_11__LABRr1A1B1C_000000110784	vRhyme_bin_11__LABRr1A1B1C_000000110784_32	0.0000	low	1.0000	very high	0.0000	low
LABRr1A1B1C_vRhyme_bin_11	vRhyme_bin_11__LABRr1A1B1C_000000110784	vRhyme_bin_11__LABRr1A1B1C_000000110784_33	0.0000	low	1.0000	very high	0.0000	low
LABRr1A1B1C_vRhyme_bin_11	vRhyme_bin_11__LABRr1A1B1C_000000110784	vRhyme_bin_11__LABRr1A1B1C_000000110784_34	0.0000	low	1.0000	very high	0.0000	low
LABRr1A1B1C_vRhyme_bin_11	vRhyme_bin_11__LABRr1A1B1C_000000110784	vRhyme_bin_11__LABRr1A1B1C_000000110784_35	0.0000	low	1.0000	very high	0.0000	low
LABRr1A1B1C_vRhyme_bin_11	vRhyme_bin_11__LABRr1A1B1C_000000110784	vRhyme_bin_11__LABRr1A1B1C_000000110784_36	0.0000	low	1.0000	very high	0.0000	low
LABRr1A1B1C_vRhyme_bin_11	vRhyme_bin_11__LABRr1A1B1C_000000110784	vRhyme_bin_11__LABRr1A1B1C_000000110784_37	0.0000	low	1.0000	very high	0.0000	low
LABRr1A1B1C_vRhyme_bin_11	vRhyme_bin_11__LABRr1A1B1C_000000110784	vRhyme_bin_11__LABRr1A1B1C_000000110784_38	0.0000	low	1.0000	very high	0.0000	low
LABRr1A1B1C_vRhyme_bin_11	vRhyme_bin_11__LABRr1A1B1C_000000115427	vRhyme_bin_11__LABRr1A1B1C_000000115427_1	0.0000	low	1.0000	very high	0.0000	low
LABRr1A1B1C_vRhyme_bin_11	vRhyme_bin_11__LABRr1A1B1C_000000115427	vRhyme_bin_11__LABRr1A1B1C_000000115427_2	0.0000	low	1.0000	very high	0.0000	low
LABRr1A1B1C_vRhyme_bin_11	vRhyme_bin_11__LABRr1A1B1C_000000115427	vRhyme_bin_11__LABRr1A1B1C_000000115427_3	0.0000	low	1.0000	very high	0.0000	low
LABRr1A1B1C_vRhyme_bin_11	vRhyme_bin_11__LABRr1A1B1C_000000115427	vRhyme_bin_11__LABRr1A1B1C_000000115427_4	0.0000	low	1.0000	very high	0.0000	low
LABRr1A1B1C_vRhyme_bin_11	vRhyme_bin_11__LABRr1A1B1C_000000115427	vRhyme_bin_11__LABRr1A1B1C_000000115427_5	0.0000	low	1.0000	very high	0.0000	low
LABRr1A1B1C_vRhyme_bin_11	vRhyme_bin_11__LABRr1A1B1C_000000115427	vRhyme_bin_11__LABRr1A1B1C_000000115427_6	0.0000	low	1.0000	very high	0.0000	low
LABRr1A1B1C_vRhyme_bin_11	vRhyme_bin_11__LABRr1A1B1C_000000115427	vRhyme_bin_11__LABRr1A1B1C_000000115427_7	0.0000	low	1.0000	very high	0.0000	low
LABRr1A1B1C_vRhyme_bin_11	vRhyme_bin_11__LABRr1A1B1C_000000115427	vRhyme_bin_11__LABRr1A1B1C_000000115427_8	0.0000	low	1.0000	very high	0.0000	low
LABRr1A1B1C_vRhyme_bin_11	vRhyme_bin_11__LABRr1A1B1C_000000115427	vRhyme_bin_11__LABRr1A1B1C_000000115427_9	0.0000	low	1.0000	very high	0.0000	low
LABRr1A1B1C_vRhyme_bin_11	vRhyme_bin_11__LABRr1A1B1C_000000115427	vRhyme_bin_11__LABRr1A1B1C_000000115427_10	0.0000	low	1.0000	very high	0.0000	low
LABRr1A1B1C_vRhyme_bin_11	vRhyme_bin_11__LABRr1A1B1C_000000115427	vRhyme_bin_11__LABRr1A1B1C_000000115427_11	0.0000	low	1.0000	very high	0.0000	low
LABRr1A1B1C_vRhyme_bin_11	vRhyme_bin_11__LABRr1A1B1C_000000115427	vRhyme_bin_11__LABRr1A1B1C_000000115427_12	0.0000	low	1.0000	very high	0.0000	low
LABRr1A1B1C_vRhyme_bin_11	vRhyme_bin_11__LABRr1A1B1C_000000115427	vRhyme_bin_11__LABRr1A1B1C_000000115427_13	0.0000	low	1.0000	very high	0.0000	low
LABRr1A1B1C_vRhyme_bin_11	vRhyme_bin_11__LABRr1A1B1C_000000140205	vRhyme_bin_11__LABRr1A1B1C_000000140205_1	0.0000	low	1.0000	very high	0.0000	low
LABRr1A1B1C_vRhyme_bin_11	vRhyme_bin_11__LABRr1A1B1C_000000140205	vRhyme_bin_11__LABRr1A1B1C_000000140205_2	0.0000	low	1.0000	very high	0.0000	low
LABRr1A1B1C_vRhyme_bin_11	vRhyme_bin_11__LABRr1A1B1C_000000140205	vRhyme_bin_11__LABRr1A1B1C_000000140205_3	0.0000	low	0.9288	high	0.0000	low
LABRr1A1B1C_vRhyme_bin_11	vRhyme_bin_11__LABRr1A1B1C_000000140205	vRhyme_bin_11__LABRr1A1B1C_000000140205_4	0.0000	low	1.0000	very high	0.0000	low
LABRr1A1B1C_vRhyme_bin_11	vRhyme_bin_11__LABRr1A1B1C_000000140205	vRhyme_bin_11__LABRr1A1B1C_000000140205_5	0.0000	low	1.0000	very high	0.0000	low
LABRr1A1B1C_vRhyme_bin_11	vRhyme_bin_11__LABRr1A1B1C_000000140205	vRhyme_bin_11__LABRr1A1B1C_000000140205_6	0.0000	low	1.0000	very high	0.0000	low
LABRr1A1B1C_vRhyme_bin_11	vRhyme_bin_11__LABRr1A1B1C_000000140205	vRhyme_bin_11__LABRr1A1B1C_000000140205_7	0.0000	low	1.0000	very high	0.0000	low
LABRr1A1B1C_vRhyme_bin_11	vRhyme_bin_11__LABRr1A1B1C_000000140205	vRhyme_bin_11__LABRr1A1B1C_000000140205_8	0.0000	low	1.0000	very high	0.0000	low
LABRr1A1B1C_vRhyme_bin_11	vRhyme_bin_11__LABRr1A1B1C_000000140205	vRhyme_bin_11__LABRr1A1B1C_000000140205_9	0.0000	low	1.0000	very high	0.0000	low
LABRr1A1B1C_vRhyme_bin_11	vRhyme_bin_11__LABRr1A1B1C_000000140205	vRhyme_bin_11__LABRr1A1B1C_000000140205_10	0.0000	low	1.0000	very high	0.0000	low
LABRr1A1B1C_vRhyme_bin_11	vRhyme_bin_11__LABRr1A1B1C_000000140205	vRhyme_bin_11__LABRr1A1B1C_000000140205_11	0.0000	low	1.0000	very high	0.0000	low
LABRr1A1B1C_vRhyme_bin_11	vRhyme_bin_11__LABRr1A1B1C_000000140205	vRhyme_bin_11__LABRr1A1B1C_000000140205_12	0.0000	low	1.0000	very high	0.0000	low
LABRr1A1B1C_vRhyme_bin_11	vRhyme_bin_11__LABRr1A1B1C_000000140205	vRhyme_bin_11__LABRr1A1B1C_000000140205_13	0.0000	low	1.0000	very high	0.0000	low
LABRr1A1B1C_vRhyme_bin_11	vRhyme_bin_11__LABRr1A1B1C_000000140205	vRhyme_bin_11__LABRr1A1B1C_000000140205_14	0.0000	low	1.0000	very high	0.0000	low
LABRr1A1B1C_vRhyme_bin_11	vRhyme_bin_11__LABRr1A1B1C_000000140205	vRhyme_bin_11__LABRr1A1B1C_000000140205_15	0.0000	low	1.0000	very high	0.0000	low
LABRr1A1B1C_vRhyme_bin_11	vRhyme_bin_11__LABRr1A1B1C_000000140205	vRhyme_bin_11__LABRr1A1B1C_000000140205_16	0.0000	low	1.0000	very high	0.0000	low
LABRr1A1B1C_vRhyme_bin_11	vRhyme_bin_11__LABRr1A1B1C_000000140205	vRhyme_bin_11__LABRr1A1B1C_000000140205_17	0.0000	low	1.0000	very high	0.0000	low
LABRr1A1B1C_vRhyme_bin_11	vRhyme_bin_11__LABRr1A1B1C_000000140205	vRhyme_bin_11__LABRr1A1B1C_000000140205_18	0.0000	low	1.0000	very high	0.0000	low
LABRr1A1B1C_vRhyme_bin_11	vRhyme_bin_11__LABRr1A1B1C_000000140205	vRhyme_bin_11__LABRr1A1B1C_000000140205_19	0.0000	low	1.0000	very high	0.0000	low
LABRr1A1B1C_vRhyme_bin_11	vRhyme_bin_11__LABRr1A1B1C_000000140205	vRhyme_bin_11__LABRr1A1B1C_000000140205_20	0.0000	low	1.0000	very high	0.0000	low
LABRr1A1B1C_vRhyme_bin_11	vRhyme_bin_11__LABRr1A1B1C_000000140205	vRhyme_bin_11__LABRr1A1B1C_000000140205_21	0.0000	low	1.0000	very high	0.0000	low
LABRr1A1B1C_vRhyme_bin_11	vRhyme_bin_11__LABRr1A1B1C_000000140205	vRhyme_bin_11__LABRr1A1B1C_000000140205_22	0.0000	low	1.0000	very high	0.0000	low
LABRr1A1B1C_vRhyme_bin_11	vRhyme_bin_11__LABRr1A1B1C_000000140205	vRhyme_bin_11__LABRr1A1B1C_000000140205_23	0.0000	low	0.9566	high	0.0000	low
LABRr1A1B1C_vRhyme_bin_11	vRhyme_bin_11__LABRr1A1B1C_000000140205	vRhyme_bin_11__LABRr1A1B1C_000000140205_24	0.0000	low	0.9569	high	0.0000	low
LABRr1A1B1C_vRhyme_bin_11	vRhyme_bin_11__LABRr1A1B1C_000000140205	vRhyme_bin_11__LABRr1A1B1C_000000140205_25	0.0000	low	1.0000	very high	0.0000	low
LABRr1A1B1C_vRhyme_bin_11	vRhyme_bin_11__LABRr1A1B1C_000000140205	vRhyme_bin_11__LABRr1A1B1C_000000140205_26	0.0000	low	1.0000	very high	0.0000	low
LABRr1A1B1C_vRhyme_bin_11	vRhyme_bin_11__LABRr1A1B1C_000000140205	vRhyme_bin_11__LABRr1A1B1C_000000140205_27	0.0000	low	1.0000	very high	0.0000	low
LABRr1A1B1C_vRhyme_bin_11	vRhyme_bin_11__LABRr1A1B1C_000000140205	vRhyme_bin_11__LABRr1A1B1C_000000140205_28	0.0000	low	1.0000	very high	0.0000	low
LABRr1A1B1C_vRhyme_bin_11	vRhyme_bin_11__LABRr1A1B1C_000000140205	vRhyme_bin_11__LABRr1A1B1C_000000140205_29	0.0000	low	1.0000	very high	0.0000	low
LABRr1A1B1C_vRhyme_bin_11	vRhyme_bin_11__LABRr1A1B1C_000000140205	vRhyme_bin_11__LABRr1A1B1C_000000140205_30	0.0000	low	1.0000	very high	0.0000	low
LABRr1A1B1C_vRhyme_bin_11	vRhyme_bin_11__LABRr1A1B1C_000000140205	vRhyme_bin_11__LABRr1A1B1C_000000140205_31	0.0000	low	1.0000	very high	0.0000	low
LABRr1A1B1C_vRhyme_bin_11	vRhyme_bin_11__LABRr1A1B1C_000000140205	vRhyme_bin_11__LABRr1A1B1C_000000140205_32	0.0000	low	1.0000	very high	0.0000	low
LABRr1A1B1C_vRhyme_bin_11	vRhyme_bin_11__LABRr1A1B1C_000000140205	vRhyme_bin_11__LABRr1A1B1C_000000140205_33	0.0000	low	1.0000	very high	0.0000	low
LABRr1A1B1C_vRhyme_bin_11	vRhyme_bin_11__LABRr1A1B1C_000000140205	vRhyme_bin_11__LABRr1A1B1C_000000140205_34	0.0000	low	1.0000	very high	0.0000	low
LABRr1A1B1C_vRhyme_bin_11	vRhyme_bin_11__LABRr1A1B1C_000000140205	vRhyme_bin_11__LABRr1A1B1C_000000140205_35	0.0000	low	1.0000	very high	0.0000	low
LABRr1A1B1C_vRhyme_bin_11	vRhyme_bin_11__LABRr1A1B1C_000000140205	vRhyme_bin_11__LABRr1A1B1C_000000140205_36	0.0000	low	1.0000	very high	0.0000	low
LABRr1A1B1C_vRhyme_bin_11	vRhyme_bin_11__LABRr1A1B1C_000000140205	vRhyme_bin_11__LABRr1A1B1C_000000140205_37	0.0000	low	1.0000	very high	0.0000	low
LABRr1A1B1C_vRhyme_bin_11	vRhyme_bin_11__LABRr1A1B1C_000000140205	vRhyme_bin_11__LABRr1A1B1C_000000140205_38	0.0000	low	1.0000	very high	0.0000	low
LABRr1A1B1C_vRhyme_bin_11	vRhyme_bin_11__LABRr1A1B1C_000000140205	vRhyme_bin_11__LABRr1A1B1C_000000140205_39	0.0000	low	1.0000	very high	0.0000	low
LABRr1A1B1C_vRhyme_bin_11	vRhyme_bin_11__LABRr1A1B1C_000000147842	vRhyme_bin_11__LABRr1A1B1C_000000147842_1	0.0000	low	1.0000	very high	0.0000	low
LABRr1A1B1C_vRhyme_bin_11	vRhyme_bin_11__LABRr1A1B1C_000000147842	vRhyme_bin_11__LABRr1A1B1C_000000147842_2	0.0000	low	1.0000	very high	0.0000	low
LABRr1A1B1C_vRhyme_bin_11	vRhyme_bin_11__LABRr1A1B1C_000000147842	vRhyme_bin_11__LABRr1A1B1C_000000147842_3	0.0000	low	1.0000	very high	0.0000	low
LABRr1A1B1C_vRhyme_bin_11	vRhyme_bin_11__LABRr1A1B1C_000000147842	vRhyme_bin_11__LABRr1A1B1C_000000147842_4	0.0000	low	1.0000	very high	0.0000	low
LABRr1A1B1C_vRhyme_bin_11	vRhyme_bin_11__LABRr1A1B1C_000000147842	vRhyme_bin_11__LABRr1A1B1C_000000147842_5	0.0000	low	1.0000	very high	0.0000	low
LABRr1A1B1C_vRhyme_bin_11	vRhyme_bin_11__LABRr1A1B1C_000000147842	vRhyme_bin_11__LABRr1A1B1C_000000147842_6	0.0000	low	1.0000	very high	0.0000	low
LABRr1A1B1C_vRhyme_bin_11	vRhyme_bin_11__LABRr1A1B1C_000000147842	vRhyme_bin_11__LABRr1A1B1C_000000147842_7	0.0000	low	1.0000	very high	0.0000	low
LABRr1A1B1C_vRhyme_bin_11	vRhyme_bin_11__LABRr1A1B1C_000000147842	vRhyme_bin_11__LABRr1A1B1C_000000147842_8	0.0000	low	1.0000	very high	0.0000	low
LABRr1A1B1C_vRhyme_bin_11	vRhyme_bin_11__LABRr1A1B1C_000000147842	vRhyme_bin_11__LABRr1A1B1C_000000147842_9	0.0000	low	1.0000	very high	0.0000	low
LABRr1A1B1C_vRhyme_bin_11	vRhyme_bin_11__LABRr1A1B1C_000000147842	vRhyme_bin_11__LABRr1A1B1C_000000147842_10	0.0000	low	1.0000	very high	0.0000	low
LABRr1A1B1C_vRhyme_bin_11	vRhyme_bin_11__LABRr1A1B1C_000000147842	vRhyme_bin_11__LABRr1A1B1C_000000147842_11	0.0000	low	1.0000	very high	0.0000	low
LABRr1A1B1C_vRhyme_bin_11	vRhyme_bin_11__LABRr1A1B1C_000000147842	vRhyme_bin_11__LABRr1A1B1C_000000147842_12	0.0000	low	1.0000	very high	0.0000	low
LABRr1A1B1C_vRhyme_bin_11	vRhyme_bin_11__LABRr1A1B1C_000000147842	vRhyme_bin_11__LABRr1A1B1C_000000147842_13	0.0000	low	1.0000	very high	0.0000	low
LABRr1A1B1C_vRhyme_bin_11	vRhyme_bin_11__LABRr1A1B1C_000000147842	vRhyme_bin_11__LABRr1A1B1C_000000147842_14	0.0000	low	1.0000	very high	0.0000	low
LABRr1A1B1C_vRhyme_bin_11	vRhyme_bin_11__LABRr1A1B1C_000000147842	vRhyme_bin_11__LABRr1A1B1C_000000147842_15	0.0000	low	1.0000	very high	0.0000	low
LABRr1A1B1C_vRhyme_bin_11	vRhyme_bin_11__LABRr1A1B1C_000000147842	vRhyme_bin_11__LABRr1A1B1C_000000147842_16	0.0000	low	1.0000	very high	0.0000	low
LABRr1A1B1C_vRhyme_bin_11	vRhyme_bin_11__LABRr1A1B1C_000000175166	vRhyme_bin_11__LABRr1A1B1C_000000175166_1	0.0000	low	1.0000	very high	0.0000	low
LABRr1A1B1C_vRhyme_bin_11	vRhyme_bin_11__LABRr1A1B1C_000000175166	vRhyme_bin_11__LABRr1A1B1C_000000175166_2	0.0000	low	1.0000	very high	0.0000	low
LABRr1A1B1C_vRhyme_bin_11	vRhyme_bin_11__LABRr1A1B1C_000000175166	vRhyme_bin_11__LABRr1A1B1C_000000175166_3	0.0000	low	1.0000	very high	0.0000	low
LABRr1A1B1C_vRhyme_bin_11	vRhyme_bin_11__LABRr1A1B1C_000000175166	vRhyme_bin_11__LABRr1A1B1C_000000175166_4	0.0000	low	1.0000	very high	0.0000	low
LABRr1A1B1C_vRhyme_bin_11	vRhyme_bin_11__LABRr1A1B1C_000000175166	vRhyme_bin_11__LABRr1A1B1C_000000175166_5	0.0000	low	1.0000	very high	0.0000	low
LABRr1A1B1C_vRhyme_bin_11	vRhyme_bin_11__LABRr1A1B1C_000000175166	vRhyme_bin_11__LABRr1A1B1C_000000175166_6	0.0000	low	1.0000	very high	0.0000	low
LABRr1A1B1C_vRhyme_bin_11	vRhyme_bin_11__LABRr1A1B1C_000000175166	vRhyme_bin_11__LABRr1A1B1C_000000175166_7	0.0000	low	1.0000	very high	0.0000	low
LABRr1A1B1C_vRhyme_bin_11	vRhyme_bin_11__LABRr1A1B1C_000000175166	vRhyme_bin_11__LABRr1A1B1C_000000175166_8	0.0000	low	1.0000	very high	0.0000	low
LABRr1A1B1C_vRhyme_bin_11	vRhyme_bin_11__LABRr1A1B1C_000000175166	vRhyme_bin_11__LABRr1A1B1C_000000175166_9	0.0000	low	1.0000	very high	0.0000	low
LABRr1A1B1C_vRhyme_bin_11	vRhyme_bin_11__LABRr1A1B1C_000000175166	vRhyme_bin_11__LABRr1A1B1C_000000175166_10	0.0000	low	1.0000	very high	0.0000	low
LABRr1A1B1C_vRhyme_bin_11	vRhyme_bin_11__LABRr1A1B1C_000000175166	vRhyme_bin_11__LABRr1A1B1C_000000175166_11	0.0000	low	1.0000	very high	0.0000	low
LABRr1A1B1C_vRhyme_bin_11	vRhyme_bin_11__LABRr1A1B1C_000000175166	vRhyme_bin_11__LABRr1A1B1C_000000175166_12	0.0000	low	1.0000	very high	0.0000	low
LABRr1A1B1C_vRhyme_bin_11	vRhyme_bin_11__LABRr1A1B1C_000000175166	vRhyme_bin_11__LABRr1A1B1C_000000175166_13	0.0000	low	1.0000	very high	0.0000	low
LABRr1A1B1C_vRhyme_bin_11	vRhyme_bin_11__LABRr1A1B1C_000000175166	vRhyme_bin_11__LABRr1A1B1C_000000175166_14	0.0000	low	1.0000	very high	0.0000	low
LABRr1A1B1C_vRhyme_bin_11	vRhyme_bin_11__LABRr1A1B1C_000000175166	vRhyme_bin_11__LABRr1A1B1C_000000175166_15	0.0000	low	1.0000	very high	0.0000	low
LABRr1A1B1C_vRhyme_bin_11	vRhyme_bin_11__LABRr1A1B1C_000000175166	vRhyme_bin_11__LABRr1A1B1C_000000175166_16	0.0000	low	1.0000	very high	0.0000	low
LABRr1A1B1C_vRhyme_bin_11	vRhyme_bin_11__LABRr1A1B1C_000000175166	vRhyme_bin_11__LABRr1A1B1C_000000175166_17	0.0000	low	1.0000	very high	0.0000	low
LABRr1A1B1C_vRhyme_bin_11	vRhyme_bin_11__LABRr1A1B1C_000000175166	vRhyme_bin_11__LABRr1A1B1C_000000175166_18	0.0000	low	1.0000	very high	0.0000	low
LABRr1A1B1C_vRhyme_bin_11	vRhyme_bin_11__LABRr1A1B1C_000000175166	vRhyme_bin_11__LABRr1A1B1C_000000175166_19	0.0000	low	1.0000	very high	0.0000	low
LABRr1A1B1C_vRhyme_bin_11	vRhyme_bin_11__LABRr1A1B1C_000000175166	vRhyme_bin_11__LABRr1A1B1C_000000175166_20	0.0000	low	1.0000	very high	0.0000	low
LABRr1A1B1C_vRhyme_bin_11	vRhyme_bin_11__LABRr1A1B1C_000000175166	vRhyme_bin_11__LABRr1A1B1C_000000175166_21	0.0000	low	1.0000	very high	0.0000	low
LABRr1A1B1C_vRhyme_bin_11	vRhyme_bin_11__LABRr1A1B1C_000000175166	vRhyme_bin_11__LABRr1A1B1C_000000175166_22	0.0000	low	1.0000	very high	0.0000	low
LABRr1A1B1C_vRhyme_bin_11	vRhyme_bin_11__LABRr1A1B1C_000000175166	vRhyme_bin_11__LABRr1A1B1C_000000175166_23	0.0000	low	1.0000	very high	0.0000	low
LABRr1A1B1C_vRhyme_bin_11	vRhyme_bin_11__LABRr1A1B1C_000000192364	vRhyme_bin_11__LABRr1A1B1C_000000192364_1	0.0000	low	1.0000	very high	0.0000	low
LABRr1A1B1C_vRhyme_bin_11	vRhyme_bin_11__LABRr1A1B1C_000000192364	vRhyme_bin_11__LABRr1A1B1C_000000192364_2	0.0000	low	1.0000	very high	0.0000	low
LABRr1A1B1C_vRhyme_bin_11	vRhyme_bin_11__LABRr1A1B1C_000000192364	vRhyme_bin_11__LABRr1A1B1C_000000192364_3	0.0000	low	1.0000	very high	0.0000	low
LABRr1A1B1C_vRhyme_bin_11	vRhyme_bin_11__LABRr1A1B1C_000000192364	vRhyme_bin_11__LABRr1A1B1C_000000192364_4	0.0000	low	1.0000	very high	0.0000	low
LABRr1A1B1C_vRhyme_bin_11	vRhyme_bin_11__LABRr1A1B1C_000000192364	vRhyme_bin_11__LABRr1A1B1C_000000192364_5	0.0000	low	1.0000	very high	0.0000	low
LABRr1A1B1C_vRhyme_bin_11	vRhyme_bin_11__LABRr1A1B1C_000000192364	vRhyme_bin_11__LABRr1A1B1C_000000192364_6	0.0000	low	1.0000	very high	0.0000	low
LABRr1A1B1C_vRhyme_bin_11	vRhyme_bin_11__LABRr1A1B1C_000000192364	vRhyme_bin_11__LABRr1A1B1C_000000192364_7	0.0000	low	1.0000	very high	0.0000	low
LABRr1A1B1C_vRhyme_bin_11	vRhyme_bin_11__LABRr1A1B1C_000000192364	vRhyme_bin_11__LABRr1A1B1C_000000192364_8	0.4655	high	1.0000	very high	0.4655	high
LABRr1A1B1C_vRhyme_bin_11	vRhyme_bin_11__LABRr1A1B1C_000000192364	vRhyme_bin_11__LABRr1A1B1C_000000192364_9	0.0000	low	1.0000	very high	0.0000	low
LABRr1A1B1C_vRhyme_bin_11	vRhyme_bin_11__LABRr1A1B1C_000000192364	vRhyme_bin_11__LABRr1A1B1C_000000192364_10	0.0000	low	1.0000	very high	0.0000	low
LABRr1A1B1C_vRhyme_bin_11	vRhyme_bin_11__LABRr1A1B1C_000000192364	vRhyme_bin_11__LABRr1A1B1C_000000192364_11	0.0000	low	1.0000	very high	0.0000	low
LABRr1A1B1C_vRhyme_bin_11	vRhyme_bin_11__LABRr1A1B1C_000000192364	vRhyme_bin_11__LABRr1A1B1C_000000192364_12	0.0000	low	1.0000	very high	0.0000	low
LABRr1A1B1C_vRhyme_bin_11	vRhyme_bin_11__LABRr1A1B1C_000000192364	vRhyme_bin_11__LABRr1A1B1C_000000192364_13	0.0000	low	1.0000	very high	0.0000	low
LABRr1A1B1C_vRhyme_bin_11	vRhyme_bin_11__LABRr1A1B1C_000000192364	vRhyme_bin_11__LABRr1A1B1C_000000192364_14	0.0000	low	1.0000	very high	0.0000	low
LABRr1A1B1C_vRhyme_bin_11	vRhyme_bin_11__LABRr1A1B1C_000000192364	vRhyme_bin_11__LABRr1A1B1C_000000192364_15	0.0000	low	1.0000	very high	0.0000	low
LABRr1A1B1C_vRhyme_bin_11	vRhyme_bin_11__LABRr1A1B1C_000000192364	vRhyme_bin_11__LABRr1A1B1C_000000192364_16	0.0000	low	1.0000	very high	0.0000	low
LABRr1A1B1C_vRhyme_bin_11	vRhyme_bin_11__LABRr1A1B1C_000000192364	vRhyme_bin_11__LABRr1A1B1C_000000192364_17	0.0000	low	1.0000	very high	0.0000	low
LABRr1A1B1C_vRhyme_bin_11	vRhyme_bin_11__LABRr1A1B1C_000000192364	vRhyme_bin_11__LABRr1A1B1C_000000192364_18	0.0000	low	1.0000	very high	0.0000	low
LABRr1A1B1C_vRhyme_bin_11	vRhyme_bin_11__LABRr1A1B1C_000000192364	vRhyme_bin_11__LABRr1A1B1C_000000192364_19	0.0000	low	1.0000	very high	0.0000	low
LABRr1A1B1C_vRhyme_bin_11	vRhyme_bin_11__LABRr1A1B1C_000000192364	vRhyme_bin_11__LABRr1A1B1C_000000192364_20	0.0000	low	1.0000	very high	0.0000	low
LABRr1A1B1C_vRhyme_bin_11	vRhyme_bin_11__LABRr1A1B1C_000000192364	vRhyme_bin_11__LABRr1A1B1C_000000192364_21	0.0000	low	1.0000	very high	0.0000	low
LABRr1A1B1C_vRhyme_bin_11	vRhyme_bin_11__LABRr1A1B1C_000000203956	vRhyme_bin_11__LABRr1A1B1C_000000203956_1	0.0000	low	0.9195	high	0.0000	low
LABRr1A1B1C_vRhyme_bin_11	vRhyme_bin_11__LABRr1A1B1C_000000203956	vRhyme_bin_11__LABRr1A1B1C_000000203956_2	0.0000	low	1.0000	very high	0.0000	low
LABRr1A1B1C_vRhyme_bin_11	vRhyme_bin_11__LABRr1A1B1C_000000203956	vRhyme_bin_11__LABRr1A1B1C_000000203956_3	0.0000	low	1.0000	very high	0.0000	low
LABRr1A1B1C_vRhyme_bin_11	vRhyme_bin_11__LABRr1A1B1C_000000203956	vRhyme_bin_11__LABRr1A1B1C_000000203956_4	0.0000	low	1.0000	very high	0.0000	low
LABRr1A1B1C_vRhyme_bin_11	vRhyme_bin_11__LABRr1A1B1C_000000203956	vRhyme_bin_11__LABRr1A1B1C_000000203956_5	0.0000	low	1.0000	very high	0.0000	low
LABRr1A1B1C_vRhyme_bin_11	vRhyme_bin_11__LABRr1A1B1C_000000203956	vRhyme_bin_11__LABRr1A1B1C_000000203956_6	0.0000	low	1.0000	very high	0.0000	low
LABRr1A1B1C_vRhyme_bin_11	vRhyme_bin_11__LABRr1A1B1C_000000203956	vRhyme_bin_11__LABRr1A1B1C_000000203956_7	0.0000	low	1.0000	very high	0.0000	low
LABRr1A1B1C_vRhyme_bin_11	vRhyme_bin_11__LABRr1A1B1C_000000203956	vRhyme_bin_11__LABRr1A1B1C_000000203956_8	0.0000	low	1.0000	very high	0.0000	low
LABRr1A1B1C_vRhyme_bin_11	vRhyme_bin_11__LABRr1A1B1C_000000203956	vRhyme_bin_11__LABRr1A1B1C_000000203956_9	0.0000	low	0.9513	high	0.0000	low
LABRr1A1B1C_vRhyme_bin_11	vRhyme_bin_11__LABRr1A1B1C_000000203956	vRhyme_bin_11__LABRr1A1B1C_000000203956_10	0.0000	low	1.0000	very high	0.0000	low
LABRr1A1B1C_vRhyme_bin_11	vRhyme_bin_11__LABRr1A1B1C_000000203956	vRhyme_bin_11__LABRr1A1B1C_000000203956_11	0.0000	low	1.0000	very high	0.0000	low
LABRr1A1B1C_vRhyme_bin_11	vRhyme_bin_11__LABRr1A1B1C_000000203956	vRhyme_bin_11__LABRr1A1B1C_000000203956_12	0.0000	low	1.0000	very high	0.0000	low
LABRr1A1B1C_vRhyme_bin_11	vRhyme_bin_11__LABRr1A1B1C_000000203956	vRhyme_bin_11__LABRr1A1B1C_000000203956_13	0.0000	low	1.0000	very high	0.0000	low
LABRr1A1B1C_vRhyme_bin_11	vRhyme_bin_11__LABRr1A1B1C_000000203956	vRhyme_bin_11__LABRr1A1B1C_000000203956_14	0.0000	low	1.0000	very high	0.0000	low
LABRr1A1B1C_vRhyme_bin_11	vRhyme_bin_11__LABRr1A1B1C_000000220419	vRhyme_bin_11__LABRr1A1B1C_000000220419_1	0.0000	low	1.0000	very high	0.0000	low
LABRr1A1B1C_vRhyme_bin_11	vRhyme_bin_11__LABRr1A1B1C_000000220419	vRhyme_bin_11__LABRr1A1B1C_000000220419_2	0.0000	low	1.0000	very high	0.0000	low
LABRr1A1B1C_vRhyme_bin_11	vRhyme_bin_11__LABRr1A1B1C_000000220419	vRhyme_bin_11__LABRr1A1B1C_000000220419_3	0.0000	low	1.0000	very high	0.0000	low
LABRr1A1B1C_vRhyme_bin_11	vRhyme_bin_11__LABRr1A1B1C_000000220419	vRhyme_bin_11__LABRr1A1B1C_000000220419_4	0.0000	low	1.0000	very high	0.0000	low
LABRr1A1B1C_vRhyme_bin_11	vRhyme_bin_11__LABRr1A1B1C_000000220419	vRhyme_bin_11__LABRr1A1B1C_000000220419_5	0.0000	low	1.0000	very high	0.0000	low
LABRr1A1B1C_vRhyme_bin_11	vRhyme_bin_11__LABRr1A1B1C_000000220419	vRhyme_bin_11__LABRr1A1B1C_000000220419_6	0.0000	low	1.0000	very high	0.0000	low
LABRr1A1B1C_vRhyme_bin_11	vRhyme_bin_11__LABRr1A1B1C_000000220419	vRhyme_bin_11__LABRr1A1B1C_000000220419_7	0.0000	low	1.0000	very high	0.0000	low
LABRr1A1B1C_vRhyme_bin_11	vRhyme_bin_11__LABRr1A1B1C_000000220419	vRhyme_bin_11__LABRr1A1B1C_000000220419_8	0.0000	low	1.0000	very high	0.0000	low
LABRr1A1B1C_vRhyme_bin_11	vRhyme_bin_11__LABRr1A1B1C_000000220419	vRhyme_bin_11__LABRr1A1B1C_000000220419_9	0.0000	low	1.0000	very high	0.0000	low
LABRr1A1B1C_vRhyme_bin_11	vRhyme_bin_11__LABRr1A1B1C_000000220419	vRhyme_bin_11__LABRr1A1B1C_000000220419_10	0.4945	high	1.0000	very high	0.4945	high
LABRr1A1B1C_vRhyme_bin_11	vRhyme_bin_11__LABRr1A1B1C_000000220419	vRhyme_bin_11__LABRr1A1B1C_000000220419_11	0.0000	low	1.0000	very high	0.0000	low
LABRr1A1B1C_vRhyme_bin_11	vRhyme_bin_11__LABRr1A1B1C_000000220419	vRhyme_bin_11__LABRr1A1B1C_000000220419_12	0.0000	low	1.0000	very high	0.0000	low
LABRr1A1B1C_vRhyme_bin_11	vRhyme_bin_11__LABRr1A1B1C_000000220419	vRhyme_bin_11__LABRr1A1B1C_000000220419_13	0.0000	low	1.0000	very high	0.0000	low
LABRr1A1B1C_vRhyme_bin_11	vRhyme_bin_11__LABRr1A1B1C_000000220419	vRhyme_bin_11__LABRr1A1B1C_000000220419_14	0.0000	low	1.0000	very high	0.0000	low
LABRr1A1B1C_vRhyme_bin_11	vRhyme_bin_11__LABRr1A1B1C_000000220419	vRhyme_bin_11__LABRr1A1B1C_000000220419_15	0.0000	low	1.0000	very high	0.0000	low
LABRr1A1B1C_vRhyme_bin_11	vRhyme_bin_11__LABRr1A1B1C_000000220419	vRhyme_bin_11__LABRr1A1B1C_000000220419_16	0.0000	low	1.0000	very high	0.0000	low
LABRr1A1B1C_vRhyme_bin_11	vRhyme_bin_11__LABRr1A1B1C_000000220419	vRhyme_bin_11__LABRr1A1B1C_000000220419_17	0.0000	low	1.0000	very high	0.0000	low
LABRr1A1B1C_vRhyme_bin_11	vRhyme_bin_11__LABRr1A1B1C_000000220419	vRhyme_bin_11__LABRr1A1B1C_000000220419_18	0.0000	low	1.0000	very high	0.0000	low
LABRr1A1B1C_vRhyme_bin_11	vRhyme_bin_11__LABRr1A1B1C_000000220419	vRhyme_bin_11__LABRr1A1B1C_000000220419_19	0.0000	low	1.0000	very high	0.0000	low
LABRr1A1B1C_vRhyme_bin_11	vRhyme_bin_11__LABRr1A1B1C_000000220419	vRhyme_bin_11__LABRr1A1B1C_000000220419_20	0.0000	low	1.0000	very high	0.0000	low
LABRr1A1B1C_vRhyme_bin_11	vRhyme_bin_11__LABRr1A1B1C_000000220419	vRhyme_bin_11__LABRr1A1B1C_000000220419_21	0.0000	low	1.0000	very high	0.0000	low
LABRr1A1B1C_vRhyme_bin_11	vRhyme_bin_11__LABRr1A1B1C_000000220419	vRhyme_bin_11__LABRr1A1B1C_000000220419_22	0.0000	low	1.0000	very high	0.0000	low
LABRr1A1B1C_vRhyme_bin_11	vRhyme_bin_11__LABRr1A1B1C_000000220419	vRhyme_bin_11__LABRr1A1B1C_000000220419_23	0.0000	low	1.0000	very high	0.0000	low
LABRr1A1B1C_vRhyme_bin_11	vRhyme_bin_11__LABRr1A1B1C_000000220419	vRhyme_bin_11__LABRr1A1B1C_000000220419_24	0.0000	low	1.0000	very high	0.0000	low
LABRr1A1B1C_vRhyme_bin_11	vRhyme_bin_11__LABRr1A1B1C_000000220419	vRhyme_bin_11__LABRr1A1B1C_000000220419_25	0.0000	low	1.0000	very high	0.0000	low
LABRr1A1B1C_vRhyme_bin_11	vRhyme_bin_11__LABRr1A1B1C_000000220419	vRhyme_bin_11__LABRr1A1B1C_000000220419_26	0.0000	low	1.0000	very high	0.0000	low
LABRr1A1B1C_vRhyme_bin_11	vRhyme_bin_11__LABRr1A1B1C_000000220419	vRhyme_bin_11__LABRr1A1B1C_000000220419_27	0.0000	low	1.0000	very high	0.0000	low
LABRr1A1B1C_vRhyme_bin_11	vRhyme_bin_11__LABRr1A1B1C_000000220419	vRhyme_bin_11__LABRr1A1B1C_000000220419_28	0.0000	low	1.0000	very high	0.0000	low
LABRr1A1B1C_vRhyme_bin_11	vRhyme_bin_11__LABRr1A1B1C_000000220419	vRhyme_bin_11__LABRr1A1B1C_000000220419_29	0.0000	low	1.0000	very high	0.0000	low
LABRr1A1B1C_vRhyme_bin_11	vRhyme_bin_11__LABRr1A1B1C_000000220419	vRhyme_bin_11__LABRr1A1B1C_000000220419_30	0.0000	low	1.0000	very high	0.0000	low
LABRr1A1B1C_vRhyme_bin_11	vRhyme_bin_11__LABRr1A1B1C_000000220419	vRhyme_bin_11__LABRr1A1B1C_000000220419_31	0.0000	low	1.0000	very high	0.0000	low
LABRr1A1B1C_vRhyme_bin_11	vRhyme_bin_11__LABRr1A1B1C_000000220419	vRhyme_bin_11__LABRr1A1B1C_000000220419_32	0.0000	low	1.0000	very high	0.0000	low
LABRr1A1B1C_vRhyme_bin_11	vRhyme_bin_11__LABRr1A1B1C_000000220419	vRhyme_bin_11__LABRr1A1B1C_000000220419_33	0.0000	low	1.0000	very high	0.0000	low
LABRr1A1B1C_vRhyme_bin_11	vRhyme_bin_11__LABRr1A1B1C_000000220419	vRhyme_bin_11__LABRr1A1B1C_000000220419_34	0.0000	low	1.0000	very high	0.0000	low
LABRr1A1B1C_vRhyme_bin_11	vRhyme_bin_11__LABRr1A1B1C_000000220419	vRhyme_bin_11__LABRr1A1B1C_000000220419_35	0.0000	low	1.0000	very high	0.0000	low
LABRr1A1B1C_vRhyme_bin_11	vRhyme_bin_11__LABRr1A1B1C_000000220419	vRhyme_bin_11__LABRr1A1B1C_000000220419_36	0.0000	low	1.0000	very high	0.0000	low
LABRr1A1B1C_vRhyme_bin_11	vRhyme_bin_11__LABRr1A1B1C_000000220419	vRhyme_bin_11__LABRr1A1B1C_000000220419_37	0.0000	low	1.0000	very high	0.0000	low
LABRr1A1B1C_vRhyme_bin_11	vRhyme_bin_11__LABRr1A1B1C_000000220419	vRhyme_bin_11__LABRr1A1B1C_000000220419_38	0.0000	low	1.0000	very high	0.0000	low
LABRr1A1B1C_vRhyme_bin_11	vRhyme_bin_11__LABRr1A1B1C_000000220419	vRhyme_bin_11__LABRr1A1B1C_000000220419_39	0.0000	low	1.0000	very high	0.0000	low
LABRr1A1B1C_vRhyme_bin_11	vRhyme_bin_11__LABRr1A1B1C_000000220419	vRhyme_bin_11__LABRr1A1B1C_000000220419_40	0.0000	low	1.0000	very high	0.0000	low
LABRr1A1B1C_vRhyme_bin_11	vRhyme_bin_11__LABRr1A1B1C_000000220419	vRhyme_bin_11__LABRr1A1B1C_000000220419_41	0.0000	low	1.0000	very high	0.0000	low
LABRr1A1B1C_vRhyme_bin_11	vRhyme_bin_11__LABRr1A1B1C_000000220419	vRhyme_bin_11__LABRr1A1B1C_000000220419_42	0.0000	low	1.0000	very high	0.0000	low
LABRr1A1B1C_vRhyme_bin_11	vRhyme_bin_11__LABRr1A1B1C_000000230540	vRhyme_bin_11__LABRr1A1B1C_000000230540_1	0.0000	low	1.0000	very high	0.0000	low
LABRr1A1B1C_vRhyme_bin_11	vRhyme_bin_11__LABRr1A1B1C_000000230540	vRhyme_bin_11__LABRr1A1B1C_000000230540_2	0.0000	low	1.0000	very high	0.0000	low
LABRr1A1B1C_vRhyme_bin_11	vRhyme_bin_11__LABRr1A1B1C_000000230540	vRhyme_bin_11__LABRr1A1B1C_000000230540_3	0.0000	low	1.0000	very high	0.0000	low
LABRr1A1B1C_vRhyme_bin_11	vRhyme_bin_11__LABRr1A1B1C_000000230540	vRhyme_bin_11__LABRr1A1B1C_000000230540_4	0.0000	low	1.0000	very high	0.0000	low
LABRr1A1B1C_vRhyme_bin_11	vRhyme_bin_11__LABRr1A1B1C_000000230540	vRhyme_bin_11__LABRr1A1B1C_000000230540_5	0.0000	low	1.0000	very high	0.0000	low
LABRr1A1B1C_vRhyme_bin_11	vRhyme_bin_11__LABRr1A1B1C_000000230540	vRhyme_bin_11__LABRr1A1B1C_000000230540_6	0.0000	low	1.0000	very high	0.0000	low
LABRr1A1B1C_vRhyme_bin_11	vRhyme_bin_11__LABRr1A1B1C_000000230540	vRhyme_bin_11__LABRr1A1B1C_000000230540_7	0.0000	low	1.0000	very high	0.0000	low
LABRr1A1B1C_vRhyme_bin_11	vRhyme_bin_11__LABRr1A1B1C_000000230540	vRhyme_bin_11__LABRr1A1B1C_000000230540_8	0.0000	low	1.0000	very high	0.0000	low
LABRr1A1B1C_vRhyme_bin_11	vRhyme_bin_11__LABRr1A1B1C_000000230540	vRhyme_bin_11__LABRr1A1B1C_000000230540_9	0.0000	low	1.0000	very high	0.0000	low
LABRr1A1B1C_vRhyme_bin_11	vRhyme_bin_11__LABRr1A1B1C_000000230540	vRhyme_bin_11__LABRr1A1B1C_000000230540_10	0.0000	low	1.0000	very high	0.0000	low
LABRr1A1B1C_vRhyme_bin_11	vRhyme_bin_11__LABRr1A1B1C_000000230540	vRhyme_bin_11__LABRr1A1B1C_000000230540_11	0.0000	low	1.0000	very high	0.0000	low
LABRr1A1B1C_vRhyme_bin_11	vRhyme_bin_11__LABRr1A1B1C_000000230540	vRhyme_bin_11__LABRr1A1B1C_000000230540_12	0.0000	low	1.0000	very high	0.0000	low
LABRr1A1B1C_vRhyme_bin_11	vRhyme_bin_11__LABRr1A1B1C_000000230540	vRhyme_bin_11__LABRr1A1B1C_000000230540_13	0.0000	low	1.0000	very high	0.0000	low
LABRr1A1B1C_vRhyme_bin_11	vRhyme_bin_11__LABRr1A1B1C_000000230540	vRhyme_bin_11__LABRr1A1B1C_000000230540_14	0.0000	low	1.0000	very high	0.0000	low
LABRr1A1B1C_vRhyme_bin_11	vRhyme_bin_11__LABRr1A1B1C_000000238963	vRhyme_bin_11__LABRr1A1B1C_000000238963_1	0.0000	low	1.0000	very high	0.0000	low
LABRr1A1B1C_vRhyme_bin_11	vRhyme_bin_11__LABRr1A1B1C_000000238963	vRhyme_bin_11__LABRr1A1B1C_000000238963_2	0.0000	low	1.0000	very high	0.0000	low
LABRr1A1B1C_vRhyme_bin_11	vRhyme_bin_11__LABRr1A1B1C_000000238963	vRhyme_bin_11__LABRr1A1B1C_000000238963_3	0.0000	low	1.0000	very high	0.0000	low
LABRr1A1B1C_vRhyme_bin_11	vRhyme_bin_11__LABRr1A1B1C_000000238963	vRhyme_bin_11__LABRr1A1B1C_000000238963_4	0.0000	low	1.0000	very high	0.0000	low
LABRr1A1B1C_vRhyme_bin_11	vRhyme_bin_11__LABRr1A1B1C_000000238963	vRhyme_bin_11__LABRr1A1B1C_000000238963_5	0.0000	low	1.0000	very high	0.0000	low
LABRr1A1B1C_vRhyme_bin_11	vRhyme_bin_11__LABRr1A1B1C_000000238963	vRhyme_bin_11__LABRr1A1B1C_000000238963_6	0.0000	low	1.0000	very high	0.0000	low
LABRr1A1B1C_vRhyme_bin_11	vRhyme_bin_11__LABRr1A1B1C_000000238963	vRhyme_bin_11__LABRr1A1B1C_000000238963_7	0.0000	low	1.0000	very high	0.0000	low
LABRr1A1B1C_vRhyme_bin_11	vRhyme_bin_11__LABRr1A1B1C_000000238963	vRhyme_bin_11__LABRr1A1B1C_000000238963_8	0.0000	low	1.0000	very high	0.0000	low
LABRr1A1B1C_vRhyme_bin_11	vRhyme_bin_11__LABRr1A1B1C_000000238963	vRhyme_bin_11__LABRr1A1B1C_000000238963_9	0.0000	low	1.0000	very high	0.0000	low
LABRr1A1B1C_vRhyme_bin_11	vRhyme_bin_11__LABRr1A1B1C_000000238963	vRhyme_bin_11__LABRr1A1B1C_000000238963_10	0.0000	low	1.0000	very high	0.0000	low
LABRr1A1B1C_vRhyme_bin_11	vRhyme_bin_11__LABRr1A1B1C_000000238963	vRhyme_bin_11__LABRr1A1B1C_000000238963_11	0.0000	low	1.0000	very high	0.0000	low
LABRr1A1B1C_vRhyme_bin_11	vRhyme_bin_11__LABRr1A1B1C_000000262686	vRhyme_bin_11__LABRr1A1B1C_000000262686_1	0.0000	low	1.0000	very high	0.0000	low
LABRr1A1B1C_vRhyme_bin_11	vRhyme_bin_11__LABRr1A1B1C_000000262686	vRhyme_bin_11__LABRr1A1B1C_000000262686_2	0.0000	low	1.0000	very high	0.0000	low
LABRr1A1B1C_vRhyme_bin_11	vRhyme_bin_11__LABRr1A1B1C_000000262686	vRhyme_bin_11__LABRr1A1B1C_000000262686_3	0.0000	low	1.0000	very high	0.0000	low
LABRr1A1B1C_vRhyme_bin_11	vRhyme_bin_11__LABRr1A1B1C_000000262686	vRhyme_bin_11__LABRr1A1B1C_000000262686_4	0.0000	low	1.0000	very high	0.0000	low
LABRr1A1B1C_vRhyme_bin_11	vRhyme_bin_11__LABRr1A1B1C_000000262686	vRhyme_bin_11__LABRr1A1B1C_000000262686_5	0.0000	low	1.0000	very high	0.0000	low
LABRr1A1B1C_vRhyme_bin_11	vRhyme_bin_11__LABRr1A1B1C_000000262686	vRhyme_bin_11__LABRr1A1B1C_000000262686_6	0.0000	low	1.0000	very high	0.0000	low
LABRr1A1B1C_vRhyme_bin_11	vRhyme_bin_11__LABRr1A1B1C_000000262686	vRhyme_bin_11__LABRr1A1B1C_000000262686_7	0.0000	low	1.0000	very high	0.0000	low
LABRr1A1B1C_vRhyme_bin_11	vRhyme_bin_11__LABRr1A1B1C_000000262686	vRhyme_bin_11__LABRr1A1B1C_000000262686_8	0.0000	low	1.0000	very high	0.0000	low
LABRr1A1B1C_vRhyme_bin_11	vRhyme_bin_11__LABRr1A1B1C_000000262686	vRhyme_bin_11__LABRr1A1B1C_000000262686_9	0.0000	low	1.0000	very high	0.0000	low
LABRr1A1B1C_vRhyme_bin_11	vRhyme_bin_11__LABRr1A1B1C_000000262686	vRhyme_bin_11__LABRr1A1B1C_000000262686_10	0.0000	low	1.0000	very high	0.0000	low
LABRr1A1B1C_vRhyme_bin_11	vRhyme_bin_11__LABRr1A1B1C_000000262686	vRhyme_bin_11__LABRr1A1B1C_000000262686_11	0.0000	low	1.0000	very high	0.0000	low
LABRr1A1B1C_vRhyme_bin_11	vRhyme_bin_11__LABRr1A1B1C_000000262686	vRhyme_bin_11__LABRr1A1B1C_000000262686_12	0.0000	low	1.0000	very high	0.0000	low
LABRr1A1B1C_vRhyme_bin_11	vRhyme_bin_11__LABRr1A1B1C_000000262686	vRhyme_bin_11__LABRr1A1B1C_000000262686_13	0.0000	low	1.0000	very high	0.0000	low
LABRr1A1B1C_vRhyme_bin_11	vRhyme_bin_11__LABRr1A1B1C_000000270577	vRhyme_bin_11__LABRr1A1B1C_000000270577_1	0.0000	low	1.0000	very high	0.0000	low
LABRr1A1B1C_vRhyme_bin_11	vRhyme_bin_11__LABRr1A1B1C_000000270577	vRhyme_bin_11__LABRr1A1B1C_000000270577_2	0.0000	low	1.0000	very high	0.0000	low
LABRr1A1B1C_vRhyme_bin_11	vRhyme_bin_11__LABRr1A1B1C_000000270577	vRhyme_bin_11__LABRr1A1B1C_000000270577_3	0.0000	low	1.0000	very high	0.0000	low
LABRr1A1B1C_vRhyme_bin_11	vRhyme_bin_11__LABRr1A1B1C_000000270577	vRhyme_bin_11__LABRr1A1B1C_000000270577_4	0.0000	low	1.0000	very high	0.0000	low
LABRr1A1B1C_vRhyme_bin_11	vRhyme_bin_11__LABRr1A1B1C_000000270577	vRhyme_bin_11__LABRr1A1B1C_000000270577_5	0.0000	low	1.0000	very high	0.0000	low
LABRr1A1B1C_vRhyme_bin_11	vRhyme_bin_11__LABRr1A1B1C_000000270577	vRhyme_bin_11__LABRr1A1B1C_000000270577_6	0.0000	low	1.0000	very high	0.0000	low
LABRr1A1B1C_vRhyme_bin_11	vRhyme_bin_11__LABRr1A1B1C_000000270577	vRhyme_bin_11__LABRr1A1B1C_000000270577_7	0.0000	low	1.0000	very high	0.0000	low
LABRr1A1B1C_vRhyme_bin_11	vRhyme_bin_11__LABRr1A1B1C_000000270577	vRhyme_bin_11__LABRr1A1B1C_000000270577_8	0.0000	low	1.0000	very high	0.0000	low
LABRr1A1B1C_vRhyme_bin_11	vRhyme_bin_11__LABRr1A1B1C_000000270577	vRhyme_bin_11__LABRr1A1B1C_000000270577_9	0.0000	low	1.0000	very high	0.0000	low
LABRr1A1B1C_vRhyme_bin_11	vRhyme_bin_11__LABRr1A1B1C_000000270577	vRhyme_bin_11__LABRr1A1B1C_000000270577_10	0.0000	low	1.0000	very high	0.0000	low
LABRr1A1B1C_vRhyme_bin_11	vRhyme_bin_11__LABRr1A1B1C_000000270577	vRhyme_bin_11__LABRr1A1B1C_000000270577_11	0.0000	low	1.0000	very high	0.0000	low
LABRr1A1B1C_vRhyme_bin_11	vRhyme_bin_11__LABRr1A1B1C_000000270577	vRhyme_bin_11__LABRr1A1B1C_000000270577_12	0.0000	low	1.0000	very high	0.0000	low
LABRr1A1B1C_vRhyme_bin_11	vRhyme_bin_11__LABRr1A1B1C_000000270577	vRhyme_bin_11__LABRr1A1B1C_000000270577_13	0.0000	low	1.0000	very high	0.0000	low
LABRr1A1B1C_vRhyme_bin_11	vRhyme_bin_11__LABRr1A1B1C_000000270577	vRhyme_bin_11__LABRr1A1B1C_000000270577_14	0.0000	low	1.0000	very high	0.0000	low
LABRr1A1B1C_vRhyme_bin_11	vRhyme_bin_11__LABRr1A1B1C_000000270577	vRhyme_bin_11__LABRr1A1B1C_000000270577_15	0.0000	low	1.0000	very high	0.0000	low
LABRr1A1B1C_vRhyme_bin_11	vRhyme_bin_11__LABRr1A1B1C_000000270577	vRhyme_bin_11__LABRr1A1B1C_000000270577_16	0.0000	low	1.0000	very high	0.0000	low
LABRr1A1B1C_vRhyme_bin_11	vRhyme_bin_11__LABRr1A1B1C_000000270577	vRhyme_bin_11__LABRr1A1B1C_000000270577_17	0.0000	low	1.0000	very high	0.0000	low
LABRr1A1B1C_vRhyme_bin_11	vRhyme_bin_11__LABRr1A1B1C_000000270577	vRhyme_bin_11__LABRr1A1B1C_000000270577_18	0.0000	low	1.0000	very high	0.0000	low
LABRr1A1B1C_vRhyme_bin_11	vRhyme_bin_11__LABRr1A1B1C_000000270577	vRhyme_bin_11__LABRr1A1B1C_000000270577_19	0.0000	low	1.0000	very high	0.0000	low
LABRr1A1B1C_vRhyme_bin_11	vRhyme_bin_11__LABRr1A1B1C_000000270577	vRhyme_bin_11__LABRr1A1B1C_000000270577_20	0.0000	low	1.0000	very high	0.0000	low
LABRr1A1B1C_vRhyme_bin_11	vRhyme_bin_11__LABRr1A1B1C_000000270577	vRhyme_bin_11__LABRr1A1B1C_000000270577_21	0.0927	medium	1.0000	very high	0.0927	medium
LABRr1A1B1C_vRhyme_bin_11	vRhyme_bin_11__LABRr1A1B1C_000000270577	vRhyme_bin_11__LABRr1A1B1C_000000270577_22	0.0000	low	1.0000	very high	0.0000	low
LABRr1A1B1C_vRhyme_bin_11	vRhyme_bin_11__LABRr1A1B1C_000000270577	vRhyme_bin_11__LABRr1A1B1C_000000270577_23	0.0000	low	1.0000	very high	0.0000	low
LABRr1A1B1C_vRhyme_bin_11	vRhyme_bin_11__LABRr1A1B1C_000000270577	vRhyme_bin_11__LABRr1A1B1C_000000270577_24	0.0000	low	1.0000	very high	0.0000	low
LABRr1A1B1C_vRhyme_bin_11	vRhyme_bin_11__LABRr1A1B1C_000000270577	vRhyme_bin_11__LABRr1A1B1C_000000270577_25	0.0000	low	1.0000	very high	0.0000	low
LABRr1A1B1C_vRhyme_bin_11	vRhyme_bin_11__LABRr1A1B1C_000000270577	vRhyme_bin_11__LABRr1A1B1C_000000270577_26	0.0000	low	1.0000	very high	0.0000	low
LABRr1A1B1C_vRhyme_bin_11	vRhyme_bin_11__LABRr1A1B1C_000000270577	vRhyme_bin_11__LABRr1A1B1C_000000270577_27	0.0000	low	1.0000	very high	0.0000	low
LABRr1A1B1C_vRhyme_bin_11	vRhyme_bin_11__LABRr1A1B1C_000000270577	vRhyme_bin_11__LABRr1A1B1C_000000270577_28	0.0000	low	1.0000	very high	0.0000	low
LABRr1A1B1C_vRhyme_bin_11	vRhyme_bin_11__LABRr1A1B1C_000000270577	vRhyme_bin_11__LABRr1A1B1C_000000270577_29	0.0000	low	1.0000	very high	0.0000	low
LABRr1A1B1C_vRhyme_bin_11	vRhyme_bin_11__LABRr1A1B1C_000000270577	vRhyme_bin_11__LABRr1A1B1C_000000270577_30	0.0000	low	1.0000	very high	0.0000	low
LABRr1A1B1C_vRhyme_bin_11	vRhyme_bin_11__LABRr1A1B1C_000000270577	vRhyme_bin_11__LABRr1A1B1C_000000270577_31	0.0000	low	1.0000	very high	0.0000	low
LABRr1A1B1C_vRhyme_bin_11	vRhyme_bin_11__LABRr1A1B1C_000000270577	vRhyme_bin_11__LABRr1A1B1C_000000270577_32	0.0000	low	1.0000	very high	0.0000	low
LABRr1A1B1C_vRhyme_bin_11	vRhyme_bin_11__LABRr1A1B1C_000000270577	vRhyme_bin_11__LABRr1A1B1C_000000270577_33	0.0000	low	1.0000	very high	0.0000	low
LABRr1A1B1C_vRhyme_bin_11	vRhyme_bin_11__LABRr1A1B1C_000000270577	vRhyme_bin_11__LABRr1A1B1C_000000270577_34	0.0000	low	1.0000	very high	0.0000	low
LABRr1A1B1C_vRhyme_bin_11	vRhyme_bin_11__LABRr1A1B1C_000000270577	vRhyme_bin_11__LABRr1A1B1C_000000270577_35	0.0000	low	1.0000	very high	0.0000	low
LABRr1A1B1C_vRhyme_bin_11	vRhyme_bin_11__LABRr1A1B1C_000000270577	vRhyme_bin_11__LABRr1A1B1C_000000270577_36	0.0000	low	1.0000	very high	0.0000	low
LABRr1A1B1C_vRhyme_bin_11	vRhyme_bin_11__LABRr1A1B1C_000000270577	vRhyme_bin_11__LABRr1A1B1C_000000270577_37	0.0000	low	1.0000	very high	0.0000	low
LABRr1A1B1C_vRhyme_bin_11	vRhyme_bin_11__LABRr1A1B1C_000000270577	vRhyme_bin_11__LABRr1A1B1C_000000270577_38	0.0000	low	1.0000	very high	0.0000	low
LABRr1A1B1C_vRhyme_bin_11	vRhyme_bin_11__LABRr1A1B1C_000000270577	vRhyme_bin_11__LABRr1A1B1C_000000270577_39	0.0000	low	1.0000	very high	0.0000	low
LABRr1A1B1C_vRhyme_bin_11	vRhyme_bin_11__LABRr1A1B1C_000000287262	vRhyme_bin_11__LABRr1A1B1C_000000287262_1	0.0000	low	1.0000	very high	0.0000	low
LABRr1A1B1C_vRhyme_bin_11	vRhyme_bin_11__LABRr1A1B1C_000000287262	vRhyme_bin_11__LABRr1A1B1C_000000287262_2	0.0000	low	1.0000	very high	0.0000	low
LABRr1A1B1C_vRhyme_bin_11	vRhyme_bin_11__LABRr1A1B1C_000000287262	vRhyme_bin_11__LABRr1A1B1C_000000287262_3	0.0000	low	1.0000	very high	0.0000	low
LABRr1A1B1C_vRhyme_bin_11	vRhyme_bin_11__LABRr1A1B1C_000000287262	vRhyme_bin_11__LABRr1A1B1C_000000287262_4	0.0000	low	1.0000	very high	0.0000	low
LABRr1A1B1C_vRhyme_bin_11	vRhyme_bin_11__LABRr1A1B1C_000000287262	vRhyme_bin_11__LABRr1A1B1C_000000287262_5	0.0000	low	1.0000	very high	0.0000	low
LABRr1A1B1C_vRhyme_bin_11	vRhyme_bin_11__LABRr1A1B1C_000000287262	vRhyme_bin_11__LABRr1A1B1C_000000287262_6	0.0000	low	1.0000	very high	0.0000	low
LABRr1A1B1C_vRhyme_bin_11	vRhyme_bin_11__LABRr1A1B1C_000000287262	vRhyme_bin_11__LABRr1A1B1C_000000287262_7	0.0000	low	1.0000	very high	0.0000	low
LABRr1A1B1C_vRhyme_bin_11	vRhyme_bin_11__LABRr1A1B1C_000000287262	vRhyme_bin_11__LABRr1A1B1C_000000287262_8	0.0000	low	1.0000	very high	0.0000	low
LABRr1A1B1C_vRhyme_bin_11	vRhyme_bin_11__LABRr1A1B1C_000000287262	vRhyme_bin_11__LABRr1A1B1C_000000287262_9	0.0000	low	1.0000	very high	0.0000	low
LABRr1A1B1C_vRhyme_bin_11	vRhyme_bin_11__LABRr1A1B1C_000000287262	vRhyme_bin_11__LABRr1A1B1C_000000287262_10	0.0000	low	1.0000	very high	0.0000	low
LABRr1A1B1C_vRhyme_bin_11	vRhyme_bin_11__LABRr1A1B1C_000000287262	vRhyme_bin_11__LABRr1A1B1C_000000287262_11	0.0000	low	1.0000	very high	0.0000	low
LABRr1A1B1C_vRhyme_bin_11	vRhyme_bin_11__LABRr1A1B1C_000000287262	vRhyme_bin_11__LABRr1A1B1C_000000287262_12	0.0000	low	1.0000	very high	0.0000	low
LABRr1A1B1C_vRhyme_bin_11	vRhyme_bin_11__LABRr1A1B1C_000000287262	vRhyme_bin_11__LABRr1A1B1C_000000287262_13	0.0000	low	1.0000	very high	0.0000	low
LABRr1A1B1C_vRhyme_bin_11	vRhyme_bin_11__LABRr1A1B1C_000000287262	vRhyme_bin_11__LABRr1A1B1C_000000287262_14	0.0000	low	1.0000	very high	0.0000	low
LABRr1A1B1C_vRhyme_bin_11	vRhyme_bin_11__LABRr1A1B1C_000000287262	vRhyme_bin_11__LABRr1A1B1C_000000287262_15	0.0000	low	1.0000	very high	0.0000	low
LABRr1A1B1C_vRhyme_bin_11	vRhyme_bin_11__LABRr1A1B1C_000000287262	vRhyme_bin_11__LABRr1A1B1C_000000287262_16	0.0000	low	1.0000	very high	0.0000	low
LABRr1A1B1C_vRhyme_bin_11	vRhyme_bin_11__LABRr1A1B1C_000000287262	vRhyme_bin_11__LABRr1A1B1C_000000287262_17	0.0000	low	1.0000	very high	0.0000	low
LABRr1A1B1C_vRhyme_bin_11	vRhyme_bin_11__LABRr1A1B1C_000000287262	vRhyme_bin_11__LABRr1A1B1C_000000287262_18	0.0000	low	1.0000	very high	0.0000	low
LABRr1A1B1C_vRhyme_bin_11	vRhyme_bin_11__LABRr1A1B1C_000000287262	vRhyme_bin_11__LABRr1A1B1C_000000287262_19	0.0000	low	1.0000	very high	0.0000	low
LABRr1A1B1C_vRhyme_bin_11	vRhyme_bin_11__LABRr1A1B1C_000000287262	vRhyme_bin_11__LABRr1A1B1C_000000287262_20	0.0000	low	1.0000	very high	0.0000	low
LABRr1A1B1C_vRhyme_bin_11	vRhyme_bin_11__LABRr1A1B1C_000000287262	vRhyme_bin_11__LABRr1A1B1C_000000287262_21	0.0000	low	1.0000	very high	0.0000	low
LABRr1A1B1C_vRhyme_bin_11	vRhyme_bin_11__LABRr1A1B1C_000000287262	vRhyme_bin_11__LABRr1A1B1C_000000287262_22	0.0000	low	1.0000	very high	0.0000	low
LABRr1A1B1C_vRhyme_bin_11	vRhyme_bin_11__LABRr1A1B1C_000000287262	vRhyme_bin_11__LABRr1A1B1C_000000287262_23	0.0000	low	1.0000	very high	0.0000	low
LABRr1A1B1C_vRhyme_bin_11	vRhyme_bin_11__LABRr1A1B1C_000000287262	vRhyme_bin_11__LABRr1A1B1C_000000287262_24	0.0000	low	1.0000	very high	0.0000	low
LABRr1A1B1C_vRhyme_bin_11	vRhyme_bin_11__LABRr1A1B1C_000000287262	vRhyme_bin_11__LABRr1A1B1C_000000287262_25	0.0000	low	1.0000	very high	0.0000	low
LABRr1A1B1C_vRhyme_bin_11	vRhyme_bin_11__LABRr1A1B1C_000000287262	vRhyme_bin_11__LABRr1A1B1C_000000287262_26	0.0000	low	1.0000	very high	0.0000	low
LABRr1A1B1C_vRhyme_bin_11	vRhyme_bin_11__LABRr1A1B1C_000000287262	vRhyme_bin_11__LABRr1A1B1C_000000287262_27	0.0000	low	1.0000	very high	0.0000	low
LABRr1A1B1C_vRhyme_bin_11	vRhyme_bin_11__LABRr1A1B1C_000000287262	vRhyme_bin_11__LABRr1A1B1C_000000287262_28	0.0000	low	1.0000	very high	0.0000	low
LABRr1A1B1C_vRhyme_bin_11	vRhyme_bin_11__LABRr1A1B1C_000000287262	vRhyme_bin_11__LABRr1A1B1C_000000287262_29	0.0000	low	1.0000	very high	0.0000	low
LABRr1A1B1C_vRhyme_bin_11	vRhyme_bin_11__LABRr1A1B1C_000000321934	vRhyme_bin_11__LABRr1A1B1C_000000321934_1	0.0000	low	1.0000	very high	0.0000	low
LABRr1A1B1C_vRhyme_bin_11	vRhyme_bin_11__LABRr1A1B1C_000000321934	vRhyme_bin_11__LABRr1A1B1C_000000321934_2	0.0000	low	1.0000	very high	0.0000	low
LABRr1A1B1C_vRhyme_bin_11	vRhyme_bin_11__LABRr1A1B1C_000000321934	vRhyme_bin_11__LABRr1A1B1C_000000321934_3	0.0000	low	1.0000	very high	0.0000	low
LABRr1A1B1C_vRhyme_bin_11	vRhyme_bin_11__LABRr1A1B1C_000000321934	vRhyme_bin_11__LABRr1A1B1C_000000321934_4	0.0000	low	1.0000	very high	0.0000	low
LABRr1A1B1C_vRhyme_bin_11	vRhyme_bin_11__LABRr1A1B1C_000000321934	vRhyme_bin_11__LABRr1A1B1C_000000321934_5	0.0000	low	1.0000	very high	0.0000	low
LABRr1A1B1C_vRhyme_bin_11	vRhyme_bin_11__LABRr1A1B1C_000000321934	vRhyme_bin_11__LABRr1A1B1C_000000321934_6	0.0000	low	1.0000	very high	0.0000	low
LABRr1A1B1C_vRhyme_bin_11	vRhyme_bin_11__LABRr1A1B1C_000000321934	vRhyme_bin_11__LABRr1A1B1C_000000321934_7	0.0000	low	1.0000	very high	0.0000	low
LABRr1A1B1C_vRhyme_bin_11	vRhyme_bin_11__LABRr1A1B1C_000000321934	vRhyme_bin_11__LABRr1A1B1C_000000321934_8	0.1440	medium	1.0000	very high	0.1440	medium
LABRr1A1B1C_vRhyme_bin_11	vRhyme_bin_11__LABRr1A1B1C_000000321934	vRhyme_bin_11__LABRr1A1B1C_000000321934_9	0.0941	medium	0.9470	high	0.0891	medium
LABRr1A1B1C_vRhyme_bin_11	vRhyme_bin_11__LABRr1A1B1C_000000321934	vRhyme_bin_11__LABRr1A1B1C_000000321934_10	0.0000	low	1.0000	very high	0.0000	low
LABRr1A1B1C_vRhyme_bin_11	vRhyme_bin_11__LABRr1A1B1C_000000321934	vRhyme_bin_11__LABRr1A1B1C_000000321934_11	0.0000	low	1.0000	very high	0.0000	low
LABRr1A1B1C_vRhyme_bin_11	vRhyme_bin_11__LABRr1A1B1C_000000321934	vRhyme_bin_11__LABRr1A1B1C_000000321934_12	0.0000	low	1.0000	very high	0.0000	low
LABRr1A1B1C_vRhyme_bin_11	vRhyme_bin_11__LABRr1A1B1C_000000321934	vRhyme_bin_11__LABRr1A1B1C_000000321934_13	0.0000	low	1.0000	very high	0.0000	low
LABRr1A1B1C_vRhyme_bin_11	vRhyme_bin_11__LABRr1A1B1C_000000321934	vRhyme_bin_11__LABRr1A1B1C_000000321934_14	0.0000	low	1.0000	very high	0.0000	low
LABRr1A1B1C_vRhyme_bin_11	vRhyme_bin_11__LABRr1A1B1C_000000321934	vRhyme_bin_11__LABRr1A1B1C_000000321934_15	0.0000	low	1.0000	very high	0.0000	low
LABRr1A1B1C_vRhyme_bin_11	vRhyme_bin_11__LABRr1A1B1C_000000321934	vRhyme_bin_11__LABRr1A1B1C_000000321934_16	0.0000	low	1.0000	very high	0.0000	low
LABRr1A1B1C_vRhyme_bin_11	vRhyme_bin_11__LABRr1A1B1C_000000321934	vRhyme_bin_11__LABRr1A1B1C_000000321934_17	0.0000	low	1.0000	very high	0.0000	low
LABRr1A1B1C_vRhyme_bin_11	vRhyme_bin_11__LABRr1A1B1C_000000321934	vRhyme_bin_11__LABRr1A1B1C_000000321934_18	0.0000	low	1.0000	very high	0.0000	low
LABRr1A1B1C_vRhyme_bin_11	vRhyme_bin_11__LABRr1A1B1C_000000321934	vRhyme_bin_11__LABRr1A1B1C_000000321934_19	0.0000	low	1.0000	very high	0.0000	low
LABRr1A1B1C_vRhyme_bin_11	vRhyme_bin_11__LABRr1A1B1C_000000350032	vRhyme_bin_11__LABRr1A1B1C_000000350032_1	0.0000	low	1.0000	very high	0.0000	low
LABRr1A1B1C_vRhyme_bin_11	vRhyme_bin_11__LABRr1A1B1C_000000350032	vRhyme_bin_11__LABRr1A1B1C_000000350032_2	0.0000	low	1.0000	very high	0.0000	low
LABRr1A1B1C_vRhyme_bin_11	vRhyme_bin_11__LABRr1A1B1C_000000350032	vRhyme_bin_11__LABRr1A1B1C_000000350032_3	0.0000	low	1.0000	very high	0.0000	low
LABRr1A1B1C_vRhyme_bin_11	vRhyme_bin_11__LABRr1A1B1C_000000350032	vRhyme_bin_11__LABRr1A1B1C_000000350032_4	0.0000	low	1.0000	very high	0.0000	low
LABRr1A1B1C_vRhyme_bin_11	vRhyme_bin_11__LABRr1A1B1C_000000350032	vRhyme_bin_11__LABRr1A1B1C_000000350032_5	0.0000	low	1.0000	very high	0.0000	low
LABRr1A1B1C_vRhyme_bin_11	vRhyme_bin_11__LABRr1A1B1C_000000350032	vRhyme_bin_11__LABRr1A1B1C_000000350032_6	0.0000	low	1.0000	very high	0.0000	low
LABRr1A1B1C_vRhyme_bin_11	vRhyme_bin_11__LABRr1A1B1C_000000350032	vRhyme_bin_11__LABRr1A1B1C_000000350032_7	0.0000	low	0.8901	high	0.0000	low
LABRr1A1B1C_vRhyme_bin_11	vRhyme_bin_11__LABRr1A1B1C_000000350032	vRhyme_bin_11__LABRr1A1B1C_000000350032_8	0.0000	low	1.0000	very high	0.0000	low
LABRr1A1B1C_vRhyme_bin_12	vRhyme_bin_12__LABRr1A1B1C_000000038288	vRhyme_bin_12__LABRr1A1B1C_000000038288_1	0.0000	low	1.0000	very high	0.0000	low
LABRr1A1B1C_vRhyme_bin_12	vRhyme_bin_12__LABRr1A1B1C_000000038288	vRhyme_bin_12__LABRr1A1B1C_000000038288_2	0.0000	low	1.0000	very high	0.0000	low
LABRr1A1B1C_vRhyme_bin_12	vRhyme_bin_12__LABRr1A1B1C_000000038288	vRhyme_bin_12__LABRr1A1B1C_000000038288_3	0.0000	low	1.0000	very high	0.0000	low
LABRr1A1B1C_vRhyme_bin_12	vRhyme_bin_12__LABRr1A1B1C_000000038288	vRhyme_bin_12__LABRr1A1B1C_000000038288_4	0.0000	low	1.0000	very high	0.0000	low
LABRr1A1B1C_vRhyme_bin_12	vRhyme_bin_12__LABRr1A1B1C_000000038288	vRhyme_bin_12__LABRr1A1B1C_000000038288_5	0.0000	low	1.0000	very high	0.0000	low
LABRr1A1B1C_vRhyme_bin_12	vRhyme_bin_12__LABRr1A1B1C_000000038288	vRhyme_bin_12__LABRr1A1B1C_000000038288_6	0.0000	low	1.0000	very high	0.0000	low
LABRr1A1B1C_vRhyme_bin_12	vRhyme_bin_12__LABRr1A1B1C_000000038288	vRhyme_bin_12__LABRr1A1B1C_000000038288_7	0.0000	low	0.9497	high	0.0000	low
LABRr1A1B1C_vRhyme_bin_12	vRhyme_bin_12__LABRr1A1B1C_000000038288	vRhyme_bin_12__LABRr1A1B1C_000000038288_8	0.0000	low	1.0000	very high	0.0000	low
LABRr1A1B1C_vRhyme_bin_12	vRhyme_bin_12__LABRr1A1B1C_000000038288	vRhyme_bin_12__LABRr1A1B1C_000000038288_9	0.0000	low	1.0000	very high	0.0000	low
LABRr1A1B1C_vRhyme_bin_12	vRhyme_bin_12__LABRr1A1B1C_000000038288	vRhyme_bin_12__LABRr1A1B1C_000000038288_10	0.0000	low	1.0000	very high	0.0000	low
LABRr1A1B1C_vRhyme_bin_12	vRhyme_bin_12__LABRr1A1B1C_000000038288	vRhyme_bin_12__LABRr1A1B1C_000000038288_11	0.0000	low	1.0000	very high	0.0000	low
LABRr1A1B1C_vRhyme_bin_12	vRhyme_bin_12__LABRr1A1B1C_000000038288	vRhyme_bin_12__LABRr1A1B1C_000000038288_12	0.0000	low	1.0000	very high	0.0000	low
LABRr1A1B1C_vRhyme_bin_12	vRhyme_bin_12__LABRr1A1B1C_000000038288	vRhyme_bin_12__LABRr1A1B1C_000000038288_13	0.0000	low	1.0000	very high	0.0000	low
LABRr1A1B1C_vRhyme_bin_12	vRhyme_bin_12__LABRr1A1B1C_000000038288	vRhyme_bin_12__LABRr1A1B1C_000000038288_14	0.0000	low	1.0000	very high	0.0000	low
LABRr1A1B1C_vRhyme_bin_12	vRhyme_bin_12__LABRr1A1B1C_000000038288	vRhyme_bin_12__LABRr1A1B1C_000000038288_15	0.0000	low	1.0000	very high	0.0000	low
LABRr1A1B1C_vRhyme_bin_12	vRhyme_bin_12__LABRr1A1B1C_000000038288	vRhyme_bin_12__LABRr1A1B1C_000000038288_16	0.0000	low	1.0000	very high	0.0000	low
LABRr1A1B1C_vRhyme_bin_12	vRhyme_bin_12__LABRr1A1B1C_000000038288	vRhyme_bin_12__LABRr1A1B1C_000000038288_17	0.0000	low	1.0000	very high	0.0000	low
LABRr1A1B1C_vRhyme_bin_12	vRhyme_bin_12__LABRr1A1B1C_000000038288	vRhyme_bin_12__LABRr1A1B1C_000000038288_18	0.0000	low	1.0000	very high	0.0000	low
LABRr1A1B1C_vRhyme_bin_12	vRhyme_bin_12__LABRr1A1B1C_000000038288	vRhyme_bin_12__LABRr1A1B1C_000000038288_19	0.0000	low	1.0000	very high	0.0000	low
LABRr1A1B1C_vRhyme_bin_12	vRhyme_bin_12__LABRr1A1B1C_000000038288	vRhyme_bin_12__LABRr1A1B1C_000000038288_20	0.0000	low	1.0000	very high	0.0000	low
LABRr1A1B1C_vRhyme_bin_12	vRhyme_bin_12__LABRr1A1B1C_000000038288	vRhyme_bin_12__LABRr1A1B1C_000000038288_21	0.0000	low	1.0000	very high	0.0000	low
LABRr1A1B1C_vRhyme_bin_12	vRhyme_bin_12__LABRr1A1B1C_000000038288	vRhyme_bin_12__LABRr1A1B1C_000000038288_22	0.0000	low	1.0000	very high	0.0000	low
LABRr1A1B1C_vRhyme_bin_12	vRhyme_bin_12__LABRr1A1B1C_000000038288	vRhyme_bin_12__LABRr1A1B1C_000000038288_23	0.0000	low	1.0000	very high	0.0000	low
LABRr1A1B1C_vRhyme_bin_12	vRhyme_bin_12__LABRr1A1B1C_000000038288	vRhyme_bin_12__LABRr1A1B1C_000000038288_24	0.0000	low	1.0000	very high	0.0000	low
LABRr1A1B1C_vRhyme_bin_12	vRhyme_bin_12__LABRr1A1B1C_000000038288	vRhyme_bin_12__LABRr1A1B1C_000000038288_25	0.7091	high	1.0000	very high	0.7091	high
LABRr1A1B1C_vRhyme_bin_12	vRhyme_bin_12__LABRr1A1B1C_000000038288	vRhyme_bin_12__LABRr1A1B1C_000000038288_26	0.0000	low	1.0000	very high	0.0000	low
LABRr1A1B1C_vRhyme_bin_12	vRhyme_bin_12__LABRr1A1B1C_000000038288	vRhyme_bin_12__LABRr1A1B1C_000000038288_27	0.0000	low	1.0000	very high	0.0000	low
LABRr1A1B1C_vRhyme_bin_12	vRhyme_bin_12__LABRr1A1B1C_000000038288	vRhyme_bin_12__LABRr1A1B1C_000000038288_28	0.0000	low	1.0000	very high	0.0000	low
LABRr1A1B1C_vRhyme_bin_12	vRhyme_bin_12__LABRr1A1B1C_000000038288	vRhyme_bin_12__LABRr1A1B1C_000000038288_29	0.0000	low	1.0000	very high	0.0000	low
LABRr1A1B1C_vRhyme_bin_12	vRhyme_bin_12__LABRr1A1B1C_000000038288	vRhyme_bin_12__LABRr1A1B1C_000000038288_30	0.0000	low	1.0000	very high	0.0000	low
LABRr1A1B1C_vRhyme_bin_12	vRhyme_bin_12__LABRr1A1B1C_000000038288	vRhyme_bin_12__LABRr1A1B1C_000000038288_31	0.0000	low	1.0000	very high	0.0000	low
LABRr1A1B1C_vRhyme_bin_12	vRhyme_bin_12__LABRr1A1B1C_000000105372	vRhyme_bin_12__LABRr1A1B1C_000000105372_1	0.0000	low	1.0000	very high	0.0000	low
LABRr1A1B1C_vRhyme_bin_12	vRhyme_bin_12__LABRr1A1B1C_000000105372	vRhyme_bin_12__LABRr1A1B1C_000000105372_2	0.0000	low	1.0000	very high	0.0000	low
LABRr1A1B1C_vRhyme_bin_12	vRhyme_bin_12__LABRr1A1B1C_000000105372	vRhyme_bin_12__LABRr1A1B1C_000000105372_3	0.0000	low	1.0000	very high	0.0000	low
LABRr1A1B1C_vRhyme_bin_12	vRhyme_bin_12__LABRr1A1B1C_000000105372	vRhyme_bin_12__LABRr1A1B1C_000000105372_4	0.0000	low	1.0000	very high	0.0000	low
LABRr1A1B1C_vRhyme_bin_12	vRhyme_bin_12__LABRr1A1B1C_000000105372	vRhyme_bin_12__LABRr1A1B1C_000000105372_5	0.0000	low	1.0000	very high	0.0000	low
LABRr1A1B1C_vRhyme_bin_12	vRhyme_bin_12__LABRr1A1B1C_000000105372	vRhyme_bin_12__LABRr1A1B1C_000000105372_6	0.7075	high	1.0000	very high	0.7075	high
LABRr1A1B1C_vRhyme_bin_12	vRhyme_bin_12__LABRr1A1B1C_000000105372	vRhyme_bin_12__LABRr1A1B1C_000000105372_7	0.0000	low	1.0000	very high	0.0000	low
LABRr1A1B1C_vRhyme_bin_12	vRhyme_bin_12__LABRr1A1B1C_000000105372	vRhyme_bin_12__LABRr1A1B1C_000000105372_8	0.0000	low	1.0000	very high	0.0000	low
LABRr1A1B1C_vRhyme_bin_12	vRhyme_bin_12__LABRr1A1B1C_000000105372	vRhyme_bin_12__LABRr1A1B1C_000000105372_9	0.0000	low	1.0000	very high	0.0000	low
LABRr1A1B1C_vRhyme_bin_12	vRhyme_bin_12__LABRr1A1B1C_000000105372	vRhyme_bin_12__LABRr1A1B1C_000000105372_10	0.0000	low	1.0000	very high	0.0000	low
LABRr1A1B1C_vRhyme_bin_12	vRhyme_bin_12__LABRr1A1B1C_000000105372	vRhyme_bin_12__LABRr1A1B1C_000000105372_11	0.0000	low	1.0000	very high	0.0000	low
LABRr1A1B1C_vRhyme_bin_12	vRhyme_bin_12__LABRr1A1B1C_000000105372	vRhyme_bin_12__LABRr1A1B1C_000000105372_12	0.0000	low	1.0000	very high	0.0000	low
LABRr1A1B1C_vRhyme_bin_12	vRhyme_bin_12__LABRr1A1B1C_000000105372	vRhyme_bin_12__LABRr1A1B1C_000000105372_13	0.0000	low	1.0000	very high	0.0000	low
LABRr1A1B1C_vRhyme_bin_12	vRhyme_bin_12__LABRr1A1B1C_000000105372	vRhyme_bin_12__LABRr1A1B1C_000000105372_14	0.0000	low	1.0000	very high	0.0000	low
LABRr1A1B1C_vRhyme_bin_12	vRhyme_bin_12__LABRr1A1B1C_000000105372	vRhyme_bin_12__LABRr1A1B1C_000000105372_15	0.0000	low	1.0000	very high	0.0000	low
LABRr1A1B1C_vRhyme_bin_12	vRhyme_bin_12__LABRr1A1B1C_000000137286	vRhyme_bin_12__LABRr1A1B1C_000000137286_1	0.0000	low	1.0000	very high	0.0000	low
LABRr1A1B1C_vRhyme_bin_12	vRhyme_bin_12__LABRr1A1B1C_000000137286	vRhyme_bin_12__LABRr1A1B1C_000000137286_2	0.0000	low	1.0000	very high	0.0000	low
LABRr1A1B1C_vRhyme_bin_12	vRhyme_bin_12__LABRr1A1B1C_000000137286	vRhyme_bin_12__LABRr1A1B1C_000000137286_3	0.0000	low	1.0000	very high	0.0000	low
LABRr1A1B1C_vRhyme_bin_12	vRhyme_bin_12__LABRr1A1B1C_000000137286	vRhyme_bin_12__LABRr1A1B1C_000000137286_4	0.0000	low	1.0000	very high	0.0000	low
LABRr1A1B1C_vRhyme_bin_12	vRhyme_bin_12__LABRr1A1B1C_000000137286	vRhyme_bin_12__LABRr1A1B1C_000000137286_5	0.0000	low	1.0000	very high	0.0000	low
LABRr1A1B1C_vRhyme_bin_12	vRhyme_bin_12__LABRr1A1B1C_000000137286	vRhyme_bin_12__LABRr1A1B1C_000000137286_6	0.0000	low	1.0000	very high	0.0000	low
LABRr1A1B1C_vRhyme_bin_12	vRhyme_bin_12__LABRr1A1B1C_000000137286	vRhyme_bin_12__LABRr1A1B1C_000000137286_7	0.0000	low	1.0000	very high	0.0000	low
LABRr1A1B1C_vRhyme_bin_12	vRhyme_bin_12__LABRr1A1B1C_000000137286	vRhyme_bin_12__LABRr1A1B1C_000000137286_8	0.0000	low	1.0000	very high	0.0000	low
LABRr1A1B1C_vRhyme_bin_12	vRhyme_bin_12__LABRr1A1B1C_000000137286	vRhyme_bin_12__LABRr1A1B1C_000000137286_9	0.0000	low	1.0000	very high	0.0000	low
LABRr1A1B1C_vRhyme_bin_12	vRhyme_bin_12__LABRr1A1B1C_000000137286	vRhyme_bin_12__LABRr1A1B1C_000000137286_10	0.0000	low	1.0000	very high	0.0000	low
LABRr1A1B1C_vRhyme_bin_12	vRhyme_bin_12__LABRr1A1B1C_000000142893	vRhyme_bin_12__LABRr1A1B1C_000000142893_1	0.0000	low	1.0000	very high	0.0000	low
LABRr1A1B1C_vRhyme_bin_12	vRhyme_bin_12__LABRr1A1B1C_000000142893	vRhyme_bin_12__LABRr1A1B1C_000000142893_2	0.0000	low	1.0000	very high	0.0000	low
LABRr1A1B1C_vRhyme_bin_12	vRhyme_bin_12__LABRr1A1B1C_000000142893	vRhyme_bin_12__LABRr1A1B1C_000000142893_3	0.0000	low	1.0000	very high	0.0000	low
LABRr1A1B1C_vRhyme_bin_12	vRhyme_bin_12__LABRr1A1B1C_000000142893	vRhyme_bin_12__LABRr1A1B1C_000000142893_4	0.0000	low	1.0000	very high	0.0000	low
LABRr1A1B1C_vRhyme_bin_12	vRhyme_bin_12__LABRr1A1B1C_000000142893	vRhyme_bin_12__LABRr1A1B1C_000000142893_5	0.0000	low	1.0000	very high	0.0000	low
LABRr1A1B1C_vRhyme_bin_12	vRhyme_bin_12__LABRr1A1B1C_000000142893	vRhyme_bin_12__LABRr1A1B1C_000000142893_6	0.0000	low	1.0000	very high	0.0000	low
LABRr1A1B1C_vRhyme_bin_12	vRhyme_bin_12__LABRr1A1B1C_000000142893	vRhyme_bin_12__LABRr1A1B1C_000000142893_7	0.0000	low	1.0000	very high	0.0000	low
LABRr1A1B1C_vRhyme_bin_12	vRhyme_bin_12__LABRr1A1B1C_000000142893	vRhyme_bin_12__LABRr1A1B1C_000000142893_8	0.0000	low	1.0000	very high	0.0000	low
LABRr1A1B1C_vRhyme_bin_12	vRhyme_bin_12__LABRr1A1B1C_000000142893	vRhyme_bin_12__LABRr1A1B1C_000000142893_9	0.0000	low	1.0000	very high	0.0000	low
LABRr1A1B1C_vRhyme_bin_12	vRhyme_bin_12__LABRr1A1B1C_000000142893	vRhyme_bin_12__LABRr1A1B1C_000000142893_10	0.0000	low	1.0000	very high	0.0000	low
LABRr1A1B1C_vRhyme_bin_12	vRhyme_bin_12__LABRr1A1B1C_000000142893	vRhyme_bin_12__LABRr1A1B1C_000000142893_11	0.0000	low	1.0000	very high	0.0000	low
LABRr1A1B1C_vRhyme_bin_12	vRhyme_bin_12__LABRr1A1B1C_000000142893	vRhyme_bin_12__LABRr1A1B1C_000000142893_12	0.0000	low	1.0000	very high	0.0000	low
LABRr1A1B1C_vRhyme_bin_12	vRhyme_bin_12__LABRr1A1B1C_000000142893	vRhyme_bin_12__LABRr1A1B1C_000000142893_13	0.0000	low	1.0000	very high	0.0000	low
LABRr1A1B1C_vRhyme_bin_12	vRhyme_bin_12__LABRr1A1B1C_000000142893	vRhyme_bin_12__LABRr1A1B1C_000000142893_14	0.0000	low	1.0000	very high	0.0000	low
LABRr1A1B1C_vRhyme_bin_12	vRhyme_bin_12__LABRr1A1B1C_000000142893	vRhyme_bin_12__LABRr1A1B1C_000000142893_15	0.0000	low	1.0000	very high	0.0000	low
LABRr1A1B1C_vRhyme_bin_12	vRhyme_bin_12__LABRr1A1B1C_000000142893	vRhyme_bin_12__LABRr1A1B1C_000000142893_16	0.0000	low	1.0000	very high	0.0000	low
LABRr1A1B1C_vRhyme_bin_12	vRhyme_bin_12__LABRr1A1B1C_000000142893	vRhyme_bin_12__LABRr1A1B1C_000000142893_17	0.0000	low	1.0000	very high	0.0000	low
LABRr1A1B1C_vRhyme_bin_12	vRhyme_bin_12__LABRr1A1B1C_000000142893	vRhyme_bin_12__LABRr1A1B1C_000000142893_18	0.0000	low	1.0000	very high	0.0000	low
LABRr1A1B1C_vRhyme_bin_12	vRhyme_bin_12__LABRr1A1B1C_000000124220	vRhyme_bin_12__LABRr1A1B1C_000000124220_1	0.0504	low	0.8944	high	0.0450	low
LABRr1A1B1C_vRhyme_bin_12	vRhyme_bin_12__LABRr1A1B1C_000000124220	vRhyme_bin_12__LABRr1A1B1C_000000124220_2	0.0000	low	0.8192	high	0.0000	low
LABRr1A1B1C_vRhyme_bin_12	vRhyme_bin_12__LABRr1A1B1C_000000124220	vRhyme_bin_12__LABRr1A1B1C_000000124220_3	0.0000	low	0.9029	high	0.0000	low
LABRr1A1B1C_vRhyme_bin_12	vRhyme_bin_12__LABRr1A1B1C_000000124220	vRhyme_bin_12__LABRr1A1B1C_000000124220_4	0.0000	low	1.0000	very high	0.0000	low
LABRr1A1B1C_vRhyme_bin_12	vRhyme_bin_12__LABRr1A1B1C_000000124220	vRhyme_bin_12__LABRr1A1B1C_000000124220_5	0.0421	low	0.9080	high	0.0382	low
LABRr1A1B1C_vRhyme_bin_12	vRhyme_bin_12__LABRr1A1B1C_000000124220	vRhyme_bin_12__LABRr1A1B1C_000000124220_6	0.0000	low	0.9262	high	0.0000	low
LABRr1A1B1C_vRhyme_bin_12	vRhyme_bin_12__LABRr1A1B1C_000000124220	vRhyme_bin_12__LABRr1A1B1C_000000124220_7	0.0000	low	1.0000	very high	0.0000	low
LABRr1A1B1C_vRhyme_bin_12	vRhyme_bin_12__LABRr1A1B1C_000000124220	vRhyme_bin_12__LABRr1A1B1C_000000124220_8	0.0000	low	0.9537	high	0.0000	low
LABRr1A1B1C_vRhyme_bin_12	vRhyme_bin_12__LABRr1A1B1C_000000124220	vRhyme_bin_12__LABRr1A1B1C_000000124220_9	0.0000	low	1.0000	very high	0.0000	low
LABRr1A1B1C_vRhyme_bin_12	vRhyme_bin_12__LABRr1A1B1C_000000124220	vRhyme_bin_12__LABRr1A1B1C_000000124220_10	0.0000	low	1.0000	very high	0.0000	low
LABRr1A1B1C_vRhyme_bin_12	vRhyme_bin_12__LABRr1A1B1C_000000124220	vRhyme_bin_12__LABRr1A1B1C_000000124220_11	0.0000	low	1.0000	very high	0.0000	low
LABRr1A1B1C_vRhyme_bin_12	vRhyme_bin_12__LABRr1A1B1C_000000124220	vRhyme_bin_12__LABRr1A1B1C_000000124220_12	0.0000	low	1.0000	very high	0.0000	low
LABRr1A1B1C_vRhyme_bin_12	vRhyme_bin_12__LABRr1A1B1C_000000124220	vRhyme_bin_12__LABRr1A1B1C_000000124220_13	0.0000	low	1.0000	very high	0.0000	low
LABRr1A1B1C_vRhyme_bin_12	vRhyme_bin_12__LABRr1A1B1C_000000124220	vRhyme_bin_12__LABRr1A1B1C_000000124220_14	0.6372	high	1.0000	very high	0.6372	high
LABRr1A1B1C_vRhyme_bin_12	vRhyme_bin_12__LABRr1A1B1C_000000124220	vRhyme_bin_12__LABRr1A1B1C_000000124220_15	0.9506	very high	1.0000	very high	0.9506	very high
LABRr1A1B1C_vRhyme_bin_12	vRhyme_bin_12__LABRr1A1B1C_000000124220	vRhyme_bin_12__LABRr1A1B1C_000000124220_16	0.0000	low	1.0000	very high	0.0000	low
LABRr1A1B1C_vRhyme_bin_12	vRhyme_bin_12__LABRr1A1B1C_000000124220	vRhyme_bin_12__LABRr1A1B1C_000000124220_17	0.0000	low	1.0000	very high	0.0000	low
LABRr1A1B1C_vRhyme_bin_12	vRhyme_bin_12__LABRr1A1B1C_000000124220	vRhyme_bin_12__LABRr1A1B1C_000000124220_18	0.0000	low	1.0000	very high	0.0000	low
LABRr1A1B1C_vRhyme_bin_12	vRhyme_bin_12__LABRr1A1B1C_000000124220	vRhyme_bin_12__LABRr1A1B1C_000000124220_19	0.0000	low	1.0000	very high	0.0000	low
LABRr1A1B1C_vRhyme_bin_12	vRhyme_bin_12__LABRr1A1B1C_000000124220	vRhyme_bin_12__LABRr1A1B1C_000000124220_20	0.0000	low	1.0000	very high	0.0000	low
LABRr1A1B1C_vRhyme_bin_12	vRhyme_bin_12__LABRr1A1B1C_000000124220	vRhyme_bin_12__LABRr1A1B1C_000000124220_21	0.0471	low	1.0000	very high	0.0471	low
LABRr1A1B1C_vRhyme_bin_12	vRhyme_bin_12__LABRr1A1B1C_000000124220	vRhyme_bin_12__LABRr1A1B1C_000000124220_22	0.0000	low	0.9480	high	0.0000	low
LABRr1A1B1C_vRhyme_bin_12	vRhyme_bin_12__LABRr1A1B1C_000000124220	vRhyme_bin_12__LABRr1A1B1C_000000124220_23	0.0000	low	1.0000	very high	0.0000	low
LABRr1A1B1C_vRhyme_bin_12	vRhyme_bin_12__LABRr1A1B1C_000000124220	vRhyme_bin_12__LABRr1A1B1C_000000124220_24	0.0000	low	1.0000	very high	0.0000	low
LABRr1A1B1C_vRhyme_bin_12	vRhyme_bin_12__LABRr1A1B1C_000000124220	vRhyme_bin_12__LABRr1A1B1C_000000124220_25	0.0000	low	0.9430	high	0.0000	low
LABRr1A1B1C_vRhyme_bin_12	vRhyme_bin_12__LABRr1A1B1C_000000124220	vRhyme_bin_12__LABRr1A1B1C_000000124220_26	0.0000	low	0.0000	low	0.0000	low
LABRr1A1B1C_vRhyme_bin_12	vRhyme_bin_12__LABRr1A1B1C_000000124220	vRhyme_bin_12__LABRr1A1B1C_000000124220_27	0.0000	low	0.0000	low	0.0000	low
MGr3G3H3I_vRhyme_bin_11	vRhyme_bin_11__MGr3G3H3I_000000044066	vRhyme_bin_11__MGr3G3H3I_000000044066_1	0.7998	high	0.9521	high	0.7616	high
MGr3G3H3I_vRhyme_bin_11	vRhyme_bin_11__MGr3G3H3I_000000044066	vRhyme_bin_11__MGr3G3H3I_000000044066_2	0.0000	low	1.0000	very high	0.0000	low
MGr3G3H3I_vRhyme_bin_11	vRhyme_bin_11__MGr3G3H3I_000000044066	vRhyme_bin_11__MGr3G3H3I_000000044066_3	0.0000	low	0.9526	high	0.0000	low
MGr3G3H3I_vRhyme_bin_11	vRhyme_bin_11__MGr3G3H3I_000000044066	vRhyme_bin_11__MGr3G3H3I_000000044066_4	0.0000	low	1.0000	very high	0.0000	low
MGr3G3H3I_vRhyme_bin_11	vRhyme_bin_11__MGr3G3H3I_000000044066	vRhyme_bin_11__MGr3G3H3I_000000044066_5	0.0000	low	1.0000	very high	0.0000	low
MGr3G3H3I_vRhyme_bin_11	vRhyme_bin_11__MGr3G3H3I_000000044066	vRhyme_bin_11__MGr3G3H3I_000000044066_6	0.0000	low	1.0000	very high	0.0000	low
MGr3G3H3I_vRhyme_bin_11	vRhyme_bin_11__MGr3G3H3I_000000044066	vRhyme_bin_11__MGr3G3H3I_000000044066_7	0.0000	low	1.0000	very high	0.0000	low
MGr3G3H3I_vRhyme_bin_11	vRhyme_bin_11__MGr3G3H3I_000000044066	vRhyme_bin_11__MGr3G3H3I_000000044066_8	0.0000	low	1.0000	very high	0.0000	low
MGr3G3H3I_vRhyme_bin_11	vRhyme_bin_11__MGr3G3H3I_000000044066	vRhyme_bin_11__MGr3G3H3I_000000044066_9	0.0000	low	1.0000	very high	0.0000	low
MGr3G3H3I_vRhyme_bin_11	vRhyme_bin_11__MGr3G3H3I_000000044066	vRhyme_bin_11__MGr3G3H3I_000000044066_10	0.0000	low	1.0000	very high	0.0000	low
MGr3G3H3I_vRhyme_bin_11	vRhyme_bin_11__MGr3G3H3I_000000044066	vRhyme_bin_11__MGr3G3H3I_000000044066_11	0.0000	low	1.0000	very high	0.0000	low
MGr3G3H3I_vRhyme_bin_11	vRhyme_bin_11__MGr3G3H3I_000000044066	vRhyme_bin_11__MGr3G3H3I_000000044066_12	0.0000	low	1.0000	very high	0.0000	low
MGr3G3H3I_vRhyme_bin_11	vRhyme_bin_11__MGr3G3H3I_000000044066	vRhyme_bin_11__MGr3G3H3I_000000044066_13	0.0000	low	1.0000	very high	0.0000	low
MGr3G3H3I_vRhyme_bin_11	vRhyme_bin_11__MGr3G3H3I_000000044066	vRhyme_bin_11__MGr3G3H3I_000000044066_14	0.0000	low	1.0000	very high	0.0000	low
MGr3G3H3I_vRhyme_bin_11	vRhyme_bin_11__MGr3G3H3I_000000044066	vRhyme_bin_11__MGr3G3H3I_000000044066_15	0.0000	low	1.0000	very high	0.0000	low
MGr3G3H3I_vRhyme_bin_11	vRhyme_bin_11__MGr3G3H3I_000000044066	vRhyme_bin_11__MGr3G3H3I_000000044066_16	0.0000	low	1.0000	very high	0.0000	low
MGr3G3H3I_vRhyme_bin_11	vRhyme_bin_11__MGr3G3H3I_000000044066	vRhyme_bin_11__MGr3G3H3I_000000044066_17	0.0000	low	1.0000	very high	0.0000	low
MGr3G3H3I_vRhyme_bin_11	vRhyme_bin_11__MGr3G3H3I_000000044066	vRhyme_bin_11__MGr3G3H3I_000000044066_18	0.0000	low	1.0000	very high	0.0000	low
MGr3G3H3I_vRhyme_bin_11	vRhyme_bin_11__MGr3G3H3I_000000155796	vRhyme_bin_11__MGr3G3H3I_000000155796_1	0.0000	low	1.0000	very high	0.0000	low
MGr3G3H3I_vRhyme_bin_11	vRhyme_bin_11__MGr3G3H3I_000000155796	vRhyme_bin_11__MGr3G3H3I_000000155796_2	0.0000	low	0.9477	high	0.0000	low
MGr3G3H3I_vRhyme_bin_11	vRhyme_bin_11__MGr3G3H3I_000000155796	vRhyme_bin_11__MGr3G3H3I_000000155796_3	0.0000	low	1.0000	very high	0.0000	low
MGr3G3H3I_vRhyme_bin_11	vRhyme_bin_11__MGr3G3H3I_000000155796	vRhyme_bin_11__MGr3G3H3I_000000155796_4	0.0000	low	1.0000	very high	0.0000	low
MGr3G3H3I_vRhyme_bin_11	vRhyme_bin_11__MGr3G3H3I_000000155796	vRhyme_bin_11__MGr3G3H3I_000000155796_5	0.0000	low	1.0000	very high	0.0000	low
MGr3G3H3I_vRhyme_bin_11	vRhyme_bin_11__MGr3G3H3I_000000155796	vRhyme_bin_11__MGr3G3H3I_000000155796_6	0.0000	low	1.0000	very high	0.0000	low
MGr3G3H3I_vRhyme_bin_11	vRhyme_bin_11__MGr3G3H3I_000000155796	vRhyme_bin_11__MGr3G3H3I_000000155796_7	0.0000	low	1.0000	very high	0.0000	low
MGr3G3H3I_vRhyme_bin_11	vRhyme_bin_11__MGr3G3H3I_000000155796	vRhyme_bin_11__MGr3G3H3I_000000155796_8	0.0000	low	1.0000	very high	0.0000	low
MGr3G3H3I_vRhyme_bin_11	vRhyme_bin_11__MGr3G3H3I_000000155796	vRhyme_bin_11__MGr3G3H3I_000000155796_9	0.0000	low	1.0000	very high	0.0000	low
MGr3G3H3I_vRhyme_bin_11	vRhyme_bin_11__MGr3G3H3I_000000155796	vRhyme_bin_11__MGr3G3H3I_000000155796_10	0.0000	low	1.0000	very high	0.0000	low
MGr3G3H3I_vRhyme_bin_11	vRhyme_bin_11__MGr3G3H3I_000000155796	vRhyme_bin_11__MGr3G3H3I_000000155796_11	0.0000	low	1.0000	very high	0.0000	low
MGr3G3H3I_vRhyme_bin_11	vRhyme_bin_11__MGr3G3H3I_000000155796	vRhyme_bin_11__MGr3G3H3I_000000155796_12	0.0000	low	1.0000	very high	0.0000	low
MGr3G3H3I_vRhyme_bin_11	vRhyme_bin_11__MGr3G3H3I_000000155796	vRhyme_bin_11__MGr3G3H3I_000000155796_13	0.0000	low	0.9502	high	0.0000	low
MGr3G3H3I_vRhyme_bin_11	vRhyme_bin_11__MGr3G3H3I_000000155796	vRhyme_bin_11__MGr3G3H3I_000000155796_14	0.0000	low	1.0000	very high	0.0000	low
MGr3G3H3I_vRhyme_bin_11	vRhyme_bin_11__MGr3G3H3I_000000155796	vRhyme_bin_11__MGr3G3H3I_000000155796_15	0.0000	low	1.0000	very high	0.0000	low
MGr3G3H3I_vRhyme_bin_11	vRhyme_bin_11__MGr3G3H3I_000000155796	vRhyme_bin_11__MGr3G3H3I_000000155796_16	0.0000	low	1.0000	very high	0.0000	low
MGr3G3H3I_vRhyme_bin_11	vRhyme_bin_11__MGr3G3H3I_000000155796	vRhyme_bin_11__MGr3G3H3I_000000155796_17	0.0000	low	1.0000	very high	0.0000	low
MGr3G3H3I_vRhyme_bin_11	vRhyme_bin_11__MGr3G3H3I_000000155796	vRhyme_bin_11__MGr3G3H3I_000000155796_18	0.0000	low	1.0000	very high	0.0000	low
MGr3G3H3I_vRhyme_bin_11	vRhyme_bin_11__MGr3G3H3I_000000155796	vRhyme_bin_11__MGr3G3H3I_000000155796_19	0.0000	low	1.0000	very high	0.0000	low
MGr3G3H3I_vRhyme_bin_11	vRhyme_bin_11__MGr3G3H3I_000000155796	vRhyme_bin_11__MGr3G3H3I_000000155796_20	0.0000	low	1.0000	very high	0.0000	low
MGr3G3H3I_vRhyme_bin_11	vRhyme_bin_11__MGr3G3H3I_000000155796	vRhyme_bin_11__MGr3G3H3I_000000155796_21	0.0000	low	1.0000	very high	0.0000	low
MGr3G3H3I_vRhyme_bin_11	vRhyme_bin_11__MGr3G3H3I_000000155796	vRhyme_bin_11__MGr3G3H3I_000000155796_22	0.0000	low	1.0000	very high	0.0000	low
MGr3G3H3I_vRhyme_bin_11	vRhyme_bin_11__MGr3G3H3I_000000155796	vRhyme_bin_11__MGr3G3H3I_000000155796_23	0.0000	low	1.0000	very high	0.0000	low
MGr3G3H3I_vRhyme_bin_11	vRhyme_bin_11__MGr3G3H3I_000000155796	vRhyme_bin_11__MGr3G3H3I_000000155796_24	0.0000	low	1.0000	very high	0.0000	low
MGr3G3H3I_vRhyme_bin_11	vRhyme_bin_11__MGr3G3H3I_000000155796	vRhyme_bin_11__MGr3G3H3I_000000155796_25	0.0000	low	0.9516	high	0.0000	low
MGr3G3H3I_vRhyme_bin_11	vRhyme_bin_11__MGr3G3H3I_000000155796	vRhyme_bin_11__MGr3G3H3I_000000155796_26	0.0000	low	1.0000	very high	0.0000	low
MGr3G3H3I_vRhyme_bin_11	vRhyme_bin_11__MGr3G3H3I_000000155796	vRhyme_bin_11__MGr3G3H3I_000000155796_27	0.0000	low	1.0000	very high	0.0000	low
MGr3G3H3I_vRhyme_bin_11	vRhyme_bin_11__MGr3G3H3I_000000155796	vRhyme_bin_11__MGr3G3H3I_000000155796_28	0.0000	low	1.0000	very high	0.0000	low
MGr3G3H3I_vRhyme_bin_11	vRhyme_bin_11__MGr3G3H3I_000000155796	vRhyme_bin_11__MGr3G3H3I_000000155796_29	0.0000	low	1.0000	very high	0.0000	low
MGr3G3H3I_vRhyme_bin_11	vRhyme_bin_11__MGr3G3H3I_000000155796	vRhyme_bin_11__MGr3G3H3I_000000155796_30	0.0000	low	1.0000	very high	0.0000	low
MGr3G3H3I_vRhyme_bin_11	vRhyme_bin_11__MGr3G3H3I_000000155796	vRhyme_bin_11__MGr3G3H3I_000000155796_31	0.0000	low	1.0000	very high	0.0000	low
MGr3G3H3I_vRhyme_bin_11	vRhyme_bin_11__MGr3G3H3I_000000155796	vRhyme_bin_11__MGr3G3H3I_000000155796_32	0.0000	low	1.0000	very high	0.0000	low
MGr3G3H3I_vRhyme_bin_11	vRhyme_bin_11__MGr3G3H3I_000000155796	vRhyme_bin_11__MGr3G3H3I_000000155796_33	0.0000	low	0.9132	high	0.0000	low
MGr3G3H3I_vRhyme_bin_11	vRhyme_bin_11__MGr3G3H3I_000000155796	vRhyme_bin_11__MGr3G3H3I_000000155796_34	0.0000	low	1.0000	very high	0.0000	low
MGr3G3H3I_vRhyme_bin_11	vRhyme_bin_11__MGr3G3H3I_000000213947	vRhyme_bin_11__MGr3G3H3I_000000213947_1	0.0000	low	1.0000	very high	0.0000	low
MGr3G3H3I_vRhyme_bin_11	vRhyme_bin_11__MGr3G3H3I_000000213947	vRhyme_bin_11__MGr3G3H3I_000000213947_2	0.0000	low	1.0000	very high	0.0000	low
MGr3G3H3I_vRhyme_bin_11	vRhyme_bin_11__MGr3G3H3I_000000213947	vRhyme_bin_11__MGr3G3H3I_000000213947_3	0.0000	low	1.0000	very high	0.0000	low
MGr3G3H3I_vRhyme_bin_11	vRhyme_bin_11__MGr3G3H3I_000000213947	vRhyme_bin_11__MGr3G3H3I_000000213947_4	0.0000	low	1.0000	very high	0.0000	low
MGr3G3H3I_vRhyme_bin_11	vRhyme_bin_11__MGr3G3H3I_000000213947	vRhyme_bin_11__MGr3G3H3I_000000213947_5	1.0000	very high	1.0000	very high	1.0000	very high
MGr3G3H3I_vRhyme_bin_11	vRhyme_bin_11__MGr3G3H3I_000000213947	vRhyme_bin_11__MGr3G3H3I_000000213947_6	0.0000	low	1.0000	very high	0.0000	low
MGr3G3H3I_vRhyme_bin_11	vRhyme_bin_11__MGr3G3H3I_000000213947	vRhyme_bin_11__MGr3G3H3I_000000213947_7	0.0000	low	1.0000	very high	0.0000	low
MGr3G3H3I_vRhyme_bin_11	vRhyme_bin_11__MGr3G3H3I_000000213947	vRhyme_bin_11__MGr3G3H3I_000000213947_8	0.0000	low	1.0000	very high	0.0000	low
MGr3G3H3I_vRhyme_bin_11	vRhyme_bin_11__MGr3G3H3I_000000213947	vRhyme_bin_11__MGr3G3H3I_000000213947_9	0.0000	low	1.0000	very high	0.0000	low
MGr3G3H3I_vRhyme_bin_11	vRhyme_bin_11__MGr3G3H3I_000000213947	vRhyme_bin_11__MGr3G3H3I_000000213947_10	0.0000	low	1.0000	very high	0.0000	low
BAr2D2E2F_vRhyme_bin_1	vRhyme_bin_1__BAr2D2E2F_000000026327	vRhyme_bin_1__BAr2D2E2F_000000026327_1	0.0000	low	1.0000	very high	0.0000	low
BAr2D2E2F_vRhyme_bin_1	vRhyme_bin_1__BAr2D2E2F_000000026327	vRhyme_bin_1__BAr2D2E2F_000000026327_2	0.0000	low	1.0000	very high	0.0000	low
BAr2D2E2F_vRhyme_bin_1	vRhyme_bin_1__BAr2D2E2F_000000026327	vRhyme_bin_1__BAr2D2E2F_000000026327_3	0.0000	low	1.0000	very high	0.0000	low
BAr2D2E2F_vRhyme_bin_1	vRhyme_bin_1__BAr2D2E2F_000000026327	vRhyme_bin_1__BAr2D2E2F_000000026327_4	0.0000	low	1.0000	very high	0.0000	low
BAr2D2E2F_vRhyme_bin_1	vRhyme_bin_1__BAr2D2E2F_000000026327	vRhyme_bin_1__BAr2D2E2F_000000026327_5	0.0000	low	1.0000	very high	0.0000	low
BAr2D2E2F_vRhyme_bin_1	vRhyme_bin_1__BAr2D2E2F_000000026327	vRhyme_bin_1__BAr2D2E2F_000000026327_6	0.0000	low	0.9553	high	0.0000	low
BAr2D2E2F_vRhyme_bin_1	vRhyme_bin_1__BAr2D2E2F_000000026327	vRhyme_bin_1__BAr2D2E2F_000000026327_7	0.0000	low	1.0000	very high	0.0000	low
BAr2D2E2F_vRhyme_bin_1	vRhyme_bin_1__BAr2D2E2F_000000026327	vRhyme_bin_1__BAr2D2E2F_000000026327_8	0.0000	low	1.0000	very high	0.0000	low
BAr2D2E2F_vRhyme_bin_1	vRhyme_bin_1__BAr2D2E2F_000000026327	vRhyme_bin_1__BAr2D2E2F_000000026327_9	0.0000	low	1.0000	very high	0.0000	low
BAr2D2E2F_vRhyme_bin_1	vRhyme_bin_1__BAr2D2E2F_000000026327	vRhyme_bin_1__BAr2D2E2F_000000026327_10	0.0000	low	1.0000	very high	0.0000	low
BAr2D2E2F_vRhyme_bin_1	vRhyme_bin_1__BAr2D2E2F_000000026327	vRhyme_bin_1__BAr2D2E2F_000000026327_11	0.0000	low	1.0000	very high	0.0000	low
BAr2D2E2F_vRhyme_bin_1	vRhyme_bin_1__BAr2D2E2F_000000026327	vRhyme_bin_1__BAr2D2E2F_000000026327_12	0.0000	low	1.0000	very high	0.0000	low
BAr2D2E2F_vRhyme_bin_1	vRhyme_bin_1__BAr2D2E2F_000000026327	vRhyme_bin_1__BAr2D2E2F_000000026327_13	0.0000	low	1.0000	very high	0.0000	low
BAr2D2E2F_vRhyme_bin_1	vRhyme_bin_1__BAr2D2E2F_000000026327	vRhyme_bin_1__BAr2D2E2F_000000026327_14	0.0000	low	1.0000	very high	0.0000	low
BAr2D2E2F_vRhyme_bin_1	vRhyme_bin_1__BAr2D2E2F_000000026327	vRhyme_bin_1__BAr2D2E2F_000000026327_15	0.0000	low	1.0000	very high	0.0000	low
BAr2D2E2F_vRhyme_bin_1	vRhyme_bin_1__BAr2D2E2F_000000026327	vRhyme_bin_1__BAr2D2E2F_000000026327_16	0.0000	low	1.0000	very high	0.0000	low
BAr2D2E2F_vRhyme_bin_1	vRhyme_bin_1__BAr2D2E2F_000000026327	vRhyme_bin_1__BAr2D2E2F_000000026327_17	0.0000	low	1.0000	very high	0.0000	low
BAr2D2E2F_vRhyme_bin_1	vRhyme_bin_1__BAr2D2E2F_000000026327	vRhyme_bin_1__BAr2D2E2F_000000026327_18	0.0000	low	1.0000	very high	0.0000	low
BAr2D2E2F_vRhyme_bin_1	vRhyme_bin_1__BAr2D2E2F_000000026327	vRhyme_bin_1__BAr2D2E2F_000000026327_19	0.3603	medium	1.0000	very high	0.3603	high
BAr2D2E2F_vRhyme_bin_1	vRhyme_bin_1__BAr2D2E2F_000000026327	vRhyme_bin_1__BAr2D2E2F_000000026327_20	0.0000	low	1.0000	very high	0.0000	low
BAr2D2E2F_vRhyme_bin_1	vRhyme_bin_1__BAr2D2E2F_000000026327	vRhyme_bin_1__BAr2D2E2F_000000026327_21	0.0000	low	1.0000	very high	0.0000	low
BAr2D2E2F_vRhyme_bin_1	vRhyme_bin_1__BAr2D2E2F_000000026327	vRhyme_bin_1__BAr2D2E2F_000000026327_22	0.0000	low	1.0000	very high	0.0000	low
BAr2D2E2F_vRhyme_bin_1	vRhyme_bin_1__BAr2D2E2F_000000026327	vRhyme_bin_1__BAr2D2E2F_000000026327_23	0.0000	low	1.0000	very high	0.0000	low
BAr2D2E2F_vRhyme_bin_1	vRhyme_bin_1__BAr2D2E2F_000000026327	vRhyme_bin_1__BAr2D2E2F_000000026327_24	0.0000	low	1.0000	very high	0.0000	low
BAr2D2E2F_vRhyme_bin_1	vRhyme_bin_1__BAr2D2E2F_000000026327	vRhyme_bin_1__BAr2D2E2F_000000026327_25	0.0000	low	1.0000	very high	0.0000	low
BAr2D2E2F_vRhyme_bin_1	vRhyme_bin_1__BAr2D2E2F_000000026327	vRhyme_bin_1__BAr2D2E2F_000000026327_26	0.0000	low	1.0000	very high	0.0000	low
BAr2D2E2F_vRhyme_bin_1	vRhyme_bin_1__BAr2D2E2F_000000026327	vRhyme_bin_1__BAr2D2E2F_000000026327_27	0.0000	low	1.0000	very high	0.0000	low
BAr2D2E2F_vRhyme_bin_1	vRhyme_bin_1__BAr2D2E2F_000000009081	vRhyme_bin_1__BAr2D2E2F_000000009081_1	0.0000	low	1.0000	very high	0.0000	low
BAr2D2E2F_vRhyme_bin_1	vRhyme_bin_1__BAr2D2E2F_000000009081	vRhyme_bin_1__BAr2D2E2F_000000009081_2	0.0000	low	1.0000	very high	0.0000	low
BAr2D2E2F_vRhyme_bin_1	vRhyme_bin_1__BAr2D2E2F_000000009081	vRhyme_bin_1__BAr2D2E2F_000000009081_3	0.0000	low	1.0000	very high	0.0000	low
BAr2D2E2F_vRhyme_bin_1	vRhyme_bin_1__BAr2D2E2F_000000009081	vRhyme_bin_1__BAr2D2E2F_000000009081_4	0.0000	low	1.0000	very high	0.0000	low
BAr2D2E2F_vRhyme_bin_1	vRhyme_bin_1__BAr2D2E2F_000000009081	vRhyme_bin_1__BAr2D2E2F_000000009081_5	0.0000	low	1.0000	very high	0.0000	low
BAr2D2E2F_vRhyme_bin_1	vRhyme_bin_1__BAr2D2E2F_000000009081	vRhyme_bin_1__BAr2D2E2F_000000009081_6	0.0000	low	1.0000	very high	0.0000	low
BAr2D2E2F_vRhyme_bin_1	vRhyme_bin_1__BAr2D2E2F_000000009081	vRhyme_bin_1__BAr2D2E2F_000000009081_7	0.0000	low	1.0000	very high	0.0000	low
BAr2D2E2F_vRhyme_bin_1	vRhyme_bin_1__BAr2D2E2F_000000009081	vRhyme_bin_1__BAr2D2E2F_000000009081_8	0.0000	low	1.0000	very high	0.0000	low
BAr2D2E2F_vRhyme_bin_1	vRhyme_bin_1__BAr2D2E2F_000000009081	vRhyme_bin_1__BAr2D2E2F_000000009081_9	0.0000	low	1.0000	very high	0.0000	low
BAr2D2E2F_vRhyme_bin_1	vRhyme_bin_1__BAr2D2E2F_000000009081	vRhyme_bin_1__BAr2D2E2F_000000009081_10	0.0000	low	1.0000	very high	0.0000	low
BAr2D2E2F_vRhyme_bin_1	vRhyme_bin_1__BAr2D2E2F_000000009081	vRhyme_bin_1__BAr2D2E2F_000000009081_11	0.0000	low	1.0000	very high	0.0000	low
BAr2D2E2F_vRhyme_bin_1	vRhyme_bin_1__BAr2D2E2F_000000009081	vRhyme_bin_1__BAr2D2E2F_000000009081_12	0.0000	low	1.0000	very high	0.0000	low
BAr2D2E2F_vRhyme_bin_1	vRhyme_bin_1__BAr2D2E2F_000000009081	vRhyme_bin_1__BAr2D2E2F_000000009081_13	0.8430	high	1.0000	very high	0.8430	high
BAr2D2E2F_vRhyme_bin_1	vRhyme_bin_1__BAr2D2E2F_000000009081	vRhyme_bin_1__BAr2D2E2F_000000009081_14	0.2290	medium	1.0000	very high	0.2290	medium
BAr2D2E2F_vRhyme_bin_1	vRhyme_bin_1__BAr2D2E2F_000000009081	vRhyme_bin_1__BAr2D2E2F_000000009081_15	0.0000	low	1.0000	very high	0.0000	low
BAr2D2E2F_vRhyme_bin_1	vRhyme_bin_1__BAr2D2E2F_000000009081	vRhyme_bin_1__BAr2D2E2F_000000009081_16	0.0000	low	1.0000	very high	0.0000	low
BAr2D2E2F_vRhyme_bin_1	vRhyme_bin_1__BAr2D2E2F_000000009081	vRhyme_bin_1__BAr2D2E2F_000000009081_17	0.0000	low	1.0000	very high	0.0000	low
BAr2D2E2F_vRhyme_bin_1	vRhyme_bin_1__BAr2D2E2F_000000009081	vRhyme_bin_1__BAr2D2E2F_000000009081_18	0.0000	low	1.0000	very high	0.0000	low
BAr2D2E2F_vRhyme_bin_1	vRhyme_bin_1__BAr2D2E2F_000000009081	vRhyme_bin_1__BAr2D2E2F_000000009081_19	0.0000	low	1.0000	very high	0.0000	low
BAr2D2E2F_vRhyme_bin_1	vRhyme_bin_1__BAr2D2E2F_000000009081	vRhyme_bin_1__BAr2D2E2F_000000009081_20	0.0000	low	1.0000	very high	0.0000	low
BAr2D2E2F_vRhyme_bin_1	vRhyme_bin_1__BAr2D2E2F_000000009081	vRhyme_bin_1__BAr2D2E2F_000000009081_21	0.0000	low	1.0000	very high	0.0000	low
BAr2D2E2F_vRhyme_bin_1	vRhyme_bin_1__BAr2D2E2F_000000009081	vRhyme_bin_1__BAr2D2E2F_000000009081_22	0.0000	low	1.0000	very high	0.0000	low
BAr2D2E2F_vRhyme_bin_1	vRhyme_bin_1__BAr2D2E2F_000000009081	vRhyme_bin_1__BAr2D2E2F_000000009081_23	0.0000	low	1.0000	very high	0.0000	low
BAr2D2E2F_vRhyme_bin_1	vRhyme_bin_1__BAr2D2E2F_000000009081	vRhyme_bin_1__BAr2D2E2F_000000009081_24	0.0000	low	1.0000	very high	0.0000	low
BAr2D2E2F_vRhyme_bin_1	vRhyme_bin_1__BAr2D2E2F_000000009081	vRhyme_bin_1__BAr2D2E2F_000000009081_25	0.0000	low	1.0000	very high	0.0000	low
BAr2D2E2F_vRhyme_bin_1	vRhyme_bin_1__BAr2D2E2F_000000009081	vRhyme_bin_1__BAr2D2E2F_000000009081_26	0.0000	low	1.0000	very high	0.0000	low
BAr2D2E2F_vRhyme_bin_1	vRhyme_bin_1__BAr2D2E2F_000000009081	vRhyme_bin_1__BAr2D2E2F_000000009081_27	0.0000	low	1.0000	very high	0.0000	low
BAr2D2E2F_vRhyme_bin_1	vRhyme_bin_1__BAr2D2E2F_000000009081	vRhyme_bin_1__BAr2D2E2F_000000009081_28	0.0000	low	1.0000	very high	0.0000	low
BAr2D2E2F_vRhyme_bin_1	vRhyme_bin_1__BAr2D2E2F_000000009081	vRhyme_bin_1__BAr2D2E2F_000000009081_29	0.0000	low	1.0000	very high	0.0000	low
BAr2D2E2F_vRhyme_bin_1	vRhyme_bin_1__BAr2D2E2F_000000009081	vRhyme_bin_1__BAr2D2E2F_000000009081_30	0.0000	low	1.0000	very high	0.0000	low
BAr2D2E2F_vRhyme_bin_1	vRhyme_bin_1__BAr2D2E2F_000000009081	vRhyme_bin_1__BAr2D2E2F_000000009081_31	0.0000	low	1.0000	very high	0.0000	low
BAr2D2E2F_vRhyme_bin_1	vRhyme_bin_1__BAr2D2E2F_000000011539	vRhyme_bin_1__BAr2D2E2F_000000011539_1	0.0000	low	1.0000	very high	0.0000	low
BAr2D2E2F_vRhyme_bin_1	vRhyme_bin_1__BAr2D2E2F_000000011539	vRhyme_bin_1__BAr2D2E2F_000000011539_2	0.0000	low	1.0000	very high	0.0000	low
BAr2D2E2F_vRhyme_bin_1	vRhyme_bin_1__BAr2D2E2F_000000011539	vRhyme_bin_1__BAr2D2E2F_000000011539_3	0.0000	low	1.0000	very high	0.0000	low
BAr2D2E2F_vRhyme_bin_1	vRhyme_bin_1__BAr2D2E2F_000000011539	vRhyme_bin_1__BAr2D2E2F_000000011539_4	0.0000	low	1.0000	very high	0.0000	low
BAr2D2E2F_vRhyme_bin_1	vRhyme_bin_1__BAr2D2E2F_000000011539	vRhyme_bin_1__BAr2D2E2F_000000011539_5	0.0000	low	1.0000	very high	0.0000	low
BAr2D2E2F_vRhyme_bin_1	vRhyme_bin_1__BAr2D2E2F_000000011539	vRhyme_bin_1__BAr2D2E2F_000000011539_6	0.9524	very high	0.9436	high	0.8987	high
BAr2D2E2F_vRhyme_bin_1	vRhyme_bin_1__BAr2D2E2F_000000011539	vRhyme_bin_1__BAr2D2E2F_000000011539_7	0.0000	low	1.0000	very high	0.0000	low
BAr2D2E2F_vRhyme_bin_1	vRhyme_bin_1__BAr2D2E2F_000000011539	vRhyme_bin_1__BAr2D2E2F_000000011539_8	0.0000	low	1.0000	very high	0.0000	low
BAr2D2E2F_vRhyme_bin_1	vRhyme_bin_1__BAr2D2E2F_000000011539	vRhyme_bin_1__BAr2D2E2F_000000011539_9	0.0000	low	1.0000	very high	0.0000	low
BAr2D2E2F_vRhyme_bin_1	vRhyme_bin_1__BAr2D2E2F_000000011539	vRhyme_bin_1__BAr2D2E2F_000000011539_10	0.0000	low	1.0000	very high	0.0000	low
BAr2D2E2F_vRhyme_bin_1	vRhyme_bin_1__BAr2D2E2F_000000011539	vRhyme_bin_1__BAr2D2E2F_000000011539_11	0.0000	low	1.0000	very high	0.0000	low
BAr2D2E2F_vRhyme_bin_1	vRhyme_bin_1__BAr2D2E2F_000000011539	vRhyme_bin_1__BAr2D2E2F_000000011539_12	0.0000	low	1.0000	very high	0.0000	low
BAr2D2E2F_vRhyme_bin_1	vRhyme_bin_1__BAr2D2E2F_000000011539	vRhyme_bin_1__BAr2D2E2F_000000011539_13	0.0000	low	1.0000	very high	0.0000	low
BAr2D2E2F_vRhyme_bin_1	vRhyme_bin_1__BAr2D2E2F_000000011539	vRhyme_bin_1__BAr2D2E2F_000000011539_14	0.0000	low	1.0000	very high	0.0000	low
BAr2D2E2F_vRhyme_bin_1	vRhyme_bin_1__BAr2D2E2F_000000011539	vRhyme_bin_1__BAr2D2E2F_000000011539_15	0.0000	low	1.0000	very high	0.0000	low
BAr2D2E2F_vRhyme_bin_1	vRhyme_bin_1__BAr2D2E2F_000000011539	vRhyme_bin_1__BAr2D2E2F_000000011539_16	0.0000	low	1.0000	very high	0.0000	low
BAr2D2E2F_vRhyme_bin_1	vRhyme_bin_1__BAr2D2E2F_000000011539	vRhyme_bin_1__BAr2D2E2F_000000011539_17	0.0000	low	1.0000	very high	0.0000	low
BAr2D2E2F_vRhyme_bin_1	vRhyme_bin_1__BAr2D2E2F_000000011539	vRhyme_bin_1__BAr2D2E2F_000000011539_18	0.0000	low	1.0000	very high	0.0000	low
BAr2D2E2F_vRhyme_bin_1	vRhyme_bin_1__BAr2D2E2F_000000011539	vRhyme_bin_1__BAr2D2E2F_000000011539_19	0.0000	low	1.0000	very high	0.0000	low
BAr2D2E2F_vRhyme_bin_1	vRhyme_bin_1__BAr2D2E2F_000000011539	vRhyme_bin_1__BAr2D2E2F_000000011539_20	0.0000	low	1.0000	very high	0.0000	low
BAr2D2E2F_vRhyme_bin_1	vRhyme_bin_1__BAr2D2E2F_000000011539	vRhyme_bin_1__BAr2D2E2F_000000011539_21	0.0000	low	1.0000	very high	0.0000	low
BAr2D2E2F_vRhyme_bin_1	vRhyme_bin_1__BAr2D2E2F_000000011539	vRhyme_bin_1__BAr2D2E2F_000000011539_22	0.0000	low	1.0000	very high	0.0000	low
BAr2D2E2F_vRhyme_bin_1	vRhyme_bin_1__BAr2D2E2F_000000011539	vRhyme_bin_1__BAr2D2E2F_000000011539_23	0.0000	low	1.0000	very high	0.0000	low
BAr2D2E2F_vRhyme_bin_1	vRhyme_bin_1__BAr2D2E2F_000000011539	vRhyme_bin_1__BAr2D2E2F_000000011539_24	0.0000	low	1.0000	very high	0.0000	low
BAr2D2E2F_vRhyme_bin_1	vRhyme_bin_1__BAr2D2E2F_000000011539	vRhyme_bin_1__BAr2D2E2F_000000011539_25	0.0000	low	1.0000	very high	0.0000	low
BAr2D2E2F_vRhyme_bin_1	vRhyme_bin_1__BAr2D2E2F_000000011539	vRhyme_bin_1__BAr2D2E2F_000000011539_26	0.0000	low	1.0000	very high	0.0000	low
BAr2D2E2F_vRhyme_bin_1	vRhyme_bin_1__BAr2D2E2F_000000011539	vRhyme_bin_1__BAr2D2E2F_000000011539_27	0.0000	low	1.0000	very high	0.0000	low
BAr2D2E2F_vRhyme_bin_1	vRhyme_bin_1__BAr2D2E2F_000000011539	vRhyme_bin_1__BAr2D2E2F_000000011539_28	0.0000	low	1.0000	very high	0.0000	low
BAr2D2E2F_vRhyme_bin_1	vRhyme_bin_1__BAr2D2E2F_000000011539	vRhyme_bin_1__BAr2D2E2F_000000011539_29	0.0000	low	1.0000	very high	0.0000	low
BAr2D2E2F_vRhyme_bin_1	vRhyme_bin_1__BAr2D2E2F_000000011539	vRhyme_bin_1__BAr2D2E2F_000000011539_30	0.0000	low	1.0000	very high	0.0000	low
BAr2D2E2F_vRhyme_bin_1	vRhyme_bin_1__BAr2D2E2F_000000011539	vRhyme_bin_1__BAr2D2E2F_000000011539_31	0.0000	low	1.0000	very high	0.0000	low
BAr2D2E2F_vRhyme_bin_1	vRhyme_bin_1__BAr2D2E2F_000000011539	vRhyme_bin_1__BAr2D2E2F_000000011539_32	0.0000	low	1.0000	very high	0.0000	low
BAr2D2E2F_vRhyme_bin_1	vRhyme_bin_1__BAr2D2E2F_000000011539	vRhyme_bin_1__BAr2D2E2F_000000011539_33	0.0000	low	1.0000	very high	0.0000	low
BAr2D2E2F_vRhyme_bin_1	vRhyme_bin_1__BAr2D2E2F_000000011539	vRhyme_bin_1__BAr2D2E2F_000000011539_34	0.0000	low	1.0000	very high	0.0000	low
BAr2D2E2F_vRhyme_bin_1	vRhyme_bin_1__BAr2D2E2F_000000017828	vRhyme_bin_1__BAr2D2E2F_000000017828_1	0.0000	low	1.0000	very high	0.0000	low
BAr2D2E2F_vRhyme_bin_1	vRhyme_bin_1__BAr2D2E2F_000000017828	vRhyme_bin_1__BAr2D2E2F_000000017828_2	0.4601	high	1.0000	very high	0.4601	high
BAr2D2E2F_vRhyme_bin_1	vRhyme_bin_1__BAr2D2E2F_000000017828	vRhyme_bin_1__BAr2D2E2F_000000017828_3	0.0000	low	1.0000	very high	0.0000	low
BAr2D2E2F_vRhyme_bin_1	vRhyme_bin_1__BAr2D2E2F_000000017828	vRhyme_bin_1__BAr2D2E2F_000000017828_4	0.0000	low	1.0000	very high	0.0000	low
BAr2D2E2F_vRhyme_bin_1	vRhyme_bin_1__BAr2D2E2F_000000017828	vRhyme_bin_1__BAr2D2E2F_000000017828_5	0.0000	low	1.0000	very high	0.0000	low
BAr2D2E2F_vRhyme_bin_1	vRhyme_bin_1__BAr2D2E2F_000000017828	vRhyme_bin_1__BAr2D2E2F_000000017828_6	0.0000	low	1.0000	very high	0.0000	low
BAr2D2E2F_vRhyme_bin_1	vRhyme_bin_1__BAr2D2E2F_000000017828	vRhyme_bin_1__BAr2D2E2F_000000017828_7	0.0000	low	1.0000	very high	0.0000	low
BAr2D2E2F_vRhyme_bin_1	vRhyme_bin_1__BAr2D2E2F_000000017828	vRhyme_bin_1__BAr2D2E2F_000000017828_8	0.0000	low	1.0000	very high	0.0000	low
BAr2D2E2F_vRhyme_bin_1	vRhyme_bin_1__BAr2D2E2F_000000017828	vRhyme_bin_1__BAr2D2E2F_000000017828_9	0.0000	low	1.0000	very high	0.0000	low
BAr2D2E2F_vRhyme_bin_1	vRhyme_bin_1__BAr2D2E2F_000000017828	vRhyme_bin_1__BAr2D2E2F_000000017828_10	0.0000	low	1.0000	very high	0.0000	low
BAr2D2E2F_vRhyme_bin_1	vRhyme_bin_1__BAr2D2E2F_000000017828	vRhyme_bin_1__BAr2D2E2F_000000017828_11	0.0000	low	1.0000	very high	0.0000	low
BAr2D2E2F_vRhyme_bin_1	vRhyme_bin_1__BAr2D2E2F_000000017828	vRhyme_bin_1__BAr2D2E2F_000000017828_12	0.0000	low	1.0000	very high	0.0000	low
BAr2D2E2F_vRhyme_bin_1	vRhyme_bin_1__BAr2D2E2F_000000017828	vRhyme_bin_1__BAr2D2E2F_000000017828_13	0.0000	low	1.0000	very high	0.0000	low
BAr2D2E2F_vRhyme_bin_1	vRhyme_bin_1__BAr2D2E2F_000000017828	vRhyme_bin_1__BAr2D2E2F_000000017828_14	0.0000	low	1.0000	very high	0.0000	low
BAr2D2E2F_vRhyme_bin_1	vRhyme_bin_1__BAr2D2E2F_000000017828	vRhyme_bin_1__BAr2D2E2F_000000017828_15	0.0000	low	1.0000	very high	0.0000	low
BAr2D2E2F_vRhyme_bin_1	vRhyme_bin_1__BAr2D2E2F_000000017828	vRhyme_bin_1__BAr2D2E2F_000000017828_16	0.0000	low	1.0000	very high	0.0000	low
BAr2D2E2F_vRhyme_bin_1	vRhyme_bin_1__BAr2D2E2F_000000017828	vRhyme_bin_1__BAr2D2E2F_000000017828_17	0.0000	low	1.0000	very high	0.0000	low
BAr2D2E2F_vRhyme_bin_1	vRhyme_bin_1__BAr2D2E2F_000000017828	vRhyme_bin_1__BAr2D2E2F_000000017828_18	0.0000	low	1.0000	very high	0.0000	low
BAr2D2E2F_vRhyme_bin_1	vRhyme_bin_1__BAr2D2E2F_000000017828	vRhyme_bin_1__BAr2D2E2F_000000017828_19	0.0000	low	1.0000	very high	0.0000	low
BAr2D2E2F_vRhyme_bin_1	vRhyme_bin_1__BAr2D2E2F_000000017828	vRhyme_bin_1__BAr2D2E2F_000000017828_20	0.0000	low	1.0000	very high	0.0000	low
BAr2D2E2F_vRhyme_bin_1	vRhyme_bin_1__BAr2D2E2F_000000017828	vRhyme_bin_1__BAr2D2E2F_000000017828_21	0.0000	low	1.0000	very high	0.0000	low
BAr2D2E2F_vRhyme_bin_1	vRhyme_bin_1__BAr2D2E2F_000000017828	vRhyme_bin_1__BAr2D2E2F_000000017828_22	0.0000	low	1.0000	very high	0.0000	low
BAr2D2E2F_vRhyme_bin_1	vRhyme_bin_1__BAr2D2E2F_000000017828	vRhyme_bin_1__BAr2D2E2F_000000017828_23	0.0000	low	1.0000	very high	0.0000	low
BAr2D2E2F_vRhyme_bin_1	vRhyme_bin_1__BAr2D2E2F_000000017828	vRhyme_bin_1__BAr2D2E2F_000000017828_24	0.0000	low	1.0000	very high	0.0000	low
BAr2D2E2F_vRhyme_bin_1	vRhyme_bin_1__BAr2D2E2F_000000017828	vRhyme_bin_1__BAr2D2E2F_000000017828_25	0.0000	low	1.0000	very high	0.0000	low
BAr2D2E2F_vRhyme_bin_1	vRhyme_bin_1__BAr2D2E2F_000000017828	vRhyme_bin_1__BAr2D2E2F_000000017828_26	0.0000	low	0.9028	high	0.0000	low
BAr2D2E2F_vRhyme_bin_1	vRhyme_bin_1__BAr2D2E2F_000000017828	vRhyme_bin_1__BAr2D2E2F_000000017828_27	0.0000	low	1.0000	very high	0.0000	low
BAr2D2E2F_vRhyme_bin_1	vRhyme_bin_1__BAr2D2E2F_000000017828	vRhyme_bin_1__BAr2D2E2F_000000017828_28	0.0000	low	1.0000	very high	0.0000	low
BAr2D2E2F_vRhyme_bin_1	vRhyme_bin_1__BAr2D2E2F_000000017828	vRhyme_bin_1__BAr2D2E2F_000000017828_29	0.0000	low	1.0000	very high	0.0000	low
BAr2D2E2F_vRhyme_bin_1	vRhyme_bin_1__BAr2D2E2F_000000017828	vRhyme_bin_1__BAr2D2E2F_000000017828_30	0.0000	low	1.0000	very high	0.0000	low
BAr2D2E2F_vRhyme_bin_1	vRhyme_bin_1__BAr2D2E2F_000000017828	vRhyme_bin_1__BAr2D2E2F_000000017828_31	0.0000	low	1.0000	very high	0.0000	low
BAr2D2E2F_vRhyme_bin_1	vRhyme_bin_1__BAr2D2E2F_000000017828	vRhyme_bin_1__BAr2D2E2F_000000017828_32	0.0000	low	0.9476	high	0.0000	low
BAr2D2E2F_vRhyme_bin_1	vRhyme_bin_1__BAr2D2E2F_000000017828	vRhyme_bin_1__BAr2D2E2F_000000017828_33	0.0000	low	1.0000	very high	0.0000	low
BAr2D2E2F_vRhyme_bin_1	vRhyme_bin_1__BAr2D2E2F_000000017828	vRhyme_bin_1__BAr2D2E2F_000000017828_34	0.0000	low	1.0000	very high	0.0000	low
BAr2D2E2F_vRhyme_bin_1	vRhyme_bin_1__BAr2D2E2F_000000017828	vRhyme_bin_1__BAr2D2E2F_000000017828_35	0.0000	low	1.0000	very high	0.0000	low
BAr2D2E2F_vRhyme_bin_1	vRhyme_bin_1__BAr2D2E2F_000000017828	vRhyme_bin_1__BAr2D2E2F_000000017828_36	0.0000	low	1.0000	very high	0.0000	low
BAr2D2E2F_vRhyme_bin_1	vRhyme_bin_1__BAr2D2E2F_000000017828	vRhyme_bin_1__BAr2D2E2F_000000017828_37	0.0000	low	1.0000	very high	0.0000	low
BAr2D2E2F_vRhyme_bin_1	vRhyme_bin_1__BAr2D2E2F_000000017828	vRhyme_bin_1__BAr2D2E2F_000000017828_38	0.0482	low	1.0000	very high	0.0482	low
BAr2D2E2F_vRhyme_bin_1	vRhyme_bin_1__BAr2D2E2F_000000017828	vRhyme_bin_1__BAr2D2E2F_000000017828_39	0.0000	low	1.0000	very high	0.0000	low
BAr2D2E2F_vRhyme_bin_1	vRhyme_bin_1__BAr2D2E2F_000000017828	vRhyme_bin_1__BAr2D2E2F_000000017828_40	0.0000	low	1.0000	very high	0.0000	low
BAr2D2E2F_vRhyme_bin_1	vRhyme_bin_1__BAr2D2E2F_000000017828	vRhyme_bin_1__BAr2D2E2F_000000017828_41	0.0000	low	1.0000	very high	0.0000	low
BAr2D2E2F_vRhyme_bin_1	vRhyme_bin_1__BAr2D2E2F_000000017828	vRhyme_bin_1__BAr2D2E2F_000000017828_42	0.0000	low	1.0000	very high	0.0000	low
BAr2D2E2F_vRhyme_bin_1	vRhyme_bin_1__BAr2D2E2F_000000017828	vRhyme_bin_1__BAr2D2E2F_000000017828_43	0.0000	low	1.0000	very high	0.0000	low
BAr2D2E2F_vRhyme_bin_1	vRhyme_bin_1__BAr2D2E2F_000000017828	vRhyme_bin_1__BAr2D2E2F_000000017828_44	0.0000	low	1.0000	very high	0.0000	low
BAr2D2E2F_vRhyme_bin_1	vRhyme_bin_1__BAr2D2E2F_000000017828	vRhyme_bin_1__BAr2D2E2F_000000017828_45	0.0000	low	1.0000	very high	0.0000	low
BAr2D2E2F_vRhyme_bin_1	vRhyme_bin_1__BAr2D2E2F_000000017828	vRhyme_bin_1__BAr2D2E2F_000000017828_46	0.0000	low	1.0000	very high	0.0000	low
BAr2D2E2F_vRhyme_bin_1	vRhyme_bin_1__BAr2D2E2F_000000017828	vRhyme_bin_1__BAr2D2E2F_000000017828_47	0.0000	low	1.0000	very high	0.0000	low
BAr2D2E2F_vRhyme_bin_1	vRhyme_bin_1__BAr2D2E2F_000000017828	vRhyme_bin_1__BAr2D2E2F_000000017828_48	0.0000	low	1.0000	very high	0.0000	low
BAr2D2E2F_vRhyme_bin_1	vRhyme_bin_1__BAr2D2E2F_000000017828	vRhyme_bin_1__BAr2D2E2F_000000017828_49	0.0000	low	1.0000	very high	0.0000	low
BAr2D2E2F_vRhyme_bin_1	vRhyme_bin_1__BAr2D2E2F_000000017828	vRhyme_bin_1__BAr2D2E2F_000000017828_50	0.0000	low	1.0000	very high	0.0000	low
BAr2D2E2F_vRhyme_bin_1	vRhyme_bin_1__BAr2D2E2F_000000033052	vRhyme_bin_1__BAr2D2E2F_000000033052_1	0.0000	low	1.0000	very high	0.0000	low
BAr2D2E2F_vRhyme_bin_1	vRhyme_bin_1__BAr2D2E2F_000000033052	vRhyme_bin_1__BAr2D2E2F_000000033052_2	0.0000	low	1.0000	very high	0.0000	low
BAr2D2E2F_vRhyme_bin_1	vRhyme_bin_1__BAr2D2E2F_000000033052	vRhyme_bin_1__BAr2D2E2F_000000033052_3	0.0000	low	1.0000	very high	0.0000	low
BAr2D2E2F_vRhyme_bin_1	vRhyme_bin_1__BAr2D2E2F_000000033052	vRhyme_bin_1__BAr2D2E2F_000000033052_4	0.0000	low	1.0000	very high	0.0000	low
BAr2D2E2F_vRhyme_bin_1	vRhyme_bin_1__BAr2D2E2F_000000033052	vRhyme_bin_1__BAr2D2E2F_000000033052_5	0.0000	low	1.0000	very high	0.0000	low
BAr2D2E2F_vRhyme_bin_1	vRhyme_bin_1__BAr2D2E2F_000000033052	vRhyme_bin_1__BAr2D2E2F_000000033052_6	0.0000	low	1.0000	very high	0.0000	low
BAr2D2E2F_vRhyme_bin_1	vRhyme_bin_1__BAr2D2E2F_000000033052	vRhyme_bin_1__BAr2D2E2F_000000033052_7	0.0000	low	1.0000	very high	0.0000	low
BAr2D2E2F_vRhyme_bin_1	vRhyme_bin_1__BAr2D2E2F_000000033052	vRhyme_bin_1__BAr2D2E2F_000000033052_8	0.0000	low	1.0000	very high	0.0000	low
BAr2D2E2F_vRhyme_bin_1	vRhyme_bin_1__BAr2D2E2F_000000033052	vRhyme_bin_1__BAr2D2E2F_000000033052_9	0.0000	low	1.0000	very high	0.0000	low
BAr2D2E2F_vRhyme_bin_1	vRhyme_bin_1__BAr2D2E2F_000000033052	vRhyme_bin_1__BAr2D2E2F_000000033052_10	0.0000	low	1.0000	very high	0.0000	low
BAr2D2E2F_vRhyme_bin_1	vRhyme_bin_1__BAr2D2E2F_000000033052	vRhyme_bin_1__BAr2D2E2F_000000033052_11	0.0000	low	1.0000	very high	0.0000	low
BAr2D2E2F_vRhyme_bin_1	vRhyme_bin_1__BAr2D2E2F_000000033052	vRhyme_bin_1__BAr2D2E2F_000000033052_12	0.0000	low	1.0000	very high	0.0000	low
BAr2D2E2F_vRhyme_bin_1	vRhyme_bin_1__BAr2D2E2F_000000033052	vRhyme_bin_1__BAr2D2E2F_000000033052_13	0.0000	low	1.0000	very high	0.0000	low
BAr2D2E2F_vRhyme_bin_1	vRhyme_bin_1__BAr2D2E2F_000000033052	vRhyme_bin_1__BAr2D2E2F_000000033052_14	0.0000	low	1.0000	very high	0.0000	low
BAr2D2E2F_vRhyme_bin_1	vRhyme_bin_1__BAr2D2E2F_000000033052	vRhyme_bin_1__BAr2D2E2F_000000033052_15	0.0000	low	1.0000	very high	0.0000	low
BAr2D2E2F_vRhyme_bin_1	vRhyme_bin_1__BAr2D2E2F_000000033052	vRhyme_bin_1__BAr2D2E2F_000000033052_16	0.0000	low	1.0000	very high	0.0000	low
BAr2D2E2F_vRhyme_bin_1	vRhyme_bin_1__BAr2D2E2F_000000033052	vRhyme_bin_1__BAr2D2E2F_000000033052_17	0.0000	low	1.0000	very high	0.0000	low
BAr2D2E2F_vRhyme_bin_1	vRhyme_bin_1__BAr2D2E2F_000000033052	vRhyme_bin_1__BAr2D2E2F_000000033052_18	0.0000	low	1.0000	very high	0.0000	low
BAr2D2E2F_vRhyme_bin_1	vRhyme_bin_1__BAr2D2E2F_000000033052	vRhyme_bin_1__BAr2D2E2F_000000033052_19	0.0000	low	1.0000	very high	0.0000	low
BAr2D2E2F_vRhyme_bin_1	vRhyme_bin_1__BAr2D2E2F_000000033052	vRhyme_bin_1__BAr2D2E2F_000000033052_20	0.0000	low	1.0000	very high	0.0000	low
BAr2D2E2F_vRhyme_bin_1	vRhyme_bin_1__BAr2D2E2F_000000033052	vRhyme_bin_1__BAr2D2E2F_000000033052_21	0.0000	low	1.0000	very high	0.0000	low
BAr2D2E2F_vRhyme_bin_1	vRhyme_bin_1__BAr2D2E2F_000000033052	vRhyme_bin_1__BAr2D2E2F_000000033052_22	0.0000	low	1.0000	very high	0.0000	low
BAr2D2E2F_vRhyme_bin_1	vRhyme_bin_1__BAr2D2E2F_000000033052	vRhyme_bin_1__BAr2D2E2F_000000033052_23	0.0000	low	1.0000	very high	0.0000	low
BAr2D2E2F_vRhyme_bin_1	vRhyme_bin_1__BAr2D2E2F_000000033052	vRhyme_bin_1__BAr2D2E2F_000000033052_24	0.0000	low	1.0000	very high	0.0000	low
BAr2D2E2F_vRhyme_bin_1	vRhyme_bin_1__BAr2D2E2F_000000033052	vRhyme_bin_1__BAr2D2E2F_000000033052_25	0.0000	low	1.0000	very high	0.0000	low
BAr2D2E2F_vRhyme_bin_1	vRhyme_bin_1__BAr2D2E2F_000000033052	vRhyme_bin_1__BAr2D2E2F_000000033052_26	0.0000	low	1.0000	very high	0.0000	low
BAr2D2E2F_vRhyme_bin_1	vRhyme_bin_1__BAr2D2E2F_000000109736	vRhyme_bin_1__BAr2D2E2F_000000109736_1	0.0000	low	1.0000	very high	0.0000	low
BAr2D2E2F_vRhyme_bin_1	vRhyme_bin_1__BAr2D2E2F_000000109736	vRhyme_bin_1__BAr2D2E2F_000000109736_2	0.0000	low	1.0000	very high	0.0000	low
BAr2D2E2F_vRhyme_bin_1	vRhyme_bin_1__BAr2D2E2F_000000109736	vRhyme_bin_1__BAr2D2E2F_000000109736_3	0.0000	low	1.0000	very high	0.0000	low
BAr2D2E2F_vRhyme_bin_1	vRhyme_bin_1__BAr2D2E2F_000000109736	vRhyme_bin_1__BAr2D2E2F_000000109736_4	0.0000	low	1.0000	very high	0.0000	low
BAr2D2E2F_vRhyme_bin_1	vRhyme_bin_1__BAr2D2E2F_000000109736	vRhyme_bin_1__BAr2D2E2F_000000109736_5	0.0000	low	1.0000	very high	0.0000	low
BAr2D2E2F_vRhyme_bin_1	vRhyme_bin_1__BAr2D2E2F_000000109736	vRhyme_bin_1__BAr2D2E2F_000000109736_6	0.0000	low	1.0000	very high	0.0000	low
BAr2D2E2F_vRhyme_bin_1	vRhyme_bin_1__BAr2D2E2F_000000109736	vRhyme_bin_1__BAr2D2E2F_000000109736_7	0.0000	low	1.0000	very high	0.0000	low
BAr2D2E2F_vRhyme_bin_1	vRhyme_bin_1__BAr2D2E2F_000000109736	vRhyme_bin_1__BAr2D2E2F_000000109736_8	0.0000	low	1.0000	very high	0.0000	low
BAr2D2E2F_vRhyme_bin_1	vRhyme_bin_1__BAr2D2E2F_000000109736	vRhyme_bin_1__BAr2D2E2F_000000109736_9	0.0000	low	1.0000	very high	0.0000	low
BAr2D2E2F_vRhyme_bin_1	vRhyme_bin_1__BAr2D2E2F_000000109736	vRhyme_bin_1__BAr2D2E2F_000000109736_10	0.0000	low	1.0000	very high	0.0000	low
BAr2D2E2F_vRhyme_bin_1	vRhyme_bin_1__BAr2D2E2F_000000109736	vRhyme_bin_1__BAr2D2E2F_000000109736_11	0.0000	low	1.0000	very high	0.0000	low
BAr2D2E2F_vRhyme_bin_1	vRhyme_bin_1__BAr2D2E2F_000000109736	vRhyme_bin_1__BAr2D2E2F_000000109736_12	0.0000	low	1.0000	very high	0.0000	low
BAr2D2E2F_vRhyme_bin_1	vRhyme_bin_1__BAr2D2E2F_000000109736	vRhyme_bin_1__BAr2D2E2F_000000109736_13	0.0000	low	1.0000	very high	0.0000	low
BAr2D2E2F_vRhyme_bin_1	vRhyme_bin_1__BAr2D2E2F_000000109736	vRhyme_bin_1__BAr2D2E2F_000000109736_14	0.0000	low	1.0000	very high	0.0000	low
BAr2D2E2F_vRhyme_bin_1	vRhyme_bin_1__BAr2D2E2F_000000109736	vRhyme_bin_1__BAr2D2E2F_000000109736_15	0.0000	low	1.0000	very high	0.0000	low
BAr2D2E2F_vRhyme_bin_1	vRhyme_bin_1__BAr2D2E2F_000000109736	vRhyme_bin_1__BAr2D2E2F_000000109736_16	0.0000	low	1.0000	very high	0.0000	low
BAr2D2E2F_vRhyme_bin_1	vRhyme_bin_1__BAr2D2E2F_000000109736	vRhyme_bin_1__BAr2D2E2F_000000109736_17	0.0000	low	1.0000	very high	0.0000	low
BAr2D2E2F_vRhyme_bin_1	vRhyme_bin_1__BAr2D2E2F_000000109736	vRhyme_bin_1__BAr2D2E2F_000000109736_18	0.0000	low	1.0000	very high	0.0000	low
BAr2D2E2F_vRhyme_bin_1	vRhyme_bin_1__BAr2D2E2F_000000109736	vRhyme_bin_1__BAr2D2E2F_000000109736_19	0.0000	low	1.0000	very high	0.0000	low
BAr2D2E2F_vRhyme_bin_1	vRhyme_bin_1__BAr2D2E2F_000000109736	vRhyme_bin_1__BAr2D2E2F_000000109736_20	0.0000	low	1.0000	very high	0.0000	low
BAr2D2E2F_vRhyme_bin_1	vRhyme_bin_1__BAr2D2E2F_000000109736	vRhyme_bin_1__BAr2D2E2F_000000109736_21	0.0000	low	1.0000	very high	0.0000	low
BAr2D2E2F_vRhyme_bin_1	vRhyme_bin_1__BAr2D2E2F_000000109736	vRhyme_bin_1__BAr2D2E2F_000000109736_22	0.0000	low	1.0000	very high	0.0000	low
BAr2D2E2F_vRhyme_bin_1	vRhyme_bin_1__BAr2D2E2F_000000109736	vRhyme_bin_1__BAr2D2E2F_000000109736_23	0.0000	low	1.0000	very high	0.0000	low
BAr2D2E2F_vRhyme_bin_1	vRhyme_bin_1__BAr2D2E2F_000000109736	vRhyme_bin_1__BAr2D2E2F_000000109736_24	0.0000	low	1.0000	very high	0.0000	low
BAr2D2E2F_vRhyme_bin_1	vRhyme_bin_1__BAr2D2E2F_000000109736	vRhyme_bin_1__BAr2D2E2F_000000109736_25	0.0000	low	0.9434	high	0.0000	low
BAr2D2E2F_vRhyme_bin_1	vRhyme_bin_1__BAr2D2E2F_000000109736	vRhyme_bin_1__BAr2D2E2F_000000109736_26	0.0000	low	1.0000	very high	0.0000	low
BAr2D2E2F_vRhyme_bin_1	vRhyme_bin_1__BAr2D2E2F_000000109736	vRhyme_bin_1__BAr2D2E2F_000000109736_27	0.0000	low	1.0000	very high	0.0000	low
BAr2D2E2F_vRhyme_bin_1	vRhyme_bin_1__BAr2D2E2F_000000166864	vRhyme_bin_1__BAr2D2E2F_000000166864_1	0.0000	low	1.0000	very high	0.0000	low
BAr2D2E2F_vRhyme_bin_1	vRhyme_bin_1__BAr2D2E2F_000000166864	vRhyme_bin_1__BAr2D2E2F_000000166864_2	0.0000	low	1.0000	very high	0.0000	low
BAr2D2E2F_vRhyme_bin_1	vRhyme_bin_1__BAr2D2E2F_000000166864	vRhyme_bin_1__BAr2D2E2F_000000166864_3	0.0000	low	1.0000	very high	0.0000	low
BAr2D2E2F_vRhyme_bin_1	vRhyme_bin_1__BAr2D2E2F_000000166864	vRhyme_bin_1__BAr2D2E2F_000000166864_4	0.0000	low	1.0000	very high	0.0000	low
BAr2D2E2F_vRhyme_bin_1	vRhyme_bin_1__BAr2D2E2F_000000166864	vRhyme_bin_1__BAr2D2E2F_000000166864_5	0.0000	low	1.0000	very high	0.0000	low
BAr2D2E2F_vRhyme_bin_1	vRhyme_bin_1__BAr2D2E2F_000000166864	vRhyme_bin_1__BAr2D2E2F_000000166864_6	0.0000	low	1.0000	very high	0.0000	low
BAr2D2E2F_vRhyme_bin_1	vRhyme_bin_1__BAr2D2E2F_000000166864	vRhyme_bin_1__BAr2D2E2F_000000166864_7	0.0000	low	1.0000	very high	0.0000	low
BAr2D2E2F_vRhyme_bin_1	vRhyme_bin_1__BAr2D2E2F_000000166864	vRhyme_bin_1__BAr2D2E2F_000000166864_8	0.0000	low	1.0000	very high	0.0000	low
BAr2D2E2F_vRhyme_bin_1	vRhyme_bin_1__BAr2D2E2F_000000166864	vRhyme_bin_1__BAr2D2E2F_000000166864_9	0.0000	low	1.0000	very high	0.0000	low
BAr2D2E2F_vRhyme_bin_1	vRhyme_bin_1__BAr2D2E2F_000000166864	vRhyme_bin_1__BAr2D2E2F_000000166864_10	0.0000	low	1.0000	very high	0.0000	low
BAr2D2E2F_vRhyme_bin_1	vRhyme_bin_1__BAr2D2E2F_000000166864	vRhyme_bin_1__BAr2D2E2F_000000166864_11	0.0000	low	1.0000	very high	0.0000	low
BAr2D2E2F_vRhyme_bin_1	vRhyme_bin_1__BAr2D2E2F_000000166864	vRhyme_bin_1__BAr2D2E2F_000000166864_12	0.0000	low	1.0000	very high	0.0000	low
BAr2D2E2F_vRhyme_bin_1	vRhyme_bin_1__BAr2D2E2F_000000166864	vRhyme_bin_1__BAr2D2E2F_000000166864_13	0.0000	low	1.0000	very high	0.0000	low
BAr2D2E2F_vRhyme_bin_1	vRhyme_bin_1__BAr2D2E2F_000000166864	vRhyme_bin_1__BAr2D2E2F_000000166864_14	0.0000	low	1.0000	very high	0.0000	low
BAr2D2E2F_vRhyme_bin_1	vRhyme_bin_1__BAr2D2E2F_000000166864	vRhyme_bin_1__BAr2D2E2F_000000166864_15	0.0000	low	1.0000	very high	0.0000	low
BAr2D2E2F_vRhyme_bin_1	vRhyme_bin_1__BAr2D2E2F_000000166864	vRhyme_bin_1__BAr2D2E2F_000000166864_16	0.0000	low	1.0000	very high	0.0000	low
BAr2D2E2F_vRhyme_bin_1	vRhyme_bin_1__BAr2D2E2F_000000166864	vRhyme_bin_1__BAr2D2E2F_000000166864_17	0.0000	low	1.0000	very high	0.0000	low
BAr2D2E2F_vRhyme_bin_1	vRhyme_bin_1__BAr2D2E2F_000000166864	vRhyme_bin_1__BAr2D2E2F_000000166864_18	0.0000	low	1.0000	very high	0.0000	low
BAr2D2E2F_vRhyme_bin_1	vRhyme_bin_1__BAr2D2E2F_000000166864	vRhyme_bin_1__BAr2D2E2F_000000166864_19	0.0000	low	1.0000	very high	0.0000	low
BAr2D2E2F_vRhyme_bin_1	vRhyme_bin_1__BAr2D2E2F_000000166864	vRhyme_bin_1__BAr2D2E2F_000000166864_20	0.0000	low	1.0000	very high	0.0000	low
BAr2D2E2F_vRhyme_bin_1	vRhyme_bin_1__BAr2D2E2F_000000166864	vRhyme_bin_1__BAr2D2E2F_000000166864_21	0.0000	low	1.0000	very high	0.0000	low
BAr2D2E2F_vRhyme_bin_1	vRhyme_bin_1__BAr2D2E2F_000000166864	vRhyme_bin_1__BAr2D2E2F_000000166864_22	0.0000	low	1.0000	very high	0.0000	low
BAr2D2E2F_vRhyme_bin_1	vRhyme_bin_1__BAr2D2E2F_000000166864	vRhyme_bin_1__BAr2D2E2F_000000166864_23	0.0000	low	1.0000	very high	0.0000	low
BAr2D2E2F_vRhyme_bin_1	vRhyme_bin_1__BAr2D2E2F_000000166864	vRhyme_bin_1__BAr2D2E2F_000000166864_24	0.0000	low	1.0000	very high	0.0000	low
BAr2D2E2F_vRhyme_bin_1	vRhyme_bin_1__BAr2D2E2F_000000166864	vRhyme_bin_1__BAr2D2E2F_000000166864_25	0.0000	low	1.0000	very high	0.0000	low
BAr2D2E2F_vRhyme_bin_1	vRhyme_bin_1__BAr2D2E2F_000000370749	vRhyme_bin_1__BAr2D2E2F_000000370749_1	0.0000	low	1.0000	very high	0.0000	low
BAr2D2E2F_vRhyme_bin_1	vRhyme_bin_1__BAr2D2E2F_000000370749	vRhyme_bin_1__BAr2D2E2F_000000370749_2	0.0000	low	1.0000	very high	0.0000	low
BAr2D2E2F_vRhyme_bin_1	vRhyme_bin_1__BAr2D2E2F_000000370749	vRhyme_bin_1__BAr2D2E2F_000000370749_3	0.0000	low	1.0000	very high	0.0000	low
BAr2D2E2F_vRhyme_bin_1	vRhyme_bin_1__BAr2D2E2F_000000370749	vRhyme_bin_1__BAr2D2E2F_000000370749_4	0.0000	low	1.0000	very high	0.0000	low
BAr2D2E2F_vRhyme_bin_1	vRhyme_bin_1__BAr2D2E2F_000000370749	vRhyme_bin_1__BAr2D2E2F_000000370749_5	0.0000	low	1.0000	very high	0.0000	low
BAr2D2E2F_vRhyme_bin_1	vRhyme_bin_1__BAr2D2E2F_000000370749	vRhyme_bin_1__BAr2D2E2F_000000370749_6	0.0000	low	1.0000	very high	0.0000	low
BAr2D2E2F_vRhyme_bin_1	vRhyme_bin_1__BAr2D2E2F_000000370749	vRhyme_bin_1__BAr2D2E2F_000000370749_7	0.0000	low	1.0000	very high	0.0000	low
BAr2D2E2F_vRhyme_bin_1	vRhyme_bin_1__BAr2D2E2F_000000370749	vRhyme_bin_1__BAr2D2E2F_000000370749_8	0.0000	low	1.0000	very high	0.0000	low
BAr2D2E2F_vRhyme_bin_1	vRhyme_bin_1__BAr2D2E2F_000000370749	vRhyme_bin_1__BAr2D2E2F_000000370749_9	0.0000	low	1.0000	very high	0.0000	low
BAr2D2E2F_vRhyme_bin_1	vRhyme_bin_1__BAr2D2E2F_000000370749	vRhyme_bin_1__BAr2D2E2F_000000370749_10	0.0000	low	1.0000	very high	0.0000	low
BAr2D2E2F_vRhyme_bin_1	vRhyme_bin_1__BAr2D2E2F_000000370749	vRhyme_bin_1__BAr2D2E2F_000000370749_11	0.0000	low	1.0000	very high	0.0000	low
BAr2D2E2F_vRhyme_bin_1	vRhyme_bin_1__BAr2D2E2F_000000370749	vRhyme_bin_1__BAr2D2E2F_000000370749_12	1.0000	very high	1.0000	very high	1.0000	very high
BAr2D2E2F_vRhyme_bin_1	vRhyme_bin_1__BAr2D2E2F_000000370749	vRhyme_bin_1__BAr2D2E2F_000000370749_13	0.0000	low	1.0000	very high	0.0000	low
BAr2D2E2F_vRhyme_bin_1	vRhyme_bin_1__BAr2D2E2F_000000370749	vRhyme_bin_1__BAr2D2E2F_000000370749_14	0.0000	low	1.0000	very high	0.0000	low
BAr2D2E2F_vRhyme_bin_1	vRhyme_bin_1__BAr2D2E2F_000000370749	vRhyme_bin_1__BAr2D2E2F_000000370749_15	0.0000	low	1.0000	very high	0.0000	low
BAr2D2E2F_vRhyme_bin_1	vRhyme_bin_1__BAr2D2E2F_000000370749	vRhyme_bin_1__BAr2D2E2F_000000370749_16	0.0000	low	1.0000	very high	0.0000	low
BAr2D2E2F_vRhyme_bin_1	vRhyme_bin_1__BAr2D2E2F_000000370749	vRhyme_bin_1__BAr2D2E2F_000000370749_17	0.0000	low	1.0000	very high	0.0000	low
BAr2D2E2F_vRhyme_bin_1	vRhyme_bin_1__BAr2D2E2F_000000370749	vRhyme_bin_1__BAr2D2E2F_000000370749_18	0.0000	low	1.0000	very high	0.0000	low
BAr2D2E2F_vRhyme_bin_1	vRhyme_bin_1__BAr2D2E2F_000000370749	vRhyme_bin_1__BAr2D2E2F_000000370749_19	0.0000	low	1.0000	very high	0.0000	low
BAr2D2E2F_vRhyme_bin_1	vRhyme_bin_1__BAr2D2E2F_000000370749	vRhyme_bin_1__BAr2D2E2F_000000370749_20	0.0000	low	1.0000	very high	0.0000	low
BAr2D2E2F_vRhyme_bin_1	vRhyme_bin_1__BAr2D2E2F_000000370749	vRhyme_bin_1__BAr2D2E2F_000000370749_21	0.0000	low	1.0000	very high	0.0000	low
BAr2D2E2F_vRhyme_bin_1	vRhyme_bin_1__BAr2D2E2F_000000370749	vRhyme_bin_1__BAr2D2E2F_000000370749_22	0.0000	low	1.0000	very high	0.0000	low
BAr2D2E2F_vRhyme_bin_1	vRhyme_bin_1__BAr2D2E2F_000000370749	vRhyme_bin_1__BAr2D2E2F_000000370749_23	0.0000	low	1.0000	very high	0.0000	low
BAr2D2E2F_vRhyme_bin_1	vRhyme_bin_1__BAr2D2E2F_000000370749	vRhyme_bin_1__BAr2D2E2F_000000370749_24	0.0000	low	1.0000	very high	0.0000	low
BAr2D2E2F_vRhyme_bin_1	vRhyme_bin_1__BAr2D2E2F_000000370749	vRhyme_bin_1__BAr2D2E2F_000000370749_25	0.0000	low	1.0000	very high	0.0000	low
BAr2D2E2F_vRhyme_bin_1	vRhyme_bin_1__BAr2D2E2F_000000370749	vRhyme_bin_1__BAr2D2E2F_000000370749_26	0.0000	low	1.0000	very high	0.0000	low
BAr2D2E2F_vRhyme_bin_1	vRhyme_bin_1__BAr2D2E2F_000000370749	vRhyme_bin_1__BAr2D2E2F_000000370749_27	0.0000	low	1.0000	very high	0.0000	low
BAr2D2E2F_vRhyme_bin_1	vRhyme_bin_1__BAr2D2E2F_000000370749	vRhyme_bin_1__BAr2D2E2F_000000370749_28	0.0000	low	1.0000	very high	0.0000	low
BAr2D2E2F_vRhyme_bin_1	vRhyme_bin_1__BAr2D2E2F_000000370749	vRhyme_bin_1__BAr2D2E2F_000000370749_29	0.0000	low	1.0000	very high	0.0000	low
BAr2D2E2F_vRhyme_bin_1	vRhyme_bin_1__BAr2D2E2F_000000370749	vRhyme_bin_1__BAr2D2E2F_000000370749_30	0.0000	low	1.0000	very high	0.0000	low
BAr2D2E2F_vRhyme_bin_1	vRhyme_bin_1__BAr2D2E2F_000000370749	vRhyme_bin_1__BAr2D2E2F_000000370749_31	0.0000	low	1.0000	very high	0.0000	low
BAr2D2E2F_vRhyme_bin_1	vRhyme_bin_1__BAr2D2E2F_000000370749	vRhyme_bin_1__BAr2D2E2F_000000370749_32	0.0000	low	1.0000	very high	0.0000	low
BAr2D2E2F_vRhyme_bin_1	vRhyme_bin_1__BAr2D2E2F_000000370749	vRhyme_bin_1__BAr2D2E2F_000000370749_33	0.0000	low	1.0000	very high	0.0000	low
BAr2D2E2F_vRhyme_bin_1	vRhyme_bin_1__BAr2D2E2F_000000370749	vRhyme_bin_1__BAr2D2E2F_000000370749_34	0.0000	low	1.0000	very high	0.0000	low
BAr2D2E2F_vRhyme_bin_1	vRhyme_bin_1__BAr2D2E2F_000000370749	vRhyme_bin_1__BAr2D2E2F_000000370749_35	0.0000	low	1.0000	very high	0.0000	low
BAr2D2E2F_vRhyme_bin_1	vRhyme_bin_1__BAr2D2E2F_000000370749	vRhyme_bin_1__BAr2D2E2F_000000370749_36	0.0000	low	1.0000	very high	0.0000	low
BAr2D2E2F_vRhyme_bin_1	vRhyme_bin_1__BAr2D2E2F_000000370749	vRhyme_bin_1__BAr2D2E2F_000000370749_37	0.0000	low	1.0000	very high	0.0000	low
BAr2D2E2F_vRhyme_bin_1	vRhyme_bin_1__BAr2D2E2F_000000370749	vRhyme_bin_1__BAr2D2E2F_000000370749_38	0.0000	low	1.0000	very high	0.0000	low
BAr2D2E2F_vRhyme_bin_1	vRhyme_bin_1__BAr2D2E2F_000000370749	vRhyme_bin_1__BAr2D2E2F_000000370749_39	1.0000	very high	1.0000	very high	1.0000	very high
BAr2D2E2F_vRhyme_bin_1	vRhyme_bin_1__BAr2D2E2F_000000370749	vRhyme_bin_1__BAr2D2E2F_000000370749_40	0.0000	low	1.0000	very high	0.0000	low
BAr2D2E2F_vRhyme_bin_1	vRhyme_bin_1__BAr2D2E2F_000000370749	vRhyme_bin_1__BAr2D2E2F_000000370749_41	0.0000	low	1.0000	very high	0.0000	low
BAr2D2E2F_vRhyme_bin_1	vRhyme_bin_1__BAr2D2E2F_000000370749	vRhyme_bin_1__BAr2D2E2F_000000370749_42	0.0000	low	0.9506	high	0.0000	low
BAr2D2E2F_vRhyme_bin_1	vRhyme_bin_1__BAr2D2E2F_000000370749	vRhyme_bin_1__BAr2D2E2F_000000370749_43	0.0000	low	1.0000	very high	0.0000	low
BAr2D2E2F_vRhyme_bin_1	vRhyme_bin_1__BAr2D2E2F_000000370749	vRhyme_bin_1__BAr2D2E2F_000000370749_44	0.0000	low	1.0000	very high	0.0000	low
BAr2D2E2F_vRhyme_bin_1	vRhyme_bin_1__BAr2D2E2F_000000370749	vRhyme_bin_1__BAr2D2E2F_000000370749_45	0.0000	low	1.0000	very high	0.0000	low
BAr2D2E2F_vRhyme_bin_1	vRhyme_bin_1__BAr2D2E2F_000000370749	vRhyme_bin_1__BAr2D2E2F_000000370749_46	0.0000	low	1.0000	very high	0.0000	low
BAr2D2E2F_vRhyme_bin_1	vRhyme_bin_1__BAr2D2E2F_000000370749	vRhyme_bin_1__BAr2D2E2F_000000370749_47	0.0000	low	1.0000	very high	0.0000	low
BAr2D2E2F_vRhyme_bin_1	vRhyme_bin_1__BAr2D2E2F_000000370749	vRhyme_bin_1__BAr2D2E2F_000000370749_48	0.0000	low	1.0000	very high	0.0000	low
BAr2D2E2F_vRhyme_bin_1	vRhyme_bin_1__BAr2D2E2F_000000370749	vRhyme_bin_1__BAr2D2E2F_000000370749_49	0.0000	low	1.0000	very high	0.0000	low
BAr2D2E2F_vRhyme_bin_1	vRhyme_bin_1__BAr2D2E2F_000000370749	vRhyme_bin_1__BAr2D2E2F_000000370749_50	0.0000	low	1.0000	very high	0.0000	low
BAr2D2E2F_vRhyme_bin_1	vRhyme_bin_1__BAr2D2E2F_000000370749	vRhyme_bin_1__BAr2D2E2F_000000370749_51	0.0000	low	1.0000	very high	0.0000	low
BAr2D2E2F_vRhyme_bin_1	vRhyme_bin_1__BAr2D2E2F_000000370749	vRhyme_bin_1__BAr2D2E2F_000000370749_52	0.0000	low	0.9510	high	0.0000	low
BAr2D2E2F_vRhyme_bin_1	vRhyme_bin_1__BAr2D2E2F_000000370749	vRhyme_bin_1__BAr2D2E2F_000000370749_53	0.0000	low	1.0000	very high	0.0000	low
BAr2D2E2F_vRhyme_bin_1	vRhyme_bin_1__BAr2D2E2F_000000370749	vRhyme_bin_1__BAr2D2E2F_000000370749_54	0.0000	low	1.0000	very high	0.0000	low
