Protein	Contig	Genome	KEGG_V-score	Pfam_V-score	PHROG_V-score	KEGG_hmm_id	KEGG_Description	KEGG_score	KEGG_coverage	FOAM_hmm_id	FOAM_Description	FOAM_score	FOAM_coverage	Pfam_hmm_id	Pfam_Description	Pfam_score	Pfam_coverage	dbCAN_hmm_id	dbCAN_Description	dbCAN_score	dbCAN_coverage	METABOLIC_hmm_id	METABOLIC_Description	METABOLIC_score	METABOLIC_coverage	PHROG_hmm_id	PHROG_Description	PHROG_score	PHROG_coverage	top_hit_hmm_id	top_hit_description	top_hit_db	Circular_Contig	Viral_Origin_Confidence	Viral_Flanking_Genes_Left_Dist	Viral_Flanking_Genes_Right_Dist	MGE_Flanking_Genes_Left_Dist	MGE_Flanking_Genes_Right_Dist
vRhyme_bin_1__BAr2D2E2F_000000009081_1	vRhyme_bin_1__BAr2D2E2F_000000009081	BAr2D2E2F_vRhyme_bin_1		10.0										PF01471.24	Putative peptidoglycan binding domain	33.441544	0.219													PF01471.24	Putative peptidoglycan binding domain	Pfam	false	high	NaN	7116.0	NaN	273.0
vRhyme_bin_1__BAr2D2E2F_000000009081_2	vRhyme_bin_1__BAr2D2E2F_000000009081	BAr2D2E2F_vRhyme_bin_1																														KEGG	false	high	NaN	6405.0	NaN	4947.0
vRhyme_bin_1__BAr2D2E2F_000000009081_3	vRhyme_bin_1__BAr2D2E2F_000000009081	BAr2D2E2F_vRhyme_bin_1																														KEGG	false	high	NaN	5790.0	693.0	4254.0
vRhyme_bin_1__BAr2D2E2F_000000009081_4	vRhyme_bin_1__BAr2D2E2F_000000009081	BAr2D2E2F_vRhyme_bin_1																														KEGG	false	high	NaN	5367.0	888.0	4059.0
vRhyme_bin_1__BAr2D2E2F_000000009081_5	vRhyme_bin_1__BAr2D2E2F_000000009081	BAr2D2E2F_vRhyme_bin_1																														KEGG	false	high	NaN	4887.0	1311.0	3636.0
vRhyme_bin_1__BAr2D2E2F_000000009081_6	vRhyme_bin_1__BAr2D2E2F_000000009081	BAr2D2E2F_vRhyme_bin_1																														KEGG	false	high	NaN	4428.0	1824.0	3123.0
vRhyme_bin_1__BAr2D2E2F_000000009081_7	vRhyme_bin_1__BAr2D2E2F_000000009081	BAr2D2E2F_vRhyme_bin_1																														KEGG	false	high	NaN	4245.0	2088.0	2859.0
vRhyme_bin_1__BAr2D2E2F_000000009081_8	vRhyme_bin_1__BAr2D2E2F_000000009081	BAr2D2E2F_vRhyme_bin_1																														KEGG	false	medium	NaN	3564.0	2532.0	2415.0
vRhyme_bin_1__BAr2D2E2F_000000009081_9	vRhyme_bin_1__BAr2D2E2F_000000009081	BAr2D2E2F_vRhyme_bin_1																														KEGG	false	high	NaN	3297.0	2772.0	2175.0
vRhyme_bin_1__BAr2D2E2F_000000009081_10	vRhyme_bin_1__BAr2D2E2F_000000009081	BAr2D2E2F_vRhyme_bin_1																														KEGG	false	high	NaN	2136.0	3330.0	1617.0
vRhyme_bin_1__BAr2D2E2F_000000009081_11	vRhyme_bin_1__BAr2D2E2F_000000009081	BAr2D2E2F_vRhyme_bin_1																														KEGG	false	high	NaN	1269.0	4008.0	939.0
vRhyme_bin_1__BAr2D2E2F_000000009081_12	vRhyme_bin_1__BAr2D2E2F_000000009081	BAr2D2E2F_vRhyme_bin_1																														KEGG	false	high	NaN	594.0	4665.0	282.0
vRhyme_bin_1__BAr2D2E2F_000000009081_13	vRhyme_bin_1__BAr2D2E2F_000000009081	BAr2D2E2F_vRhyme_bin_1	10.0	10.0		K03413	two-component system, chemotaxis family, chemotaxis protein CheY	59.808685	0.754	HMMsoil22408	cheA; two-component system, chemotaxis family, sensor kinase CheA EC:2.7.13.3	36.712307	0.858	PF00072.31	Response regulator receiver domain	31.958485	0.769													K03413	two-component system, chemotaxis family, chemotaxis protein CheY	KEGG	false	medium	NaN	402.0	4947.0	NaN
vRhyme_bin_1__BAr2D2E2F_000000009081_14	vRhyme_bin_1__BAr2D2E2F_000000009081	BAr2D2E2F_vRhyme_bin_1	10.0	0.37	10.0	K03497	ParB family transcriptional regulator, chromosome partitioning protein	63.624821	0.696					PF17762.9	HTH domain found in ParB protein	25.977253	0.216									phrog_1033	ParB-like partition protein	73.78508	0.748	phrog_1033	ParB-like partition protein	PHROG	false	medium	NaN	2181.0	561.0	NaN
vRhyme_bin_1__BAr2D2E2F_000000009081_15	vRhyme_bin_1__BAr2D2E2F_000000009081	BAr2D2E2F_vRhyme_bin_1																														KEGG	false	medium	918.0	1263.0	1089.0	NaN
vRhyme_bin_1__BAr2D2E2F_000000009081_16	vRhyme_bin_1__BAr2D2E2F_000000009081	BAr2D2E2F_vRhyme_bin_1																														KEGG	false	medium	1671.0	510.0	1446.0	NaN
vRhyme_bin_1__BAr2D2E2F_000000009081_17	vRhyme_bin_1__BAr2D2E2F_000000009081	BAr2D2E2F_vRhyme_bin_1	10.0	10.0	10.0	K03087	RNA polymerase nonessential primary-like sigma factor	158.486267	0.887					PF04542.21	Sigma-70 region 2	51.04126	0.227									phrog_351	RNA polymerase sigma factor	123.085884	0.89	K03087	RNA polymerase nonessential primary-like sigma factor	KEGG	false	medium	2181.0	846.0	1869.0	NaN
vRhyme_bin_1__BAr2D2E2F_000000009081_18	vRhyme_bin_1__BAr2D2E2F_000000009081	BAr2D2E2F_vRhyme_bin_1		10.0										PF04545.23	Sigma-70, region 4	25.512558	0.085													PF04545.23	Sigma-70, region 4	Pfam	false	medium	846.0	2535.0	2046.0	NaN
vRhyme_bin_1__BAr2D2E2F_000000009081_19	vRhyme_bin_1__BAr2D2E2F_000000009081	BAr2D2E2F_vRhyme_bin_1																														KEGG	false	medium	1053.0	1482.0	2397.0	NaN
vRhyme_bin_1__BAr2D2E2F_000000009081_20	vRhyme_bin_1__BAr2D2E2F_000000009081	BAr2D2E2F_vRhyme_bin_1																														KEGG	false	medium	1614.0	921.0	2727.0	NaN
vRhyme_bin_1__BAr2D2E2F_000000009081_21	vRhyme_bin_1__BAr2D2E2F_000000009081	BAr2D2E2F_vRhyme_bin_1	10.0	10.0	10.0	K07273	lysozyme	243.862366	0.851					PF01183.27	Glycosyl hydrolases family 25	151.10202	0.763	GH25	lysozyme (EC 3.2.1.17)	172.459763	0.763					phrog_291	endolysin	148.243835	0.826	K07273	lysozyme	KEGG	false	high	2535.0	723.0	2874.0	NaN
vRhyme_bin_1__BAr2D2E2F_000000009081_22	vRhyme_bin_1__BAr2D2E2F_000000009081	BAr2D2E2F_vRhyme_bin_1	10.0	10.0	10.0	K06223	DNA adenine methylase [EC:2.1.1.72]	251.156204	0.975					PF02086.22	D12 class N6 adenine-specific DNA methyltransferase	190.554657	0.903									phrog_56	DNA methyltransferase	210.179443	0.978	K06223	DNA adenine methylase [EC:2.1.1.72]	KEGG	false	medium	723.0	NaN	3255.0	NaN
vRhyme_bin_1__BAr2D2E2F_000000009081_23	vRhyme_bin_1__BAr2D2E2F_000000009081	BAr2D2E2F_vRhyme_bin_1																														KEGG	false	medium	837.0	NaN	3549.0	NaN
vRhyme_bin_1__BAr2D2E2F_000000009081_24	vRhyme_bin_1__BAr2D2E2F_000000009081	BAr2D2E2F_vRhyme_bin_1																														KEGG	false	medium	990.0	NaN	3921.0	NaN
vRhyme_bin_1__BAr2D2E2F_000000009081_25	vRhyme_bin_1__BAr2D2E2F_000000009081	BAr2D2E2F_vRhyme_bin_1																														KEGG	false	medium	1383.0	NaN	4350.0	NaN
vRhyme_bin_1__BAr2D2E2F_000000009081_26	vRhyme_bin_1__BAr2D2E2F_000000009081	BAr2D2E2F_vRhyme_bin_1																														KEGG	false	medium	1536.0	NaN	5343.0	NaN
vRhyme_bin_1__BAr2D2E2F_000000009081_27	vRhyme_bin_1__BAr2D2E2F_000000009081	BAr2D2E2F_vRhyme_bin_1																														KEGG	false	medium	1872.0	NaN	5832.0	NaN
vRhyme_bin_1__BAr2D2E2F_000000009081_28	vRhyme_bin_1__BAr2D2E2F_000000009081	BAr2D2E2F_vRhyme_bin_1		3.96										PF04116.20	Fatty acid hydroxylase	35.924225	0.916													PF04116.20	Fatty acid hydroxylase	Pfam	false	medium	2001.0	NaN	6855.0	NaN
vRhyme_bin_1__BAr2D2E2F_000000009081_29	vRhyme_bin_1__BAr2D2E2F_000000009081	BAr2D2E2F_vRhyme_bin_1																														KEGG	false	medium	2499.0	NaN	NaN	8553.0
vRhyme_bin_1__BAr2D2E2F_000000009081_30	vRhyme_bin_1__BAr2D2E2F_000000009081	BAr2D2E2F_vRhyme_bin_1																														KEGG	false	medium	3204.0	NaN	NaN	8457.0
vRhyme_bin_1__BAr2D2E2F_000000009081_31	vRhyme_bin_1__BAr2D2E2F_000000009081	BAr2D2E2F_vRhyme_bin_1																								phrog_2319		114.59523	0.843	phrog_2319		PHROG	false	medium	3597.0	NaN	NaN	8130.0
vRhyme_bin_1__BAr2D2E2F_000000011539_1	vRhyme_bin_1__BAr2D2E2F_000000011539	BAr2D2E2F_vRhyme_bin_1																														KEGG	false	medium	NaN	879.0	NaN	NaN
vRhyme_bin_1__BAr2D2E2F_000000011539_2	vRhyme_bin_1__BAr2D2E2F_000000011539	BAr2D2E2F_vRhyme_bin_1																														KEGG	false	medium	NaN	591.0	NaN	NaN
vRhyme_bin_1__BAr2D2E2F_000000011539_3	vRhyme_bin_1__BAr2D2E2F_000000011539	BAr2D2E2F_vRhyme_bin_1																														KEGG	false	medium	NaN	285.0	NaN	NaN
vRhyme_bin_1__BAr2D2E2F_000000011539_4	vRhyme_bin_1__BAr2D2E2F_000000011539	BAr2D2E2F_vRhyme_bin_1	10.0	10.0	10.0	K01462	peptide deformylase [EC:3.5.1.88]	118.144028	0.891					PF01327.27	Polypeptide deformylase	100.425034	0.863									phrog_2890	peptide deformylase	101.604309	0.829	K01462	peptide deformylase [EC:3.5.1.88]	KEGG	false	medium	NaN	NaN	NaN	NaN
vRhyme_bin_1__BAr2D2E2F_000000011539_5	vRhyme_bin_1__BAr2D2E2F_000000011539	BAr2D2E2F_vRhyme_bin_1																														KEGG	false	medium	525.0	NaN	NaN	NaN
vRhyme_bin_1__BAr2D2E2F_000000011539_6	vRhyme_bin_1__BAr2D2E2F_000000011539	BAr2D2E2F_vRhyme_bin_1	10.0	10.0		K21929	uracil-DNA glycosylase [EC:3.2.2.27]	251.612061	0.747	HMMsoil968	dnaE; DNA polymerase III subunit alpha EC:2.7.7.7	96.705093	0.497	PF03167.26	Uracil DNA glycosylase superfamily	138.723999	0.514													K21929	uracil-DNA glycosylase [EC:3.2.2.27]	KEGG	false	medium	717.0	NaN	NaN	NaN
vRhyme_bin_1__BAr2D2E2F_000000011539_7	vRhyme_bin_1__BAr2D2E2F_000000011539	BAr2D2E2F_vRhyme_bin_1																														KEGG	false	medium	888.0	NaN	NaN	NaN
vRhyme_bin_1__BAr2D2E2F_000000011539_8	vRhyme_bin_1__BAr2D2E2F_000000011539	BAr2D2E2F_vRhyme_bin_1																														KEGG	false	medium	1092.0	NaN	NaN	NaN
vRhyme_bin_1__BAr2D2E2F_000000011539_9	vRhyme_bin_1__BAr2D2E2F_000000011539	BAr2D2E2F_vRhyme_bin_1																														KEGG	false	medium	1314.0	NaN	NaN	NaN
vRhyme_bin_1__BAr2D2E2F_000000011539_10	vRhyme_bin_1__BAr2D2E2F_000000011539	BAr2D2E2F_vRhyme_bin_1																														KEGG	false	medium	1953.0	NaN	NaN	NaN
vRhyme_bin_1__BAr2D2E2F_000000011539_11	vRhyme_bin_1__BAr2D2E2F_000000011539	BAr2D2E2F_vRhyme_bin_1																														KEGG	false	medium	2211.0	NaN	NaN	NaN
vRhyme_bin_1__BAr2D2E2F_000000011539_12	vRhyme_bin_1__BAr2D2E2F_000000011539	BAr2D2E2F_vRhyme_bin_1		5.92										PF02810.22	SEC-C motif	34.554619	0.057													PF02810.22	SEC-C motif	Pfam	false	medium	2493.0	NaN	NaN	NaN
vRhyme_bin_1__BAr2D2E2F_000000011539_13	vRhyme_bin_1__BAr2D2E2F_000000011539	BAr2D2E2F_vRhyme_bin_1																														KEGG	false	high	3387.0	NaN	NaN	NaN
vRhyme_bin_1__BAr2D2E2F_000000011539_14	vRhyme_bin_1__BAr2D2E2F_000000011539	BAr2D2E2F_vRhyme_bin_1																														KEGG	false	high	3603.0	NaN	NaN	NaN
vRhyme_bin_1__BAr2D2E2F_000000011539_15	vRhyme_bin_1__BAr2D2E2F_000000011539	BAr2D2E2F_vRhyme_bin_1																														KEGG	false	medium	3960.0	NaN	NaN	NaN
vRhyme_bin_1__BAr2D2E2F_000000011539_16	vRhyme_bin_1__BAr2D2E2F_000000011539	BAr2D2E2F_vRhyme_bin_1																														KEGG	false	medium	4167.0	NaN	NaN	NaN
vRhyme_bin_1__BAr2D2E2F_000000011539_17	vRhyme_bin_1__BAr2D2E2F_000000011539	BAr2D2E2F_vRhyme_bin_1																														KEGG	false	high	4707.0	NaN	NaN	NaN
vRhyme_bin_1__BAr2D2E2F_000000011539_18	vRhyme_bin_1__BAr2D2E2F_000000011539	BAr2D2E2F_vRhyme_bin_1		10.0										PF02195.26	ParB/Sulfiredoxin domain	25.942083	0.507													PF02195.26	ParB/Sulfiredoxin domain	Pfam	false	high	5196.0	NaN	NaN	NaN
vRhyme_bin_1__BAr2D2E2F_000000011539_19	vRhyme_bin_1__BAr2D2E2F_000000011539	BAr2D2E2F_vRhyme_bin_1																														KEGG	false	high	414.0	NaN	NaN	NaN
vRhyme_bin_1__BAr2D2E2F_000000011539_20	vRhyme_bin_1__BAr2D2E2F_000000011539	BAr2D2E2F_vRhyme_bin_1																														KEGG	false	high	1560.0	NaN	NaN	NaN
vRhyme_bin_1__BAr2D2E2F_000000011539_21	vRhyme_bin_1__BAr2D2E2F_000000011539	BAr2D2E2F_vRhyme_bin_1																														KEGG	false	high	2316.0	NaN	NaN	NaN
vRhyme_bin_1__BAr2D2E2F_000000011539_22	vRhyme_bin_1__BAr2D2E2F_000000011539	BAr2D2E2F_vRhyme_bin_1																														KEGG	false	high	2721.0	NaN	NaN	NaN
vRhyme_bin_1__BAr2D2E2F_000000011539_23	vRhyme_bin_1__BAr2D2E2F_000000011539	BAr2D2E2F_vRhyme_bin_1																														KEGG	false	high	3237.0	NaN	NaN	NaN
vRhyme_bin_1__BAr2D2E2F_000000011539_24	vRhyme_bin_1__BAr2D2E2F_000000011539	BAr2D2E2F_vRhyme_bin_1																														KEGG	false	high	3603.0	NaN	NaN	NaN
vRhyme_bin_1__BAr2D2E2F_000000011539_25	vRhyme_bin_1__BAr2D2E2F_000000011539	BAr2D2E2F_vRhyme_bin_1																														KEGG	false	high	4023.0	NaN	NaN	NaN
vRhyme_bin_1__BAr2D2E2F_000000011539_26	vRhyme_bin_1__BAr2D2E2F_000000011539	BAr2D2E2F_vRhyme_bin_1																														KEGG	false	high	4497.0	NaN	NaN	NaN
vRhyme_bin_1__BAr2D2E2F_000000011539_27	vRhyme_bin_1__BAr2D2E2F_000000011539	BAr2D2E2F_vRhyme_bin_1																														KEGG	false	high	4803.0	NaN	NaN	NaN
vRhyme_bin_1__BAr2D2E2F_000000011539_28	vRhyme_bin_1__BAr2D2E2F_000000011539	BAr2D2E2F_vRhyme_bin_1																														KEGG	false	high	5007.0	NaN	NaN	NaN
vRhyme_bin_1__BAr2D2E2F_000000011539_29	vRhyme_bin_1__BAr2D2E2F_000000011539	BAr2D2E2F_vRhyme_bin_1																								phrog_1574		54.986084	0.922	phrog_1574		PHROG	false	high	5304.0	NaN	NaN	NaN
vRhyme_bin_1__BAr2D2E2F_000000011539_30	vRhyme_bin_1__BAr2D2E2F_000000011539	BAr2D2E2F_vRhyme_bin_1																														KEGG	false	high	6039.0	NaN	NaN	NaN
vRhyme_bin_1__BAr2D2E2F_000000011539_31	vRhyme_bin_1__BAr2D2E2F_000000011539	BAr2D2E2F_vRhyme_bin_1																														KEGG	false	high	6390.0	NaN	NaN	NaN
vRhyme_bin_1__BAr2D2E2F_000000011539_32	vRhyme_bin_1__BAr2D2E2F_000000011539	BAr2D2E2F_vRhyme_bin_1																														KEGG	false	high	6747.0	NaN	NaN	NaN
vRhyme_bin_1__BAr2D2E2F_000000011539_33	vRhyme_bin_1__BAr2D2E2F_000000011539	BAr2D2E2F_vRhyme_bin_1																														KEGG	false	high	6909.0	NaN	NaN	NaN
vRhyme_bin_1__BAr2D2E2F_000000011539_34	vRhyme_bin_1__BAr2D2E2F_000000011539	BAr2D2E2F_vRhyme_bin_1																														KEGG	false	high	7239.0	NaN	NaN	NaN
vRhyme_bin_1__BAr2D2E2F_000000017828_1	vRhyme_bin_1__BAr2D2E2F_000000017828	BAr2D2E2F_vRhyme_bin_1																														KEGG	false	high	NaN	2634.0	NaN	3717.0
vRhyme_bin_1__BAr2D2E2F_000000017828_2	vRhyme_bin_1__BAr2D2E2F_000000017828	BAr2D2E2F_vRhyme_bin_1																														KEGG	false	high	NaN	2280.0	NaN	3390.0
vRhyme_bin_1__BAr2D2E2F_000000017828_3	vRhyme_bin_1__BAr2D2E2F_000000017828	BAr2D2E2F_vRhyme_bin_1																														KEGG	false	high	NaN	1647.0	NaN	3126.0
vRhyme_bin_1__BAr2D2E2F_000000017828_4	vRhyme_bin_1__BAr2D2E2F_000000017828	BAr2D2E2F_vRhyme_bin_1																														KEGG	false	high	NaN	1410.0	NaN	1665.0
vRhyme_bin_1__BAr2D2E2F_000000017828_5	vRhyme_bin_1__BAr2D2E2F_000000017828	BAr2D2E2F_vRhyme_bin_1																														KEGG	false	high	NaN	204.0	NaN	1182.0
vRhyme_bin_1__BAr2D2E2F_000000017828_6	vRhyme_bin_1__BAr2D2E2F_000000017828	BAr2D2E2F_vRhyme_bin_1		10.0										PF01464.26	Transglycosylase SLT domain	28.457689	0.514													PF01464.26	Transglycosylase SLT domain	Pfam	false	high	NaN	23343.0	NaN	939.0
vRhyme_bin_1__BAr2D2E2F_000000017828_7	vRhyme_bin_1__BAr2D2E2F_000000017828	BAr2D2E2F_vRhyme_bin_1																														KEGG	false	high	NaN	22824.0	NaN	729.0
vRhyme_bin_1__BAr2D2E2F_000000017828_8	vRhyme_bin_1__BAr2D2E2F_000000017828	BAr2D2E2F_vRhyme_bin_1																														KEGG	false	high	NaN	22464.0	NaN	372.0
vRhyme_bin_1__BAr2D2E2F_000000017828_9	vRhyme_bin_1__BAr2D2E2F_000000017828	BAr2D2E2F_vRhyme_bin_1																														KEGG	false	high	NaN	22185.0	NaN	NaN
vRhyme_bin_1__BAr2D2E2F_000000017828_10	vRhyme_bin_1__BAr2D2E2F_000000017828	BAr2D2E2F_vRhyme_bin_1																														KEGG	false	high	NaN	21903.0	426.0	NaN
vRhyme_bin_1__BAr2D2E2F_000000017828_11	vRhyme_bin_1__BAr2D2E2F_000000017828	BAr2D2E2F_vRhyme_bin_1																														KEGG	false	high	NaN	21012.0	738.0	NaN
vRhyme_bin_1__BAr2D2E2F_000000017828_12	vRhyme_bin_1__BAr2D2E2F_000000017828	BAr2D2E2F_vRhyme_bin_1																														KEGG	false	high	NaN	20211.0	933.0	NaN
vRhyme_bin_1__BAr2D2E2F_000000017828_13	vRhyme_bin_1__BAr2D2E2F_000000017828	BAr2D2E2F_vRhyme_bin_1																														KEGG	false	high	NaN	19491.0	1194.0	NaN
vRhyme_bin_1__BAr2D2E2F_000000017828_14	vRhyme_bin_1__BAr2D2E2F_000000017828	BAr2D2E2F_vRhyme_bin_1																														KEGG	false	high	NaN	18765.0	1542.0	NaN
vRhyme_bin_1__BAr2D2E2F_000000017828_15	vRhyme_bin_1__BAr2D2E2F_000000017828	BAr2D2E2F_vRhyme_bin_1																														KEGG	false	high	NaN	17772.0	2148.0	NaN
vRhyme_bin_1__BAr2D2E2F_000000017828_16	vRhyme_bin_1__BAr2D2E2F_000000017828	BAr2D2E2F_vRhyme_bin_1																														KEGG	false	high	NaN	16218.0	2799.0	NaN
vRhyme_bin_1__BAr2D2E2F_000000017828_17	vRhyme_bin_1__BAr2D2E2F_000000017828	BAr2D2E2F_vRhyme_bin_1																														KEGG	false	high	NaN	15645.0	2973.0	NaN
vRhyme_bin_1__BAr2D2E2F_000000017828_18	vRhyme_bin_1__BAr2D2E2F_000000017828	BAr2D2E2F_vRhyme_bin_1																														KEGG	false	high	NaN	14688.0	4503.0	NaN
vRhyme_bin_1__BAr2D2E2F_000000017828_19	vRhyme_bin_1__BAr2D2E2F_000000017828	BAr2D2E2F_vRhyme_bin_1																														KEGG	false	high	NaN	14310.0	4818.0	NaN
vRhyme_bin_1__BAr2D2E2F_000000017828_20	vRhyme_bin_1__BAr2D2E2F_000000017828	BAr2D2E2F_vRhyme_bin_1																														KEGG	false	high	NaN	13944.0	6540.0	NaN
vRhyme_bin_1__BAr2D2E2F_000000017828_21	vRhyme_bin_1__BAr2D2E2F_000000017828	BAr2D2E2F_vRhyme_bin_1																														KEGG	false	high	NaN	12510.0	7449.0	NaN
vRhyme_bin_1__BAr2D2E2F_000000017828_22	vRhyme_bin_1__BAr2D2E2F_000000017828	BAr2D2E2F_vRhyme_bin_1																														KEGG	false	high	NaN	12057.0	7677.0	NaN
vRhyme_bin_1__BAr2D2E2F_000000017828_23	vRhyme_bin_1__BAr2D2E2F_000000017828	BAr2D2E2F_vRhyme_bin_1																														KEGG	false	high	NaN	11052.0	8802.0	NaN
vRhyme_bin_1__BAr2D2E2F_000000017828_24	vRhyme_bin_1__BAr2D2E2F_000000017828	BAr2D2E2F_vRhyme_bin_1																														KEGG	false	high	NaN	10176.0	9390.0	NaN
vRhyme_bin_1__BAr2D2E2F_000000017828_25	vRhyme_bin_1__BAr2D2E2F_000000017828	BAr2D2E2F_vRhyme_bin_1																														KEGG	false	high	NaN	9975.0	10953.0	NaN
vRhyme_bin_1__BAr2D2E2F_000000017828_26	vRhyme_bin_1__BAr2D2E2F_000000017828	BAr2D2E2F_vRhyme_bin_1																														KEGG	false	high	NaN	8841.0	11493.0	NaN
vRhyme_bin_1__BAr2D2E2F_000000017828_27	vRhyme_bin_1__BAr2D2E2F_000000017828	BAr2D2E2F_vRhyme_bin_1																														KEGG	false	high	NaN	7077.0	11916.0	NaN
vRhyme_bin_1__BAr2D2E2F_000000017828_28	vRhyme_bin_1__BAr2D2E2F_000000017828	BAr2D2E2F_vRhyme_bin_1																														KEGG	false	high	NaN	6498.0	12567.0	NaN
vRhyme_bin_1__BAr2D2E2F_000000017828_29	vRhyme_bin_1__BAr2D2E2F_000000017828	BAr2D2E2F_vRhyme_bin_1																														KEGG	false	high	NaN	5484.0	13077.0	NaN
vRhyme_bin_1__BAr2D2E2F_000000017828_30	vRhyme_bin_1__BAr2D2E2F_000000017828	BAr2D2E2F_vRhyme_bin_1																														KEGG	false	medium	NaN	5061.0	13473.0	NaN
vRhyme_bin_1__BAr2D2E2F_000000017828_31	vRhyme_bin_1__BAr2D2E2F_000000017828	BAr2D2E2F_vRhyme_bin_1																														KEGG	false	medium	NaN	4254.0	14073.0	NaN
vRhyme_bin_1__BAr2D2E2F_000000017828_32	vRhyme_bin_1__BAr2D2E2F_000000017828	BAr2D2E2F_vRhyme_bin_1																														KEGG	false	medium	NaN	3924.0	15051.0	NaN
vRhyme_bin_1__BAr2D2E2F_000000017828_33	vRhyme_bin_1__BAr2D2E2F_000000017828	BAr2D2E2F_vRhyme_bin_1																														KEGG	false	medium	NaN	1797.0	15528.0	NaN
vRhyme_bin_1__BAr2D2E2F_000000017828_34	vRhyme_bin_1__BAr2D2E2F_000000017828	BAr2D2E2F_vRhyme_bin_1																														KEGG	false	medium	NaN	1707.0	15840.0	NaN
vRhyme_bin_1__BAr2D2E2F_000000017828_35	vRhyme_bin_1__BAr2D2E2F_000000017828	BAr2D2E2F_vRhyme_bin_1																														KEGG	false	medium	NaN	1173.0	18159.0	NaN
vRhyme_bin_1__BAr2D2E2F_000000017828_36	vRhyme_bin_1__BAr2D2E2F_000000017828	BAr2D2E2F_vRhyme_bin_1																														KEGG	false	medium	NaN	510.0	19092.0	NaN
vRhyme_bin_1__BAr2D2E2F_000000017828_37	vRhyme_bin_1__BAr2D2E2F_000000017828	BAr2D2E2F_vRhyme_bin_1	10.0	10.0	0.79	K04485	DNA repair protein RadA/Sms	125.086189	0.807					PF06745.20	KaiC	36.735584	0.227									phrog_26214		57.535736	0.624	K04485	DNA repair protein RadA/Sms	KEGG	false	medium	NaN	5094.0	21135.0	NaN
vRhyme_bin_1__BAr2D2E2F_000000017828_38	vRhyme_bin_1__BAr2D2E2F_000000017828	BAr2D2E2F_vRhyme_bin_1																														KEGG	false	medium	NaN	4209.0	22290.0	NaN
vRhyme_bin_1__BAr2D2E2F_000000017828_39	vRhyme_bin_1__BAr2D2E2F_000000017828	BAr2D2E2F_vRhyme_bin_1																														KEGG	false	medium	NaN	3513.0	22656.0	NaN
vRhyme_bin_1__BAr2D2E2F_000000017828_40	vRhyme_bin_1__BAr2D2E2F_000000017828	BAr2D2E2F_vRhyme_bin_1																														KEGG	false	high	NaN	2661.0	NaN	NaN
vRhyme_bin_1__BAr2D2E2F_000000017828_41	vRhyme_bin_1__BAr2D2E2F_000000017828	BAr2D2E2F_vRhyme_bin_1																														KEGG	false	high	NaN	1626.0	NaN	NaN
vRhyme_bin_1__BAr2D2E2F_000000017828_42	vRhyme_bin_1__BAr2D2E2F_000000017828	BAr2D2E2F_vRhyme_bin_1																														KEGG	false	high	NaN	1440.0	NaN	NaN
vRhyme_bin_1__BAr2D2E2F_000000017828_43	vRhyme_bin_1__BAr2D2E2F_000000017828	BAr2D2E2F_vRhyme_bin_1																								phrog_3301	pyrophosphatase	124.225586	0.978	phrog_3301	pyrophosphatase	PHROG	false	high	NaN	981.0	NaN	NaN
vRhyme_bin_1__BAr2D2E2F_000000017828_44	vRhyme_bin_1__BAr2D2E2F_000000017828	BAr2D2E2F_vRhyme_bin_1																														KEGG	false	high	NaN	579.0	NaN	NaN
vRhyme_bin_1__BAr2D2E2F_000000017828_45	vRhyme_bin_1__BAr2D2E2F_000000017828	BAr2D2E2F_vRhyme_bin_1																														KEGG	false	high	NaN	312.0	NaN	NaN
vRhyme_bin_1__BAr2D2E2F_000000017828_46	vRhyme_bin_1__BAr2D2E2F_000000017828	BAr2D2E2F_vRhyme_bin_1		10.0	10.0									PF02026.22	RyR domain	44.907578	0.46									phrog_5154		148.914383	0.921	phrog_5154		PHROG	false	high	NaN	NaN	NaN	NaN
vRhyme_bin_1__BAr2D2E2F_000000017828_47	vRhyme_bin_1__BAr2D2E2F_000000017828	BAr2D2E2F_vRhyme_bin_1																														KEGG	false	high	378.0	NaN	NaN	NaN
vRhyme_bin_1__BAr2D2E2F_000000017828_48	vRhyme_bin_1__BAr2D2E2F_000000017828	BAr2D2E2F_vRhyme_bin_1																														KEGG	false	high	588.0	NaN	NaN	NaN
vRhyme_bin_1__BAr2D2E2F_000000017828_49	vRhyme_bin_1__BAr2D2E2F_000000017828	BAr2D2E2F_vRhyme_bin_1																														KEGG	false	high	1323.0	NaN	NaN	NaN
vRhyme_bin_1__BAr2D2E2F_000000017828_50	vRhyme_bin_1__BAr2D2E2F_000000017828	BAr2D2E2F_vRhyme_bin_1																														KEGG	false	high	1497.0	NaN	NaN	NaN
vRhyme_bin_1__BAr2D2E2F_000000026327_1	vRhyme_bin_1__BAr2D2E2F_000000026327	BAr2D2E2F_vRhyme_bin_1																														KEGG	false	high	NaN	2607.0	NaN	4482.0
vRhyme_bin_1__BAr2D2E2F_000000026327_2	vRhyme_bin_1__BAr2D2E2F_000000026327	BAr2D2E2F_vRhyme_bin_1																														KEGG	false	high	NaN	2136.0	NaN	4203.0
vRhyme_bin_1__BAr2D2E2F_000000026327_3	vRhyme_bin_1__BAr2D2E2F_000000026327	BAr2D2E2F_vRhyme_bin_1																														KEGG	false	high	NaN	1905.0	NaN	3993.0
vRhyme_bin_1__BAr2D2E2F_000000026327_4	vRhyme_bin_1__BAr2D2E2F_000000026327	BAr2D2E2F_vRhyme_bin_1																														KEGG	false	high	NaN	603.0	NaN	1689.0
vRhyme_bin_1__BAr2D2E2F_000000026327_5	vRhyme_bin_1__BAr2D2E2F_000000026327	BAr2D2E2F_vRhyme_bin_1	10.0	10.0	10.0	K09935	N-glycosidase YbiA [EC:3.2.2.-]	69.546104	0.838					PF08719.18	NADAR domain	144.137924	0.832									phrog_1017		145.947952	0.884	phrog_1017		PHROG	false	high	NaN	5931.0	NaN	1194.0
vRhyme_bin_1__BAr2D2E2F_000000026327_6	vRhyme_bin_1__BAr2D2E2F_000000026327	BAr2D2E2F_vRhyme_bin_1																														KEGG	false	high	519.0	5412.0	NaN	NaN
vRhyme_bin_1__BAr2D2E2F_000000026327_7	vRhyme_bin_1__BAr2D2E2F_000000026327	BAr2D2E2F_vRhyme_bin_1																														KEGG	false	high	990.0	4941.0	NaN	NaN
vRhyme_bin_1__BAr2D2E2F_000000026327_8	vRhyme_bin_1__BAr2D2E2F_000000026327	BAr2D2E2F_vRhyme_bin_1																														KEGG	false	high	1254.0	4677.0	NaN	NaN
vRhyme_bin_1__BAr2D2E2F_000000026327_9	vRhyme_bin_1__BAr2D2E2F_000000026327	BAr2D2E2F_vRhyme_bin_1																														KEGG	false	high	1896.0	4035.0	NaN	NaN
vRhyme_bin_1__BAr2D2E2F_000000026327_10	vRhyme_bin_1__BAr2D2E2F_000000026327	BAr2D2E2F_vRhyme_bin_1												PF21983.3		28.730547	0.706													PF21983.3		Pfam	false	high	2331.0	3600.0	NaN	NaN
vRhyme_bin_1__BAr2D2E2F_000000026327_11	vRhyme_bin_1__BAr2D2E2F_000000026327	BAr2D2E2F_vRhyme_bin_1																														KEGG	false	high	2535.0	3396.0	NaN	NaN
vRhyme_bin_1__BAr2D2E2F_000000026327_12	vRhyme_bin_1__BAr2D2E2F_000000026327	BAr2D2E2F_vRhyme_bin_1																														KEGG	false	high	3411.0	2520.0	NaN	NaN
vRhyme_bin_1__BAr2D2E2F_000000026327_13	vRhyme_bin_1__BAr2D2E2F_000000026327	BAr2D2E2F_vRhyme_bin_1																														KEGG	false	high	4107.0	1824.0	NaN	NaN
vRhyme_bin_1__BAr2D2E2F_000000026327_14	vRhyme_bin_1__BAr2D2E2F_000000026327	BAr2D2E2F_vRhyme_bin_1																														KEGG	false	high	4227.0	1704.0	NaN	NaN
vRhyme_bin_1__BAr2D2E2F_000000026327_15	vRhyme_bin_1__BAr2D2E2F_000000026327	BAr2D2E2F_vRhyme_bin_1																														KEGG	false	high	4446.0	1485.0	NaN	NaN
vRhyme_bin_1__BAr2D2E2F_000000026327_16	vRhyme_bin_1__BAr2D2E2F_000000026327	BAr2D2E2F_vRhyme_bin_1																														KEGG	false	high	4701.0	1230.0	NaN	NaN
vRhyme_bin_1__BAr2D2E2F_000000026327_17	vRhyme_bin_1__BAr2D2E2F_000000026327	BAr2D2E2F_vRhyme_bin_1																														KEGG	false	high	4977.0	954.0	NaN	NaN
vRhyme_bin_1__BAr2D2E2F_000000026327_18	vRhyme_bin_1__BAr2D2E2F_000000026327	BAr2D2E2F_vRhyme_bin_1																								phrog_5928		119.234993	0.944	phrog_5928		PHROG	false	high	5559.0	372.0	NaN	NaN
vRhyme_bin_1__BAr2D2E2F_000000026327_19	vRhyme_bin_1__BAr2D2E2F_000000026327	BAr2D2E2F_vRhyme_bin_1	10.0	10.0	10.0	K14440	SWI/SNF-related matrix-associated actin-dependent regulator of chromatin subfamily A-like protein 1 [EC:5.6.2.-]	193.313339	0.927	HMMsoil122906	E2.7.11.1; non-specific serine/threonine protein kinase EC:2.7.11.1	87.124046	0.363	PF00176.30	SNF2-related domain	87.226212	0.486									phrog_62	DNA helicase	266.490326	0.945	phrog_62	DNA helicase	PHROG	false	high	5931.0	4587.0	NaN	NaN
vRhyme_bin_1__BAr2D2E2F_000000026327_20	vRhyme_bin_1__BAr2D2E2F_000000026327	BAr2D2E2F_vRhyme_bin_1																														KEGG	false	high	1758.0	2829.0	NaN	NaN
vRhyme_bin_1__BAr2D2E2F_000000026327_21	vRhyme_bin_1__BAr2D2E2F_000000026327	BAr2D2E2F_vRhyme_bin_1																														KEGG	false	high	1923.0	2664.0	NaN	NaN
vRhyme_bin_1__BAr2D2E2F_000000026327_22	vRhyme_bin_1__BAr2D2E2F_000000026327	BAr2D2E2F_vRhyme_bin_1																														KEGG	false	high	2310.0	2277.0	NaN	NaN
vRhyme_bin_1__BAr2D2E2F_000000026327_23	vRhyme_bin_1__BAr2D2E2F_000000026327	BAr2D2E2F_vRhyme_bin_1																														KEGG	false	high	2847.0	1740.0	NaN	NaN
vRhyme_bin_1__BAr2D2E2F_000000026327_24	vRhyme_bin_1__BAr2D2E2F_000000026327	BAr2D2E2F_vRhyme_bin_1																														KEGG	false	high	3303.0	1284.0	NaN	NaN
vRhyme_bin_1__BAr2D2E2F_000000026327_25	vRhyme_bin_1__BAr2D2E2F_000000026327	BAr2D2E2F_vRhyme_bin_1																														KEGG	false	high	3765.0	822.0	NaN	NaN
vRhyme_bin_1__BAr2D2E2F_000000026327_26	vRhyme_bin_1__BAr2D2E2F_000000026327	BAr2D2E2F_vRhyme_bin_1		10.0	10.0									PF03235.20	Protein of unknown function DUF262	34.125267	0.433									phrog_1583		75.492912	0.601	phrog_1583		PHROG	false	high	4587.0	NaN	NaN	NaN
vRhyme_bin_1__BAr2D2E2F_000000026327_27	vRhyme_bin_1__BAr2D2E2F_000000026327	BAr2D2E2F_vRhyme_bin_1																														KEGG	false	high	699.0	NaN	NaN	NaN
vRhyme_bin_1__BAr2D2E2F_000000033052_1	vRhyme_bin_1__BAr2D2E2F_000000033052	BAr2D2E2F_vRhyme_bin_1																														KEGG	false	high	NaN	5133.0	NaN	NaN
vRhyme_bin_1__BAr2D2E2F_000000033052_2	vRhyme_bin_1__BAr2D2E2F_000000033052	BAr2D2E2F_vRhyme_bin_1																														KEGG	false	high	NaN	3879.0	NaN	NaN
vRhyme_bin_1__BAr2D2E2F_000000033052_3	vRhyme_bin_1__BAr2D2E2F_000000033052	BAr2D2E2F_vRhyme_bin_1																														KEGG	false	high	NaN	3531.0	NaN	NaN
vRhyme_bin_1__BAr2D2E2F_000000033052_4	vRhyme_bin_1__BAr2D2E2F_000000033052	BAr2D2E2F_vRhyme_bin_1																														KEGG	false	high	NaN	3225.0	NaN	NaN
vRhyme_bin_1__BAr2D2E2F_000000033052_5	vRhyme_bin_1__BAr2D2E2F_000000033052	BAr2D2E2F_vRhyme_bin_1																														KEGG	false	high	NaN	1020.0	NaN	NaN
vRhyme_bin_1__BAr2D2E2F_000000033052_6	vRhyme_bin_1__BAr2D2E2F_000000033052	BAr2D2E2F_vRhyme_bin_1		10.0	10.0									PF13619.12	KTSC domain	60.57283	0.408									phrog_3292		53.074627	0.549	PF13619.12	KTSC domain	Pfam	false	high	NaN	3171.0	NaN	NaN
vRhyme_bin_1__BAr2D2E2F_000000033052_7	vRhyme_bin_1__BAr2D2E2F_000000033052	BAr2D2E2F_vRhyme_bin_1																														KEGG	false	high	426.0	2745.0	NaN	NaN
vRhyme_bin_1__BAr2D2E2F_000000033052_8	vRhyme_bin_1__BAr2D2E2F_000000033052	BAr2D2E2F_vRhyme_bin_1																														KEGG	false	high	636.0	2535.0	NaN	NaN
vRhyme_bin_1__BAr2D2E2F_000000033052_9	vRhyme_bin_1__BAr2D2E2F_000000033052	BAr2D2E2F_vRhyme_bin_1																														KEGG	false	high	909.0	2262.0	NaN	NaN
vRhyme_bin_1__BAr2D2E2F_000000033052_10	vRhyme_bin_1__BAr2D2E2F_000000033052	BAr2D2E2F_vRhyme_bin_1																								phrog_3322	endonuclease	102.103516	0.972	phrog_3322	endonuclease	PHROG	false	high	1320.0	1851.0	NaN	NaN
vRhyme_bin_1__BAr2D2E2F_000000033052_11	vRhyme_bin_1__BAr2D2E2F_000000033052	BAr2D2E2F_vRhyme_bin_1																														KEGG	false	high	1644.0	1527.0	NaN	NaN
vRhyme_bin_1__BAr2D2E2F_000000033052_12	vRhyme_bin_1__BAr2D2E2F_000000033052	BAr2D2E2F_vRhyme_bin_1																														KEGG	false	high	2346.0	825.0	NaN	NaN
vRhyme_bin_1__BAr2D2E2F_000000033052_13	vRhyme_bin_1__BAr2D2E2F_000000033052	BAr2D2E2F_vRhyme_bin_1		10.0	10.0									PF02026.22	RyR domain	36.840935	0.315									phrog_5154		138.191391	0.783	phrog_5154		PHROG	false	high	3171.0	NaN	NaN	NaN
vRhyme_bin_1__BAr2D2E2F_000000033052_14	vRhyme_bin_1__BAr2D2E2F_000000033052	BAr2D2E2F_vRhyme_bin_1																														KEGG	false	high	429.0	NaN	NaN	NaN
vRhyme_bin_1__BAr2D2E2F_000000033052_15	vRhyme_bin_1__BAr2D2E2F_000000033052	BAr2D2E2F_vRhyme_bin_1																														KEGG	false	high	1824.0	NaN	NaN	NaN
vRhyme_bin_1__BAr2D2E2F_000000033052_16	vRhyme_bin_1__BAr2D2E2F_000000033052	BAr2D2E2F_vRhyme_bin_1																														KEGG	false	high	2262.0	NaN	NaN	NaN
vRhyme_bin_1__BAr2D2E2F_000000033052_17	vRhyme_bin_1__BAr2D2E2F_000000033052	BAr2D2E2F_vRhyme_bin_1																														KEGG	false	high	2673.0	NaN	NaN	NaN
vRhyme_bin_1__BAr2D2E2F_000000033052_18	vRhyme_bin_1__BAr2D2E2F_000000033052	BAr2D2E2F_vRhyme_bin_1																														KEGG	false	high	3006.0	NaN	NaN	NaN
vRhyme_bin_1__BAr2D2E2F_000000033052_19	vRhyme_bin_1__BAr2D2E2F_000000033052	BAr2D2E2F_vRhyme_bin_1																														KEGG	false	high	3729.0	NaN	NaN	NaN
vRhyme_bin_1__BAr2D2E2F_000000033052_20	vRhyme_bin_1__BAr2D2E2F_000000033052	BAr2D2E2F_vRhyme_bin_1																														KEGG	false	high	4296.0	NaN	NaN	NaN
vRhyme_bin_1__BAr2D2E2F_000000033052_21	vRhyme_bin_1__BAr2D2E2F_000000033052	BAr2D2E2F_vRhyme_bin_1																														KEGG	false	high	5049.0	NaN	NaN	NaN
vRhyme_bin_1__BAr2D2E2F_000000033052_22	vRhyme_bin_1__BAr2D2E2F_000000033052	BAr2D2E2F_vRhyme_bin_1																														KEGG	false	high	7677.0	NaN	NaN	NaN
vRhyme_bin_1__BAr2D2E2F_000000033052_23	vRhyme_bin_1__BAr2D2E2F_000000033052	BAr2D2E2F_vRhyme_bin_1																														KEGG	false	high	8118.0	NaN	NaN	NaN
vRhyme_bin_1__BAr2D2E2F_000000033052_24	vRhyme_bin_1__BAr2D2E2F_000000033052	BAr2D2E2F_vRhyme_bin_1																														KEGG	false	high	8721.0	NaN	NaN	NaN
vRhyme_bin_1__BAr2D2E2F_000000033052_25	vRhyme_bin_1__BAr2D2E2F_000000033052	BAr2D2E2F_vRhyme_bin_1																														KEGG	false	high	8958.0	NaN	NaN	NaN
vRhyme_bin_1__BAr2D2E2F_000000033052_26	vRhyme_bin_1__BAr2D2E2F_000000033052	BAr2D2E2F_vRhyme_bin_1																														KEGG	false	high	10854.0	NaN	NaN	NaN
vRhyme_bin_1__BAr2D2E2F_000000109736_1	vRhyme_bin_1__BAr2D2E2F_000000109736	BAr2D2E2F_vRhyme_bin_1																														KEGG	false	high	NaN	6918.0	NaN	NaN
vRhyme_bin_1__BAr2D2E2F_000000109736_2	vRhyme_bin_1__BAr2D2E2F_000000109736	BAr2D2E2F_vRhyme_bin_1																								phrog_21008		62.703411	0.655	phrog_21008		PHROG	false	high	NaN	6513.0	NaN	NaN
vRhyme_bin_1__BAr2D2E2F_000000109736_3	vRhyme_bin_1__BAr2D2E2F_000000109736	BAr2D2E2F_vRhyme_bin_1																														KEGG	false	high	NaN	6156.0	NaN	NaN
vRhyme_bin_1__BAr2D2E2F_000000109736_4	vRhyme_bin_1__BAr2D2E2F_000000109736	BAr2D2E2F_vRhyme_bin_1																														KEGG	false	high	NaN	5799.0	NaN	NaN
vRhyme_bin_1__BAr2D2E2F_000000109736_5	vRhyme_bin_1__BAr2D2E2F_000000109736	BAr2D2E2F_vRhyme_bin_1																														KEGG	false	high	NaN	5628.0	NaN	NaN
vRhyme_bin_1__BAr2D2E2F_000000109736_6	vRhyme_bin_1__BAr2D2E2F_000000109736	BAr2D2E2F_vRhyme_bin_1																														KEGG	false	high	NaN	4539.0	NaN	NaN
vRhyme_bin_1__BAr2D2E2F_000000109736_7	vRhyme_bin_1__BAr2D2E2F_000000109736	BAr2D2E2F_vRhyme_bin_1																														KEGG	false	high	NaN	4263.0	NaN	NaN
vRhyme_bin_1__BAr2D2E2F_000000109736_8	vRhyme_bin_1__BAr2D2E2F_000000109736	BAr2D2E2F_vRhyme_bin_1																														KEGG	false	high	NaN	3873.0	NaN	NaN
vRhyme_bin_1__BAr2D2E2F_000000109736_9	vRhyme_bin_1__BAr2D2E2F_000000109736	BAr2D2E2F_vRhyme_bin_1																														KEGG	false	high	NaN	3399.0	NaN	NaN
vRhyme_bin_1__BAr2D2E2F_000000109736_10	vRhyme_bin_1__BAr2D2E2F_000000109736	BAr2D2E2F_vRhyme_bin_1																														KEGG	false	high	NaN	3195.0	NaN	NaN
vRhyme_bin_1__BAr2D2E2F_000000109736_11	vRhyme_bin_1__BAr2D2E2F_000000109736	BAr2D2E2F_vRhyme_bin_1																														KEGG	false	high	NaN	1701.0	NaN	NaN
vRhyme_bin_1__BAr2D2E2F_000000109736_12	vRhyme_bin_1__BAr2D2E2F_000000109736	BAr2D2E2F_vRhyme_bin_1																														KEGG	false	high	NaN	1362.0	NaN	NaN
vRhyme_bin_1__BAr2D2E2F_000000109736_13	vRhyme_bin_1__BAr2D2E2F_000000109736	BAr2D2E2F_vRhyme_bin_1																								phrog_5443		90.765656	0.818	phrog_5443		PHROG	false	medium	NaN	429.0	NaN	NaN
vRhyme_bin_1__BAr2D2E2F_000000109736_14	vRhyme_bin_1__BAr2D2E2F_000000109736	BAr2D2E2F_vRhyme_bin_1		10.0										PF13476.13	AAA domain	34.145237	0.144													PF13476.13	AAA domain	Pfam	false	medium	NaN	1527.0	NaN	NaN
vRhyme_bin_1__BAr2D2E2F_000000109736_15	vRhyme_bin_1__BAr2D2E2F_000000109736	BAr2D2E2F_vRhyme_bin_1																														KEGG	false	medium	NaN	903.0	NaN	NaN
vRhyme_bin_1__BAr2D2E2F_000000109736_16	vRhyme_bin_1__BAr2D2E2F_000000109736	BAr2D2E2F_vRhyme_bin_1																														KEGG	false	medium	NaN	411.0	NaN	NaN
vRhyme_bin_1__BAr2D2E2F_000000109736_17	vRhyme_bin_1__BAr2D2E2F_000000109736	BAr2D2E2F_vRhyme_bin_1	10.0	10.0	10.0	K21138	guanosine-3',5'-bis(diphosphate) 3'-pyrophosphohydrolase [EC:3.1.7.2]	81.578331	0.65	HMMsoil58561	relA; GTP pyrophosphokinase EC:2.7.6.5	43.84074	0.305	PF13328.13	HD domain	54.444733	0.531									phrog_990	metal-dependent phosphohydrolase	107.021011	0.63	phrog_990	metal-dependent phosphohydrolase	PHROG	false	medium	NaN	2283.0	NaN	NaN
vRhyme_bin_1__BAr2D2E2F_000000109736_18	vRhyme_bin_1__BAr2D2E2F_000000109736	BAr2D2E2F_vRhyme_bin_1																														KEGG	false	medium	729.0	1554.0	NaN	NaN
vRhyme_bin_1__BAr2D2E2F_000000109736_19	vRhyme_bin_1__BAr2D2E2F_000000109736	BAr2D2E2F_vRhyme_bin_1												PF24963.2		77.564056	0.508													PF24963.2		Pfam	false	medium	960.0	1323.0	NaN	NaN
vRhyme_bin_1__BAr2D2E2F_000000109736_20	vRhyme_bin_1__BAr2D2E2F_000000109736	BAr2D2E2F_vRhyme_bin_1																														KEGG	false	medium	1503.0	780.0	NaN	NaN
vRhyme_bin_1__BAr2D2E2F_000000109736_21	vRhyme_bin_1__BAr2D2E2F_000000109736	BAr2D2E2F_vRhyme_bin_1																														KEGG	false	medium	1806.0	477.0	NaN	NaN
vRhyme_bin_1__BAr2D2E2F_000000109736_22	vRhyme_bin_1__BAr2D2E2F_000000109736	BAr2D2E2F_vRhyme_bin_1																														KEGG	false	medium	2058.0	225.0	NaN	NaN
vRhyme_bin_1__BAr2D2E2F_000000109736_23	vRhyme_bin_1__BAr2D2E2F_000000109736	BAr2D2E2F_vRhyme_bin_1		10.0	10.0									PF01844.30	HNH endonuclease	36.0513	0.225									phrog_16726	HNH endonuclease	55.658886	0.508	phrog_16726	HNH endonuclease	PHROG	false	high	2283.0	NaN	NaN	NaN
vRhyme_bin_1__BAr2D2E2F_000000109736_24	vRhyme_bin_1__BAr2D2E2F_000000109736	BAr2D2E2F_vRhyme_bin_1																														KEGG	false	high	573.0	NaN	NaN	NaN
vRhyme_bin_1__BAr2D2E2F_000000109736_25	vRhyme_bin_1__BAr2D2E2F_000000109736	BAr2D2E2F_vRhyme_bin_1																														KEGG	false	high	831.0	NaN	NaN	NaN
vRhyme_bin_1__BAr2D2E2F_000000109736_26	vRhyme_bin_1__BAr2D2E2F_000000109736	BAr2D2E2F_vRhyme_bin_1																														KEGG	false	high	1521.0	NaN	NaN	NaN
vRhyme_bin_1__BAr2D2E2F_000000109736_27	vRhyme_bin_1__BAr2D2E2F_000000109736	BAr2D2E2F_vRhyme_bin_1																														KEGG	false	high	1827.0	NaN	NaN	NaN
vRhyme_bin_1__BAr2D2E2F_000000166864_1	vRhyme_bin_1__BAr2D2E2F_000000166864	BAr2D2E2F_vRhyme_bin_1																														KEGG	false	high	NaN	912.0	NaN	NaN
vRhyme_bin_1__BAr2D2E2F_000000166864_2	vRhyme_bin_1__BAr2D2E2F_000000166864	BAr2D2E2F_vRhyme_bin_1		10.0	10.0									PF04865.20	Baseplate J-like protein	29.356087	0.169									phrog_6	baseplate wedge subunit	120.394005	0.909	phrog_6	baseplate wedge subunit	PHROG	false	high	NaN	7863.0	NaN	NaN
vRhyme_bin_1__BAr2D2E2F_000000166864_3	vRhyme_bin_1__BAr2D2E2F_000000166864	BAr2D2E2F_vRhyme_bin_1																														KEGG	false	high	1116.0	6747.0	NaN	NaN
vRhyme_bin_1__BAr2D2E2F_000000166864_4	vRhyme_bin_1__BAr2D2E2F_000000166864	BAr2D2E2F_vRhyme_bin_1																														KEGG	false	high	3060.0	4803.0	NaN	NaN
vRhyme_bin_1__BAr2D2E2F_000000166864_5	vRhyme_bin_1__BAr2D2E2F_000000166864	BAr2D2E2F_vRhyme_bin_1																														KEGG	false	high	4695.0	3168.0	NaN	NaN
vRhyme_bin_1__BAr2D2E2F_000000166864_6	vRhyme_bin_1__BAr2D2E2F_000000166864	BAr2D2E2F_vRhyme_bin_1																														KEGG	false	high	6414.0	1449.0	NaN	NaN
vRhyme_bin_1__BAr2D2E2F_000000166864_7	vRhyme_bin_1__BAr2D2E2F_000000166864	BAr2D2E2F_vRhyme_bin_1																														KEGG	false	high	7056.0	807.0	NaN	NaN
vRhyme_bin_1__BAr2D2E2F_000000166864_8	vRhyme_bin_1__BAr2D2E2F_000000166864	BAr2D2E2F_vRhyme_bin_1																														KEGG	false	high	7590.0	273.0	NaN	NaN
vRhyme_bin_1__BAr2D2E2F_000000166864_9	vRhyme_bin_1__BAr2D2E2F_000000166864	BAr2D2E2F_vRhyme_bin_1	10.0	10.0	10.0	K26920	Prasinovirus putative VV A18 helicase	104.897049	0.685					PF04851.22	Type III restriction enzyme, res subunit	55.449993	0.285									phrog_16	DNA helicase	166.634842	0.821	phrog_16	DNA helicase	PHROG	false	high	7863.0	3306.0	NaN	NaN
vRhyme_bin_1__BAr2D2E2F_000000166864_10	vRhyme_bin_1__BAr2D2E2F_000000166864	BAr2D2E2F_vRhyme_bin_1																														KEGG	false	high	1476.0	1830.0	NaN	NaN
vRhyme_bin_1__BAr2D2E2F_000000166864_11	vRhyme_bin_1__BAr2D2E2F_000000166864	BAr2D2E2F_vRhyme_bin_1																														KEGG	false	high	1935.0	1371.0	NaN	NaN
vRhyme_bin_1__BAr2D2E2F_000000166864_12	vRhyme_bin_1__BAr2D2E2F_000000166864	BAr2D2E2F_vRhyme_bin_1																														KEGG	false	high	2412.0	894.0	NaN	NaN
vRhyme_bin_1__BAr2D2E2F_000000166864_13	vRhyme_bin_1__BAr2D2E2F_000000166864	BAr2D2E2F_vRhyme_bin_1																														KEGG	false	high	2799.0	507.0	NaN	NaN
vRhyme_bin_1__BAr2D2E2F_000000166864_14	vRhyme_bin_1__BAr2D2E2F_000000166864	BAr2D2E2F_vRhyme_bin_1																														KEGG	false	high	3048.0	258.0	NaN	NaN
vRhyme_bin_1__BAr2D2E2F_000000166864_15	vRhyme_bin_1__BAr2D2E2F_000000166864	BAr2D2E2F_vRhyme_bin_1	10.0	10.0	10.0	K03465	thymidylate synthase (FAD) [EC:2.1.1.148]	135.937698	0.942	HMMsoil118968	thyX, thy1; thymidylate synthase (FAD) EC:2.1.1.148	59.275696	0.265	PF02511.21	Thymidylate synthase complementing protein	127.64624	0.912									phrog_85	thymidylate synthase	149.690048	0.915	phrog_85	thymidylate synthase	PHROG	false	high	3306.0	780.0	NaN	NaN
vRhyme_bin_1__BAr2D2E2F_000000166864_16	vRhyme_bin_1__BAr2D2E2F_000000166864	BAr2D2E2F_vRhyme_bin_1	10.0	10.0	10.0	K02314	replicative DNA helicase [EC:5.6.2.3]	84.507942	0.904					PF00772.27	DnaB-like helicase N terminal domain	38.880272	0.184									phrog_19	DnaB-like replicative helicase	92.932663	0.902	phrog_19	DnaB-like replicative helicase	PHROG	false	high	780.0	1689.0	NaN	NaN
vRhyme_bin_1__BAr2D2E2F_000000166864_17	vRhyme_bin_1__BAr2D2E2F_000000166864	BAr2D2E2F_vRhyme_bin_1																														KEGG	false	high	1464.0	225.0	NaN	NaN
vRhyme_bin_1__BAr2D2E2F_000000166864_18	vRhyme_bin_1__BAr2D2E2F_000000166864	BAr2D2E2F_vRhyme_bin_1		10.0	1.23									PF01844.30	HNH endonuclease	34.247414	0.299									phrog_11604	HNH endonuclease	58.367313	0.524	phrog_11604	HNH endonuclease	PHROG	false	high	1689.0	492.0	NaN	846.0
vRhyme_bin_1__BAr2D2E2F_000000166864_19	vRhyme_bin_1__BAr2D2E2F_000000166864	BAr2D2E2F_vRhyme_bin_1	10.0	10.0	10.0	K02316	DNA primase [EC:2.7.7.101]	59.763046	0.864	HMMsoil66649	dnaG; DNA primase EC:2.7.7.101	18.165396	0.178	PF13362.13	Toprim domain	27.272593	0.263									phrog_47	DNA primase	113.454498	0.914	phrog_47	DNA primase	PHROG	false	high	492.0	NaN	NaN	672.0
vRhyme_bin_1__BAr2D2E2F_000000166864_20	vRhyme_bin_1__BAr2D2E2F_000000166864	BAr2D2E2F_vRhyme_bin_1		5.4										PF02954.26	Bacterial regulatory protein, Fis family	34.098309	0.449													PF02954.26	Bacterial regulatory protein, Fis family	Pfam	false	high	1014.0	NaN	NaN	294.0
vRhyme_bin_1__BAr2D2E2F_000000166864_21	vRhyme_bin_1__BAr2D2E2F_000000166864	BAr2D2E2F_vRhyme_bin_1																														KEGG	false	high	1221.0	NaN	NaN	2736.0
vRhyme_bin_1__BAr2D2E2F_000000166864_22	vRhyme_bin_1__BAr2D2E2F_000000166864	BAr2D2E2F_vRhyme_bin_1																														KEGG	false	high	1515.0	NaN	303.0	2433.0
vRhyme_bin_1__BAr2D2E2F_000000166864_23	vRhyme_bin_1__BAr2D2E2F_000000166864	BAr2D2E2F_vRhyme_bin_1																								phrog_1362		126.605835	0.804	phrog_1362		PHROG	false	high	2019.0	NaN	930.0	1806.0
vRhyme_bin_1__BAr2D2E2F_000000166864_24	vRhyme_bin_1__BAr2D2E2F_000000166864	BAr2D2E2F_vRhyme_bin_1																														KEGG	false	high	3168.0	NaN	1155.0	1581.0
vRhyme_bin_1__BAr2D2E2F_000000166864_25	vRhyme_bin_1__BAr2D2E2F_000000166864	BAr2D2E2F_vRhyme_bin_1																														KEGG	false	high	3987.0	NaN	1344.0	1392.0
vRhyme_bin_1__BAr2D2E2F_000000370749_1	vRhyme_bin_1__BAr2D2E2F_000000370749	BAr2D2E2F_vRhyme_bin_1		10.0	10.0									PF14216.12	Domain of unknown function (DUF4326)	45.386124	0.922									phrog_464	unknown function	68.149918	0.987	phrog_464	unknown function	PHROG	false	high	NaN	462.0	NaN	NaN
vRhyme_bin_1__BAr2D2E2F_000000370749_2	vRhyme_bin_1__BAr2D2E2F_000000370749	BAr2D2E2F_vRhyme_bin_1																														KEGG	false	high	231.0	231.0	NaN	NaN
vRhyme_bin_1__BAr2D2E2F_000000370749_3	vRhyme_bin_1__BAr2D2E2F_000000370749	BAr2D2E2F_vRhyme_bin_1		10.0	10.0					HMMsoil70378	mutT, NUDT15, MTH2; 8-oxo-dGTP diphosphatase EC:3.6.1.55	55.250271	0.206	PF18723.7	5-hmdU DNA kinase, helical domain	377.868103	0.557									phrog_2396		199.215332	0.587	PF18723.7	5-hmdU DNA kinase, helical domain	Pfam	false	high	462.0	4410.0	NaN	NaN
vRhyme_bin_1__BAr2D2E2F_000000370749_4	vRhyme_bin_1__BAr2D2E2F_000000370749	BAr2D2E2F_vRhyme_bin_1																														KEGG	false	high	1503.0	2907.0	NaN	NaN
vRhyme_bin_1__BAr2D2E2F_000000370749_5	vRhyme_bin_1__BAr2D2E2F_000000370749	BAr2D2E2F_vRhyme_bin_1																														KEGG	false	high	1695.0	2715.0	NaN	NaN
vRhyme_bin_1__BAr2D2E2F_000000370749_6	vRhyme_bin_1__BAr2D2E2F_000000370749	BAr2D2E2F_vRhyme_bin_1																														KEGG	false	high	2208.0	2202.0	NaN	NaN
vRhyme_bin_1__BAr2D2E2F_000000370749_7	vRhyme_bin_1__BAr2D2E2F_000000370749	BAr2D2E2F_vRhyme_bin_1																														KEGG	false	high	3240.0	1170.0	NaN	NaN
vRhyme_bin_1__BAr2D2E2F_000000370749_8	vRhyme_bin_1__BAr2D2E2F_000000370749	BAr2D2E2F_vRhyme_bin_1																														KEGG	false	high	3651.0	759.0	NaN	NaN
vRhyme_bin_1__BAr2D2E2F_000000370749_9	vRhyme_bin_1__BAr2D2E2F_000000370749	BAr2D2E2F_vRhyme_bin_1																														KEGG	false	high	3900.0	510.0	NaN	NaN
vRhyme_bin_1__BAr2D2E2F_000000370749_10	vRhyme_bin_1__BAr2D2E2F_000000370749	BAr2D2E2F_vRhyme_bin_1																														KEGG	false	high	4242.0	168.0	NaN	NaN
vRhyme_bin_1__BAr2D2E2F_000000370749_11	vRhyme_bin_1__BAr2D2E2F_000000370749	BAr2D2E2F_vRhyme_bin_1		10.0	4.32									PF09414.16	RNA ligase	120.183487	0.44									phrog_24030	RNA ligase	431.655334	0.974	phrog_24030	RNA ligase	PHROG	false	high	4410.0	1050.0	NaN	NaN
vRhyme_bin_1__BAr2D2E2F_000000370749_12	vRhyme_bin_1__BAr2D2E2F_000000370749	BAr2D2E2F_vRhyme_bin_1	10.0	10.0	10.0	K03111	single-strand DNA-binding protein	143.944824	0.994					PF00436.32	Single-strand binding protein family	104.986237	0.562									phrog_44	single strand DNA binding protein	152.751541	0.994	phrog_44	single strand DNA binding protein	PHROG	false	high	1050.0	8400.0	NaN	NaN
vRhyme_bin_1__BAr2D2E2F_000000370749_13	vRhyme_bin_1__BAr2D2E2F_000000370749	BAr2D2E2F_vRhyme_bin_1																														KEGG	false	high	534.0	7866.0	NaN	NaN
vRhyme_bin_1__BAr2D2E2F_000000370749_14	vRhyme_bin_1__BAr2D2E2F_000000370749	BAr2D2E2F_vRhyme_bin_1																														KEGG	false	high	954.0	7446.0	NaN	NaN
vRhyme_bin_1__BAr2D2E2F_000000370749_15	vRhyme_bin_1__BAr2D2E2F_000000370749	BAr2D2E2F_vRhyme_bin_1																														KEGG	false	high	1134.0	7266.0	NaN	NaN
vRhyme_bin_1__BAr2D2E2F_000000370749_16	vRhyme_bin_1__BAr2D2E2F_000000370749	BAr2D2E2F_vRhyme_bin_1																														KEGG	false	high	1371.0	7029.0	NaN	NaN
vRhyme_bin_1__BAr2D2E2F_000000370749_17	vRhyme_bin_1__BAr2D2E2F_000000370749	BAr2D2E2F_vRhyme_bin_1																														KEGG	false	high	1629.0	6771.0	NaN	NaN
vRhyme_bin_1__BAr2D2E2F_000000370749_18	vRhyme_bin_1__BAr2D2E2F_000000370749	BAr2D2E2F_vRhyme_bin_1																														KEGG	false	high	2193.0	6207.0	NaN	NaN
vRhyme_bin_1__BAr2D2E2F_000000370749_19	vRhyme_bin_1__BAr2D2E2F_000000370749	BAr2D2E2F_vRhyme_bin_1																														KEGG	false	high	2847.0	5553.0	NaN	NaN
vRhyme_bin_1__BAr2D2E2F_000000370749_20	vRhyme_bin_1__BAr2D2E2F_000000370749	BAr2D2E2F_vRhyme_bin_1																														KEGG	false	high	3117.0	5283.0	NaN	NaN
vRhyme_bin_1__BAr2D2E2F_000000370749_21	vRhyme_bin_1__BAr2D2E2F_000000370749	BAr2D2E2F_vRhyme_bin_1																														KEGG	false	high	3429.0	4971.0	NaN	NaN
vRhyme_bin_1__BAr2D2E2F_000000370749_22	vRhyme_bin_1__BAr2D2E2F_000000370749	BAr2D2E2F_vRhyme_bin_1																														KEGG	false	high	3843.0	4557.0	NaN	NaN
vRhyme_bin_1__BAr2D2E2F_000000370749_23	vRhyme_bin_1__BAr2D2E2F_000000370749	BAr2D2E2F_vRhyme_bin_1																														KEGG	false	high	4146.0	4254.0	NaN	NaN
vRhyme_bin_1__BAr2D2E2F_000000370749_24	vRhyme_bin_1__BAr2D2E2F_000000370749	BAr2D2E2F_vRhyme_bin_1																														KEGG	false	high	4674.0	3726.0	NaN	NaN
vRhyme_bin_1__BAr2D2E2F_000000370749_25	vRhyme_bin_1__BAr2D2E2F_000000370749	BAr2D2E2F_vRhyme_bin_1																														KEGG	false	high	5178.0	3222.0	NaN	NaN
vRhyme_bin_1__BAr2D2E2F_000000370749_26	vRhyme_bin_1__BAr2D2E2F_000000370749	BAr2D2E2F_vRhyme_bin_1																														KEGG	false	high	6129.0	2271.0	NaN	NaN
vRhyme_bin_1__BAr2D2E2F_000000370749_27	vRhyme_bin_1__BAr2D2E2F_000000370749	BAr2D2E2F_vRhyme_bin_1																														KEGG	false	high	6594.0	1806.0	NaN	NaN
vRhyme_bin_1__BAr2D2E2F_000000370749_28	vRhyme_bin_1__BAr2D2E2F_000000370749	BAr2D2E2F_vRhyme_bin_1																														KEGG	false	high	7113.0	1287.0	NaN	NaN
vRhyme_bin_1__BAr2D2E2F_000000370749_29	vRhyme_bin_1__BAr2D2E2F_000000370749	BAr2D2E2F_vRhyme_bin_1																														KEGG	false	high	7449.0	951.0	NaN	NaN
vRhyme_bin_1__BAr2D2E2F_000000370749_30	vRhyme_bin_1__BAr2D2E2F_000000370749	BAr2D2E2F_vRhyme_bin_1																														KEGG	false	high	7863.0	537.0	NaN	NaN
vRhyme_bin_1__BAr2D2E2F_000000370749_31	vRhyme_bin_1__BAr2D2E2F_000000370749	BAr2D2E2F_vRhyme_bin_1	10.0	10.0		K03574	8-oxo-dGTP diphosphatase [EC:3.6.1.55]	58.001057	0.761	HMMsoil12920	mutT, NUDT15, MTH2; 8-oxo-dGTP diphosphatase EC:3.6.1.55	69.200005	0.746	PF00293.35	NUDIX domain	68.017021	0.776													HMMsoil12920	mutT, NUDT15, MTH2; 8-oxo-dGTP diphosphatase EC:3.6.1.55	FOAM	false	high	8400.0	4146.0	NaN	NaN
vRhyme_bin_1__BAr2D2E2F_000000370749_32	vRhyme_bin_1__BAr2D2E2F_000000370749	BAr2D2E2F_vRhyme_bin_1																														KEGG	false	high	402.0	3744.0	NaN	NaN
vRhyme_bin_1__BAr2D2E2F_000000370749_33	vRhyme_bin_1__BAr2D2E2F_000000370749	BAr2D2E2F_vRhyme_bin_1																														KEGG	false	high	1536.0	2610.0	NaN	NaN
vRhyme_bin_1__BAr2D2E2F_000000370749_34	vRhyme_bin_1__BAr2D2E2F_000000370749	BAr2D2E2F_vRhyme_bin_1																														KEGG	false	high	2073.0	2073.0	NaN	NaN
vRhyme_bin_1__BAr2D2E2F_000000370749_35	vRhyme_bin_1__BAr2D2E2F_000000370749	BAr2D2E2F_vRhyme_bin_1																														KEGG	false	high	2598.0	1548.0	NaN	NaN
vRhyme_bin_1__BAr2D2E2F_000000370749_36	vRhyme_bin_1__BAr2D2E2F_000000370749	BAr2D2E2F_vRhyme_bin_1																														KEGG	false	high	2916.0	1230.0	NaN	NaN
vRhyme_bin_1__BAr2D2E2F_000000370749_37	vRhyme_bin_1__BAr2D2E2F_000000370749	BAr2D2E2F_vRhyme_bin_1																														KEGG	false	high	3447.0	699.0	NaN	NaN
vRhyme_bin_1__BAr2D2E2F_000000370749_38	vRhyme_bin_1__BAr2D2E2F_000000370749	BAr2D2E2F_vRhyme_bin_1																														KEGG	false	high	3876.0	270.0	NaN	NaN
vRhyme_bin_1__BAr2D2E2F_000000370749_39	vRhyme_bin_1__BAr2D2E2F_000000370749	BAr2D2E2F_vRhyme_bin_1	10.0	10.0	10.0	K01356	repressor LexA [EC:3.4.21.88]	182.015869	0.885					PF01726.23	LexA DNA binding domain	73.259705	0.253									phrog_4	transcriptional repressor	65.866783	0.613	K01356	repressor LexA [EC:3.4.21.88]	KEGG	false	high	4146.0	759.0	NaN	NaN
vRhyme_bin_1__BAr2D2E2F_000000370749_40	vRhyme_bin_1__BAr2D2E2F_000000370749	BAr2D2E2F_vRhyme_bin_1	10.0	10.0	10.0	K03630	DNA repair protein RadC	115.363838	0.663					PF04002.21	RadC-like JAB domain	96.132439	0.598									phrog_10276	DNA repair protein	69.815315	0.593	K03630	DNA repair protein RadC	KEGG	false	high	759.0	4719.0	NaN	NaN
vRhyme_bin_1__BAr2D2E2F_000000370749_41	vRhyme_bin_1__BAr2D2E2F_000000370749	BAr2D2E2F_vRhyme_bin_1																								phrog_13746		85.780266	0.921	phrog_13746		PHROG	false	high	597.0	4122.0	NaN	NaN
vRhyme_bin_1__BAr2D2E2F_000000370749_42	vRhyme_bin_1__BAr2D2E2F_000000370749	BAr2D2E2F_vRhyme_bin_1																														KEGG	false	high	939.0	3780.0	NaN	NaN
vRhyme_bin_1__BAr2D2E2F_000000370749_43	vRhyme_bin_1__BAr2D2E2F_000000370749	BAr2D2E2F_vRhyme_bin_1																														KEGG	false	high	1899.0	2820.0	NaN	NaN
vRhyme_bin_1__BAr2D2E2F_000000370749_44	vRhyme_bin_1__BAr2D2E2F_000000370749	BAr2D2E2F_vRhyme_bin_1																														KEGG	false	high	2556.0	2163.0	NaN	NaN
vRhyme_bin_1__BAr2D2E2F_000000370749_45	vRhyme_bin_1__BAr2D2E2F_000000370749	BAr2D2E2F_vRhyme_bin_1																														KEGG	false	high	2844.0	1875.0	NaN	NaN
vRhyme_bin_1__BAr2D2E2F_000000370749_46	vRhyme_bin_1__BAr2D2E2F_000000370749	BAr2D2E2F_vRhyme_bin_1																														KEGG	false	high	3243.0	1476.0	NaN	NaN
vRhyme_bin_1__BAr2D2E2F_000000370749_47	vRhyme_bin_1__BAr2D2E2F_000000370749	BAr2D2E2F_vRhyme_bin_1																														KEGG	false	high	3546.0	1173.0	NaN	NaN
vRhyme_bin_1__BAr2D2E2F_000000370749_48	vRhyme_bin_1__BAr2D2E2F_000000370749	BAr2D2E2F_vRhyme_bin_1																														KEGG	false	high	3834.0	885.0	NaN	NaN
vRhyme_bin_1__BAr2D2E2F_000000370749_49	vRhyme_bin_1__BAr2D2E2F_000000370749	BAr2D2E2F_vRhyme_bin_1																														KEGG	false	high	4188.0	531.0	NaN	NaN
vRhyme_bin_1__BAr2D2E2F_000000370749_50	vRhyme_bin_1__BAr2D2E2F_000000370749	BAr2D2E2F_vRhyme_bin_1		10.0										PF00004.36	ATPase family associated with various cellular activities (AAA)	27.737434	0.606													PF00004.36	ATPase family associated with various cellular activities (AAA)	Pfam	false	high	4719.0	1407.0	NaN	NaN
vRhyme_bin_1__BAr2D2E2F_000000370749_51	vRhyme_bin_1__BAr2D2E2F_000000370749	BAr2D2E2F_vRhyme_bin_1												PF24043.2		98.925171	0.645									phrog_3848		78.882225	0.652	PF24043.2		Pfam	false	high	678.0	729.0	NaN	NaN
vRhyme_bin_1__BAr2D2E2F_000000370749_52	vRhyme_bin_1__BAr2D2E2F_000000370749	BAr2D2E2F_vRhyme_bin_1																														KEGG	false	high	1092.0	315.0	NaN	NaN
vRhyme_bin_1__BAr2D2E2F_000000370749_53	vRhyme_bin_1__BAr2D2E2F_000000370749	BAr2D2E2F_vRhyme_bin_1	10.0	10.0	10.0	K19789	DNA repair protein RadD	295.527466	0.898	HMMsoil67791	dbpA; ATP-dependent RNA helicase DbpA EC:3.6.4.13	22.780167	0.144	PF04851.22	Type III restriction enzyme, res subunit	95.077194	0.293									phrog_16	DNA helicase	281.788849	0.809	K19789	DNA repair protein RadD	KEGG	false	high	1407.0	NaN	NaN	NaN
vRhyme_bin_1__BAr2D2E2F_000000370749_54	vRhyme_bin_1__BAr2D2E2F_000000370749	BAr2D2E2F_vRhyme_bin_1																														KEGG	false	high	1476.0	NaN	NaN	NaN
vRhyme_bin_11__LABRr1A1B1C_000000014874_1	vRhyme_bin_11__LABRr1A1B1C_000000014874	LABRr1A1B1C_vRhyme_bin_11																														KEGG	false	high	NaN	897.0	NaN	264.0
vRhyme_bin_11__LABRr1A1B1C_000000014874_2	vRhyme_bin_11__LABRr1A1B1C_000000014874	LABRr1A1B1C_vRhyme_bin_11																														KEGG	false	high	NaN	240.0	NaN	NaN
vRhyme_bin_11__LABRr1A1B1C_000000014874_3	vRhyme_bin_11__LABRr1A1B1C_000000014874	LABRr1A1B1C_vRhyme_bin_11		10.0						HMMsoil3470	UGDH, ugd; UDPglucose 6-dehydrogenase EC:1.1.1.22	45.270004	0.51	PF01381.29	Helix-turn-helix	39.070869	0.5													HMMsoil3470	UGDH, ugd; UDPglucose 6-dehydrogenase EC:1.1.1.22	FOAM	false	high	NaN	873.0	1020.0	NaN
vRhyme_bin_11__LABRr1A1B1C_000000014874_4	vRhyme_bin_11__LABRr1A1B1C_000000014874	LABRr1A1B1C_vRhyme_bin_11																								phrog_5774	head-tail joining	124.413429	0.881	phrog_5774	head-tail joining	PHROG	false	high	NaN	579.0	1305.0	NaN
vRhyme_bin_11__LABRr1A1B1C_000000014874_5	vRhyme_bin_11__LABRr1A1B1C_000000014874	LABRr1A1B1C_vRhyme_bin_11		10.0	10.0									PF05136.19	Phage portal protein, lambda family	278.373627	0.639									phrog_21	portal protein	299.856476	0.889	phrog_21	portal protein	PHROG	false	high	NaN	1671.0	1719.0	NaN
vRhyme_bin_11__LABRr1A1B1C_000000014874_6	vRhyme_bin_11__LABRr1A1B1C_000000014874	LABRr1A1B1C_vRhyme_bin_11		10.0	10.0									PF05065.20	Phage capsid family	96.540726	0.352									phrog_617	major head protein	297.740051	0.835	phrog_617	major head protein	PHROG	false	high	1671.0	NaN	2241.0	NaN
vRhyme_bin_11__LABRr1A1B1C_000000014874_7	vRhyme_bin_11__LABRr1A1B1C_000000014874	LABRr1A1B1C_vRhyme_bin_11																														KEGG	false	high	2310.0	NaN	2565.0	NaN
vRhyme_bin_11__LABRr1A1B1C_000000014874_8	vRhyme_bin_11__LABRr1A1B1C_000000014874	LABRr1A1B1C_vRhyme_bin_11																														KEGG	false	high	2505.0	NaN	2820.0	NaN
vRhyme_bin_11__LABRr1A1B1C_000000014874_9	vRhyme_bin_11__LABRr1A1B1C_000000014874	LABRr1A1B1C_vRhyme_bin_11		1.52										PF05354.18	Phage Head-Tail Attachment	35.719788	0.912													PF05354.18	Phage Head-Tail Attachment	Pfam	false	high	2880.0	NaN	3045.0	NaN
vRhyme_bin_11__LABRr1A1B1C_000000014874_10	vRhyme_bin_11__LABRr1A1B1C_000000014874	LABRr1A1B1C_vRhyme_bin_11																														KEGG	false	high	3186.0	NaN	3213.0	NaN
vRhyme_bin_11__LABRr1A1B1C_000000014874_11	vRhyme_bin_11__LABRr1A1B1C_000000014874	LABRr1A1B1C_vRhyme_bin_11																														KEGG	false	high	3672.0	NaN	3684.0	NaN
vRhyme_bin_11__LABRr1A1B1C_000000014874_12	vRhyme_bin_11__LABRr1A1B1C_000000014874	LABRr1A1B1C_vRhyme_bin_11																														KEGG	false	high	4044.0	NaN	3801.0	NaN
vRhyme_bin_11__LABRr1A1B1C_000000014874_13	vRhyme_bin_11__LABRr1A1B1C_000000014874	LABRr1A1B1C_vRhyme_bin_11		10.0										PF13385.14	Concanavalin A-like lectin/glucanases superfamily	51.919811	0.339													PF13385.14	Concanavalin A-like lectin/glucanases superfamily	Pfam	false	high	4611.0	NaN	4962.0	NaN
vRhyme_bin_11__LABRr1A1B1C_000000014874_14	vRhyme_bin_11__LABRr1A1B1C_000000014874	LABRr1A1B1C_vRhyme_bin_11																														KEGG	false	high	1185.0	NaN	5466.0	NaN
vRhyme_bin_11__LABRr1A1B1C_000000014874_15	vRhyme_bin_11__LABRr1A1B1C_000000014874	LABRr1A1B1C_vRhyme_bin_11																														KEGG	false	high	1752.0	NaN	5841.0	NaN
vRhyme_bin_11__LABRr1A1B1C_000000014874_16	vRhyme_bin_11__LABRr1A1B1C_000000014874	LABRr1A1B1C_vRhyme_bin_11																														KEGG	false	high	3738.0	NaN	6060.0	NaN
vRhyme_bin_11__LABRr1A1B1C_000000014874_17	vRhyme_bin_11__LABRr1A1B1C_000000014874	LABRr1A1B1C_vRhyme_bin_11	10.0	7.12		K10461	kelch-like protein 24/35	72.776672	0.967					PF01344.32	Kelch motif	32.733051	0.232													K10461	kelch-like protein 24/35	KEGG	false	medium	3906.0	NaN	6996.0	NaN
vRhyme_bin_11__LABRr1A1B1C_000000039540_1	vRhyme_bin_11__LABRr1A1B1C_000000039540	LABRr1A1B1C_vRhyme_bin_11																														KEGG	false	high	NaN	867.0	NaN	NaN
vRhyme_bin_11__LABRr1A1B1C_000000039540_2	vRhyme_bin_11__LABRr1A1B1C_000000039540	LABRr1A1B1C_vRhyme_bin_11				K27655		104.843201	0.728																	phrog_314	homing endonuclease	135.014511	0.77	phrog_314	homing endonuclease	PHROG	false	high	NaN	639.0	NaN	NaN
vRhyme_bin_11__LABRr1A1B1C_000000039540_3	vRhyme_bin_11__LABRr1A1B1C_000000039540	LABRr1A1B1C_vRhyme_bin_11		10.0	10.0									PF14279.13	HNH endonuclease	53.722816	0.297									phrog_16726	HNH endonuclease	122.267372	0.897	phrog_16726	HNH endonuclease	PHROG	false	high	NaN	954.0	NaN	NaN
vRhyme_bin_11__LABRr1A1B1C_000000039540_4	vRhyme_bin_11__LABRr1A1B1C_000000039540	LABRr1A1B1C_vRhyme_bin_11																														KEGG	false	high	555.0	399.0	NaN	NaN
vRhyme_bin_11__LABRr1A1B1C_000000039540_5	vRhyme_bin_11__LABRr1A1B1C_000000039540	LABRr1A1B1C_vRhyme_bin_11																														KEGG	false	high	732.0	222.0	NaN	NaN
vRhyme_bin_11__LABRr1A1B1C_000000039540_6	vRhyme_bin_11__LABRr1A1B1C_000000039540	LABRr1A1B1C_vRhyme_bin_11		10.0	10.0	K27287		64.517197	0.565					PF02945.22	Recombination endonuclease VII	58.440659	0.385									phrog_2914	endonuclease VII	81.610306	0.65	phrog_2914	endonuclease VII	PHROG	false	high	954.0	4563.0	NaN	NaN
vRhyme_bin_11__LABRr1A1B1C_000000039540_7	vRhyme_bin_11__LABRr1A1B1C_000000039540	LABRr1A1B1C_vRhyme_bin_11																														KEGG	false	high	600.0	3963.0	NaN	NaN
vRhyme_bin_11__LABRr1A1B1C_000000039540_8	vRhyme_bin_11__LABRr1A1B1C_000000039540	LABRr1A1B1C_vRhyme_bin_11																								phrog_2255	HNH endonuclease	121.510765	0.725	phrog_2255	HNH endonuclease	PHROG	false	high	876.0	3687.0	NaN	NaN
vRhyme_bin_11__LABRr1A1B1C_000000039540_9	vRhyme_bin_11__LABRr1A1B1C_000000039540	LABRr1A1B1C_vRhyme_bin_11																														KEGG	false	high	1488.0	3075.0	NaN	NaN
vRhyme_bin_11__LABRr1A1B1C_000000039540_10	vRhyme_bin_11__LABRr1A1B1C_000000039540	LABRr1A1B1C_vRhyme_bin_11																														KEGG	false	high	1608.0	2955.0	NaN	NaN
vRhyme_bin_11__LABRr1A1B1C_000000039540_11	vRhyme_bin_11__LABRr1A1B1C_000000039540	LABRr1A1B1C_vRhyme_bin_11																														KEGG	false	high	2148.0	2415.0	NaN	NaN
vRhyme_bin_11__LABRr1A1B1C_000000039540_12	vRhyme_bin_11__LABRr1A1B1C_000000039540	LABRr1A1B1C_vRhyme_bin_11																														KEGG	false	high	2367.0	2196.0	NaN	NaN
vRhyme_bin_11__LABRr1A1B1C_000000039540_13	vRhyme_bin_11__LABRr1A1B1C_000000039540	LABRr1A1B1C_vRhyme_bin_11																														KEGG	false	high	2592.0	1971.0	NaN	NaN
vRhyme_bin_11__LABRr1A1B1C_000000039540_14	vRhyme_bin_11__LABRr1A1B1C_000000039540	LABRr1A1B1C_vRhyme_bin_11																														KEGG	false	high	2937.0	1626.0	NaN	NaN
vRhyme_bin_11__LABRr1A1B1C_000000039540_15	vRhyme_bin_11__LABRr1A1B1C_000000039540	LABRr1A1B1C_vRhyme_bin_11																														KEGG	false	high	3210.0	1353.0	NaN	NaN
vRhyme_bin_11__LABRr1A1B1C_000000039540_16	vRhyme_bin_11__LABRr1A1B1C_000000039540	LABRr1A1B1C_vRhyme_bin_11																														KEGG	false	high	3555.0	1008.0	NaN	NaN
vRhyme_bin_11__LABRr1A1B1C_000000039540_17	vRhyme_bin_11__LABRr1A1B1C_000000039540	LABRr1A1B1C_vRhyme_bin_11																														KEGG	false	high	3768.0	795.0	NaN	NaN
vRhyme_bin_11__LABRr1A1B1C_000000039540_18	vRhyme_bin_11__LABRr1A1B1C_000000039540	LABRr1A1B1C_vRhyme_bin_11																														KEGG	false	high	3999.0	564.0	NaN	NaN
vRhyme_bin_11__LABRr1A1B1C_000000039540_19	vRhyme_bin_11__LABRr1A1B1C_000000039540	LABRr1A1B1C_vRhyme_bin_11																														KEGG	false	high	4281.0	282.0	NaN	NaN
vRhyme_bin_11__LABRr1A1B1C_000000039540_20	vRhyme_bin_11__LABRr1A1B1C_000000039540	LABRr1A1B1C_vRhyme_bin_11	10.0	10.0	10.0	K07074	uncharacterized protein	136.725021	0.781					PF10127.16	RNA repair pathway DNA polymerase beta family	68.987671	0.706									phrog_388	nucleotidyltransferase	162.549988	0.781	phrog_388	nucleotidyltransferase	PHROG	false	high	4563.0	8103.0	NaN	NaN
vRhyme_bin_11__LABRr1A1B1C_000000039540_21	vRhyme_bin_11__LABRr1A1B1C_000000039540	LABRr1A1B1C_vRhyme_bin_11																														KEGG	false	high	960.0	7143.0	NaN	NaN
vRhyme_bin_11__LABRr1A1B1C_000000039540_22	vRhyme_bin_11__LABRr1A1B1C_000000039540	LABRr1A1B1C_vRhyme_bin_11																														KEGG	false	high	1134.0	6969.0	NaN	NaN
vRhyme_bin_11__LABRr1A1B1C_000000039540_23	vRhyme_bin_11__LABRr1A1B1C_000000039540	LABRr1A1B1C_vRhyme_bin_11																														KEGG	false	high	1575.0	6528.0	NaN	NaN
vRhyme_bin_11__LABRr1A1B1C_000000039540_24	vRhyme_bin_11__LABRr1A1B1C_000000039540	LABRr1A1B1C_vRhyme_bin_11																														KEGG	false	high	1953.0	6150.0	NaN	NaN
vRhyme_bin_11__LABRr1A1B1C_000000039540_25	vRhyme_bin_11__LABRr1A1B1C_000000039540	LABRr1A1B1C_vRhyme_bin_11																														KEGG	false	high	2244.0	5859.0	NaN	NaN
vRhyme_bin_11__LABRr1A1B1C_000000039540_26	vRhyme_bin_11__LABRr1A1B1C_000000039540	LABRr1A1B1C_vRhyme_bin_11																														KEGG	false	high	2529.0	5574.0	NaN	NaN
vRhyme_bin_11__LABRr1A1B1C_000000039540_27	vRhyme_bin_11__LABRr1A1B1C_000000039540	LABRr1A1B1C_vRhyme_bin_11																														KEGG	false	high	2745.0	5358.0	NaN	NaN
vRhyme_bin_11__LABRr1A1B1C_000000039540_28	vRhyme_bin_11__LABRr1A1B1C_000000039540	LABRr1A1B1C_vRhyme_bin_11		3.53										PF13240.12	zinc-ribbon domain	25.437956	0.23													PF13240.12	zinc-ribbon domain	Pfam	false	high	2982.0	5121.0	NaN	NaN
vRhyme_bin_11__LABRr1A1B1C_000000039540_29	vRhyme_bin_11__LABRr1A1B1C_000000039540	LABRr1A1B1C_vRhyme_bin_11																														KEGG	false	high	3243.0	4860.0	NaN	NaN
vRhyme_bin_11__LABRr1A1B1C_000000039540_30	vRhyme_bin_11__LABRr1A1B1C_000000039540	LABRr1A1B1C_vRhyme_bin_11																														KEGG	false	high	3522.0	4581.0	NaN	NaN
vRhyme_bin_11__LABRr1A1B1C_000000039540_31	vRhyme_bin_11__LABRr1A1B1C_000000039540	LABRr1A1B1C_vRhyme_bin_11																														KEGG	false	high	3672.0	4431.0	NaN	NaN
vRhyme_bin_11__LABRr1A1B1C_000000039540_32	vRhyme_bin_11__LABRr1A1B1C_000000039540	LABRr1A1B1C_vRhyme_bin_11																														KEGG	false	high	3858.0	4245.0	NaN	NaN
vRhyme_bin_11__LABRr1A1B1C_000000039540_33	vRhyme_bin_11__LABRr1A1B1C_000000039540	LABRr1A1B1C_vRhyme_bin_11																														KEGG	false	high	4194.0	3909.0	NaN	NaN
vRhyme_bin_11__LABRr1A1B1C_000000039540_34	vRhyme_bin_11__LABRr1A1B1C_000000039540	LABRr1A1B1C_vRhyme_bin_11																														KEGG	false	high	4794.0	3309.0	NaN	NaN
vRhyme_bin_11__LABRr1A1B1C_000000039540_35	vRhyme_bin_11__LABRr1A1B1C_000000039540	LABRr1A1B1C_vRhyme_bin_11																														KEGG	false	high	5100.0	3003.0	NaN	NaN
vRhyme_bin_11__LABRr1A1B1C_000000039540_36	vRhyme_bin_11__LABRr1A1B1C_000000039540	LABRr1A1B1C_vRhyme_bin_11																														KEGG	false	high	5292.0	2811.0	NaN	NaN
vRhyme_bin_11__LABRr1A1B1C_000000039540_37	vRhyme_bin_11__LABRr1A1B1C_000000039540	LABRr1A1B1C_vRhyme_bin_11																														KEGG	false	high	5640.0	2463.0	NaN	NaN
vRhyme_bin_11__LABRr1A1B1C_000000039540_38	vRhyme_bin_11__LABRr1A1B1C_000000039540	LABRr1A1B1C_vRhyme_bin_11																														KEGG	false	high	5925.0	2178.0	NaN	NaN
vRhyme_bin_11__LABRr1A1B1C_000000039540_39	vRhyme_bin_11__LABRr1A1B1C_000000039540	LABRr1A1B1C_vRhyme_bin_11																														KEGG	false	high	6219.0	1884.0	NaN	NaN
vRhyme_bin_11__LABRr1A1B1C_000000039540_40	vRhyme_bin_11__LABRr1A1B1C_000000039540	LABRr1A1B1C_vRhyme_bin_11																														KEGG	false	high	6867.0	1236.0	NaN	NaN
vRhyme_bin_11__LABRr1A1B1C_000000039540_41	vRhyme_bin_11__LABRr1A1B1C_000000039540	LABRr1A1B1C_vRhyme_bin_11																														KEGG	false	high	7062.0	1041.0	NaN	NaN
vRhyme_bin_11__LABRr1A1B1C_000000039540_42	vRhyme_bin_11__LABRr1A1B1C_000000039540	LABRr1A1B1C_vRhyme_bin_11		10.0	10.0									PF14216.12	Domain of unknown function (DUF4326)	74.817749	0.484									phrog_464	unknown function	83.055153	0.581	phrog_464	unknown function	PHROG	false	high	8103.0	NaN	NaN	NaN
vRhyme_bin_11__LABRr1A1B1C_000000039540_43	vRhyme_bin_11__LABRr1A1B1C_000000039540	LABRr1A1B1C_vRhyme_bin_11																														KEGG	false	high	465.0	NaN	NaN	NaN
vRhyme_bin_11__LABRr1A1B1C_000000039540_44	vRhyme_bin_11__LABRr1A1B1C_000000039540	LABRr1A1B1C_vRhyme_bin_11																														KEGG	false	high	696.0	NaN	NaN	NaN
vRhyme_bin_11__LABRr1A1B1C_000000080164_1	vRhyme_bin_11__LABRr1A1B1C_000000080164	LABRr1A1B1C_vRhyme_bin_11																														KEGG	false	high	NaN	93.0	NaN	3684.0
vRhyme_bin_11__LABRr1A1B1C_000000080164_2	vRhyme_bin_11__LABRr1A1B1C_000000080164	LABRr1A1B1C_vRhyme_bin_11		10.0	10.0									PF02945.22	Recombination endonuclease VII	38.699139	0.885									phrog_2914	endonuclease VII	58.202732	0.959	phrog_2914	endonuclease VII	PHROG	false	high	NaN	1215.0	NaN	3465.0
vRhyme_bin_11__LABRr1A1B1C_000000080164_3	vRhyme_bin_11__LABRr1A1B1C_000000080164	LABRr1A1B1C_vRhyme_bin_11																														KEGG	false	high	444.0	771.0	NaN	3288.0
vRhyme_bin_11__LABRr1A1B1C_000000080164_4	vRhyme_bin_11__LABRr1A1B1C_000000080164	LABRr1A1B1C_vRhyme_bin_11		5.4	10.0									PF02954.26	Bacterial regulatory protein, Fis family	26.022385	0.049									phrog_1745	DNA transfer protein	524.803223	0.873	phrog_1745	DNA transfer protein	PHROG	false	high	1215.0	2085.0	NaN	2898.0
vRhyme_bin_11__LABRr1A1B1C_000000080164_5	vRhyme_bin_11__LABRr1A1B1C_000000080164	LABRr1A1B1C_vRhyme_bin_11																														KEGG	false	high	1659.0	426.0	NaN	2724.0
vRhyme_bin_11__LABRr1A1B1C_000000080164_6	vRhyme_bin_11__LABRr1A1B1C_000000080164	LABRr1A1B1C_vRhyme_bin_11		10.0	10.0									PF18909.6	dATP/dGTP diphosphohydrolase, N-terminal	43.139656	0.642									phrog_18716		61.193573	0.842	phrog_18716		PHROG	false	high	2085.0	720.0	NaN	2532.0
vRhyme_bin_11__LABRr1A1B1C_000000080164_7	vRhyme_bin_11__LABRr1A1B1C_000000080164	LABRr1A1B1C_vRhyme_bin_11																														KEGG	false	high	360.0	360.0	NaN	2355.0
vRhyme_bin_11__LABRr1A1B1C_000000080164_8	vRhyme_bin_11__LABRr1A1B1C_000000080164	LABRr1A1B1C_vRhyme_bin_11	10.0	10.0		K01358	ATP-dependent Clp protease, protease subunit [EC:3.4.21.92]	53.154346	0.781					PF00574.29	Clp protease	41.065048	0.705													K01358	ATP-dependent Clp protease, protease subunit [EC:3.4.21.92]	KEGG	false	high	720.0	1521.0	NaN	1077.0
vRhyme_bin_11__LABRr1A1B1C_000000080164_9	vRhyme_bin_11__LABRr1A1B1C_000000080164	LABRr1A1B1C_vRhyme_bin_11																														KEGG	false	high	549.0	972.0	NaN	843.0
vRhyme_bin_11__LABRr1A1B1C_000000080164_10	vRhyme_bin_11__LABRr1A1B1C_000000080164	LABRr1A1B1C_vRhyme_bin_11																														KEGG	false	high	738.0	783.0	NaN	1650.0
vRhyme_bin_11__LABRr1A1B1C_000000080164_11	vRhyme_bin_11__LABRr1A1B1C_000000080164	LABRr1A1B1C_vRhyme_bin_11																														KEGG	false	high	1095.0	426.0	1197.0	453.0
vRhyme_bin_11__LABRr1A1B1C_000000080164_12	vRhyme_bin_11__LABRr1A1B1C_000000080164	LABRr1A1B1C_vRhyme_bin_11	10.0	10.0	10.0	K02342	DNA polymerase III subunit epsilon [EC:2.7.7.7]	53.038097	0.695	HMMsoil94024	dnaQ; DNA polymerase III subunit epsilon EC:2.7.7.7	57.042347	0.649	PF00929.32	Exonuclease	37.155449	0.649									phrog_192	DNA polymerase exonuclease subunit	80.338608	0.891	phrog_192	DNA polymerase exonuclease subunit	PHROG	false	high	1521.0	1296.0	1650.0	NaN
vRhyme_bin_11__LABRr1A1B1C_000000080164_13	vRhyme_bin_11__LABRr1A1B1C_000000080164	LABRr1A1B1C_vRhyme_bin_11																														KEGG	false	high	717.0	579.0	1278.0	NaN
vRhyme_bin_11__LABRr1A1B1C_000000080164_14	vRhyme_bin_11__LABRr1A1B1C_000000080164	LABRr1A1B1C_vRhyme_bin_11		10.0										PF09250.17	Bifunctional DNA primase/polymerase, N-terminal	71.985016	0.209													PF09250.17	Bifunctional DNA primase/polymerase, N-terminal	Pfam	false	high	1296.0	5457.0	NaN	NaN
vRhyme_bin_11__LABRr1A1B1C_000000080164_15	vRhyme_bin_11__LABRr1A1B1C_000000080164	LABRr1A1B1C_vRhyme_bin_11				K26631	Casjensviridae DNA polymerase	674.279297	0.999																	phrog_17	DNA polymerase	345.002136	0.996	K26631	Casjensviridae DNA polymerase	KEGG	false	high	2148.0	3309.0	NaN	NaN
vRhyme_bin_11__LABRr1A1B1C_000000080164_16	vRhyme_bin_11__LABRr1A1B1C_000000080164	LABRr1A1B1C_vRhyme_bin_11																														KEGG	false	high	4338.0	1119.0	NaN	NaN
vRhyme_bin_11__LABRr1A1B1C_000000080164_17	vRhyme_bin_11__LABRr1A1B1C_000000080164	LABRr1A1B1C_vRhyme_bin_11																														KEGG	false	high	5280.0	177.0	NaN	NaN
vRhyme_bin_11__LABRr1A1B1C_000000080164_18	vRhyme_bin_11__LABRr1A1B1C_000000080164	LABRr1A1B1C_vRhyme_bin_11	10.0	10.0	10.0	K03657	ATP-dependent DNA helicase UvrD/PcrA [EC:5.6.2.4]	461.628693	0.946					PF00580.28	UvrD/REP helicase N-terminal domain	196.018326	0.403									phrog_1967	DNA helicase	360.805878	0.93	K03657	ATP-dependent DNA helicase UvrD/PcrA [EC:5.6.2.4]	KEGG	false	high	5457.0	NaN	NaN	NaN
vRhyme_bin_11__LABRr1A1B1C_000000080164_19	vRhyme_bin_11__LABRr1A1B1C_000000080164	LABRr1A1B1C_vRhyme_bin_11		10.0										PF12705.14	PD-(D/E)XK nuclease superfamily	27.245461	0.61													PF12705.14	PD-(D/E)XK nuclease superfamily	Pfam	false	high	1875.0	NaN	NaN	NaN
vRhyme_bin_11__LABRr1A1B1C_000000092334_1	vRhyme_bin_11__LABRr1A1B1C_000000092334	LABRr1A1B1C_vRhyme_bin_11																														KEGG	false	high	NaN	846.0	NaN	NaN
vRhyme_bin_11__LABRr1A1B1C_000000092334_2	vRhyme_bin_11__LABRr1A1B1C_000000092334	LABRr1A1B1C_vRhyme_bin_11																														KEGG	false	high	NaN	672.0	NaN	NaN
vRhyme_bin_11__LABRr1A1B1C_000000092334_3	vRhyme_bin_11__LABRr1A1B1C_000000092334	LABRr1A1B1C_vRhyme_bin_11																														KEGG	false	high	NaN	294.0	NaN	NaN
vRhyme_bin_11__LABRr1A1B1C_000000092334_4	vRhyme_bin_11__LABRr1A1B1C_000000092334	LABRr1A1B1C_vRhyme_bin_11		10.0	10.0	K27322		52.420719	0.574					PF14279.13	HNH endonuclease	44.608261	0.505									phrog_2118	HNH endonuclease	68.382439	0.634	phrog_2118	HNH endonuclease	PHROG	false	high	NaN	4368.0	NaN	NaN
vRhyme_bin_11__LABRr1A1B1C_000000092334_5	vRhyme_bin_11__LABRr1A1B1C_000000092334	LABRr1A1B1C_vRhyme_bin_11																														KEGG	false	high	303.0	4065.0	NaN	NaN
vRhyme_bin_11__LABRr1A1B1C_000000092334_6	vRhyme_bin_11__LABRr1A1B1C_000000092334	LABRr1A1B1C_vRhyme_bin_11																														KEGG	false	high	930.0	3438.0	NaN	NaN
vRhyme_bin_11__LABRr1A1B1C_000000092334_7	vRhyme_bin_11__LABRr1A1B1C_000000092334	LABRr1A1B1C_vRhyme_bin_11																														KEGG	false	high	1155.0	3213.0	NaN	NaN
vRhyme_bin_11__LABRr1A1B1C_000000092334_8	vRhyme_bin_11__LABRr1A1B1C_000000092334	LABRr1A1B1C_vRhyme_bin_11																														KEGG	false	high	1344.0	3024.0	NaN	NaN
vRhyme_bin_11__LABRr1A1B1C_000000092334_9	vRhyme_bin_11__LABRr1A1B1C_000000092334	LABRr1A1B1C_vRhyme_bin_11																														KEGG	false	high	1821.0	2547.0	NaN	NaN
vRhyme_bin_11__LABRr1A1B1C_000000092334_10	vRhyme_bin_11__LABRr1A1B1C_000000092334	LABRr1A1B1C_vRhyme_bin_11																														KEGG	false	high	2226.0	2142.0	NaN	NaN
vRhyme_bin_11__LABRr1A1B1C_000000092334_11	vRhyme_bin_11__LABRr1A1B1C_000000092334	LABRr1A1B1C_vRhyme_bin_11																														KEGG	false	high	2553.0	1815.0	NaN	NaN
vRhyme_bin_11__LABRr1A1B1C_000000092334_12	vRhyme_bin_11__LABRr1A1B1C_000000092334	LABRr1A1B1C_vRhyme_bin_11				K27455		76.838844	0.528																	phrog_374	HNH endonuclease	95.49733	0.506	phrog_374	HNH endonuclease	PHROG	false	high	2736.0	1632.0	NaN	NaN
vRhyme_bin_11__LABRr1A1B1C_000000092334_13	vRhyme_bin_11__LABRr1A1B1C_000000092334	LABRr1A1B1C_vRhyme_bin_11		0.21										PF18979.6	Family of unknown function (DUF5715)	94.083763	0.657													PF18979.6	Family of unknown function (DUF5715)	Pfam	false	high	3270.0	1098.0	NaN	NaN
vRhyme_bin_11__LABRr1A1B1C_000000092334_14	vRhyme_bin_11__LABRr1A1B1C_000000092334	LABRr1A1B1C_vRhyme_bin_11																														KEGG	false	high	3987.0	381.0	NaN	NaN
vRhyme_bin_11__LABRr1A1B1C_000000092334_15	vRhyme_bin_11__LABRr1A1B1C_000000092334	LABRr1A1B1C_vRhyme_bin_11																														KEGG	false	high	4203.0	165.0	NaN	NaN
vRhyme_bin_11__LABRr1A1B1C_000000092334_16	vRhyme_bin_11__LABRr1A1B1C_000000092334	LABRr1A1B1C_vRhyme_bin_11		10.0	5.2									PF19474.5	Family of unknown function (DUF6011)	36.955269	0.114									phrog_20259		113.523224	0.538	phrog_20259		PHROG	false	high	4368.0	8769.0	NaN	NaN
vRhyme_bin_11__LABRr1A1B1C_000000092334_17	vRhyme_bin_11__LABRr1A1B1C_000000092334	LABRr1A1B1C_vRhyme_bin_11																														KEGG	false	high	792.0	7977.0	NaN	NaN
vRhyme_bin_11__LABRr1A1B1C_000000092334_18	vRhyme_bin_11__LABRr1A1B1C_000000092334	LABRr1A1B1C_vRhyme_bin_11																														KEGG	false	high	954.0	7815.0	NaN	NaN
vRhyme_bin_11__LABRr1A1B1C_000000092334_19	vRhyme_bin_11__LABRr1A1B1C_000000092334	LABRr1A1B1C_vRhyme_bin_11																														KEGG	false	high	1314.0	7455.0	NaN	NaN
vRhyme_bin_11__LABRr1A1B1C_000000092334_20	vRhyme_bin_11__LABRr1A1B1C_000000092334	LABRr1A1B1C_vRhyme_bin_11																														KEGG	false	high	1479.0	7290.0	NaN	NaN
vRhyme_bin_11__LABRr1A1B1C_000000092334_21	vRhyme_bin_11__LABRr1A1B1C_000000092334	LABRr1A1B1C_vRhyme_bin_11																														KEGG	false	high	1908.0	6861.0	NaN	NaN
vRhyme_bin_11__LABRr1A1B1C_000000092334_22	vRhyme_bin_11__LABRr1A1B1C_000000092334	LABRr1A1B1C_vRhyme_bin_11																														KEGG	false	high	2193.0	6576.0	NaN	NaN
vRhyme_bin_11__LABRr1A1B1C_000000092334_23	vRhyme_bin_11__LABRr1A1B1C_000000092334	LABRr1A1B1C_vRhyme_bin_11																														KEGG	false	high	2358.0	6411.0	NaN	NaN
vRhyme_bin_11__LABRr1A1B1C_000000092334_24	vRhyme_bin_11__LABRr1A1B1C_000000092334	LABRr1A1B1C_vRhyme_bin_11																														KEGG	false	high	2751.0	6018.0	NaN	NaN
vRhyme_bin_11__LABRr1A1B1C_000000092334_25	vRhyme_bin_11__LABRr1A1B1C_000000092334	LABRr1A1B1C_vRhyme_bin_11																														KEGG	false	high	3393.0	5376.0	NaN	NaN
vRhyme_bin_11__LABRr1A1B1C_000000092334_26	vRhyme_bin_11__LABRr1A1B1C_000000092334	LABRr1A1B1C_vRhyme_bin_11																														KEGG	false	high	3774.0	4995.0	NaN	NaN
vRhyme_bin_11__LABRr1A1B1C_000000092334_27	vRhyme_bin_11__LABRr1A1B1C_000000092334	LABRr1A1B1C_vRhyme_bin_11																								phrog_374	HNH endonuclease	69.792488	0.762	phrog_374	HNH endonuclease	PHROG	false	high	4359.0	4410.0	NaN	NaN
vRhyme_bin_11__LABRr1A1B1C_000000092334_28	vRhyme_bin_11__LABRr1A1B1C_000000092334	LABRr1A1B1C_vRhyme_bin_11																														KEGG	false	high	4926.0	3843.0	NaN	NaN
vRhyme_bin_11__LABRr1A1B1C_000000092334_29	vRhyme_bin_11__LABRr1A1B1C_000000092334	LABRr1A1B1C_vRhyme_bin_11																														KEGG	false	high	5319.0	3450.0	NaN	NaN
vRhyme_bin_11__LABRr1A1B1C_000000092334_30	vRhyme_bin_11__LABRr1A1B1C_000000092334	LABRr1A1B1C_vRhyme_bin_11																														KEGG	false	high	6138.0	2631.0	NaN	NaN
vRhyme_bin_11__LABRr1A1B1C_000000092334_31	vRhyme_bin_11__LABRr1A1B1C_000000092334	LABRr1A1B1C_vRhyme_bin_11																														KEGG	false	high	6597.0	2172.0	NaN	NaN
vRhyme_bin_11__LABRr1A1B1C_000000092334_32	vRhyme_bin_11__LABRr1A1B1C_000000092334	LABRr1A1B1C_vRhyme_bin_11																														KEGG	false	high	7980.0	789.0	NaN	NaN
vRhyme_bin_11__LABRr1A1B1C_000000092334_33	vRhyme_bin_11__LABRr1A1B1C_000000092334	LABRr1A1B1C_vRhyme_bin_11																														KEGG	false	high	8346.0	423.0	NaN	NaN
vRhyme_bin_11__LABRr1A1B1C_000000092334_34	vRhyme_bin_11__LABRr1A1B1C_000000092334	LABRr1A1B1C_vRhyme_bin_11																														KEGG	false	high	8565.0	204.0	NaN	NaN
vRhyme_bin_11__LABRr1A1B1C_000000092334_35	vRhyme_bin_11__LABRr1A1B1C_000000092334	LABRr1A1B1C_vRhyme_bin_11	10.0	10.0	10.0	K02343	DNA polymerase III subunit gamma/tau [EC:2.7.7.7]	211.235458	0.675	HMMsoil100055	holA; DNA polymerase III subunit delta EC:2.7.7.7	54.137161	0.239	PF13177.13	DNA polymerase III, delta subunit	87.201729	0.374									phrog_5846	clamp loader of DNA polymerase	139.588135	0.594	K02343	DNA polymerase III subunit gamma/tau [EC:2.7.7.7]	KEGG	false	high	8769.0	3099.0	NaN	NaN
vRhyme_bin_11__LABRr1A1B1C_000000092334_36	vRhyme_bin_11__LABRr1A1B1C_000000092334	LABRr1A1B1C_vRhyme_bin_11																								phrog_1035	endonuclease VII	51.417068	0.789	phrog_1035	endonuclease VII	PHROG	false	high	1293.0	1806.0	NaN	NaN
vRhyme_bin_11__LABRr1A1B1C_000000092334_37	vRhyme_bin_11__LABRr1A1B1C_000000092334	LABRr1A1B1C_vRhyme_bin_11																														KEGG	false	high	1848.0	1251.0	NaN	NaN
vRhyme_bin_11__LABRr1A1B1C_000000092334_38	vRhyme_bin_11__LABRr1A1B1C_000000092334	LABRr1A1B1C_vRhyme_bin_11																														KEGG	false	high	2223.0	876.0	NaN	NaN
vRhyme_bin_11__LABRr1A1B1C_000000092334_39	vRhyme_bin_11__LABRr1A1B1C_000000092334	LABRr1A1B1C_vRhyme_bin_11																														KEGG	false	high	2910.0	189.0	NaN	NaN
vRhyme_bin_11__LABRr1A1B1C_000000092334_40	vRhyme_bin_11__LABRr1A1B1C_000000092334	LABRr1A1B1C_vRhyme_bin_11	10.0	10.0	10.0	K12944	nucleoside triphosphatase [EC:3.6.1.-]	66.824486	0.812	HMMsoil24309	nudF; ADP-ribose pyrophosphatase EC:3.6.1.13	69.058487	0.706	PF00293.35	NUDIX domain	70.656349	0.713									phrog_1198	MutT/NUDIX hydrolase	66.848045	0.706	PF00293.35	NUDIX domain	Pfam	false	medium	3099.0	1152.0	NaN	NaN
vRhyme_bin_11__LABRr1A1B1C_000000092334_41	vRhyme_bin_11__LABRr1A1B1C_000000092334	LABRr1A1B1C_vRhyme_bin_11																														KEGG	false	high	480.0	672.0	NaN	NaN
vRhyme_bin_11__LABRr1A1B1C_000000092334_42	vRhyme_bin_11__LABRr1A1B1C_000000092334	LABRr1A1B1C_vRhyme_bin_11	10.0	10.0	10.0	K00571	site-specific DNA-methyltransferase (adenine-specific) [EC:2.1.1.72]	164.982056	0.845					PF01555.25	DNA methylase	82.007149	0.76									phrog_67	DNA methyltransferase	237.911789	0.873	phrog_67	DNA methyltransferase	PHROG	false	medium	1152.0	849.0	NaN	NaN
vRhyme_bin_11__LABRr1A1B1C_000000092334_43	vRhyme_bin_11__LABRr1A1B1C_000000092334	LABRr1A1B1C_vRhyme_bin_11	10.0	10.0	10.0	K07488	transposase	119.123795	0.828					PF12762.14	ISXO2-like transposase domain	146.322159	0.461									phrog_25593		138.525574	0.884	PF12762.14	ISXO2-like transposase domain	Pfam	false	high	849.0	NaN	NaN	8931.0
vRhyme_bin_11__LABRr1A1B1C_000000092334_44	vRhyme_bin_11__LABRr1A1B1C_000000092334	LABRr1A1B1C_vRhyme_bin_11																														KEGG	false	medium	957.0	NaN	NaN	7785.0
vRhyme_bin_11__LABRr1A1B1C_000000092334_45	vRhyme_bin_11__LABRr1A1B1C_000000092334	LABRr1A1B1C_vRhyme_bin_11																														KEGG	false	medium	1314.0	NaN	NaN	6651.0
vRhyme_bin_11__LABRr1A1B1C_000000092334_46	vRhyme_bin_11__LABRr1A1B1C_000000092334	LABRr1A1B1C_vRhyme_bin_11																														KEGG	false	high	1584.0	NaN	NaN	3696.0
vRhyme_bin_11__LABRr1A1B1C_000000092334_47	vRhyme_bin_11__LABRr1A1B1C_000000092334	LABRr1A1B1C_vRhyme_bin_11																														KEGG	false	high	2796.0	NaN	NaN	2151.0
vRhyme_bin_11__LABRr1A1B1C_000000098710_1	vRhyme_bin_11__LABRr1A1B1C_000000098710	LABRr1A1B1C_vRhyme_bin_11																														KEGG	false	high	NaN	7722.0	NaN	NaN
vRhyme_bin_11__LABRr1A1B1C_000000098710_2	vRhyme_bin_11__LABRr1A1B1C_000000098710	LABRr1A1B1C_vRhyme_bin_11																														KEGG	false	high	NaN	6129.0	NaN	NaN
vRhyme_bin_11__LABRr1A1B1C_000000098710_3	vRhyme_bin_11__LABRr1A1B1C_000000098710	LABRr1A1B1C_vRhyme_bin_11																														KEGG	false	high	NaN	5514.0	NaN	NaN
vRhyme_bin_11__LABRr1A1B1C_000000098710_4	vRhyme_bin_11__LABRr1A1B1C_000000098710	LABRr1A1B1C_vRhyme_bin_11																														KEGG	false	high	NaN	4845.0	NaN	NaN
vRhyme_bin_11__LABRr1A1B1C_000000098710_5	vRhyme_bin_11__LABRr1A1B1C_000000098710	LABRr1A1B1C_vRhyme_bin_11		10.0	10.0	K27287		70.236916	0.673					PF02945.22	Recombination endonuclease VII	65.36599	0.427									phrog_2914	endonuclease VII	83.702087	0.632	phrog_2914	endonuclease VII	PHROG	false	high	NaN	NaN	NaN	NaN
vRhyme_bin_11__LABRr1A1B1C_000000098710_6	vRhyme_bin_11__LABRr1A1B1C_000000098710	LABRr1A1B1C_vRhyme_bin_11																														KEGG	false	high	513.0	NaN	NaN	NaN
vRhyme_bin_11__LABRr1A1B1C_000000098710_7	vRhyme_bin_11__LABRr1A1B1C_000000098710	LABRr1A1B1C_vRhyme_bin_11																														KEGG	false	high	2958.0	NaN	NaN	NaN
vRhyme_bin_11__LABRr1A1B1C_000000098710_8	vRhyme_bin_11__LABRr1A1B1C_000000098710	LABRr1A1B1C_vRhyme_bin_11																														KEGG	false	high	3264.0	NaN	NaN	NaN
vRhyme_bin_11__LABRr1A1B1C_000000105942_1	vRhyme_bin_11__LABRr1A1B1C_000000105942	LABRr1A1B1C_vRhyme_bin_11												PF23148.2		40.280773	0.366													PF23148.2		Pfam	false	medium	NaN	NaN	1245.0	NaN
vRhyme_bin_11__LABRr1A1B1C_000000105942_2	vRhyme_bin_11__LABRr1A1B1C_000000105942	LABRr1A1B1C_vRhyme_bin_11																								phrog_38	terminase large subunit	207.124435	0.901	phrog_38	terminase large subunit	PHROG	false	medium	NaN	NaN	2031.0	NaN
vRhyme_bin_11__LABRr1A1B1C_000000105942_3	vRhyme_bin_11__LABRr1A1B1C_000000105942	LABRr1A1B1C_vRhyme_bin_11																														KEGG	false	medium	NaN	NaN	2352.0	NaN
vRhyme_bin_11__LABRr1A1B1C_000000105942_4	vRhyme_bin_11__LABRr1A1B1C_000000105942	LABRr1A1B1C_vRhyme_bin_11		10.0										PF00166.27	Chaperonin 10 Kd subunit	31.749937	0.738													PF00166.27	Chaperonin 10 Kd subunit	Pfam	false	high	NaN	NaN	2925.0	NaN
vRhyme_bin_11__LABRr1A1B1C_000000105942_5	vRhyme_bin_11__LABRr1A1B1C_000000105942	LABRr1A1B1C_vRhyme_bin_11																														KEGG	false	high	NaN	NaN	4947.0	NaN
vRhyme_bin_11__LABRr1A1B1C_000000105942_6	vRhyme_bin_11__LABRr1A1B1C_000000105942	LABRr1A1B1C_vRhyme_bin_11																														KEGG	false	high	NaN	NaN	5181.0	NaN
vRhyme_bin_11__LABRr1A1B1C_000000105942_7	vRhyme_bin_11__LABRr1A1B1C_000000105942	LABRr1A1B1C_vRhyme_bin_11																														KEGG	false	high	NaN	NaN	5397.0	NaN
vRhyme_bin_11__LABRr1A1B1C_000000105942_8	vRhyme_bin_11__LABRr1A1B1C_000000105942	LABRr1A1B1C_vRhyme_bin_11																														KEGG	false	high	NaN	NaN	5844.0	NaN
vRhyme_bin_11__LABRr1A1B1C_000000105942_9	vRhyme_bin_11__LABRr1A1B1C_000000105942	LABRr1A1B1C_vRhyme_bin_11																														KEGG	false	high	NaN	NaN	6231.0	NaN
vRhyme_bin_11__LABRr1A1B1C_000000105942_10	vRhyme_bin_11__LABRr1A1B1C_000000105942	LABRr1A1B1C_vRhyme_bin_11																														KEGG	false	high	NaN	NaN	6558.0	NaN
vRhyme_bin_11__LABRr1A1B1C_000000105942_11	vRhyme_bin_11__LABRr1A1B1C_000000105942	LABRr1A1B1C_vRhyme_bin_11																														KEGG	false	high	NaN	NaN	7326.0	NaN
vRhyme_bin_11__LABRr1A1B1C_000000105942_12	vRhyme_bin_11__LABRr1A1B1C_000000105942	LABRr1A1B1C_vRhyme_bin_11																														KEGG	false	high	NaN	NaN	7674.0	NaN
vRhyme_bin_11__LABRr1A1B1C_000000105942_13	vRhyme_bin_11__LABRr1A1B1C_000000105942	LABRr1A1B1C_vRhyme_bin_11																								phrog_12985		50.61937	0.754	phrog_12985		PHROG	false	high	NaN	NaN	7983.0	NaN
vRhyme_bin_11__LABRr1A1B1C_000000105942_14	vRhyme_bin_11__LABRr1A1B1C_000000105942	LABRr1A1B1C_vRhyme_bin_11																														KEGG	false	high	NaN	NaN	8358.0	NaN
vRhyme_bin_11__LABRr1A1B1C_000000105942_15	vRhyme_bin_11__LABRr1A1B1C_000000105942	LABRr1A1B1C_vRhyme_bin_11																								phrog_578	head closure Hc3	99.532341	0.623	phrog_578	head closure Hc3	PHROG	false	medium	NaN	NaN	NaN	4287.0
vRhyme_bin_11__LABRr1A1B1C_000000105942_16	vRhyme_bin_11__LABRr1A1B1C_000000105942	LABRr1A1B1C_vRhyme_bin_11																														KEGG	false	medium	NaN	NaN	NaN	2646.0
vRhyme_bin_11__LABRr1A1B1C_000000105942_17	vRhyme_bin_11__LABRr1A1B1C_000000105942	LABRr1A1B1C_vRhyme_bin_11		10.0										PF00583.32	Acetyltransferase (GNAT) family	24.880629	0.634													PF00583.32	Acetyltransferase (GNAT) family	Pfam	false	medium	NaN	NaN	NaN	1335.0
vRhyme_bin_11__LABRr1A1B1C_000000105942_18	vRhyme_bin_11__LABRr1A1B1C_000000105942	LABRr1A1B1C_vRhyme_bin_11																														KEGG	false	medium	NaN	NaN	NaN	1074.0
vRhyme_bin_11__LABRr1A1B1C_000000105942_19	vRhyme_bin_11__LABRr1A1B1C_000000105942	LABRr1A1B1C_vRhyme_bin_11																														KEGG	false	medium	NaN	NaN	NaN	810.0
vRhyme_bin_11__LABRr1A1B1C_000000105942_20	vRhyme_bin_11__LABRr1A1B1C_000000105942	LABRr1A1B1C_vRhyme_bin_11																														KEGG	false	medium	NaN	NaN	NaN	435.0
vRhyme_bin_11__LABRr1A1B1C_000000105942_21	vRhyme_bin_11__LABRr1A1B1C_000000105942	LABRr1A1B1C_vRhyme_bin_11	9.83	3.88		K01945	phosphoribosylamine---glycine ligase [EC:6.3.4.13]	149.880951	0.828	HMMsoil120965	purD; phosphoribosylamine---glycine ligase EC:6.3.4.13	109.716545	0.501	PF01071.25	Phosphoribosylglycinamide synthetase, ATP-grasp (A) domain	35.917046	0.397													K01945	phosphoribosylamine---glycine ligase [EC:6.3.4.13]	KEGG	false	medium	NaN	NaN	NaN	NaN
vRhyme_bin_11__LABRr1A1B1C_000000105942_22	vRhyme_bin_11__LABRr1A1B1C_000000105942	LABRr1A1B1C_vRhyme_bin_11																														KEGG	false	medium	NaN	NaN	1260.0	NaN
vRhyme_bin_11__LABRr1A1B1C_000000105942_23	vRhyme_bin_11__LABRr1A1B1C_000000105942	LABRr1A1B1C_vRhyme_bin_11																														KEGG	false	medium	NaN	NaN	1497.0	NaN
vRhyme_bin_11__LABRr1A1B1C_000000110784_1	vRhyme_bin_11__LABRr1A1B1C_000000110784	LABRr1A1B1C_vRhyme_bin_11																														KEGG	false	high	NaN	1149.0	NaN	3810.0
vRhyme_bin_11__LABRr1A1B1C_000000110784_2	vRhyme_bin_11__LABRr1A1B1C_000000110784	LABRr1A1B1C_vRhyme_bin_11																														KEGG	false	high	NaN	1077.0	NaN	3186.0
vRhyme_bin_11__LABRr1A1B1C_000000110784_3	vRhyme_bin_11__LABRr1A1B1C_000000110784	LABRr1A1B1C_vRhyme_bin_11																														KEGG	false	high	NaN	846.0	NaN	2694.0
vRhyme_bin_11__LABRr1A1B1C_000000110784_4	vRhyme_bin_11__LABRr1A1B1C_000000110784	LABRr1A1B1C_vRhyme_bin_11																														KEGG	false	high	NaN	612.0	NaN	2283.0
vRhyme_bin_11__LABRr1A1B1C_000000110784_5	vRhyme_bin_11__LABRr1A1B1C_000000110784	LABRr1A1B1C_vRhyme_bin_11		10.0	10.0									PF17338.9	Gene product 88	142.138382	0.911									phrog_1617		260.881256	0.949	phrog_1617		PHROG	false	high	NaN	3000.0	NaN	1554.0
vRhyme_bin_11__LABRr1A1B1C_000000110784_6	vRhyme_bin_11__LABRr1A1B1C_000000110784	LABRr1A1B1C_vRhyme_bin_11																														KEGG	false	high	708.0	2292.0	NaN	1323.0
vRhyme_bin_11__LABRr1A1B1C_000000110784_7	vRhyme_bin_11__LABRr1A1B1C_000000110784	LABRr1A1B1C_vRhyme_bin_11																														KEGG	false	high	1233.0	1767.0	NaN	780.0
vRhyme_bin_11__LABRr1A1B1C_000000110784_8	vRhyme_bin_11__LABRr1A1B1C_000000110784	LABRr1A1B1C_vRhyme_bin_11																								phrog_6186		118.645256	0.6	phrog_6186		PHROG	false	high	1404.0	1596.0	NaN	477.0
vRhyme_bin_11__LABRr1A1B1C_000000110784_9	vRhyme_bin_11__LABRr1A1B1C_000000110784	LABRr1A1B1C_vRhyme_bin_11																														KEGG	false	high	2019.0	981.0	NaN	225.0
vRhyme_bin_11__LABRr1A1B1C_000000110784_10	vRhyme_bin_11__LABRr1A1B1C_000000110784	LABRr1A1B1C_vRhyme_bin_11																														KEGG	false	high	2187.0	813.0	NaN	NaN
vRhyme_bin_11__LABRr1A1B1C_000000110784_11	vRhyme_bin_11__LABRr1A1B1C_000000110784	LABRr1A1B1C_vRhyme_bin_11																														KEGG	false	high	2397.0	603.0	573.0	NaN
vRhyme_bin_11__LABRr1A1B1C_000000110784_12	vRhyme_bin_11__LABRr1A1B1C_000000110784	LABRr1A1B1C_vRhyme_bin_11																														KEGG	false	high	2871.0	129.0	831.0	NaN
vRhyme_bin_11__LABRr1A1B1C_000000110784_13	vRhyme_bin_11__LABRr1A1B1C_000000110784	LABRr1A1B1C_vRhyme_bin_11		10.0	10.0									PF18818.8	Zincin-like metallopeptidase	113.343987	0.369									phrog_7245	anti-restriction protein	234.854294	0.961	phrog_7245	anti-restriction protein	PHROG	false	high	3000.0	NaN	1521.0	NaN
vRhyme_bin_11__LABRr1A1B1C_000000110784_14	vRhyme_bin_11__LABRr1A1B1C_000000110784	LABRr1A1B1C_vRhyme_bin_11																														KEGG	false	high	918.0	NaN	1827.0	NaN
vRhyme_bin_11__LABRr1A1B1C_000000110784_15	vRhyme_bin_11__LABRr1A1B1C_000000110784	LABRr1A1B1C_vRhyme_bin_11																														KEGG	false	high	1188.0	NaN	NaN	NaN
vRhyme_bin_11__LABRr1A1B1C_000000110784_16	vRhyme_bin_11__LABRr1A1B1C_000000110784	LABRr1A1B1C_vRhyme_bin_11																														KEGG	false	high	1311.0	NaN	NaN	NaN
vRhyme_bin_11__LABRr1A1B1C_000000110784_17	vRhyme_bin_11__LABRr1A1B1C_000000110784	LABRr1A1B1C_vRhyme_bin_11																														KEGG	false	high	1458.0	NaN	NaN	NaN
vRhyme_bin_11__LABRr1A1B1C_000000110784_18	vRhyme_bin_11__LABRr1A1B1C_000000110784	LABRr1A1B1C_vRhyme_bin_11																														KEGG	false	high	1677.0	NaN	NaN	NaN
vRhyme_bin_11__LABRr1A1B1C_000000110784_19	vRhyme_bin_11__LABRr1A1B1C_000000110784	LABRr1A1B1C_vRhyme_bin_11																														KEGG	false	high	1863.0	NaN	NaN	NaN
vRhyme_bin_11__LABRr1A1B1C_000000110784_20	vRhyme_bin_11__LABRr1A1B1C_000000110784	LABRr1A1B1C_vRhyme_bin_11																														KEGG	false	high	2049.0	NaN	NaN	NaN
vRhyme_bin_11__LABRr1A1B1C_000000110784_21	vRhyme_bin_11__LABRr1A1B1C_000000110784	LABRr1A1B1C_vRhyme_bin_11																														KEGG	false	high	2181.0	NaN	NaN	NaN
vRhyme_bin_11__LABRr1A1B1C_000000110784_22	vRhyme_bin_11__LABRr1A1B1C_000000110784	LABRr1A1B1C_vRhyme_bin_11																														KEGG	false	high	2661.0	NaN	NaN	NaN
vRhyme_bin_11__LABRr1A1B1C_000000110784_23	vRhyme_bin_11__LABRr1A1B1C_000000110784	LABRr1A1B1C_vRhyme_bin_11																														KEGG	false	high	2895.0	NaN	NaN	NaN
vRhyme_bin_11__LABRr1A1B1C_000000110784_24	vRhyme_bin_11__LABRr1A1B1C_000000110784	LABRr1A1B1C_vRhyme_bin_11																														KEGG	false	high	3090.0	NaN	NaN	NaN
vRhyme_bin_11__LABRr1A1B1C_000000110784_25	vRhyme_bin_11__LABRr1A1B1C_000000110784	LABRr1A1B1C_vRhyme_bin_11																														KEGG	false	high	3216.0	NaN	NaN	NaN
vRhyme_bin_11__LABRr1A1B1C_000000110784_26	vRhyme_bin_11__LABRr1A1B1C_000000110784	LABRr1A1B1C_vRhyme_bin_11																														KEGG	false	high	3351.0	NaN	NaN	NaN
vRhyme_bin_11__LABRr1A1B1C_000000110784_27	vRhyme_bin_11__LABRr1A1B1C_000000110784	LABRr1A1B1C_vRhyme_bin_11																														KEGG	false	high	3567.0	NaN	NaN	NaN
vRhyme_bin_11__LABRr1A1B1C_000000110784_28	vRhyme_bin_11__LABRr1A1B1C_000000110784	LABRr1A1B1C_vRhyme_bin_11																														KEGG	false	high	3687.0	NaN	NaN	NaN
vRhyme_bin_11__LABRr1A1B1C_000000110784_29	vRhyme_bin_11__LABRr1A1B1C_000000110784	LABRr1A1B1C_vRhyme_bin_11																														KEGG	false	high	4005.0	NaN	NaN	NaN
vRhyme_bin_11__LABRr1A1B1C_000000110784_30	vRhyme_bin_11__LABRr1A1B1C_000000110784	LABRr1A1B1C_vRhyme_bin_11																														KEGG	false	high	4629.0	NaN	NaN	NaN
vRhyme_bin_11__LABRr1A1B1C_000000110784_31	vRhyme_bin_11__LABRr1A1B1C_000000110784	LABRr1A1B1C_vRhyme_bin_11																														KEGG	false	high	4827.0	NaN	NaN	NaN
vRhyme_bin_11__LABRr1A1B1C_000000110784_32	vRhyme_bin_11__LABRr1A1B1C_000000110784	LABRr1A1B1C_vRhyme_bin_11																														KEGG	false	high	5040.0	NaN	NaN	NaN
vRhyme_bin_11__LABRr1A1B1C_000000110784_33	vRhyme_bin_11__LABRr1A1B1C_000000110784	LABRr1A1B1C_vRhyme_bin_11																														KEGG	false	high	5397.0	NaN	NaN	NaN
vRhyme_bin_11__LABRr1A1B1C_000000110784_34	vRhyme_bin_11__LABRr1A1B1C_000000110784	LABRr1A1B1C_vRhyme_bin_11																														KEGG	false	high	5640.0	NaN	NaN	NaN
vRhyme_bin_11__LABRr1A1B1C_000000110784_35	vRhyme_bin_11__LABRr1A1B1C_000000110784	LABRr1A1B1C_vRhyme_bin_11																														KEGG	false	high	5838.0	NaN	NaN	NaN
vRhyme_bin_11__LABRr1A1B1C_000000110784_36	vRhyme_bin_11__LABRr1A1B1C_000000110784	LABRr1A1B1C_vRhyme_bin_11																														KEGG	false	high	6021.0	NaN	NaN	NaN
vRhyme_bin_11__LABRr1A1B1C_000000110784_37	vRhyme_bin_11__LABRr1A1B1C_000000110784	LABRr1A1B1C_vRhyme_bin_11																														KEGG	false	high	6225.0	NaN	NaN	NaN
vRhyme_bin_11__LABRr1A1B1C_000000110784_38	vRhyme_bin_11__LABRr1A1B1C_000000110784	LABRr1A1B1C_vRhyme_bin_11																														KEGG	false	high	6555.0	NaN	NaN	NaN
vRhyme_bin_11__LABRr1A1B1C_000000115427_1	vRhyme_bin_11__LABRr1A1B1C_000000115427	LABRr1A1B1C_vRhyme_bin_11																														KEGG	false	medium	NaN	NaN	NaN	NaN
vRhyme_bin_11__LABRr1A1B1C_000000115427_2	vRhyme_bin_11__LABRr1A1B1C_000000115427	LABRr1A1B1C_vRhyme_bin_11																														KEGG	false	medium	NaN	NaN	NaN	NaN
vRhyme_bin_11__LABRr1A1B1C_000000115427_3	vRhyme_bin_11__LABRr1A1B1C_000000115427	LABRr1A1B1C_vRhyme_bin_11																														KEGG	false	medium	NaN	NaN	1650.0	NaN
vRhyme_bin_11__LABRr1A1B1C_000000115427_4	vRhyme_bin_11__LABRr1A1B1C_000000115427	LABRr1A1B1C_vRhyme_bin_11																														KEGG	false	medium	NaN	NaN	1740.0	NaN
vRhyme_bin_11__LABRr1A1B1C_000000115427_5	vRhyme_bin_11__LABRr1A1B1C_000000115427	LABRr1A1B1C_vRhyme_bin_11																														KEGG	false	medium	NaN	NaN	1893.0	NaN
vRhyme_bin_11__LABRr1A1B1C_000000115427_6	vRhyme_bin_11__LABRr1A1B1C_000000115427	LABRr1A1B1C_vRhyme_bin_11																														KEGG	false	medium	NaN	NaN	2088.0	NaN
vRhyme_bin_11__LABRr1A1B1C_000000115427_7	vRhyme_bin_11__LABRr1A1B1C_000000115427	LABRr1A1B1C_vRhyme_bin_11																														KEGG	false	medium	NaN	NaN	2595.0	NaN
vRhyme_bin_11__LABRr1A1B1C_000000115427_8	vRhyme_bin_11__LABRr1A1B1C_000000115427	LABRr1A1B1C_vRhyme_bin_11																														KEGG	false	medium	NaN	NaN	3267.0	NaN
vRhyme_bin_11__LABRr1A1B1C_000000115427_9	vRhyme_bin_11__LABRr1A1B1C_000000115427	LABRr1A1B1C_vRhyme_bin_11																														KEGG	false	medium	NaN	NaN	3546.0	NaN
vRhyme_bin_11__LABRr1A1B1C_000000115427_10	vRhyme_bin_11__LABRr1A1B1C_000000115427	LABRr1A1B1C_vRhyme_bin_11																														KEGG	false	medium	NaN	NaN	4341.0	NaN
vRhyme_bin_11__LABRr1A1B1C_000000115427_11	vRhyme_bin_11__LABRr1A1B1C_000000115427	LABRr1A1B1C_vRhyme_bin_11																														KEGG	false	medium	NaN	NaN	4683.0	NaN
vRhyme_bin_11__LABRr1A1B1C_000000115427_12	vRhyme_bin_11__LABRr1A1B1C_000000115427	LABRr1A1B1C_vRhyme_bin_11																														KEGG	false	medium	NaN	NaN	5127.0	NaN
vRhyme_bin_11__LABRr1A1B1C_000000115427_13	vRhyme_bin_11__LABRr1A1B1C_000000115427	LABRr1A1B1C_vRhyme_bin_11																														KEGG	false	medium	NaN	NaN	5442.0	NaN
vRhyme_bin_11__LABRr1A1B1C_000000140205_1	vRhyme_bin_11__LABRr1A1B1C_000000140205	LABRr1A1B1C_vRhyme_bin_11																														KEGG	false	high	NaN	12324.0	NaN	10956.0
vRhyme_bin_11__LABRr1A1B1C_000000140205_2	vRhyme_bin_11__LABRr1A1B1C_000000140205	LABRr1A1B1C_vRhyme_bin_11																														KEGG	false	high	NaN	12054.0	NaN	10245.0
vRhyme_bin_11__LABRr1A1B1C_000000140205_3	vRhyme_bin_11__LABRr1A1B1C_000000140205	LABRr1A1B1C_vRhyme_bin_11																														KEGG	false	high	NaN	11862.0	NaN	9684.0
vRhyme_bin_11__LABRr1A1B1C_000000140205_4	vRhyme_bin_11__LABRr1A1B1C_000000140205	LABRr1A1B1C_vRhyme_bin_11																														KEGG	false	high	NaN	11205.0	NaN	9402.0
vRhyme_bin_11__LABRr1A1B1C_000000140205_5	vRhyme_bin_11__LABRr1A1B1C_000000140205	LABRr1A1B1C_vRhyme_bin_11																														KEGG	false	high	NaN	10917.0	NaN	9195.0
vRhyme_bin_11__LABRr1A1B1C_000000140205_6	vRhyme_bin_11__LABRr1A1B1C_000000140205	LABRr1A1B1C_vRhyme_bin_11																														KEGG	false	high	NaN	10482.0	NaN	9063.0
vRhyme_bin_11__LABRr1A1B1C_000000140205_7	vRhyme_bin_11__LABRr1A1B1C_000000140205	LABRr1A1B1C_vRhyme_bin_11																														KEGG	false	high	NaN	10263.0	NaN	8133.0
vRhyme_bin_11__LABRr1A1B1C_000000140205_8	vRhyme_bin_11__LABRr1A1B1C_000000140205	LABRr1A1B1C_vRhyme_bin_11																														KEGG	false	high	NaN	9975.0	NaN	7773.0
vRhyme_bin_11__LABRr1A1B1C_000000140205_9	vRhyme_bin_11__LABRr1A1B1C_000000140205	LABRr1A1B1C_vRhyme_bin_11																														KEGG	false	high	NaN	9303.0	NaN	6480.0
vRhyme_bin_11__LABRr1A1B1C_000000140205_10	vRhyme_bin_11__LABRr1A1B1C_000000140205	LABRr1A1B1C_vRhyme_bin_11																														KEGG	false	high	NaN	8997.0	NaN	5628.0
vRhyme_bin_11__LABRr1A1B1C_000000140205_11	vRhyme_bin_11__LABRr1A1B1C_000000140205	LABRr1A1B1C_vRhyme_bin_11																														KEGG	false	high	NaN	8574.0	NaN	3996.0
vRhyme_bin_11__LABRr1A1B1C_000000140205_12	vRhyme_bin_11__LABRr1A1B1C_000000140205	LABRr1A1B1C_vRhyme_bin_11																														KEGG	false	high	NaN	7992.0	NaN	3687.0
vRhyme_bin_11__LABRr1A1B1C_000000140205_13	vRhyme_bin_11__LABRr1A1B1C_000000140205	LABRr1A1B1C_vRhyme_bin_11																														KEGG	false	high	NaN	7836.0	NaN	3312.0
vRhyme_bin_11__LABRr1A1B1C_000000140205_14	vRhyme_bin_11__LABRr1A1B1C_000000140205	LABRr1A1B1C_vRhyme_bin_11												PF24729.3		40.908585	0.773									phrog_31113		66.088799	0.907	phrog_31113		PHROG	false	high	NaN	7620.0	NaN	3006.0
vRhyme_bin_11__LABRr1A1B1C_000000140205_15	vRhyme_bin_11__LABRr1A1B1C_000000140205	LABRr1A1B1C_vRhyme_bin_11																														KEGG	false	high	NaN	7395.0	NaN	2880.0
vRhyme_bin_11__LABRr1A1B1C_000000140205_16	vRhyme_bin_11__LABRr1A1B1C_000000140205	LABRr1A1B1C_vRhyme_bin_11																														KEGG	false	high	NaN	7152.0	NaN	2733.0
vRhyme_bin_11__LABRr1A1B1C_000000140205_17	vRhyme_bin_11__LABRr1A1B1C_000000140205	LABRr1A1B1C_vRhyme_bin_11																														KEGG	false	high	NaN	6939.0	NaN	1158.0
vRhyme_bin_11__LABRr1A1B1C_000000140205_18	vRhyme_bin_11__LABRr1A1B1C_000000140205	LABRr1A1B1C_vRhyme_bin_11																														KEGG	false	high	NaN	6591.0	NaN	978.0
vRhyme_bin_11__LABRr1A1B1C_000000140205_19	vRhyme_bin_11__LABRr1A1B1C_000000140205	LABRr1A1B1C_vRhyme_bin_11																														KEGG	false	medium	NaN	5376.0	NaN	645.0
vRhyme_bin_11__LABRr1A1B1C_000000140205_20	vRhyme_bin_11__LABRr1A1B1C_000000140205	LABRr1A1B1C_vRhyme_bin_11																														KEGG	false	medium	NaN	5025.0	NaN	513.0
vRhyme_bin_11__LABRr1A1B1C_000000140205_21	vRhyme_bin_11__LABRr1A1B1C_000000140205	LABRr1A1B1C_vRhyme_bin_11																														KEGG	false	medium	NaN	3807.0	NaN	294.0
vRhyme_bin_11__LABRr1A1B1C_000000140205_22	vRhyme_bin_11__LABRr1A1B1C_000000140205	LABRr1A1B1C_vRhyme_bin_11																														KEGG	false	medium	NaN	3339.0	NaN	NaN
vRhyme_bin_11__LABRr1A1B1C_000000140205_23	vRhyme_bin_11__LABRr1A1B1C_000000140205	LABRr1A1B1C_vRhyme_bin_11																														KEGG	false	medium	NaN	2982.0	NaN	NaN
vRhyme_bin_11__LABRr1A1B1C_000000140205_24	vRhyme_bin_11__LABRr1A1B1C_000000140205	LABRr1A1B1C_vRhyme_bin_11																														KEGG	false	medium	NaN	2790.0	NaN	NaN
vRhyme_bin_11__LABRr1A1B1C_000000140205_25	vRhyme_bin_11__LABRr1A1B1C_000000140205	LABRr1A1B1C_vRhyme_bin_11																														KEGG	false	medium	NaN	1692.0	NaN	NaN
vRhyme_bin_11__LABRr1A1B1C_000000140205_26	vRhyme_bin_11__LABRr1A1B1C_000000140205	LABRr1A1B1C_vRhyme_bin_11																														KEGG	false	medium	NaN	1056.0	NaN	NaN
vRhyme_bin_11__LABRr1A1B1C_000000140205_27	vRhyme_bin_11__LABRr1A1B1C_000000140205	LABRr1A1B1C_vRhyme_bin_11																														KEGG	false	medium	NaN	879.0	NaN	NaN
vRhyme_bin_11__LABRr1A1B1C_000000140205_28	vRhyme_bin_11__LABRr1A1B1C_000000140205	LABRr1A1B1C_vRhyme_bin_11		6.55										PF03692.21	Putative zinc- or iron-chelating domain	27.253849	0.325													PF03692.21	Putative zinc- or iron-chelating domain	Pfam	false	medium	NaN	702.0	NaN	NaN
vRhyme_bin_11__LABRr1A1B1C_000000140205_29	vRhyme_bin_11__LABRr1A1B1C_000000140205	LABRr1A1B1C_vRhyme_bin_11	10.0	10.0	10.0	K01939	adenylosuccinate synthase [EC:6.3.4.4]	216.255142	0.847	HMMsoil16007	purA, ADSS; adenylosuccinate synthase EC:6.3.4.4	235.993439	0.855	PF00709.28	Adenylosuccinate synthetase	196.105301	0.843									phrog_1211	2-aminooxy adenylosuccinate synthetase	236.857452	0.973	phrog_1211	2-aminooxy adenylosuccinate synthetase	PHROG	false	medium	NaN	1239.0	NaN	NaN
vRhyme_bin_11__LABRr1A1B1C_000000140205_30	vRhyme_bin_11__LABRr1A1B1C_000000140205	LABRr1A1B1C_vRhyme_bin_11		10.0	10.0									PF02026.22	RyR domain	41.06163	0.402									phrog_5154		150.272217	0.966	phrog_5154		PHROG	false	medium	1239.0	NaN	NaN	NaN
vRhyme_bin_11__LABRr1A1B1C_000000140205_31	vRhyme_bin_11__LABRr1A1B1C_000000140205	LABRr1A1B1C_vRhyme_bin_11																								phrog_2971		162.419296	0.892	phrog_2971		PHROG	false	medium	351.0	NaN	NaN	NaN
vRhyme_bin_11__LABRr1A1B1C_000000140205_32	vRhyme_bin_11__LABRr1A1B1C_000000140205	LABRr1A1B1C_vRhyme_bin_11								HMMsoil40194	K08884; serine/threonine protein kinase, bacterial EC:2.7.11.1	27.726509	0.318													phrog_3043	kinase	148.900024	0.631	phrog_3043	kinase	PHROG	false	medium	1347.0	NaN	NaN	NaN
vRhyme_bin_11__LABRr1A1B1C_000000140205_33	vRhyme_bin_11__LABRr1A1B1C_000000140205	LABRr1A1B1C_vRhyme_bin_11																														KEGG	false	medium	2346.0	NaN	NaN	NaN
vRhyme_bin_11__LABRr1A1B1C_000000140205_34	vRhyme_bin_11__LABRr1A1B1C_000000140205	LABRr1A1B1C_vRhyme_bin_11																														KEGG	false	medium	2547.0	NaN	NaN	NaN
vRhyme_bin_11__LABRr1A1B1C_000000140205_35	vRhyme_bin_11__LABRr1A1B1C_000000140205	LABRr1A1B1C_vRhyme_bin_11																														KEGG	false	medium	2991.0	NaN	NaN	NaN
vRhyme_bin_11__LABRr1A1B1C_000000140205_36	vRhyme_bin_11__LABRr1A1B1C_000000140205	LABRr1A1B1C_vRhyme_bin_11																														KEGG	false	medium	3255.0	NaN	NaN	NaN
vRhyme_bin_11__LABRr1A1B1C_000000140205_37	vRhyme_bin_11__LABRr1A1B1C_000000140205	LABRr1A1B1C_vRhyme_bin_11																														KEGG	false	medium	3567.0	NaN	NaN	NaN
vRhyme_bin_11__LABRr1A1B1C_000000140205_38	vRhyme_bin_11__LABRr1A1B1C_000000140205	LABRr1A1B1C_vRhyme_bin_11																														KEGG	false	medium	3927.0	NaN	NaN	NaN
vRhyme_bin_11__LABRr1A1B1C_000000140205_39	vRhyme_bin_11__LABRr1A1B1C_000000140205	LABRr1A1B1C_vRhyme_bin_11																														KEGG	false	medium	4155.0	NaN	NaN	NaN
vRhyme_bin_11__LABRr1A1B1C_000000147842_1	vRhyme_bin_11__LABRr1A1B1C_000000147842	LABRr1A1B1C_vRhyme_bin_11																														KEGG	false	high	NaN	10458.0	NaN	NaN
vRhyme_bin_11__LABRr1A1B1C_000000147842_2	vRhyme_bin_11__LABRr1A1B1C_000000147842	LABRr1A1B1C_vRhyme_bin_11																														KEGG	false	high	NaN	9939.0	NaN	NaN
vRhyme_bin_11__LABRr1A1B1C_000000147842_3	vRhyme_bin_11__LABRr1A1B1C_000000147842	LABRr1A1B1C_vRhyme_bin_11																														KEGG	false	high	NaN	9777.0	NaN	NaN
vRhyme_bin_11__LABRr1A1B1C_000000147842_4	vRhyme_bin_11__LABRr1A1B1C_000000147842	LABRr1A1B1C_vRhyme_bin_11																								phrog_314	homing endonuclease	78.777016	0.802	phrog_314	homing endonuclease	PHROG	false	high	NaN	9576.0	NaN	NaN
vRhyme_bin_11__LABRr1A1B1C_000000147842_5	vRhyme_bin_11__LABRr1A1B1C_000000147842	LABRr1A1B1C_vRhyme_bin_11																														KEGG	false	high	NaN	8847.0	NaN	NaN
vRhyme_bin_11__LABRr1A1B1C_000000147842_6	vRhyme_bin_11__LABRr1A1B1C_000000147842	LABRr1A1B1C_vRhyme_bin_11																														KEGG	false	high	NaN	8220.0	NaN	NaN
vRhyme_bin_11__LABRr1A1B1C_000000147842_7	vRhyme_bin_11__LABRr1A1B1C_000000147842	LABRr1A1B1C_vRhyme_bin_11																														KEGG	false	high	NaN	6636.0	NaN	NaN
vRhyme_bin_11__LABRr1A1B1C_000000147842_8	vRhyme_bin_11__LABRr1A1B1C_000000147842	LABRr1A1B1C_vRhyme_bin_11																														KEGG	false	high	NaN	4287.0	NaN	NaN
vRhyme_bin_11__LABRr1A1B1C_000000147842_9	vRhyme_bin_11__LABRr1A1B1C_000000147842	LABRr1A1B1C_vRhyme_bin_11		10.0	10.0	K27230		84.728371	0.593					PF01541.31	GIY-YIG catalytic domain	39.413982	0.448									phrog_314	homing endonuclease	136.423996	0.851	phrog_314	homing endonuclease	PHROG	false	high	NaN	5052.0	NaN	NaN
vRhyme_bin_11__LABRr1A1B1C_000000147842_10	vRhyme_bin_11__LABRr1A1B1C_000000147842	LABRr1A1B1C_vRhyme_bin_11																														KEGG	false	high	582.0	4470.0	NaN	NaN
vRhyme_bin_11__LABRr1A1B1C_000000147842_11	vRhyme_bin_11__LABRr1A1B1C_000000147842	LABRr1A1B1C_vRhyme_bin_11																														KEGG	false	high	1392.0	3660.0	NaN	NaN
vRhyme_bin_11__LABRr1A1B1C_000000147842_12	vRhyme_bin_11__LABRr1A1B1C_000000147842	LABRr1A1B1C_vRhyme_bin_11																														KEGG	false	high	1953.0	3099.0	NaN	NaN
vRhyme_bin_11__LABRr1A1B1C_000000147842_13	vRhyme_bin_11__LABRr1A1B1C_000000147842	LABRr1A1B1C_vRhyme_bin_11																														KEGG	false	high	2667.0	2385.0	NaN	NaN
vRhyme_bin_11__LABRr1A1B1C_000000147842_14	vRhyme_bin_11__LABRr1A1B1C_000000147842	LABRr1A1B1C_vRhyme_bin_11		10.0	10.0	K27230		74.652245	0.665					PF01541.31	GIY-YIG catalytic domain	26.710733	0.512									phrog_314	homing endonuclease	97.75209	0.894	phrog_314	homing endonuclease	PHROG	false	high	5052.0	NaN	NaN	NaN
vRhyme_bin_11__LABRr1A1B1C_000000147842_15	vRhyme_bin_11__LABRr1A1B1C_000000147842	LABRr1A1B1C_vRhyme_bin_11		10.0										PF05345.19	Putative Ig domain	38.910858	0.051													PF05345.19	Putative Ig domain	Pfam	false	high	510.0	NaN	NaN	NaN
vRhyme_bin_11__LABRr1A1B1C_000000147842_16	vRhyme_bin_11__LABRr1A1B1C_000000147842	LABRr1A1B1C_vRhyme_bin_11																														KEGG	false	high	5415.0	NaN	NaN	NaN
vRhyme_bin_11__LABRr1A1B1C_000000175166_1	vRhyme_bin_11__LABRr1A1B1C_000000175166	LABRr1A1B1C_vRhyme_bin_11																														KEGG	false	medium	NaN	NaN	1284.0	NaN
vRhyme_bin_11__LABRr1A1B1C_000000175166_2	vRhyme_bin_11__LABRr1A1B1C_000000175166	LABRr1A1B1C_vRhyme_bin_11																														KEGG	false	medium	NaN	NaN	1926.0	NaN
vRhyme_bin_11__LABRr1A1B1C_000000175166_3	vRhyme_bin_11__LABRr1A1B1C_000000175166	LABRr1A1B1C_vRhyme_bin_11																														KEGG	false	medium	NaN	NaN	3048.0	NaN
vRhyme_bin_11__LABRr1A1B1C_000000175166_4	vRhyme_bin_11__LABRr1A1B1C_000000175166	LABRr1A1B1C_vRhyme_bin_11																														KEGG	false	medium	NaN	NaN	3804.0	NaN
vRhyme_bin_11__LABRr1A1B1C_000000175166_5	vRhyme_bin_11__LABRr1A1B1C_000000175166	LABRr1A1B1C_vRhyme_bin_11																								phrog_19005		124.46965	0.813	phrog_19005		PHROG	false	medium	NaN	NaN	3978.0	NaN
vRhyme_bin_11__LABRr1A1B1C_000000175166_6	vRhyme_bin_11__LABRr1A1B1C_000000175166	LABRr1A1B1C_vRhyme_bin_11		2.23										PF17784.8	Sulfotransferase domain	122.327499	0.381													PF17784.8	Sulfotransferase domain	Pfam	false	medium	NaN	NaN	NaN	NaN
vRhyme_bin_11__LABRr1A1B1C_000000175166_7	vRhyme_bin_11__LABRr1A1B1C_000000175166	LABRr1A1B1C_vRhyme_bin_11																														KEGG	false	medium	NaN	NaN	NaN	NaN
vRhyme_bin_11__LABRr1A1B1C_000000175166_8	vRhyme_bin_11__LABRr1A1B1C_000000175166	LABRr1A1B1C_vRhyme_bin_11																														KEGG	false	medium	NaN	NaN	NaN	NaN
vRhyme_bin_11__LABRr1A1B1C_000000175166_9	vRhyme_bin_11__LABRr1A1B1C_000000175166	LABRr1A1B1C_vRhyme_bin_11																														KEGG	false	medium	NaN	NaN	NaN	NaN
vRhyme_bin_11__LABRr1A1B1C_000000175166_10	vRhyme_bin_11__LABRr1A1B1C_000000175166	LABRr1A1B1C_vRhyme_bin_11																														KEGG	false	medium	NaN	NaN	NaN	NaN
vRhyme_bin_11__LABRr1A1B1C_000000175166_11	vRhyme_bin_11__LABRr1A1B1C_000000175166	LABRr1A1B1C_vRhyme_bin_11																														KEGG	false	medium	NaN	NaN	NaN	NaN
vRhyme_bin_11__LABRr1A1B1C_000000175166_12	vRhyme_bin_11__LABRr1A1B1C_000000175166	LABRr1A1B1C_vRhyme_bin_11																														KEGG	false	medium	NaN	NaN	NaN	NaN
vRhyme_bin_11__LABRr1A1B1C_000000175166_13	vRhyme_bin_11__LABRr1A1B1C_000000175166	LABRr1A1B1C_vRhyme_bin_11																														KEGG	false	medium	NaN	NaN	NaN	NaN
vRhyme_bin_11__LABRr1A1B1C_000000175166_14	vRhyme_bin_11__LABRr1A1B1C_000000175166	LABRr1A1B1C_vRhyme_bin_11																														KEGG	false	medium	NaN	NaN	NaN	NaN
vRhyme_bin_11__LABRr1A1B1C_000000175166_15	vRhyme_bin_11__LABRr1A1B1C_000000175166	LABRr1A1B1C_vRhyme_bin_11																														KEGG	false	medium	NaN	NaN	NaN	NaN
vRhyme_bin_11__LABRr1A1B1C_000000175166_16	vRhyme_bin_11__LABRr1A1B1C_000000175166	LABRr1A1B1C_vRhyme_bin_11																														KEGG	false	medium	NaN	NaN	NaN	NaN
vRhyme_bin_11__LABRr1A1B1C_000000175166_17	vRhyme_bin_11__LABRr1A1B1C_000000175166	LABRr1A1B1C_vRhyme_bin_11																														KEGG	false	medium	NaN	NaN	NaN	NaN
vRhyme_bin_11__LABRr1A1B1C_000000175166_18	vRhyme_bin_11__LABRr1A1B1C_000000175166	LABRr1A1B1C_vRhyme_bin_11																														KEGG	false	medium	NaN	NaN	NaN	NaN
vRhyme_bin_11__LABRr1A1B1C_000000175166_19	vRhyme_bin_11__LABRr1A1B1C_000000175166	LABRr1A1B1C_vRhyme_bin_11																								phrog_9953	major head protein	86.8862	0.952	phrog_9953	major head protein	PHROG	false	medium	NaN	NaN	NaN	NaN
vRhyme_bin_11__LABRr1A1B1C_000000175166_20	vRhyme_bin_11__LABRr1A1B1C_000000175166	LABRr1A1B1C_vRhyme_bin_11																														KEGG	false	medium	NaN	NaN	NaN	NaN
vRhyme_bin_11__LABRr1A1B1C_000000175166_21	vRhyme_bin_11__LABRr1A1B1C_000000175166	LABRr1A1B1C_vRhyme_bin_11																														KEGG	false	medium	NaN	NaN	NaN	NaN
vRhyme_bin_11__LABRr1A1B1C_000000175166_22	vRhyme_bin_11__LABRr1A1B1C_000000175166	LABRr1A1B1C_vRhyme_bin_11																														KEGG	false	medium	NaN	NaN	NaN	NaN
vRhyme_bin_11__LABRr1A1B1C_000000175166_23	vRhyme_bin_11__LABRr1A1B1C_000000175166	LABRr1A1B1C_vRhyme_bin_11																														KEGG	false	medium	NaN	NaN	NaN	NaN
vRhyme_bin_11__LABRr1A1B1C_000000192364_1	vRhyme_bin_11__LABRr1A1B1C_000000192364	LABRr1A1B1C_vRhyme_bin_11																														KEGG	false	high	NaN	2052.0	NaN	NaN
vRhyme_bin_11__LABRr1A1B1C_000000192364_2	vRhyme_bin_11__LABRr1A1B1C_000000192364	LABRr1A1B1C_vRhyme_bin_11																														KEGG	false	high	NaN	1725.0	NaN	NaN
vRhyme_bin_11__LABRr1A1B1C_000000192364_3	vRhyme_bin_11__LABRr1A1B1C_000000192364	LABRr1A1B1C_vRhyme_bin_11																														KEGG	false	high	NaN	624.0	NaN	12339.0
vRhyme_bin_11__LABRr1A1B1C_000000192364_4	vRhyme_bin_11__LABRr1A1B1C_000000192364	LABRr1A1B1C_vRhyme_bin_11		10.0	10.0									PF12961.14	Domain of unknown function (DUF3850)	89.296867	0.833									phrog_986	RNA-binding protein	94.389359	0.867	phrog_986	RNA-binding protein	PHROG	false	high	NaN	270.0	NaN	11823.0
vRhyme_bin_11__LABRr1A1B1C_000000192364_5	vRhyme_bin_11__LABRr1A1B1C_000000192364	LABRr1A1B1C_vRhyme_bin_11	10.0	10.0	10.0	K26041	Straboviridae intron-associated endonuclease 1 [EC:3.1.-.-]	61.710815	0.838					PF01541.31	GIY-YIG catalytic domain	34.361526	0.304									phrog_314	homing endonuclease	75.62986	0.937	phrog_314	homing endonuclease	PHROG	false	high	270.0	2352.0	NaN	10767.0
vRhyme_bin_11__LABRr1A1B1C_000000192364_6	vRhyme_bin_11__LABRr1A1B1C_000000192364	LABRr1A1B1C_vRhyme_bin_11																														KEGG	false	high	573.0	1779.0	NaN	8415.0
vRhyme_bin_11__LABRr1A1B1C_000000192364_7	vRhyme_bin_11__LABRr1A1B1C_000000192364	LABRr1A1B1C_vRhyme_bin_11																														KEGG	false	high	861.0	1491.0	NaN	8106.0
vRhyme_bin_11__LABRr1A1B1C_000000192364_8	vRhyme_bin_11__LABRr1A1B1C_000000192364	LABRr1A1B1C_vRhyme_bin_11	2.4	2.2		K17506	protein phosphatase 1L [EC:3.1.3.16]	79.907204	0.931					PF00481.27	Protein phosphatase 2C	56.896149	0.813													K17506	protein phosphatase 1L [EC:3.1.3.16]	KEGG	false	medium	1245.0	1107.0	NaN	7320.0
vRhyme_bin_11__LABRr1A1B1C_000000192364_9	vRhyme_bin_11__LABRr1A1B1C_000000192364	LABRr1A1B1C_vRhyme_bin_11																														KEGG	false	high	2031.0	321.0	NaN	6984.0
vRhyme_bin_11__LABRr1A1B1C_000000192364_10	vRhyme_bin_11__LABRr1A1B1C_000000192364	LABRr1A1B1C_vRhyme_bin_11		10.0										PF07460.17	NUMOD3 motif	30.835537	0.115													PF07460.17	NUMOD3 motif	Pfam	false	medium	2352.0	573.0	NaN	6138.0
vRhyme_bin_11__LABRr1A1B1C_000000192364_11	vRhyme_bin_11__LABRr1A1B1C_000000192364	LABRr1A1B1C_vRhyme_bin_11	10.0	10.0	10.0	K03657	ATP-dependent DNA helicase UvrD/PcrA [EC:5.6.2.4]	469.560883	0.981					PF00580.28	UvrD/REP helicase N-terminal domain	201.023605	0.415									phrog_1967	DNA helicase	351.918213	0.981	K03657	ATP-dependent DNA helicase UvrD/PcrA [EC:5.6.2.4]	KEGG	false	medium	573.0	NaN	NaN	5871.0
vRhyme_bin_11__LABRr1A1B1C_000000192364_12	vRhyme_bin_11__LABRr1A1B1C_000000192364	LABRr1A1B1C_vRhyme_bin_11																														KEGG	false	high	2022.0	NaN	NaN	5451.0
vRhyme_bin_11__LABRr1A1B1C_000000192364_13	vRhyme_bin_11__LABRr1A1B1C_000000192364	LABRr1A1B1C_vRhyme_bin_11																														KEGG	false	medium	2256.0	NaN	NaN	5136.0
vRhyme_bin_11__LABRr1A1B1C_000000192364_14	vRhyme_bin_11__LABRr1A1B1C_000000192364	LABRr1A1B1C_vRhyme_bin_11																														KEGG	false	medium	2472.0	NaN	NaN	4956.0
vRhyme_bin_11__LABRr1A1B1C_000000192364_15	vRhyme_bin_11__LABRr1A1B1C_000000192364	LABRr1A1B1C_vRhyme_bin_11																														KEGG	false	medium	2919.0	NaN	NaN	4791.0
vRhyme_bin_11__LABRr1A1B1C_000000192364_16	vRhyme_bin_11__LABRr1A1B1C_000000192364	LABRr1A1B1C_vRhyme_bin_11																														KEGG	false	medium	3306.0	NaN	NaN	4518.0
vRhyme_bin_11__LABRr1A1B1C_000000192364_17	vRhyme_bin_11__LABRr1A1B1C_000000192364	LABRr1A1B1C_vRhyme_bin_11																														KEGG	false	high	3633.0	NaN	NaN	4206.0
vRhyme_bin_11__LABRr1A1B1C_000000192364_18	vRhyme_bin_11__LABRr1A1B1C_000000192364	LABRr1A1B1C_vRhyme_bin_11												PF21840.2		77.472878	0.733													PF21840.2		Pfam	false	high	4401.0	NaN	NaN	3999.0
vRhyme_bin_11__LABRr1A1B1C_000000192364_19	vRhyme_bin_11__LABRr1A1B1C_000000192364	LABRr1A1B1C_vRhyme_bin_11																														KEGG	false	high	4749.0	NaN	NaN	3753.0
vRhyme_bin_11__LABRr1A1B1C_000000192364_20	vRhyme_bin_11__LABRr1A1B1C_000000192364	LABRr1A1B1C_vRhyme_bin_11																														KEGG	false	high	5058.0	NaN	NaN	3480.0
vRhyme_bin_11__LABRr1A1B1C_000000192364_21	vRhyme_bin_11__LABRr1A1B1C_000000192364	LABRr1A1B1C_vRhyme_bin_11																														KEGG	false	high	5433.0	NaN	NaN	2985.0
vRhyme_bin_11__LABRr1A1B1C_000000203956_1	vRhyme_bin_11__LABRr1A1B1C_000000203956	LABRr1A1B1C_vRhyme_bin_11	0.3	0.27		K01783	ribulose-phosphate 3-epimerase [EC:5.1.3.1]	103.316811	1.0	HMMsoil44705	rpe, RPE; ribulose-phosphate 3-epimerase EC:5.1.3.1	84.157784	1.0	PF00834.26	Ribulose-phosphate 3 epimerase family	97.81028	1.0													K01783	ribulose-phosphate 3-epimerase [EC:5.1.3.1]	KEGG	false	medium	NaN	1725.0	26181.0	NaN
vRhyme_bin_11__LABRr1A1B1C_000000203956_2	vRhyme_bin_11__LABRr1A1B1C_000000203956	LABRr1A1B1C_vRhyme_bin_11																														KEGG	false	medium	NaN	1410.0	26625.0	NaN
vRhyme_bin_11__LABRr1A1B1C_000000203956_3	vRhyme_bin_11__LABRr1A1B1C_000000203956	LABRr1A1B1C_vRhyme_bin_11																														KEGG	false	medium	NaN	1209.0	27354.0	NaN
vRhyme_bin_11__LABRr1A1B1C_000000203956_4	vRhyme_bin_11__LABRr1A1B1C_000000203956	LABRr1A1B1C_vRhyme_bin_11																														KEGG	false	medium	NaN	966.0	27642.0	NaN
vRhyme_bin_11__LABRr1A1B1C_000000203956_5	vRhyme_bin_11__LABRr1A1B1C_000000203956	LABRr1A1B1C_vRhyme_bin_11																														KEGG	false	medium	NaN	783.0	27903.0	NaN
vRhyme_bin_11__LABRr1A1B1C_000000203956_6	vRhyme_bin_11__LABRr1A1B1C_000000203956	LABRr1A1B1C_vRhyme_bin_11		10.0	10.0									PF17289.9	Terminase RNaseH-like domain	23.59725	0.224									phrog_38	terminase large subunit	200.308105	0.708	phrog_38	terminase large subunit	PHROG	false	medium	NaN	NaN	28419.0	NaN
vRhyme_bin_11__LABRr1A1B1C_000000203956_7	vRhyme_bin_11__LABRr1A1B1C_000000203956	LABRr1A1B1C_vRhyme_bin_11		0.66										PF17248.8	Family of unknown function (DUF5317)	35.64333	0.631													PF17248.8	Family of unknown function (DUF5317)	Pfam	false	medium	1965.0	NaN	28893.0	NaN
vRhyme_bin_11__LABRr1A1B1C_000000203956_8	vRhyme_bin_11__LABRr1A1B1C_000000203956	LABRr1A1B1C_vRhyme_bin_11												PF23899.2		50.741333	0.239									phrog_1216	portal protein	109.297379	0.822	phrog_1216	portal protein	PHROG	false	medium	2331.0	NaN	NaN	14499.0
vRhyme_bin_11__LABRr1A1B1C_000000203956_9	vRhyme_bin_11__LABRr1A1B1C_000000203956	LABRr1A1B1C_vRhyme_bin_11																														KEGG	false	high	4500.0	NaN	NaN	14112.0
vRhyme_bin_11__LABRr1A1B1C_000000203956_10	vRhyme_bin_11__LABRr1A1B1C_000000203956	LABRr1A1B1C_vRhyme_bin_11																														KEGG	false	high	4716.0	NaN	NaN	13773.0
vRhyme_bin_11__LABRr1A1B1C_000000203956_11	vRhyme_bin_11__LABRr1A1B1C_000000203956	LABRr1A1B1C_vRhyme_bin_11																														KEGG	false	medium	5103.0	NaN	NaN	13434.0
vRhyme_bin_11__LABRr1A1B1C_000000203956_12	vRhyme_bin_11__LABRr1A1B1C_000000203956	LABRr1A1B1C_vRhyme_bin_11																														KEGG	false	medium	5271.0	NaN	NaN	12396.0
vRhyme_bin_11__LABRr1A1B1C_000000203956_13	vRhyme_bin_11__LABRr1A1B1C_000000203956	LABRr1A1B1C_vRhyme_bin_11																								phrog_1357	major head protein	53.56226	0.526	phrog_1357	major head protein	PHROG	false	medium	6582.0	NaN	NaN	12243.0
vRhyme_bin_11__LABRr1A1B1C_000000203956_14	vRhyme_bin_11__LABRr1A1B1C_000000203956	LABRr1A1B1C_vRhyme_bin_11																														KEGG	false	high	7614.0	NaN	NaN	11466.0
vRhyme_bin_11__LABRr1A1B1C_000000220419_1	vRhyme_bin_11__LABRr1A1B1C_000000220419	LABRr1A1B1C_vRhyme_bin_11																														KEGG	false	high	NaN	738.0	NaN	NaN
vRhyme_bin_11__LABRr1A1B1C_000000220419_2	vRhyme_bin_11__LABRr1A1B1C_000000220419	LABRr1A1B1C_vRhyme_bin_11																														KEGG	false	high	NaN	558.0	NaN	NaN
vRhyme_bin_11__LABRr1A1B1C_000000220419_3	vRhyme_bin_11__LABRr1A1B1C_000000220419	LABRr1A1B1C_vRhyme_bin_11																														KEGG	false	high	NaN	300.0	NaN	NaN
vRhyme_bin_11__LABRr1A1B1C_000000220419_4	vRhyme_bin_11__LABRr1A1B1C_000000220419	LABRr1A1B1C_vRhyme_bin_11	10.0	10.0	10.0	K02338	DNA polymerase III subunit beta [EC:2.7.7.7]	269.695557	0.984	HMMsoil6395	dnaN; DNA polymerase III subunit beta EC:2.7.7.7	235.813873	0.981	PF00712.25	DNA polymerase III beta subunit, N-terminal domain	70.56424	0.318									phrog_947	DNA polymerase processivity factor	206.37355	0.984	K02338	DNA polymerase III subunit beta [EC:2.7.7.7]	KEGG	false	high	NaN	1131.0	NaN	NaN
vRhyme_bin_11__LABRr1A1B1C_000000220419_5	vRhyme_bin_11__LABRr1A1B1C_000000220419	LABRr1A1B1C_vRhyme_bin_11		10.0	10.0									PF13619.12	KTSC domain	63.777054	0.775									phrog_3292		50.942192	0.972	PF13619.12	KTSC domain	Pfam	false	high	1131.0	1263.0	NaN	NaN
vRhyme_bin_11__LABRr1A1B1C_000000220419_6	vRhyme_bin_11__LABRr1A1B1C_000000220419	LABRr1A1B1C_vRhyme_bin_11																														KEGG	false	high	213.0	1050.0	NaN	NaN
vRhyme_bin_11__LABRr1A1B1C_000000220419_7	vRhyme_bin_11__LABRr1A1B1C_000000220419	LABRr1A1B1C_vRhyme_bin_11																														KEGG	false	high	549.0	714.0	NaN	NaN
vRhyme_bin_11__LABRr1A1B1C_000000220419_8	vRhyme_bin_11__LABRr1A1B1C_000000220419	LABRr1A1B1C_vRhyme_bin_11																														KEGG	false	high	993.0	270.0	NaN	NaN
vRhyme_bin_11__LABRr1A1B1C_000000220419_9	vRhyme_bin_11__LABRr1A1B1C_000000220419	LABRr1A1B1C_vRhyme_bin_11		10.0	10.0									PF03837.20	RecT family	71.303764	0.303									phrog_2780	RecT-like ssDNA annealing protein	103.047325	0.553	phrog_2780	RecT-like ssDNA annealing protein	PHROG	false	high	1263.0	4179.0	NaN	NaN
vRhyme_bin_11__LABRr1A1B1C_000000220419_10	vRhyme_bin_11__LABRr1A1B1C_000000220419	LABRr1A1B1C_vRhyme_bin_11																														KEGG	false	high	1437.0	2742.0	NaN	NaN
vRhyme_bin_11__LABRr1A1B1C_000000220419_11	vRhyme_bin_11__LABRr1A1B1C_000000220419	LABRr1A1B1C_vRhyme_bin_11																								phrog_298	exonuclease	63.20298	0.816	phrog_298	exonuclease	PHROG	false	high	2277.0	1902.0	NaN	NaN
vRhyme_bin_11__LABRr1A1B1C_000000220419_12	vRhyme_bin_11__LABRr1A1B1C_000000220419	LABRr1A1B1C_vRhyme_bin_11																														KEGG	false	high	2898.0	1281.0	NaN	NaN
vRhyme_bin_11__LABRr1A1B1C_000000220419_13	vRhyme_bin_11__LABRr1A1B1C_000000220419	LABRr1A1B1C_vRhyme_bin_11																														KEGG	false	high	3450.0	729.0	NaN	NaN
vRhyme_bin_11__LABRr1A1B1C_000000220419_14	vRhyme_bin_11__LABRr1A1B1C_000000220419	LABRr1A1B1C_vRhyme_bin_11	10.0	10.0	10.0	K17677	ATP-dependent helicase IRC3 [EC:5.6.2.-]	385.934265	0.915	HMMsoil40289	FANCM; fanconi anemia group M protein	26.764849	0.286	PF04851.22	Type III restriction enzyme, res subunit	88.016998	0.284									phrog_16	DNA helicase	264.350311	0.706	K17677	ATP-dependent helicase IRC3 [EC:5.6.2.-]	KEGG	false	high	4179.0	4485.0	NaN	NaN
vRhyme_bin_11__LABRr1A1B1C_000000220419_15	vRhyme_bin_11__LABRr1A1B1C_000000220419	LABRr1A1B1C_vRhyme_bin_11																														KEGG	false	high	1773.0	2712.0	NaN	NaN
vRhyme_bin_11__LABRr1A1B1C_000000220419_16	vRhyme_bin_11__LABRr1A1B1C_000000220419	LABRr1A1B1C_vRhyme_bin_11																														KEGG	false	high	2193.0	2292.0	NaN	NaN
vRhyme_bin_11__LABRr1A1B1C_000000220419_17	vRhyme_bin_11__LABRr1A1B1C_000000220419	LABRr1A1B1C_vRhyme_bin_11																														KEGG	false	high	2502.0	1983.0	NaN	NaN
vRhyme_bin_11__LABRr1A1B1C_000000220419_18	vRhyme_bin_11__LABRr1A1B1C_000000220419	LABRr1A1B1C_vRhyme_bin_11																														KEGG	false	high	3969.0	516.0	NaN	NaN
vRhyme_bin_11__LABRr1A1B1C_000000220419_19	vRhyme_bin_11__LABRr1A1B1C_000000220419	LABRr1A1B1C_vRhyme_bin_11																														KEGG	false	high	4293.0	192.0	NaN	NaN
vRhyme_bin_11__LABRr1A1B1C_000000220419_20	vRhyme_bin_11__LABRr1A1B1C_000000220419	LABRr1A1B1C_vRhyme_bin_11	10.0	10.0	10.0	K02314	replicative DNA helicase [EC:5.6.2.3]	353.485291	0.956					PF03796.22	DnaB-like helicase C terminal domain	222.209579	0.566									phrog_19	DnaB-like replicative helicase	293.042938	0.956	K02314	replicative DNA helicase [EC:5.6.2.3]	KEGG	false	high	4485.0	2919.0	NaN	NaN
vRhyme_bin_11__LABRr1A1B1C_000000220419_21	vRhyme_bin_11__LABRr1A1B1C_000000220419	LABRr1A1B1C_vRhyme_bin_11																														KEGG	false	high	1368.0	1551.0	NaN	NaN
vRhyme_bin_11__LABRr1A1B1C_000000220419_22	vRhyme_bin_11__LABRr1A1B1C_000000220419	LABRr1A1B1C_vRhyme_bin_11																								phrog_11227	protease	175.476517	0.88	phrog_11227	protease	PHROG	false	high	2058.0	861.0	NaN	NaN
vRhyme_bin_11__LABRr1A1B1C_000000220419_23	vRhyme_bin_11__LABRr1A1B1C_000000220419	LABRr1A1B1C_vRhyme_bin_11																														KEGG	false	high	2484.0	435.0	NaN	NaN
vRhyme_bin_11__LABRr1A1B1C_000000220419_24	vRhyme_bin_11__LABRr1A1B1C_000000220419	LABRr1A1B1C_vRhyme_bin_11																														KEGG	false	high	2706.0	213.0	NaN	NaN
vRhyme_bin_11__LABRr1A1B1C_000000220419_25	vRhyme_bin_11__LABRr1A1B1C_000000220419	LABRr1A1B1C_vRhyme_bin_11		10.0										PF01844.30	HNH endonuclease	48.437222	0.323													PF01844.30	HNH endonuclease	Pfam	false	high	2919.0	3048.0	NaN	NaN
vRhyme_bin_11__LABRr1A1B1C_000000220419_26	vRhyme_bin_11__LABRr1A1B1C_000000220419	LABRr1A1B1C_vRhyme_bin_11																														KEGG	false	high	381.0	2667.0	NaN	NaN
vRhyme_bin_11__LABRr1A1B1C_000000220419_27	vRhyme_bin_11__LABRr1A1B1C_000000220419	LABRr1A1B1C_vRhyme_bin_11																								phrog_9210		125.538208	0.925	phrog_9210		PHROG	false	high	564.0	2484.0	NaN	NaN
vRhyme_bin_11__LABRr1A1B1C_000000220419_28	vRhyme_bin_11__LABRr1A1B1C_000000220419	LABRr1A1B1C_vRhyme_bin_11																								phrog_424	phosphoadenosine phosphosulfate reductase	105.683876	0.957	phrog_424	phosphoadenosine phosphosulfate reductase	PHROG	false	high	1206.0	1842.0	NaN	NaN
vRhyme_bin_11__LABRr1A1B1C_000000220419_29	vRhyme_bin_11__LABRr1A1B1C_000000220419	LABRr1A1B1C_vRhyme_bin_11																														KEGG	false	high	1971.0	1077.0	NaN	NaN
vRhyme_bin_11__LABRr1A1B1C_000000220419_30	vRhyme_bin_11__LABRr1A1B1C_000000220419	LABRr1A1B1C_vRhyme_bin_11																														KEGG	false	high	2220.0	828.0	NaN	NaN
vRhyme_bin_11__LABRr1A1B1C_000000220419_31	vRhyme_bin_11__LABRr1A1B1C_000000220419	LABRr1A1B1C_vRhyme_bin_11																														KEGG	false	high	2643.0	405.0	NaN	NaN
vRhyme_bin_11__LABRr1A1B1C_000000220419_32	vRhyme_bin_11__LABRr1A1B1C_000000220419	LABRr1A1B1C_vRhyme_bin_11																														KEGG	false	high	2922.0	126.0	NaN	NaN
vRhyme_bin_11__LABRr1A1B1C_000000220419_33	vRhyme_bin_11__LABRr1A1B1C_000000220419	LABRr1A1B1C_vRhyme_bin_11	10.0	10.0	10.0	K22918	typhoid toxin secretion A	59.773716	0.688					PF09374.16	Predicted Peptidoglycan domain	51.708519	0.432									phrog_315	endolysin	102.348885	0.977	phrog_315	endolysin	PHROG	false	high	3048.0	8460.0	NaN	NaN
vRhyme_bin_11__LABRr1A1B1C_000000220419_34	vRhyme_bin_11__LABRr1A1B1C_000000220419	LABRr1A1B1C_vRhyme_bin_11																														KEGG	false	high	528.0	7932.0	NaN	NaN
vRhyme_bin_11__LABRr1A1B1C_000000220419_35	vRhyme_bin_11__LABRr1A1B1C_000000220419	LABRr1A1B1C_vRhyme_bin_11																														KEGG	false	high	3441.0	5019.0	NaN	NaN
vRhyme_bin_11__LABRr1A1B1C_000000220419_36	vRhyme_bin_11__LABRr1A1B1C_000000220419	LABRr1A1B1C_vRhyme_bin_11																														KEGG	false	high	6900.0	1560.0	NaN	NaN
vRhyme_bin_11__LABRr1A1B1C_000000220419_37	vRhyme_bin_11__LABRr1A1B1C_000000220419	LABRr1A1B1C_vRhyme_bin_11		10.0	10.0									PF13884.12	Chaperone of endosialidase	54.71909	0.188									phrog_1980	tail fiber protein	50.502899	0.62	PF13884.12	Chaperone of endosialidase	Pfam	false	high	8460.0	NaN	NaN	NaN
vRhyme_bin_11__LABRr1A1B1C_000000220419_38	vRhyme_bin_11__LABRr1A1B1C_000000220419	LABRr1A1B1C_vRhyme_bin_11																														KEGG	false	high	909.0	NaN	NaN	NaN
vRhyme_bin_11__LABRr1A1B1C_000000220419_39	vRhyme_bin_11__LABRr1A1B1C_000000220419	LABRr1A1B1C_vRhyme_bin_11												PF23148.2		64.0121	0.181													PF23148.2		Pfam	false	high	1521.0	NaN	NaN	NaN
vRhyme_bin_11__LABRr1A1B1C_000000220419_40	vRhyme_bin_11__LABRr1A1B1C_000000220419	LABRr1A1B1C_vRhyme_bin_11																														KEGG	false	high	2811.0	NaN	NaN	NaN
vRhyme_bin_11__LABRr1A1B1C_000000220419_41	vRhyme_bin_11__LABRr1A1B1C_000000220419	LABRr1A1B1C_vRhyme_bin_11																														KEGG	false	high	4413.0	NaN	NaN	NaN
vRhyme_bin_11__LABRr1A1B1C_000000220419_42	vRhyme_bin_11__LABRr1A1B1C_000000220419	LABRr1A1B1C_vRhyme_bin_11																														KEGG	false	high	6057.0	NaN	NaN	NaN
vRhyme_bin_11__LABRr1A1B1C_000000230540_1	vRhyme_bin_11__LABRr1A1B1C_000000230540	LABRr1A1B1C_vRhyme_bin_11																														KEGG	false	high	NaN	10308.0	NaN	NaN
vRhyme_bin_11__LABRr1A1B1C_000000230540_2	vRhyme_bin_11__LABRr1A1B1C_000000230540	LABRr1A1B1C_vRhyme_bin_11																														KEGG	false	high	NaN	9993.0	NaN	NaN
vRhyme_bin_11__LABRr1A1B1C_000000230540_3	vRhyme_bin_11__LABRr1A1B1C_000000230540	LABRr1A1B1C_vRhyme_bin_11																														KEGG	false	high	NaN	8886.0	NaN	NaN
vRhyme_bin_11__LABRr1A1B1C_000000230540_4	vRhyme_bin_11__LABRr1A1B1C_000000230540	LABRr1A1B1C_vRhyme_bin_11																														KEGG	false	high	NaN	7413.0	NaN	NaN
vRhyme_bin_11__LABRr1A1B1C_000000230540_5	vRhyme_bin_11__LABRr1A1B1C_000000230540	LABRr1A1B1C_vRhyme_bin_11																														KEGG	false	high	NaN	4155.0	NaN	NaN
vRhyme_bin_11__LABRr1A1B1C_000000230540_6	vRhyme_bin_11__LABRr1A1B1C_000000230540	LABRr1A1B1C_vRhyme_bin_11																														KEGG	false	high	NaN	3498.0	NaN	NaN
vRhyme_bin_11__LABRr1A1B1C_000000230540_7	vRhyme_bin_11__LABRr1A1B1C_000000230540	LABRr1A1B1C_vRhyme_bin_11																														KEGG	false	high	NaN	3327.0	NaN	NaN
vRhyme_bin_11__LABRr1A1B1C_000000230540_8	vRhyme_bin_11__LABRr1A1B1C_000000230540	LABRr1A1B1C_vRhyme_bin_11																														KEGG	false	high	NaN	2124.0	NaN	NaN
vRhyme_bin_11__LABRr1A1B1C_000000230540_9	vRhyme_bin_11__LABRr1A1B1C_000000230540	LABRr1A1B1C_vRhyme_bin_11																								phrog_19	DnaB-like replicative helicase	116.30397	0.701	phrog_19	DnaB-like replicative helicase	PHROG	false	high	NaN	1626.0	NaN	NaN
vRhyme_bin_11__LABRr1A1B1C_000000230540_10	vRhyme_bin_11__LABRr1A1B1C_000000230540	LABRr1A1B1C_vRhyme_bin_11		10.0	10.0									PF14279.13	HNH endonuclease	30.033924	0.374									phrog_2118	HNH endonuclease	70.038719	0.939	phrog_2118	HNH endonuclease	PHROG	false	high	NaN	NaN	NaN	NaN
vRhyme_bin_11__LABRr1A1B1C_000000230540_11	vRhyme_bin_11__LABRr1A1B1C_000000230540	LABRr1A1B1C_vRhyme_bin_11																														KEGG	false	high	393.0	NaN	NaN	NaN
vRhyme_bin_11__LABRr1A1B1C_000000230540_12	vRhyme_bin_11__LABRr1A1B1C_000000230540	LABRr1A1B1C_vRhyme_bin_11																														KEGG	false	high	798.0	NaN	NaN	NaN
vRhyme_bin_11__LABRr1A1B1C_000000230540_13	vRhyme_bin_11__LABRr1A1B1C_000000230540	LABRr1A1B1C_vRhyme_bin_11				K00527	ribonucleoside-triphosphate reductase (thioredoxin) [EC:1.17.4.2]	335.615112	0.803																	phrog_367	ribonucleotide reductase	325.339722	0.801	K00527	ribonucleoside-triphosphate reductase (thioredoxin) [EC:1.17.4.2]	KEGG	false	high	1512.0	NaN	NaN	NaN
vRhyme_bin_11__LABRr1A1B1C_000000230540_14	vRhyme_bin_11__LABRr1A1B1C_000000230540	LABRr1A1B1C_vRhyme_bin_11																														KEGG	false	high	3762.0	NaN	NaN	NaN
vRhyme_bin_11__LABRr1A1B1C_000000238963_1	vRhyme_bin_11__LABRr1A1B1C_000000238963	LABRr1A1B1C_vRhyme_bin_11																														KEGG	false	high	NaN	NaN	9120.0	41439.0
vRhyme_bin_11__LABRr1A1B1C_000000238963_2	vRhyme_bin_11__LABRr1A1B1C_000000238963	LABRr1A1B1C_vRhyme_bin_11																														KEGG	false	high	NaN	NaN	9459.0	41100.0
vRhyme_bin_11__LABRr1A1B1C_000000238963_3	vRhyme_bin_11__LABRr1A1B1C_000000238963	LABRr1A1B1C_vRhyme_bin_11																														KEGG	false	high	NaN	NaN	9981.0	40578.0
vRhyme_bin_11__LABRr1A1B1C_000000238963_4	vRhyme_bin_11__LABRr1A1B1C_000000238963	LABRr1A1B1C_vRhyme_bin_11		10.0	1.48									PF13455.13	Meiotically up-regulated gene 113	43.640461	0.411									phrog_8130		64.413956	0.837	phrog_8130		PHROG	false	high	NaN	NaN	12540.0	38019.0
vRhyme_bin_11__LABRr1A1B1C_000000238963_5	vRhyme_bin_11__LABRr1A1B1C_000000238963	LABRr1A1B1C_vRhyme_bin_11																														KEGG	false	medium	NaN	NaN	12804.0	37755.0
vRhyme_bin_11__LABRr1A1B1C_000000238963_6	vRhyme_bin_11__LABRr1A1B1C_000000238963	LABRr1A1B1C_vRhyme_bin_11																														KEGG	false	medium	NaN	NaN	13503.0	37056.0
vRhyme_bin_11__LABRr1A1B1C_000000238963_7	vRhyme_bin_11__LABRr1A1B1C_000000238963	LABRr1A1B1C_vRhyme_bin_11																														KEGG	false	medium	NaN	NaN	14079.0	36480.0
vRhyme_bin_11__LABRr1A1B1C_000000238963_8	vRhyme_bin_11__LABRr1A1B1C_000000238963	LABRr1A1B1C_vRhyme_bin_11																														KEGG	false	medium	NaN	NaN	17673.0	32886.0
vRhyme_bin_11__LABRr1A1B1C_000000238963_9	vRhyme_bin_11__LABRr1A1B1C_000000238963	LABRr1A1B1C_vRhyme_bin_11																														KEGG	false	high	NaN	NaN	19971.0	30588.0
vRhyme_bin_11__LABRr1A1B1C_000000238963_10	vRhyme_bin_11__LABRr1A1B1C_000000238963	LABRr1A1B1C_vRhyme_bin_11																								phrog_1035	endonuclease VII	57.924545	0.871	phrog_1035	endonuclease VII	PHROG	false	high	NaN	NaN	20580.0	29979.0
vRhyme_bin_11__LABRr1A1B1C_000000238963_11	vRhyme_bin_11__LABRr1A1B1C_000000238963	LABRr1A1B1C_vRhyme_bin_11																														KEGG	false	high	NaN	NaN	21012.0	29547.0
vRhyme_bin_11__LABRr1A1B1C_000000262686_1	vRhyme_bin_11__LABRr1A1B1C_000000262686	LABRr1A1B1C_vRhyme_bin_11		10.0	7.4									PF11645.15	PD-(D/E)XK endonuclease	35.259815	0.479									phrog_5018		50.671318	0.555	phrog_5018		PHROG	false	high	NaN	633.0	NaN	NaN
vRhyme_bin_11__LABRr1A1B1C_000000262686_2	vRhyme_bin_11__LABRr1A1B1C_000000262686	LABRr1A1B1C_vRhyme_bin_11		10.0	10.0									PF00149.34	Calcineurin-like phosphoesterase	45.32679	0.83									phrog_1649	metallo-phosphoesterase	130.701492	0.925	phrog_1649	metallo-phosphoesterase	PHROG	false	high	NaN	2169.0	NaN	NaN
vRhyme_bin_11__LABRr1A1B1C_000000262686_3	vRhyme_bin_11__LABRr1A1B1C_000000262686	LABRr1A1B1C_vRhyme_bin_11																														KEGG	false	high	759.0	1410.0	NaN	NaN
vRhyme_bin_11__LABRr1A1B1C_000000262686_4	vRhyme_bin_11__LABRr1A1B1C_000000262686	LABRr1A1B1C_vRhyme_bin_11																														KEGG	false	high	963.0	1206.0	NaN	NaN
vRhyme_bin_11__LABRr1A1B1C_000000262686_5	vRhyme_bin_11__LABRr1A1B1C_000000262686	LABRr1A1B1C_vRhyme_bin_11																														KEGG	false	high	1227.0	942.0	NaN	NaN
vRhyme_bin_11__LABRr1A1B1C_000000262686_6	vRhyme_bin_11__LABRr1A1B1C_000000262686	LABRr1A1B1C_vRhyme_bin_11																														KEGG	false	high	1389.0	780.0	NaN	NaN
vRhyme_bin_11__LABRr1A1B1C_000000262686_7	vRhyme_bin_11__LABRr1A1B1C_000000262686	LABRr1A1B1C_vRhyme_bin_11		1.15	2.07									PF00633.30	Helix-hairpin-helix motif	27.434084	0.11									phrog_11575		128.170029	0.984	phrog_11575		PHROG	false	high	1623.0	546.0	NaN	NaN
vRhyme_bin_11__LABRr1A1B1C_000000262686_8	vRhyme_bin_11__LABRr1A1B1C_000000262686	LABRr1A1B1C_vRhyme_bin_11		10.0	10.0	K27230		87.881447	0.552					PF07460.17	NUMOD3 motif	25.998779	0.171									phrog_314	homing endonuclease	121.308876	0.886	phrog_314	homing endonuclease	PHROG	false	high	2169.0	NaN	NaN	NaN
vRhyme_bin_11__LABRr1A1B1C_000000262686_9	vRhyme_bin_11__LABRr1A1B1C_000000262686	LABRr1A1B1C_vRhyme_bin_11																														KEGG	false	high	630.0	NaN	NaN	NaN
vRhyme_bin_11__LABRr1A1B1C_000000262686_10	vRhyme_bin_11__LABRr1A1B1C_000000262686	LABRr1A1B1C_vRhyme_bin_11																														KEGG	false	high	1296.0	NaN	NaN	NaN
vRhyme_bin_11__LABRr1A1B1C_000000262686_11	vRhyme_bin_11__LABRr1A1B1C_000000262686	LABRr1A1B1C_vRhyme_bin_11																														KEGG	false	high	3858.0	NaN	NaN	NaN
vRhyme_bin_11__LABRr1A1B1C_000000262686_12	vRhyme_bin_11__LABRr1A1B1C_000000262686	LABRr1A1B1C_vRhyme_bin_11																														KEGG	false	high	7089.0	NaN	NaN	NaN
vRhyme_bin_11__LABRr1A1B1C_000000262686_13	vRhyme_bin_11__LABRr1A1B1C_000000262686	LABRr1A1B1C_vRhyme_bin_11																														KEGG	false	high	7284.0	NaN	NaN	NaN
vRhyme_bin_11__LABRr1A1B1C_000000270577_1	vRhyme_bin_11__LABRr1A1B1C_000000270577	LABRr1A1B1C_vRhyme_bin_11	10.0	10.0	10.0	K14440	SWI/SNF-related matrix-associated actin-dependent regulator of chromatin subfamily A-like protein 1 [EC:5.6.2.-]	133.687805	0.848	HMMsoil50354	ENTPD2; adenosinetriphosphatase EC:3.6.1.-	35.073742	0.135	PF00176.30	SNF2-related domain	86.416443	0.518									phrog_62	DNA helicase	250.042191	0.919	phrog_62	DNA helicase	PHROG	false	high	NaN	9006.0	8757.0	1458.0
vRhyme_bin_11__LABRr1A1B1C_000000270577_2	vRhyme_bin_11__LABRr1A1B1C_000000270577	LABRr1A1B1C_vRhyme_bin_11																														KEGG	false	high	1893.0	7113.0	8970.0	1245.0
vRhyme_bin_11__LABRr1A1B1C_000000270577_3	vRhyme_bin_11__LABRr1A1B1C_000000270577	LABRr1A1B1C_vRhyme_bin_11																														KEGG	false	high	2496.0	6510.0	9315.0	900.0
vRhyme_bin_11__LABRr1A1B1C_000000270577_4	vRhyme_bin_11__LABRr1A1B1C_000000270577	LABRr1A1B1C_vRhyme_bin_11																														KEGG	false	high	2802.0	6204.0	9486.0	729.0
vRhyme_bin_11__LABRr1A1B1C_000000270577_5	vRhyme_bin_11__LABRr1A1B1C_000000270577	LABRr1A1B1C_vRhyme_bin_11																														KEGG	false	high	4065.0	4941.0	10215.0	2769.0
vRhyme_bin_11__LABRr1A1B1C_000000270577_6	vRhyme_bin_11__LABRr1A1B1C_000000270577	LABRr1A1B1C_vRhyme_bin_11																														KEGG	false	high	4509.0	4497.0	1053.0	1716.0
vRhyme_bin_11__LABRr1A1B1C_000000270577_7	vRhyme_bin_11__LABRr1A1B1C_000000270577	LABRr1A1B1C_vRhyme_bin_11																														KEGG	false	high	4758.0	4248.0	1293.0	1476.0
vRhyme_bin_11__LABRr1A1B1C_000000270577_8	vRhyme_bin_11__LABRr1A1B1C_000000270577	LABRr1A1B1C_vRhyme_bin_11																														KEGG	false	high	5034.0	3972.0	1779.0	990.0
vRhyme_bin_11__LABRr1A1B1C_000000270577_9	vRhyme_bin_11__LABRr1A1B1C_000000270577	LABRr1A1B1C_vRhyme_bin_11																														KEGG	false	high	5769.0	3237.0	1962.0	807.0
vRhyme_bin_11__LABRr1A1B1C_000000270577_10	vRhyme_bin_11__LABRr1A1B1C_000000270577	LABRr1A1B1C_vRhyme_bin_11																														KEGG	false	high	5973.0	3033.0	2112.0	657.0
vRhyme_bin_11__LABRr1A1B1C_000000270577_11	vRhyme_bin_11__LABRr1A1B1C_000000270577	LABRr1A1B1C_vRhyme_bin_11																														KEGG	false	high	6441.0	2565.0	2583.0	186.0
vRhyme_bin_11__LABRr1A1B1C_000000270577_12	vRhyme_bin_11__LABRr1A1B1C_000000270577	LABRr1A1B1C_vRhyme_bin_11																														KEGG	false	high	6645.0	2361.0	2769.0	4377.0
vRhyme_bin_11__LABRr1A1B1C_000000270577_13	vRhyme_bin_11__LABRr1A1B1C_000000270577	LABRr1A1B1C_vRhyme_bin_11																								phrog_314	homing endonuclease	99.395042	0.719	phrog_314	homing endonuclease	PHROG	false	high	6918.0	2088.0	291.0	4086.0
vRhyme_bin_11__LABRr1A1B1C_000000270577_14	vRhyme_bin_11__LABRr1A1B1C_000000270577	LABRr1A1B1C_vRhyme_bin_11																														KEGG	false	high	7611.0	1395.0	600.0	3777.0
vRhyme_bin_11__LABRr1A1B1C_000000270577_15	vRhyme_bin_11__LABRr1A1B1C_000000270577	LABRr1A1B1C_vRhyme_bin_11																														KEGG	false	high	7806.0	1200.0	2607.0	1770.0
vRhyme_bin_11__LABRr1A1B1C_000000270577_16	vRhyme_bin_11__LABRr1A1B1C_000000270577	LABRr1A1B1C_vRhyme_bin_11																														KEGG	false	high	8229.0	777.0	2754.0	1623.0
vRhyme_bin_11__LABRr1A1B1C_000000270577_17	vRhyme_bin_11__LABRr1A1B1C_000000270577	LABRr1A1B1C_vRhyme_bin_11																														KEGG	false	high	8742.0	264.0	3294.0	1083.0
vRhyme_bin_11__LABRr1A1B1C_000000270577_18	vRhyme_bin_11__LABRr1A1B1C_000000270577	LABRr1A1B1C_vRhyme_bin_11		10.0	2.91					HMMsoil39551	E2.4.2.6; nucleoside deoxyribosyltransferase EC:2.4.2.6	85.42382	0.655	PF05014.22	Nucleoside 2-deoxyribosyltransferase	64.025932	0.669									phrog_7995	nucleoside deoxyribosyltransferase	51.720016	0.784	HMMsoil39551	E2.4.2.6; nucleoside deoxyribosyltransferase EC:2.4.2.6	FOAM	false	high	9006.0	1920.0	3657.0	720.0
vRhyme_bin_11__LABRr1A1B1C_000000270577_19	vRhyme_bin_11__LABRr1A1B1C_000000270577	LABRr1A1B1C_vRhyme_bin_11																														KEGG	false	high	444.0	1476.0	4050.0	327.0
vRhyme_bin_11__LABRr1A1B1C_000000270577_20	vRhyme_bin_11__LABRr1A1B1C_000000270577	LABRr1A1B1C_vRhyme_bin_11																														KEGG	false	high	684.0	1236.0	4377.0	50559.0
vRhyme_bin_11__LABRr1A1B1C_000000270577_21	vRhyme_bin_11__LABRr1A1B1C_000000270577	LABRr1A1B1C_vRhyme_bin_11	6.63	9.08		K14819	dual specificity phosphatase 12 [EC:3.1.3.16 3.1.3.48]	76.672302	0.549	HMMsoil84880	K14165; atypical dual specificity phosphatase EC:3.1.3.16 3.1.3.48	70.652016	0.46	PF00782.26	Dual specificity phosphatase, catalytic domain	65.306694	0.518													K14819	dual specificity phosphatase 12 [EC:3.1.3.16 3.1.3.48]	KEGG	false	medium	1242.0	678.0	1095.0	49464.0
vRhyme_bin_11__LABRr1A1B1C_000000270577_22	vRhyme_bin_11__LABRr1A1B1C_000000270577	LABRr1A1B1C_vRhyme_bin_11	10.0	10.0		K13815	two-component system, response regulator RpfG	68.426315	0.735					PF01966.29	HD domain	55.773678	0.584													K13815	two-component system, response regulator RpfG	KEGG	false	medium	1920.0	1500.0	1509.0	49050.0
vRhyme_bin_11__LABRr1A1B1C_000000270577_23	vRhyme_bin_11__LABRr1A1B1C_000000270577	LABRr1A1B1C_vRhyme_bin_11																														KEGG	false	medium	657.0	843.0	1845.0	48714.0
vRhyme_bin_11__LABRr1A1B1C_000000270577_24	vRhyme_bin_11__LABRr1A1B1C_000000270577	LABRr1A1B1C_vRhyme_bin_11				K27455		104.375916	0.786																	phrog_374	HNH endonuclease	161.872711	0.818	phrog_374	HNH endonuclease	PHROG	false	medium	939.0	561.0	2079.0	48480.0
vRhyme_bin_11__LABRr1A1B1C_000000270577_25	vRhyme_bin_11__LABRr1A1B1C_000000270577	LABRr1A1B1C_vRhyme_bin_11		10.0	3.26									PF15891.12	Nucleoside 2-deoxyribosyltransferase like	100.341362	0.619									phrog_30579		145.742615	0.807	phrog_30579		PHROG	false	medium	1500.0	885.0	2337.0	48222.0
vRhyme_bin_11__LABRr1A1B1C_000000270577_26	vRhyme_bin_11__LABRr1A1B1C_000000270577	LABRr1A1B1C_vRhyme_bin_11																														KEGG	false	medium	528.0	357.0	2490.0	48069.0
vRhyme_bin_11__LABRr1A1B1C_000000270577_27	vRhyme_bin_11__LABRr1A1B1C_000000270577	LABRr1A1B1C_vRhyme_bin_11	10.0	10.0	10.0	K15724	iron-sulfur cluster insertion protein	145.326721	0.943					PF01521.27	Iron-sulphur cluster biosynthesis	36.225502	0.326									phrog_17776		99.656654	0.879	K15724	iron-sulfur cluster insertion protein	KEGG	false	medium	885.0	2475.0	2949.0	47610.0
vRhyme_bin_11__LABRr1A1B1C_000000270577_28	vRhyme_bin_11__LABRr1A1B1C_000000270577	LABRr1A1B1C_vRhyme_bin_11																														KEGG	false	high	423.0	2052.0	3171.0	47388.0
vRhyme_bin_11__LABRr1A1B1C_000000270577_29	vRhyme_bin_11__LABRr1A1B1C_000000270577	LABRr1A1B1C_vRhyme_bin_11																														KEGG	false	high	600.0	1875.0	3678.0	46881.0
vRhyme_bin_11__LABRr1A1B1C_000000270577_30	vRhyme_bin_11__LABRr1A1B1C_000000270577	LABRr1A1B1C_vRhyme_bin_11	6.03	6.15	5.96	K22068	iron-sulfur cluster assembly enzyme ISCU, mitochondrial	235.281815	0.973					PF01592.22	NifU-like N terminal domain	150.649414	0.927									phrog_8429	NifU-like Fe-S cluster assembly protein	100.803261	0.918	K22068	iron-sulfur cluster assembly enzyme ISCU, mitochondrial	KEGG	false	high	951.0	1524.0	3867.0	46692.0
vRhyme_bin_11__LABRr1A1B1C_000000270577_31	vRhyme_bin_11__LABRr1A1B1C_000000270577	LABRr1A1B1C_vRhyme_bin_11																														KEGG	false	high	1281.0	1194.0	4974.0	45585.0
vRhyme_bin_11__LABRr1A1B1C_000000270577_32	vRhyme_bin_11__LABRr1A1B1C_000000270577	LABRr1A1B1C_vRhyme_bin_11																														KEGG	false	high	1428.0	1047.0	5184.0	45375.0
vRhyme_bin_11__LABRr1A1B1C_000000270577_33	vRhyme_bin_11__LABRr1A1B1C_000000270577	LABRr1A1B1C_vRhyme_bin_11																														KEGG	false	high	1809.0	666.0	5331.0	45228.0
vRhyme_bin_11__LABRr1A1B1C_000000270577_34	vRhyme_bin_11__LABRr1A1B1C_000000270577	LABRr1A1B1C_vRhyme_bin_11																								phrog_12251		72.838997	0.871	phrog_12251		PHROG	false	high	2103.0	372.0	6066.0	44493.0
vRhyme_bin_11__LABRr1A1B1C_000000270577_35	vRhyme_bin_11__LABRr1A1B1C_000000270577	LABRr1A1B1C_vRhyme_bin_11		10.0						HMMsoil130483	mutT, NUDT15, MTH2; 8-oxo-dGTP diphosphatase EC:3.6.1.55	43.280174	0.594	PF00293.35	NUDIX domain	42.693661	0.657													HMMsoil130483	mutT, NUDT15, MTH2; 8-oxo-dGTP diphosphatase EC:3.6.1.55	FOAM	false	high	2475.0	1422.0	6441.0	44118.0
vRhyme_bin_11__LABRr1A1B1C_000000270577_36	vRhyme_bin_11__LABRr1A1B1C_000000270577	LABRr1A1B1C_vRhyme_bin_11																														KEGG	false	high	429.0	993.0	6903.0	43656.0
vRhyme_bin_11__LABRr1A1B1C_000000270577_37	vRhyme_bin_11__LABRr1A1B1C_000000270577	LABRr1A1B1C_vRhyme_bin_11		10.0	10.0	K27287		82.657715	0.926					PF02945.22	Recombination endonuclease VII	55.812508	0.399									phrog_2633	endonuclease VII	78.11412	0.933	K27287		KEGG	false	high	1422.0	489.0	7593.0	42966.0
vRhyme_bin_11__LABRr1A1B1C_000000270577_38	vRhyme_bin_11__LABRr1A1B1C_000000270577	LABRr1A1B1C_vRhyme_bin_11		10.0	10.0									PF02511.21	Thymidylate synthase complementing protein	26.923443	0.428									phrog_85	thymidylate synthase	171.852676	0.912	phrog_85	thymidylate synthase	PHROG	false	high	489.0	NaN	7767.0	42792.0
vRhyme_bin_11__LABRr1A1B1C_000000270577_39	vRhyme_bin_11__LABRr1A1B1C_000000270577	LABRr1A1B1C_vRhyme_bin_11																														KEGG	false	high	1023.0	NaN	8544.0	42015.0
vRhyme_bin_11__LABRr1A1B1C_000000287262_1	vRhyme_bin_11__LABRr1A1B1C_000000287262	LABRr1A1B1C_vRhyme_bin_11																														KEGG	false	high	NaN	NaN	NaN	7290.0
vRhyme_bin_11__LABRr1A1B1C_000000287262_2	vRhyme_bin_11__LABRr1A1B1C_000000287262	LABRr1A1B1C_vRhyme_bin_11																														KEGG	false	high	NaN	NaN	NaN	7134.0
vRhyme_bin_11__LABRr1A1B1C_000000287262_3	vRhyme_bin_11__LABRr1A1B1C_000000287262	LABRr1A1B1C_vRhyme_bin_11																														KEGG	false	high	NaN	NaN	NaN	6816.0
vRhyme_bin_11__LABRr1A1B1C_000000287262_4	vRhyme_bin_11__LABRr1A1B1C_000000287262	LABRr1A1B1C_vRhyme_bin_11																														KEGG	false	high	NaN	NaN	NaN	6414.0
vRhyme_bin_11__LABRr1A1B1C_000000287262_5	vRhyme_bin_11__LABRr1A1B1C_000000287262	LABRr1A1B1C_vRhyme_bin_11																								phrog_2	terminase large subunit	58.61034	0.727	phrog_2	terminase large subunit	PHROG	false	high	NaN	NaN	NaN	6009.0
vRhyme_bin_11__LABRr1A1B1C_000000287262_6	vRhyme_bin_11__LABRr1A1B1C_000000287262	LABRr1A1B1C_vRhyme_bin_11																														KEGG	false	high	NaN	NaN	NaN	5670.0
vRhyme_bin_11__LABRr1A1B1C_000000287262_7	vRhyme_bin_11__LABRr1A1B1C_000000287262	LABRr1A1B1C_vRhyme_bin_11																														KEGG	false	high	NaN	NaN	NaN	5295.0
vRhyme_bin_11__LABRr1A1B1C_000000287262_8	vRhyme_bin_11__LABRr1A1B1C_000000287262	LABRr1A1B1C_vRhyme_bin_11																														KEGG	false	high	NaN	NaN	NaN	4815.0
vRhyme_bin_11__LABRr1A1B1C_000000287262_9	vRhyme_bin_11__LABRr1A1B1C_000000287262	LABRr1A1B1C_vRhyme_bin_11																														KEGG	false	high	NaN	NaN	NaN	4149.0
vRhyme_bin_11__LABRr1A1B1C_000000287262_10	vRhyme_bin_11__LABRr1A1B1C_000000287262	LABRr1A1B1C_vRhyme_bin_11																														KEGG	false	high	NaN	NaN	NaN	3663.0
vRhyme_bin_11__LABRr1A1B1C_000000287262_11	vRhyme_bin_11__LABRr1A1B1C_000000287262	LABRr1A1B1C_vRhyme_bin_11																														KEGG	false	high	NaN	NaN	NaN	3432.0
vRhyme_bin_11__LABRr1A1B1C_000000287262_12	vRhyme_bin_11__LABRr1A1B1C_000000287262	LABRr1A1B1C_vRhyme_bin_11																														KEGG	false	medium	NaN	NaN	NaN	3237.0
vRhyme_bin_11__LABRr1A1B1C_000000287262_13	vRhyme_bin_11__LABRr1A1B1C_000000287262	LABRr1A1B1C_vRhyme_bin_11																														KEGG	false	medium	NaN	NaN	NaN	3027.0
vRhyme_bin_11__LABRr1A1B1C_000000287262_14	vRhyme_bin_11__LABRr1A1B1C_000000287262	LABRr1A1B1C_vRhyme_bin_11		10.0						HMMsoil135836	GNPNAT1, GNA1; glucosamine-phosphate N-acetyltransferase EC:2.3.1.4	30.537674	0.448	PF00583.32	Acetyltransferase (GNAT) family	29.540953	0.48													HMMsoil135836	GNPNAT1, GNA1; glucosamine-phosphate N-acetyltransferase EC:2.3.1.4	FOAM	false	medium	NaN	NaN	NaN	2646.0
vRhyme_bin_11__LABRr1A1B1C_000000287262_15	vRhyme_bin_11__LABRr1A1B1C_000000287262	LABRr1A1B1C_vRhyme_bin_11																														KEGG	false	medium	NaN	NaN	NaN	2478.0
vRhyme_bin_11__LABRr1A1B1C_000000287262_16	vRhyme_bin_11__LABRr1A1B1C_000000287262	LABRr1A1B1C_vRhyme_bin_11																														KEGG	false	medium	NaN	NaN	NaN	2256.0
vRhyme_bin_11__LABRr1A1B1C_000000287262_17	vRhyme_bin_11__LABRr1A1B1C_000000287262	LABRr1A1B1C_vRhyme_bin_11																														KEGG	false	high	NaN	NaN	NaN	1311.0
vRhyme_bin_11__LABRr1A1B1C_000000287262_18	vRhyme_bin_11__LABRr1A1B1C_000000287262	LABRr1A1B1C_vRhyme_bin_11																														KEGG	false	high	NaN	NaN	NaN	570.0
vRhyme_bin_11__LABRr1A1B1C_000000287262_19	vRhyme_bin_11__LABRr1A1B1C_000000287262	LABRr1A1B1C_vRhyme_bin_11																														KEGG	false	high	NaN	NaN	NaN	231.0
vRhyme_bin_11__LABRr1A1B1C_000000287262_20	vRhyme_bin_11__LABRr1A1B1C_000000287262	LABRr1A1B1C_vRhyme_bin_11																														KEGG	false	high	NaN	NaN	NaN	NaN
vRhyme_bin_11__LABRr1A1B1C_000000287262_21	vRhyme_bin_11__LABRr1A1B1C_000000287262	LABRr1A1B1C_vRhyme_bin_11																														KEGG	false	high	NaN	NaN	1518.0	NaN
vRhyme_bin_11__LABRr1A1B1C_000000287262_22	vRhyme_bin_11__LABRr1A1B1C_000000287262	LABRr1A1B1C_vRhyme_bin_11				K14335	alpha-1,6-mannosyltransferase [EC:2.4.1.-]	53.570202	0.539	HMMsoil66957	waaG, rfaG; UDP-glucose:(heptosyl)LPS alpha-1,3-glucosyltransferase EC:2.4.1.-	45.260056	0.368																	K14335	alpha-1,6-mannosyltransferase [EC:2.4.1.-]	KEGG	false	high	NaN	NaN	1722.0	NaN
vRhyme_bin_11__LABRr1A1B1C_000000287262_23	vRhyme_bin_11__LABRr1A1B1C_000000287262	LABRr1A1B1C_vRhyme_bin_11																														KEGG	false	high	NaN	NaN	2007.0	NaN
vRhyme_bin_11__LABRr1A1B1C_000000287262_24	vRhyme_bin_11__LABRr1A1B1C_000000287262	LABRr1A1B1C_vRhyme_bin_11																														KEGG	false	high	NaN	NaN	3903.0	NaN
vRhyme_bin_11__LABRr1A1B1C_000000287262_25	vRhyme_bin_11__LABRr1A1B1C_000000287262	LABRr1A1B1C_vRhyme_bin_11																														KEGG	false	high	NaN	NaN	4155.0	NaN
vRhyme_bin_11__LABRr1A1B1C_000000287262_26	vRhyme_bin_11__LABRr1A1B1C_000000287262	LABRr1A1B1C_vRhyme_bin_11																														KEGG	false	high	NaN	NaN	4410.0	NaN
vRhyme_bin_11__LABRr1A1B1C_000000287262_27	vRhyme_bin_11__LABRr1A1B1C_000000287262	LABRr1A1B1C_vRhyme_bin_11																														KEGG	false	high	NaN	NaN	5262.0	NaN
vRhyme_bin_11__LABRr1A1B1C_000000287262_28	vRhyme_bin_11__LABRr1A1B1C_000000287262	LABRr1A1B1C_vRhyme_bin_11																														KEGG	false	high	NaN	NaN	6375.0	NaN
vRhyme_bin_11__LABRr1A1B1C_000000287262_29	vRhyme_bin_11__LABRr1A1B1C_000000287262	LABRr1A1B1C_vRhyme_bin_11																														KEGG	false	high	NaN	NaN	6846.0	NaN
vRhyme_bin_11__LABRr1A1B1C_000000321934_1	vRhyme_bin_11__LABRr1A1B1C_000000321934	LABRr1A1B1C_vRhyme_bin_11																														KEGG	false	high	NaN	4566.0	NaN	NaN
vRhyme_bin_11__LABRr1A1B1C_000000321934_2	vRhyme_bin_11__LABRr1A1B1C_000000321934	LABRr1A1B1C_vRhyme_bin_11				K27455		151.544556	0.583																	phrog_374	HNH endonuclease	223.379471	0.694	phrog_374	HNH endonuclease	PHROG	false	high	NaN	4344.0	NaN	NaN
vRhyme_bin_11__LABRr1A1B1C_000000321934_3	vRhyme_bin_11__LABRr1A1B1C_000000321934	LABRr1A1B1C_vRhyme_bin_11																														KEGG	false	high	NaN	3618.0	NaN	NaN
vRhyme_bin_11__LABRr1A1B1C_000000321934_4	vRhyme_bin_11__LABRr1A1B1C_000000321934	LABRr1A1B1C_vRhyme_bin_11																														KEGG	false	high	NaN	2901.0	NaN	NaN
vRhyme_bin_11__LABRr1A1B1C_000000321934_5	vRhyme_bin_11__LABRr1A1B1C_000000321934	LABRr1A1B1C_vRhyme_bin_11																														KEGG	false	high	NaN	1842.0	NaN	NaN
vRhyme_bin_11__LABRr1A1B1C_000000321934_6	vRhyme_bin_11__LABRr1A1B1C_000000321934	LABRr1A1B1C_vRhyme_bin_11																														KEGG	false	high	NaN	1383.0	NaN	NaN
vRhyme_bin_11__LABRr1A1B1C_000000321934_7	vRhyme_bin_11__LABRr1A1B1C_000000321934	LABRr1A1B1C_vRhyme_bin_11																														KEGG	false	high	NaN	1062.0	NaN	NaN
vRhyme_bin_11__LABRr1A1B1C_000000321934_8	vRhyme_bin_11__LABRr1A1B1C_000000321934	LABRr1A1B1C_vRhyme_bin_11																														KEGG	false	high	NaN	882.0	NaN	NaN
vRhyme_bin_11__LABRr1A1B1C_000000321934_9	vRhyme_bin_11__LABRr1A1B1C_000000321934	LABRr1A1B1C_vRhyme_bin_11		10.0										PF00216.27	Bacterial DNA-binding protein	41.346069	0.796													PF00216.27	Bacterial DNA-binding protein	Pfam	false	high	NaN	1707.0	NaN	NaN
vRhyme_bin_11__LABRr1A1B1C_000000321934_10	vRhyme_bin_11__LABRr1A1B1C_000000321934	LABRr1A1B1C_vRhyme_bin_11																														KEGG	false	high	NaN	1368.0	NaN	NaN
vRhyme_bin_11__LABRr1A1B1C_000000321934_11	vRhyme_bin_11__LABRr1A1B1C_000000321934	LABRr1A1B1C_vRhyme_bin_11																														KEGG	false	high	NaN	351.0	NaN	NaN
vRhyme_bin_11__LABRr1A1B1C_000000321934_12	vRhyme_bin_11__LABRr1A1B1C_000000321934	LABRr1A1B1C_vRhyme_bin_11		10.0										PF07460.17	NUMOD3 motif	37.919006	0.177													PF07460.17	NUMOD3 motif	Pfam	false	high	NaN	645.0	NaN	NaN
vRhyme_bin_11__LABRr1A1B1C_000000321934_13	vRhyme_bin_11__LABRr1A1B1C_000000321934	LABRr1A1B1C_vRhyme_bin_11	10.0	10.0	10.0	K02342	DNA polymerase III subunit epsilon [EC:2.7.7.7]	58.66375	0.703					PF00929.32	Exonuclease	49.479084	0.642									phrog_192	DNA polymerase exonuclease subunit	71.080498	0.675	phrog_192	DNA polymerase exonuclease subunit	PHROG	false	high	NaN	NaN	NaN	NaN
vRhyme_bin_11__LABRr1A1B1C_000000321934_14	vRhyme_bin_11__LABRr1A1B1C_000000321934	LABRr1A1B1C_vRhyme_bin_11																														KEGG	false	high	738.0	NaN	NaN	NaN
vRhyme_bin_11__LABRr1A1B1C_000000321934_15	vRhyme_bin_11__LABRr1A1B1C_000000321934	LABRr1A1B1C_vRhyme_bin_11																														KEGG	false	high	2217.0	NaN	NaN	NaN
vRhyme_bin_11__LABRr1A1B1C_000000321934_16	vRhyme_bin_11__LABRr1A1B1C_000000321934	LABRr1A1B1C_vRhyme_bin_11																														KEGG	false	high	3864.0	NaN	NaN	NaN
vRhyme_bin_11__LABRr1A1B1C_000000321934_17	vRhyme_bin_11__LABRr1A1B1C_000000321934	LABRr1A1B1C_vRhyme_bin_11																														KEGG	false	high	4152.0	NaN	NaN	NaN
vRhyme_bin_11__LABRr1A1B1C_000000321934_18	vRhyme_bin_11__LABRr1A1B1C_000000321934	LABRr1A1B1C_vRhyme_bin_11	10.0	10.0		K03553	recombination protein RecA	105.85746	0.793					PF00154.28	recA bacterial DNA recombination protein	69.832848	0.493													K03553	recombination protein RecA	KEGG	false	high	5001.0	NaN	NaN	NaN
vRhyme_bin_11__LABRr1A1B1C_000000321934_19	vRhyme_bin_11__LABRr1A1B1C_000000321934	LABRr1A1B1C_vRhyme_bin_11																														KEGG	false	high	1290.0	NaN	NaN	NaN
vRhyme_bin_11__LABRr1A1B1C_000000350032_1	vRhyme_bin_11__LABRr1A1B1C_000000350032	LABRr1A1B1C_vRhyme_bin_11																														KEGG	false	medium	NaN	NaN	NaN	NaN
vRhyme_bin_11__LABRr1A1B1C_000000350032_2	vRhyme_bin_11__LABRr1A1B1C_000000350032	LABRr1A1B1C_vRhyme_bin_11				K27654		50.198608	0.557																					K27654		KEGG	false	medium	NaN	NaN	NaN	NaN
vRhyme_bin_11__LABRr1A1B1C_000000350032_3	vRhyme_bin_11__LABRr1A1B1C_000000350032	LABRr1A1B1C_vRhyme_bin_11																														KEGG	false	medium	NaN	NaN	NaN	NaN
vRhyme_bin_11__LABRr1A1B1C_000000350032_4	vRhyme_bin_11__LABRr1A1B1C_000000350032	LABRr1A1B1C_vRhyme_bin_11																														KEGG	false	medium	NaN	NaN	NaN	NaN
vRhyme_bin_11__LABRr1A1B1C_000000350032_5	vRhyme_bin_11__LABRr1A1B1C_000000350032	LABRr1A1B1C_vRhyme_bin_11																														KEGG	false	medium	NaN	NaN	NaN	NaN
vRhyme_bin_11__LABRr1A1B1C_000000350032_6	vRhyme_bin_11__LABRr1A1B1C_000000350032	LABRr1A1B1C_vRhyme_bin_11																								phrog_15167	ATPase	62.358929	0.73	phrog_15167	ATPase	PHROG	false	medium	NaN	NaN	NaN	NaN
vRhyme_bin_11__LABRr1A1B1C_000000350032_7	vRhyme_bin_11__LABRr1A1B1C_000000350032	LABRr1A1B1C_vRhyme_bin_11																								phrog_1035	endonuclease VII	52.596283	0.711	phrog_1035	endonuclease VII	PHROG	false	medium	NaN	NaN	NaN	NaN
vRhyme_bin_11__LABRr1A1B1C_000000350032_8	vRhyme_bin_11__LABRr1A1B1C_000000350032	LABRr1A1B1C_vRhyme_bin_11																														KEGG	false	medium	NaN	NaN	NaN	NaN
vRhyme_bin_12__LABRr1A1B1C_000000038288_1	vRhyme_bin_12__LABRr1A1B1C_000000038288	LABRr1A1B1C_vRhyme_bin_12																														KEGG	false	high	NaN	9843.0	2835.0	NaN
vRhyme_bin_12__LABRr1A1B1C_000000038288_2	vRhyme_bin_12__LABRr1A1B1C_000000038288	LABRr1A1B1C_vRhyme_bin_12																														KEGG	false	high	NaN	9768.0	3156.0	NaN
vRhyme_bin_12__LABRr1A1B1C_000000038288_3	vRhyme_bin_12__LABRr1A1B1C_000000038288	LABRr1A1B1C_vRhyme_bin_12																														KEGG	false	high	NaN	9264.0	5259.0	NaN
vRhyme_bin_12__LABRr1A1B1C_000000038288_4	vRhyme_bin_12__LABRr1A1B1C_000000038288	LABRr1A1B1C_vRhyme_bin_12												PF24175.3		91.417076	0.861									phrog_399	structural protein	51.532154	0.723	PF24175.3		Pfam	false	high	NaN	8427.0	5610.0	NaN
vRhyme_bin_12__LABRr1A1B1C_000000038288_5	vRhyme_bin_12__LABRr1A1B1C_000000038288	LABRr1A1B1C_vRhyme_bin_12																														KEGG	false	high	NaN	7734.0	6021.0	NaN
vRhyme_bin_12__LABRr1A1B1C_000000038288_6	vRhyme_bin_12__LABRr1A1B1C_000000038288	LABRr1A1B1C_vRhyme_bin_12																														KEGG	false	high	NaN	7062.0	6945.0	NaN
vRhyme_bin_12__LABRr1A1B1C_000000038288_7	vRhyme_bin_12__LABRr1A1B1C_000000038288	LABRr1A1B1C_vRhyme_bin_12																														KEGG	false	high	NaN	5172.0	7671.0	NaN
vRhyme_bin_12__LABRr1A1B1C_000000038288_8	vRhyme_bin_12__LABRr1A1B1C_000000038288	LABRr1A1B1C_vRhyme_bin_12																														KEGG	false	high	NaN	4518.0	8178.0	NaN
vRhyme_bin_12__LABRr1A1B1C_000000038288_9	vRhyme_bin_12__LABRr1A1B1C_000000038288	LABRr1A1B1C_vRhyme_bin_12																														KEGG	false	high	NaN	3459.0	8490.0	NaN
vRhyme_bin_12__LABRr1A1B1C_000000038288_10	vRhyme_bin_12__LABRr1A1B1C_000000038288	LABRr1A1B1C_vRhyme_bin_12																								phrog_9953	major head protein	130.483109	0.936	phrog_9953	major head protein	PHROG	false	high	NaN	2865.0	8673.0	NaN
vRhyme_bin_12__LABRr1A1B1C_000000038288_11	vRhyme_bin_12__LABRr1A1B1C_000000038288	LABRr1A1B1C_vRhyme_bin_12																														KEGG	false	high	NaN	1923.0	9069.0	NaN
vRhyme_bin_12__LABRr1A1B1C_000000038288_12	vRhyme_bin_12__LABRr1A1B1C_000000038288	LABRr1A1B1C_vRhyme_bin_12																														KEGG	false	high	NaN	912.0	NaN	NaN
vRhyme_bin_12__LABRr1A1B1C_000000038288_13	vRhyme_bin_12__LABRr1A1B1C_000000038288	LABRr1A1B1C_vRhyme_bin_12																														KEGG	false	high	NaN	525.0	NaN	NaN
vRhyme_bin_12__LABRr1A1B1C_000000038288_14	vRhyme_bin_12__LABRr1A1B1C_000000038288	LABRr1A1B1C_vRhyme_bin_12																								phrog_2423		54.203671	0.845	phrog_2423		PHROG	false	high	NaN	366.0	NaN	NaN
vRhyme_bin_12__LABRr1A1B1C_000000038288_15	vRhyme_bin_12__LABRr1A1B1C_000000038288	LABRr1A1B1C_vRhyme_bin_12																														KEGG	false	high	NaN	192.0	NaN	NaN
vRhyme_bin_12__LABRr1A1B1C_000000038288_16	vRhyme_bin_12__LABRr1A1B1C_000000038288	LABRr1A1B1C_vRhyme_bin_12		10.0	10.0									PF16510.13	Phage P22-like portal protein	126.491135	0.8									phrog_156	portal protein	152.248779	0.936	phrog_156	portal protein	PHROG	false	high	NaN	NaN	NaN	NaN
vRhyme_bin_12__LABRr1A1B1C_000000038288_17	vRhyme_bin_12__LABRr1A1B1C_000000038288	LABRr1A1B1C_vRhyme_bin_12																														KEGG	false	high	1875.0	NaN	NaN	NaN
vRhyme_bin_12__LABRr1A1B1C_000000038288_18	vRhyme_bin_12__LABRr1A1B1C_000000038288	LABRr1A1B1C_vRhyme_bin_12																								phrog_2	terminase large subunit	82.497688	0.849	phrog_2	terminase large subunit	PHROG	false	high	2229.0	NaN	NaN	NaN
vRhyme_bin_12__LABRr1A1B1C_000000038288_19	vRhyme_bin_12__LABRr1A1B1C_000000038288	LABRr1A1B1C_vRhyme_bin_12																														KEGG	false	high	3942.0	NaN	NaN	NaN
vRhyme_bin_12__LABRr1A1B1C_000000038288_20	vRhyme_bin_12__LABRr1A1B1C_000000038288	LABRr1A1B1C_vRhyme_bin_12																														KEGG	false	high	4317.0	NaN	NaN	NaN
vRhyme_bin_12__LABRr1A1B1C_000000038288_21	vRhyme_bin_12__LABRr1A1B1C_000000038288	LABRr1A1B1C_vRhyme_bin_12																														KEGG	false	high	4506.0	NaN	NaN	NaN
vRhyme_bin_12__LABRr1A1B1C_000000038288_22	vRhyme_bin_12__LABRr1A1B1C_000000038288	LABRr1A1B1C_vRhyme_bin_12																														KEGG	false	high	4599.0	NaN	NaN	NaN
vRhyme_bin_12__LABRr1A1B1C_000000038288_23	vRhyme_bin_12__LABRr1A1B1C_000000038288	LABRr1A1B1C_vRhyme_bin_12																														KEGG	false	high	4692.0	NaN	NaN	NaN
vRhyme_bin_12__LABRr1A1B1C_000000038288_24	vRhyme_bin_12__LABRr1A1B1C_000000038288	LABRr1A1B1C_vRhyme_bin_12																														KEGG	false	high	4866.0	NaN	NaN	NaN
vRhyme_bin_12__LABRr1A1B1C_000000038288_25	vRhyme_bin_12__LABRr1A1B1C_000000038288	LABRr1A1B1C_vRhyme_bin_12																														KEGG	false	high	5391.0	NaN	NaN	NaN
vRhyme_bin_12__LABRr1A1B1C_000000038288_26	vRhyme_bin_12__LABRr1A1B1C_000000038288	LABRr1A1B1C_vRhyme_bin_12																														KEGG	false	high	5598.0	NaN	NaN	NaN
vRhyme_bin_12__LABRr1A1B1C_000000038288_27	vRhyme_bin_12__LABRr1A1B1C_000000038288	LABRr1A1B1C_vRhyme_bin_12																														KEGG	false	high	5910.0	NaN	NaN	NaN
vRhyme_bin_12__LABRr1A1B1C_000000038288_28	vRhyme_bin_12__LABRr1A1B1C_000000038288	LABRr1A1B1C_vRhyme_bin_12																														KEGG	false	high	6249.0	NaN	NaN	NaN
vRhyme_bin_12__LABRr1A1B1C_000000038288_29	vRhyme_bin_12__LABRr1A1B1C_000000038288	LABRr1A1B1C_vRhyme_bin_12																														KEGG	false	high	6882.0	NaN	NaN	NaN
vRhyme_bin_12__LABRr1A1B1C_000000038288_30	vRhyme_bin_12__LABRr1A1B1C_000000038288	LABRr1A1B1C_vRhyme_bin_12																														KEGG	false	high	7227.0	NaN	NaN	NaN
vRhyme_bin_12__LABRr1A1B1C_000000038288_31	vRhyme_bin_12__LABRr1A1B1C_000000038288	LABRr1A1B1C_vRhyme_bin_12																														KEGG	false	high	7425.0	NaN	NaN	NaN
vRhyme_bin_12__LABRr1A1B1C_000000105372_1	vRhyme_bin_12__LABRr1A1B1C_000000105372	LABRr1A1B1C_vRhyme_bin_12																														KEGG	false	high	NaN	NaN	NaN	7566.0
vRhyme_bin_12__LABRr1A1B1C_000000105372_2	vRhyme_bin_12__LABRr1A1B1C_000000105372	LABRr1A1B1C_vRhyme_bin_12																														KEGG	false	high	NaN	NaN	NaN	6609.0
vRhyme_bin_12__LABRr1A1B1C_000000105372_3	vRhyme_bin_12__LABRr1A1B1C_000000105372	LABRr1A1B1C_vRhyme_bin_12		10.0	3.54									PF04098.22	Rad52/22 family double-strand break repair protein	66.656075	0.485									phrog_26464	DNA repair protein	113.464211	0.647	phrog_26464	DNA repair protein	PHROG	false	medium	NaN	NaN	NaN	6318.0
vRhyme_bin_12__LABRr1A1B1C_000000105372_4	vRhyme_bin_12__LABRr1A1B1C_000000105372	LABRr1A1B1C_vRhyme_bin_12																														KEGG	false	high	NaN	NaN	NaN	5943.0
vRhyme_bin_12__LABRr1A1B1C_000000105372_5	vRhyme_bin_12__LABRr1A1B1C_000000105372	LABRr1A1B1C_vRhyme_bin_12																														KEGG	false	high	NaN	NaN	NaN	5598.0
vRhyme_bin_12__LABRr1A1B1C_000000105372_6	vRhyme_bin_12__LABRr1A1B1C_000000105372	LABRr1A1B1C_vRhyme_bin_12																														KEGG	false	high	NaN	NaN	NaN	5385.0
vRhyme_bin_12__LABRr1A1B1C_000000105372_7	vRhyme_bin_12__LABRr1A1B1C_000000105372	LABRr1A1B1C_vRhyme_bin_12																														KEGG	false	high	NaN	NaN	NaN	5037.0
vRhyme_bin_12__LABRr1A1B1C_000000105372_8	vRhyme_bin_12__LABRr1A1B1C_000000105372	LABRr1A1B1C_vRhyme_bin_12																														KEGG	false	high	NaN	NaN	NaN	4437.0
vRhyme_bin_12__LABRr1A1B1C_000000105372_9	vRhyme_bin_12__LABRr1A1B1C_000000105372	LABRr1A1B1C_vRhyme_bin_12																														KEGG	false	high	NaN	NaN	NaN	4206.0
vRhyme_bin_12__LABRr1A1B1C_000000105372_10	vRhyme_bin_12__LABRr1A1B1C_000000105372	LABRr1A1B1C_vRhyme_bin_12																														KEGG	false	high	NaN	NaN	NaN	3861.0
vRhyme_bin_12__LABRr1A1B1C_000000105372_11	vRhyme_bin_12__LABRr1A1B1C_000000105372	LABRr1A1B1C_vRhyme_bin_12																														KEGG	false	high	NaN	NaN	NaN	2187.0
vRhyme_bin_12__LABRr1A1B1C_000000105372_12	vRhyme_bin_12__LABRr1A1B1C_000000105372	LABRr1A1B1C_vRhyme_bin_12																														KEGG	false	high	NaN	NaN	NaN	1635.0
vRhyme_bin_12__LABRr1A1B1C_000000105372_13	vRhyme_bin_12__LABRr1A1B1C_000000105372	LABRr1A1B1C_vRhyme_bin_12																														KEGG	false	high	NaN	NaN	NaN	1356.0
vRhyme_bin_12__LABRr1A1B1C_000000105372_14	vRhyme_bin_12__LABRr1A1B1C_000000105372	LABRr1A1B1C_vRhyme_bin_12																														KEGG	false	high	NaN	NaN	NaN	1197.0
vRhyme_bin_12__LABRr1A1B1C_000000105372_15	vRhyme_bin_12__LABRr1A1B1C_000000105372	LABRr1A1B1C_vRhyme_bin_12																														KEGG	false	high	NaN	NaN	NaN	729.0
vRhyme_bin_12__LABRr1A1B1C_000000124220_1	vRhyme_bin_12__LABRr1A1B1C_000000124220	LABRr1A1B1C_vRhyme_bin_12																														KEGG	false	medium	NaN	489.0	NaN	NaN
vRhyme_bin_12__LABRr1A1B1C_000000124220_2	vRhyme_bin_12__LABRr1A1B1C_000000124220	LABRr1A1B1C_vRhyme_bin_12																														KEGG	false	medium	NaN	309.0	NaN	NaN
vRhyme_bin_12__LABRr1A1B1C_000000124220_3	vRhyme_bin_12__LABRr1A1B1C_000000124220	LABRr1A1B1C_vRhyme_bin_12	10.0	10.0	10.0	K04763	integrase/recombinase XerD	109.798439	0.917					PF00589.28	Phage integrase family	81.479134	0.879									phrog_216	integrase	109.692696	0.917	K04763	integrase/recombinase XerD	KEGG	false	medium	NaN	3231.0	NaN	NaN
vRhyme_bin_12__LABRr1A1B1C_000000124220_4	vRhyme_bin_12__LABRr1A1B1C_000000124220	LABRr1A1B1C_vRhyme_bin_12																														KEGG	false	high	618.0	2613.0	NaN	NaN
vRhyme_bin_12__LABRr1A1B1C_000000124220_5	vRhyme_bin_12__LABRr1A1B1C_000000124220	LABRr1A1B1C_vRhyme_bin_12																														KEGG	false	high	822.0	2409.0	NaN	NaN
vRhyme_bin_12__LABRr1A1B1C_000000124220_6	vRhyme_bin_12__LABRr1A1B1C_000000124220	LABRr1A1B1C_vRhyme_bin_12				K15046	influenza virus NS1A-binding protein	84.902397	0.924	HMMsoil47296	GAOA; galactose oxidase EC:1.1.3.9	34.223068	0.433					AA5	Oxidase with oxygen as acceptor (EC 1.1.3.-); galactose oxidase (EC 1.1.3.9); glyoxal oxidase (EC 1.2.3.15); alcohol oxidase (EC 1.1.3.13); raffinose oxidase (EC 1.1.3.-)	92.107811	0.558					phrog_16216		96.809082	0.692	phrog_16216		PHROG	false	high	2559.0	672.0	NaN	NaN
vRhyme_bin_12__LABRr1A1B1C_000000124220_7	vRhyme_bin_12__LABRr1A1B1C_000000124220	LABRr1A1B1C_vRhyme_bin_12	10.0	10.0	10.0	K06909	phage terminase large subunit	445.29126	0.927					PF04466.20	Phage terminase large subunit	146.285797	0.437									phrog_3717	terminase large subunit	232.710266	0.549	K06909	phage terminase large subunit	KEGG	false	high	3231.0	1455.0	NaN	NaN
vRhyme_bin_12__LABRr1A1B1C_000000124220_8	vRhyme_bin_12__LABRr1A1B1C_000000124220	LABRr1A1B1C_vRhyme_bin_12																														KEGG	false	high	1311.0	144.0	NaN	NaN
vRhyme_bin_12__LABRr1A1B1C_000000124220_9	vRhyme_bin_12__LABRr1A1B1C_000000124220	LABRr1A1B1C_vRhyme_bin_12	10.0	10.0	10.0	K06909	phage terminase large subunit	443.638275	0.945					PF04466.20	Phage terminase large subunit	142.153458	0.457									phrog_3717	terminase large subunit	235.456345	0.596	K06909	phage terminase large subunit	KEGG	false	high	1455.0	1248.0	NaN	NaN
vRhyme_bin_12__LABRr1A1B1C_000000124220_10	vRhyme_bin_12__LABRr1A1B1C_000000124220	LABRr1A1B1C_vRhyme_bin_12	10.0	10.0	10.0	K06909	phage terminase large subunit	444.455048	0.897					PF04466.20	Phage terminase large subunit	148.217697	0.439									phrog_3717	terminase large subunit	232.717804	0.591	K06909	phage terminase large subunit	KEGG	false	high	1248.0	1848.0	NaN	NaN
vRhyme_bin_12__LABRr1A1B1C_000000124220_11	vRhyme_bin_12__LABRr1A1B1C_000000124220	LABRr1A1B1C_vRhyme_bin_12																														KEGG	false	high	1305.0	543.0	NaN	NaN
vRhyme_bin_12__LABRr1A1B1C_000000124220_12	vRhyme_bin_12__LABRr1A1B1C_000000124220	LABRr1A1B1C_vRhyme_bin_12																														KEGG	false	high	1746.0	102.0	NaN	NaN
vRhyme_bin_12__LABRr1A1B1C_000000124220_13	vRhyme_bin_12__LABRr1A1B1C_000000124220	LABRr1A1B1C_vRhyme_bin_12	10.0	10.0	10.0	K00571	site-specific DNA-methyltransferase (adenine-specific) [EC:2.1.1.72]	112.694313	0.566					PF01555.25	DNA methylase	57.714924	0.451									phrog_498	DNA methyltransferase	315.399902	0.947	phrog_498	DNA methyltransferase	PHROG	false	high	1848.0	1404.0	NaN	NaN
vRhyme_bin_12__LABRr1A1B1C_000000124220_14	vRhyme_bin_12__LABRr1A1B1C_000000124220	LABRr1A1B1C_vRhyme_bin_12	10.0	4.7	4.17	K07334	toxin HigB-1	73.441544	0.951					PF05015.19	RelE-like toxin of type II toxin-antitoxin system HigB	32.58926	0.735									phrog_3066	toxin of TA system	54.191772	0.824	K07334	toxin HigB-1	KEGG	false	high	1404.0	306.0	NaN	NaN
vRhyme_bin_12__LABRr1A1B1C_000000124220_15	vRhyme_bin_12__LABRr1A1B1C_000000124220	LABRr1A1B1C_vRhyme_bin_12	5.79	10.0	10.0	K18831	HTH-type transcriptional regulator / antitoxin HigA	166.317642	0.96	HMMsoil26115	rpoA1; DNA-directed RNA polymerase subunit A' EC:2.7.7.6	24.479248	0.14	PF01381.29	Helix-turn-helix	29.758043	0.137									phrog_2439	transcriptional regulator	64.595024	0.781	K18831	HTH-type transcriptional regulator / antitoxin HigA	KEGG	false	medium	306.0	3531.0	NaN	NaN
vRhyme_bin_12__LABRr1A1B1C_000000124220_16	vRhyme_bin_12__LABRr1A1B1C_000000124220	LABRr1A1B1C_vRhyme_bin_12																														KEGG	false	medium	1137.0	2394.0	NaN	NaN
vRhyme_bin_12__LABRr1A1B1C_000000124220_17	vRhyme_bin_12__LABRr1A1B1C_000000124220	LABRr1A1B1C_vRhyme_bin_12																														KEGG	false	medium	1701.0	1830.0	NaN	NaN
vRhyme_bin_12__LABRr1A1B1C_000000124220_18	vRhyme_bin_12__LABRr1A1B1C_000000124220	LABRr1A1B1C_vRhyme_bin_12																														KEGG	false	medium	2061.0	1470.0	NaN	NaN
vRhyme_bin_12__LABRr1A1B1C_000000124220_19	vRhyme_bin_12__LABRr1A1B1C_000000124220	LABRr1A1B1C_vRhyme_bin_12																														KEGG	false	medium	3282.0	249.0	NaN	NaN
vRhyme_bin_12__LABRr1A1B1C_000000124220_20	vRhyme_bin_12__LABRr1A1B1C_000000124220	LABRr1A1B1C_vRhyme_bin_12		10.0										PF12728.14	Helix-turn-helix domain	30.269447	0.494													PF12728.14	Helix-turn-helix domain	Pfam	false	medium	3531.0	261.0	NaN	NaN
vRhyme_bin_12__LABRr1A1B1C_000000124220_21	vRhyme_bin_12__LABRr1A1B1C_000000124220	LABRr1A1B1C_vRhyme_bin_12		10.0	4.19									PF13148.12	Protein of unknown function (DUF3987)	286.299377	0.45									phrog_2373	DNA helicase	204.103775	0.601	PF13148.12	Protein of unknown function (DUF3987)	Pfam	false	medium	261.0	2841.0	NaN	NaN
vRhyme_bin_12__LABRr1A1B1C_000000124220_22	vRhyme_bin_12__LABRr1A1B1C_000000124220	LABRr1A1B1C_vRhyme_bin_12		0.11										PF18563.7	TubC N-terminal docking domain	33.907669	0.355													PF18563.7	TubC N-terminal docking domain	Pfam	false	medium	2469.0	372.0	NaN	NaN
vRhyme_bin_12__LABRr1A1B1C_000000124220_23	vRhyme_bin_12__LABRr1A1B1C_000000124220	LABRr1A1B1C_vRhyme_bin_12	10.0	10.0	10.0	K14059	integrase	179.749527	0.918					PF00589.28	Phage integrase family	93.774498	0.439									phrog_1	integrase	243.171509	0.903	phrog_1	integrase	PHROG	false	medium	2841.0	3456.0	NaN	NaN
vRhyme_bin_12__LABRr1A1B1C_000000124220_24	vRhyme_bin_12__LABRr1A1B1C_000000124220	LABRr1A1B1C_vRhyme_bin_12																														KEGG	false	high	1140.0	2316.0	NaN	NaN
vRhyme_bin_12__LABRr1A1B1C_000000124220_25	vRhyme_bin_12__LABRr1A1B1C_000000124220	LABRr1A1B1C_vRhyme_bin_12																														KEGG	false	high	1875.0	1581.0	NaN	NaN
vRhyme_bin_12__LABRr1A1B1C_000000124220_26	vRhyme_bin_12__LABRr1A1B1C_000000124220	LABRr1A1B1C_vRhyme_bin_12	0.11	5.88		K06442	23S rRNA (cytidine1920-2'-O)/16S rRNA (cytidine1409-2'-O)-methyltransferase [EC:2.1.1.226 2.1.1.227]	375.964844	0.864					PF01728.26	FtsJ-like methyltransferase	139.719467	0.64													K06442	23S rRNA (cytidine1920-2'-O)/16S rRNA (cytidine1409-2'-O)-methyltransferase [EC:2.1.1.226 2.1.1.227]	KEGG	false	medium	2598.0	858.0	NaN	NaN
vRhyme_bin_12__LABRr1A1B1C_000000124220_27	vRhyme_bin_12__LABRr1A1B1C_000000124220	LABRr1A1B1C_vRhyme_bin_12	10.0	10.0	10.0	K08679	UDP-glucuronate 4-epimerase [EC:5.1.3.6]	430.319946	0.981	HMMsoil4736	galE, GALE; UDP-glucose 4-epimerase EC:5.1.3.2	172.744385	0.719	PF01370.28	NAD dependent epimerase/dehydratase family	199.301483	0.765									phrog_540	nucleotide-sugar epimerase	261.814636	0.985	K08679	UDP-glucuronate 4-epimerase [EC:5.1.3.6]	KEGG	false	medium	3456.0	NaN	NaN	NaN
vRhyme_bin_12__LABRr1A1B1C_000000137286_1	vRhyme_bin_12__LABRr1A1B1C_000000137286	LABRr1A1B1C_vRhyme_bin_12		10.0						HMMsoil59556	NEU1; sialidase-1 EC:3.2.1.18	57.103535	0.115	PF13385.14	Concanavalin A-like lectin/glucanases superfamily	68.547279	0.163													PF13385.14	Concanavalin A-like lectin/glucanases superfamily	Pfam	false	high	NaN	NaN	NaN	NaN
vRhyme_bin_12__LABRr1A1B1C_000000137286_2	vRhyme_bin_12__LABRr1A1B1C_000000137286	LABRr1A1B1C_vRhyme_bin_12																								phrog_58	tail length tape measure protein	82.087769	0.948	phrog_58	tail length tape measure protein	PHROG	false	high	NaN	NaN	NaN	NaN
vRhyme_bin_12__LABRr1A1B1C_000000137286_3	vRhyme_bin_12__LABRr1A1B1C_000000137286	LABRr1A1B1C_vRhyme_bin_12																														KEGG	false	high	NaN	NaN	NaN	NaN
vRhyme_bin_12__LABRr1A1B1C_000000137286_4	vRhyme_bin_12__LABRr1A1B1C_000000137286	LABRr1A1B1C_vRhyme_bin_12																														KEGG	false	high	NaN	NaN	NaN	NaN
vRhyme_bin_12__LABRr1A1B1C_000000137286_5	vRhyme_bin_12__LABRr1A1B1C_000000137286	LABRr1A1B1C_vRhyme_bin_12																														KEGG	false	high	NaN	NaN	NaN	NaN
vRhyme_bin_12__LABRr1A1B1C_000000137286_6	vRhyme_bin_12__LABRr1A1B1C_000000137286	LABRr1A1B1C_vRhyme_bin_12		10.0	4.1									PF18906.6	Phage tail tube protein	89.194008	0.915									phrog_290	minor tail protein	103.617165	0.946	phrog_290	minor tail protein	PHROG	false	high	NaN	NaN	NaN	NaN
vRhyme_bin_12__LABRr1A1B1C_000000137286_7	vRhyme_bin_12__LABRr1A1B1C_000000137286	LABRr1A1B1C_vRhyme_bin_12																														KEGG	false	high	NaN	NaN	NaN	NaN
vRhyme_bin_12__LABRr1A1B1C_000000137286_8	vRhyme_bin_12__LABRr1A1B1C_000000137286	LABRr1A1B1C_vRhyme_bin_12																														KEGG	false	high	NaN	NaN	NaN	NaN
vRhyme_bin_12__LABRr1A1B1C_000000137286_9	vRhyme_bin_12__LABRr1A1B1C_000000137286	LABRr1A1B1C_vRhyme_bin_12																														KEGG	false	high	NaN	NaN	NaN	NaN
vRhyme_bin_12__LABRr1A1B1C_000000137286_10	vRhyme_bin_12__LABRr1A1B1C_000000137286	LABRr1A1B1C_vRhyme_bin_12		10.0						HMMsoil126565		24.984093	0.151	PF09479.17	Listeria-Bacteroides repeat domain (List_Bact_rpt)	47.793934	0.124													PF09479.17	Listeria-Bacteroides repeat domain (List_Bact_rpt)	Pfam	false	high	NaN	NaN	NaN	NaN
vRhyme_bin_12__LABRr1A1B1C_000000142893_1	vRhyme_bin_12__LABRr1A1B1C_000000142893	LABRr1A1B1C_vRhyme_bin_12																														KEGG	false	high	NaN	918.0	NaN	NaN
vRhyme_bin_12__LABRr1A1B1C_000000142893_2	vRhyme_bin_12__LABRr1A1B1C_000000142893	LABRr1A1B1C_vRhyme_bin_12																								phrog_338	HNH endonuclease	64.735764	0.877	phrog_338	HNH endonuclease	PHROG	false	high	NaN	582.0	NaN	NaN
vRhyme_bin_12__LABRr1A1B1C_000000142893_3	vRhyme_bin_12__LABRr1A1B1C_000000142893	LABRr1A1B1C_vRhyme_bin_12																														KEGG	false	high	NaN	264.0	NaN	NaN
vRhyme_bin_12__LABRr1A1B1C_000000142893_4	vRhyme_bin_12__LABRr1A1B1C_000000142893	LABRr1A1B1C_vRhyme_bin_12		10.0	10.0									PF03237.22	Terminase large subunit, T4likevirus-type, N-terminal	34.682217	0.305									phrog_9	terminase large subunit	239.237061	0.975	phrog_9	terminase large subunit	PHROG	false	high	NaN	1824.0	NaN	NaN
vRhyme_bin_12__LABRr1A1B1C_000000142893_5	vRhyme_bin_12__LABRr1A1B1C_000000142893	LABRr1A1B1C_vRhyme_bin_12																														KEGG	false	high	1326.0	498.0	NaN	NaN
vRhyme_bin_12__LABRr1A1B1C_000000142893_6	vRhyme_bin_12__LABRr1A1B1C_000000142893	LABRr1A1B1C_vRhyme_bin_12																														KEGG	false	high	1587.0	237.0	NaN	NaN
vRhyme_bin_12__LABRr1A1B1C_000000142893_7	vRhyme_bin_12__LABRr1A1B1C_000000142893	LABRr1A1B1C_vRhyme_bin_12		10.0	10.0									PF04860.18	Phage portal protein	239.606598	0.745									phrog_12	portal protein	276.212067	0.866	phrog_12	portal protein	PHROG	false	high	1824.0	1317.0	NaN	NaN
vRhyme_bin_12__LABRr1A1B1C_000000142893_8	vRhyme_bin_12__LABRr1A1B1C_000000142893	LABRr1A1B1C_vRhyme_bin_12	10.0	10.0		K06904	Escherichia/Staphylococcus phage prohead protease	104.199844	0.514					PF04586.23	Caudovirus prohead serine protease	77.337799	0.282													K06904	Escherichia/Staphylococcus phage prohead protease	KEGG	false	high	1317.0	1500.0	NaN	336.0
vRhyme_bin_12__LABRr1A1B1C_000000142893_9	vRhyme_bin_12__LABRr1A1B1C_000000142893	LABRr1A1B1C_vRhyme_bin_12		10.0	10.0									PF05065.20	Phage capsid family	50.16724	0.592									phrog_2263	major head protein	84.882278	0.958	phrog_2263	major head protein	PHROG	false	high	1500.0	NaN	NaN	NaN
vRhyme_bin_12__LABRr1A1B1C_000000142893_10	vRhyme_bin_12__LABRr1A1B1C_000000142893	LABRr1A1B1C_vRhyme_bin_12																								phrog_2263	major head protein	96.871216	0.862	phrog_2263	major head protein	PHROG	false	high	1272.0	NaN	318.0	NaN
vRhyme_bin_12__LABRr1A1B1C_000000142893_11	vRhyme_bin_12__LABRr1A1B1C_000000142893	LABRr1A1B1C_vRhyme_bin_12																														KEGG	false	high	2886.0	NaN	582.0	NaN
vRhyme_bin_12__LABRr1A1B1C_000000142893_12	vRhyme_bin_12__LABRr1A1B1C_000000142893	LABRr1A1B1C_vRhyme_bin_12																														KEGG	false	high	3528.0	NaN	1908.0	NaN
vRhyme_bin_12__LABRr1A1B1C_000000142893_13	vRhyme_bin_12__LABRr1A1B1C_000000142893	LABRr1A1B1C_vRhyme_bin_12		10.0						HMMsoil76645	METTL6; tRNA N(3)-methylcytidine methyltransferase METTL6 EC:2.1.1.-	40.752464	0.346	PF08241.19	Methyltransferase domain	43.582474	0.27													PF08241.19	Methyltransferase domain	Pfam	false	high	4410.0	NaN	2169.0	NaN
vRhyme_bin_12__LABRr1A1B1C_000000142893_14	vRhyme_bin_12__LABRr1A1B1C_000000142893	LABRr1A1B1C_vRhyme_bin_12																														KEGG	false	high	555.0	NaN	2406.0	NaN
vRhyme_bin_12__LABRr1A1B1C_000000142893_15	vRhyme_bin_12__LABRr1A1B1C_000000142893	LABRr1A1B1C_vRhyme_bin_12																														KEGG	false	high	1083.0	NaN	3723.0	NaN
vRhyme_bin_12__LABRr1A1B1C_000000142893_16	vRhyme_bin_12__LABRr1A1B1C_000000142893	LABRr1A1B1C_vRhyme_bin_12																														KEGG	false	high	1323.0	NaN	5223.0	NaN
vRhyme_bin_12__LABRr1A1B1C_000000142893_17	vRhyme_bin_12__LABRr1A1B1C_000000142893	LABRr1A1B1C_vRhyme_bin_12																														KEGG	false	high	1716.0	NaN	6495.0	NaN
vRhyme_bin_12__LABRr1A1B1C_000000142893_18	vRhyme_bin_12__LABRr1A1B1C_000000142893	LABRr1A1B1C_vRhyme_bin_12																														KEGG	false	high	2070.0	NaN	8109.0	NaN
vRhyme_bin_11__MGr3G3H3I_000000044066_1	vRhyme_bin_11__MGr3G3H3I_000000044066	MGr3G3H3I_vRhyme_bin_11	1.16	1.71		K24948	antimicrobial peptide resistance transport system permease protein	160.258759	0.982	HMMsoil78089	ABC.CD.P; putative ABC transport system permease protein	158.090485	0.764	PF02687.28	FtsX-like permease family	79.851295	0.697													K24948	antimicrobial peptide resistance transport system permease protein	KEGG	false	medium	NaN	2445.0	NaN	NaN
vRhyme_bin_11__MGr3G3H3I_000000044066_2	vRhyme_bin_11__MGr3G3H3I_000000044066	MGr3G3H3I_vRhyme_bin_11																														KEGG	false	medium	NaN	1950.0	NaN	NaN
vRhyme_bin_11__MGr3G3H3I_000000044066_3	vRhyme_bin_11__MGr3G3H3I_000000044066	MGr3G3H3I_vRhyme_bin_11																								phrog_7947		50.319893	0.771	phrog_7947		PHROG	false	medium	NaN	1782.0	NaN	NaN
vRhyme_bin_11__MGr3G3H3I_000000044066_4	vRhyme_bin_11__MGr3G3H3I_000000044066	MGr3G3H3I_vRhyme_bin_11																								phrog_8234		213.671616	0.956	phrog_8234		PHROG	false	medium	NaN	1428.0	NaN	NaN
vRhyme_bin_11__MGr3G3H3I_000000044066_5	vRhyme_bin_11__MGr3G3H3I_000000044066	MGr3G3H3I_vRhyme_bin_11																														KEGG	false	medium	NaN	684.0	NaN	NaN
vRhyme_bin_11__MGr3G3H3I_000000044066_6	vRhyme_bin_11__MGr3G3H3I_000000044066	MGr3G3H3I_vRhyme_bin_11																								phrog_8150		116.868996	0.986	phrog_8150		PHROG	false	medium	NaN	432.0	NaN	NaN
vRhyme_bin_11__MGr3G3H3I_000000044066_7	vRhyme_bin_11__MGr3G3H3I_000000044066	MGr3G3H3I_vRhyme_bin_11		10.0	10.0									PF05069.19	Phage virion morphogenesis family	33.752422	0.688									phrog_5	tail completion or Neck1 protein	52.596668	0.963	phrog_5	tail completion or Neck1 protein	PHROG	false	medium	NaN	636.0	NaN	NaN
vRhyme_bin_11__MGr3G3H3I_000000044066_8	vRhyme_bin_11__MGr3G3H3I_000000044066	MGr3G3H3I_vRhyme_bin_11																														KEGG	false	medium	480.0	156.0	NaN	NaN
vRhyme_bin_11__MGr3G3H3I_000000044066_9	vRhyme_bin_11__MGr3G3H3I_000000044066	MGr3G3H3I_vRhyme_bin_11		10.0	10.0									PF05135.20	Phage gp6-like head-tail connector protein	34.258663	0.219									phrog_442	head-tail adaptor	112.993736	0.995	phrog_442	head-tail adaptor	PHROG	false	high	636.0	NaN	NaN	NaN
vRhyme_bin_11__MGr3G3H3I_000000044066_10	vRhyme_bin_11__MGr3G3H3I_000000044066	MGr3G3H3I_vRhyme_bin_11																														KEGG	false	medium	603.0	NaN	NaN	NaN
vRhyme_bin_11__MGr3G3H3I_000000044066_11	vRhyme_bin_11__MGr3G3H3I_000000044066	MGr3G3H3I_vRhyme_bin_11																														KEGG	false	medium	834.0	NaN	NaN	NaN
vRhyme_bin_11__MGr3G3H3I_000000044066_12	vRhyme_bin_11__MGr3G3H3I_000000044066	MGr3G3H3I_vRhyme_bin_11																								phrog_13692		427.512604	0.988	phrog_13692		PHROG	false	medium	1053.0	NaN	NaN	NaN
vRhyme_bin_11__MGr3G3H3I_000000044066_13	vRhyme_bin_11__MGr3G3H3I_000000044066	MGr3G3H3I_vRhyme_bin_11		4.78										PF20223.4	Family of unknown function (DUF6582)	97.540459	0.148													PF20223.4	Family of unknown function (DUF6582)	Pfam	false	medium	2559.0	NaN	NaN	105.0
vRhyme_bin_11__MGr3G3H3I_000000044066_14	vRhyme_bin_11__MGr3G3H3I_000000044066	MGr3G3H3I_vRhyme_bin_11																														KEGG	false	high	4059.0	NaN	NaN	NaN
vRhyme_bin_11__MGr3G3H3I_000000044066_15	vRhyme_bin_11__MGr3G3H3I_000000044066	MGr3G3H3I_vRhyme_bin_11																														KEGG	false	high	6792.0	NaN	1254.0	NaN
vRhyme_bin_11__MGr3G3H3I_000000044066_16	vRhyme_bin_11__MGr3G3H3I_000000044066	MGr3G3H3I_vRhyme_bin_11																														KEGG	false	high	8232.0	NaN	1773.0	NaN
vRhyme_bin_11__MGr3G3H3I_000000044066_17	vRhyme_bin_11__MGr3G3H3I_000000044066	MGr3G3H3I_vRhyme_bin_11																														KEGG	false	high	8676.0	NaN	1983.0	NaN
vRhyme_bin_11__MGr3G3H3I_000000044066_18	vRhyme_bin_11__MGr3G3H3I_000000044066	MGr3G3H3I_vRhyme_bin_11																								phrog_2662	portal protein	77.191185	0.909	phrog_2662	portal protein	PHROG	false	high	9441.0	NaN	2727.0	NaN
vRhyme_bin_11__MGr3G3H3I_000000155796_1	vRhyme_bin_11__MGr3G3H3I_000000155796	MGr3G3H3I_vRhyme_bin_11																														KEGG	false	high	NaN	1398.0	NaN	NaN
vRhyme_bin_11__MGr3G3H3I_000000155796_2	vRhyme_bin_11__MGr3G3H3I_000000155796	MGr3G3H3I_vRhyme_bin_11																														KEGG	false	high	NaN	1173.0	NaN	NaN
vRhyme_bin_11__MGr3G3H3I_000000155796_3	vRhyme_bin_11__MGr3G3H3I_000000155796	MGr3G3H3I_vRhyme_bin_11																														KEGG	false	high	NaN	957.0	NaN	NaN
vRhyme_bin_11__MGr3G3H3I_000000155796_4	vRhyme_bin_11__MGr3G3H3I_000000155796	MGr3G3H3I_vRhyme_bin_11																														KEGG	false	high	NaN	594.0	NaN	NaN
vRhyme_bin_11__MGr3G3H3I_000000155796_5	vRhyme_bin_11__MGr3G3H3I_000000155796	MGr3G3H3I_vRhyme_bin_11																														KEGG	false	high	NaN	246.0	NaN	NaN
vRhyme_bin_11__MGr3G3H3I_000000155796_6	vRhyme_bin_11__MGr3G3H3I_000000155796	MGr3G3H3I_vRhyme_bin_11		10.0						HMMsoil30889	amiABC; N-acetylmuramoyl-L-alanine amidase EC:3.5.1.28	34.427608	0.539	PF01510.31	N-acetylmuramoyl-L-alanine amidase	28.147043	0.742													HMMsoil30889	amiABC; N-acetylmuramoyl-L-alanine amidase EC:3.5.1.28	FOAM	false	high	NaN	534.0	NaN	NaN
vRhyme_bin_11__MGr3G3H3I_000000155796_7	vRhyme_bin_11__MGr3G3H3I_000000155796	MGr3G3H3I_vRhyme_bin_11		10.0										PF01464.26	Transglycosylase SLT domain	39.516605	0.718													PF01464.26	Transglycosylase SLT domain	Pfam	false	high	NaN	14229.0	NaN	NaN
vRhyme_bin_11__MGr3G3H3I_000000155796_8	vRhyme_bin_11__MGr3G3H3I_000000155796	MGr3G3H3I_vRhyme_bin_11																														KEGG	false	high	NaN	13740.0	NaN	NaN
vRhyme_bin_11__MGr3G3H3I_000000155796_9	vRhyme_bin_11__MGr3G3H3I_000000155796	MGr3G3H3I_vRhyme_bin_11																														KEGG	false	high	NaN	13353.0	NaN	NaN
vRhyme_bin_11__MGr3G3H3I_000000155796_10	vRhyme_bin_11__MGr3G3H3I_000000155796	MGr3G3H3I_vRhyme_bin_11																														KEGG	false	high	NaN	12972.0	NaN	NaN
vRhyme_bin_11__MGr3G3H3I_000000155796_11	vRhyme_bin_11__MGr3G3H3I_000000155796	MGr3G3H3I_vRhyme_bin_11																								phrog_6368		55.053989	0.783	phrog_6368		PHROG	false	high	NaN	11790.0	NaN	NaN
vRhyme_bin_11__MGr3G3H3I_000000155796_12	vRhyme_bin_11__MGr3G3H3I_000000155796	MGr3G3H3I_vRhyme_bin_11																														KEGG	false	high	NaN	10767.0	NaN	NaN
vRhyme_bin_11__MGr3G3H3I_000000155796_13	vRhyme_bin_11__MGr3G3H3I_000000155796	MGr3G3H3I_vRhyme_bin_11																														KEGG	false	high	NaN	9903.0	NaN	NaN
vRhyme_bin_11__MGr3G3H3I_000000155796_14	vRhyme_bin_11__MGr3G3H3I_000000155796	MGr3G3H3I_vRhyme_bin_11																														KEGG	false	high	NaN	9375.0	NaN	NaN
vRhyme_bin_11__MGr3G3H3I_000000155796_15	vRhyme_bin_11__MGr3G3H3I_000000155796	MGr3G3H3I_vRhyme_bin_11																														KEGG	false	high	NaN	7755.0	NaN	1596.0
vRhyme_bin_11__MGr3G3H3I_000000155796_16	vRhyme_bin_11__MGr3G3H3I_000000155796	MGr3G3H3I_vRhyme_bin_11																														KEGG	false	high	NaN	7152.0	NaN	1389.0
vRhyme_bin_11__MGr3G3H3I_000000155796_17	vRhyme_bin_11__MGr3G3H3I_000000155796	MGr3G3H3I_vRhyme_bin_11																														KEGG	false	high	NaN	6084.0	NaN	1086.0
vRhyme_bin_11__MGr3G3H3I_000000155796_18	vRhyme_bin_11__MGr3G3H3I_000000155796	MGr3G3H3I_vRhyme_bin_11																														KEGG	false	high	NaN	5106.0	NaN	660.0
vRhyme_bin_11__MGr3G3H3I_000000155796_19	vRhyme_bin_11__MGr3G3H3I_000000155796	MGr3G3H3I_vRhyme_bin_11																														KEGG	false	high	NaN	4833.0	NaN	NaN
vRhyme_bin_11__MGr3G3H3I_000000155796_20	vRhyme_bin_11__MGr3G3H3I_000000155796	MGr3G3H3I_vRhyme_bin_11																														KEGG	false	high	NaN	2391.0	582.0	NaN
vRhyme_bin_11__MGr3G3H3I_000000155796_21	vRhyme_bin_11__MGr3G3H3I_000000155796	MGr3G3H3I_vRhyme_bin_11																														KEGG	false	high	NaN	2040.0	1323.0	NaN
vRhyme_bin_11__MGr3G3H3I_000000155796_22	vRhyme_bin_11__MGr3G3H3I_000000155796	MGr3G3H3I_vRhyme_bin_11																														KEGG	false	high	NaN	1611.0	2427.0	NaN
vRhyme_bin_11__MGr3G3H3I_000000155796_23	vRhyme_bin_11__MGr3G3H3I_000000155796	MGr3G3H3I_vRhyme_bin_11																														KEGG	false	high	NaN	444.0	2793.0	NaN
vRhyme_bin_11__MGr3G3H3I_000000155796_24	vRhyme_bin_11__MGr3G3H3I_000000155796	MGr3G3H3I_vRhyme_bin_11		10.0										PF04883.18	Bacteriophage HK97-gp10, putative tail-component	22.813679	0.342													PF04883.18	Bacteriophage HK97-gp10, putative tail-component	Pfam	false	high	NaN	1989.0	4332.0	NaN
vRhyme_bin_11__MGr3G3H3I_000000155796_25	vRhyme_bin_11__MGr3G3H3I_000000155796	MGr3G3H3I_vRhyme_bin_11																								phrog_442	head-tail adaptor	64.348404	0.971	phrog_442	head-tail adaptor	PHROG	false	high	NaN	1296.0	4782.0	NaN
vRhyme_bin_11__MGr3G3H3I_000000155796_26	vRhyme_bin_11__MGr3G3H3I_000000155796	MGr3G3H3I_vRhyme_bin_11																														KEGG	false	high	NaN	669.0	4977.0	NaN
vRhyme_bin_11__MGr3G3H3I_000000155796_27	vRhyme_bin_11__MGr3G3H3I_000000155796	MGr3G3H3I_vRhyme_bin_11																								phrog_5707		64.140808	0.848	phrog_5707		PHROG	false	high	NaN	414.0	5235.0	NaN
vRhyme_bin_11__MGr3G3H3I_000000155796_28	vRhyme_bin_11__MGr3G3H3I_000000155796	MGr3G3H3I_vRhyme_bin_11		10.0	10.0									PF05065.20	Phage capsid family	131.385315	0.705									phrog_617	major head protein	168.537308	0.745	phrog_617	major head protein	PHROG	false	high	NaN	3303.0	5943.0	NaN
vRhyme_bin_11__MGr3G3H3I_000000155796_29	vRhyme_bin_11__MGr3G3H3I_000000155796	MGr3G3H3I_vRhyme_bin_11																														KEGG	false	high	1281.0	2022.0	NaN	NaN
vRhyme_bin_11__MGr3G3H3I_000000155796_30	vRhyme_bin_11__MGr3G3H3I_000000155796	MGr3G3H3I_vRhyme_bin_11																														KEGG	false	high	3021.0	282.0	NaN	NaN
vRhyme_bin_11__MGr3G3H3I_000000155796_31	vRhyme_bin_11__MGr3G3H3I_000000155796	MGr3G3H3I_vRhyme_bin_11		10.0	10.0									PF04860.18	Phage portal protein	214.52771	0.455									phrog_2662	portal protein	395.267456	0.914	phrog_2662	portal protein	PHROG	false	high	3303.0	NaN	NaN	NaN
vRhyme_bin_11__MGr3G3H3I_000000155796_32	vRhyme_bin_11__MGr3G3H3I_000000155796	MGr3G3H3I_vRhyme_bin_11																														KEGG	false	high	2136.0	NaN	NaN	NaN
vRhyme_bin_11__MGr3G3H3I_000000155796_33	vRhyme_bin_11__MGr3G3H3I_000000155796	MGr3G3H3I_vRhyme_bin_11		1.16										PF13337.13	Lon-like protease BrxL-like, ATPase domain	342.689636	0.66													PF13337.13	Lon-like protease BrxL-like, ATPase domain	Pfam	false	high	2346.0	NaN	NaN	NaN
vRhyme_bin_11__MGr3G3H3I_000000155796_34	vRhyme_bin_11__MGr3G3H3I_000000155796	MGr3G3H3I_vRhyme_bin_11																														KEGG	false	high	3801.0	NaN	NaN	NaN
vRhyme_bin_11__MGr3G3H3I_000000213947_1	vRhyme_bin_11__MGr3G3H3I_000000213947	MGr3G3H3I_vRhyme_bin_11		10.0	10.0									PF09931.16	Uncharacterized conserved protein (DUF2163)	52.68581	0.349									phrog_778	tail assembly protein	119.339386	0.511	phrog_778	tail assembly protein	PHROG	false	high	NaN	1137.0	NaN	NaN
vRhyme_bin_11__MGr3G3H3I_000000213947_2	vRhyme_bin_11__MGr3G3H3I_000000213947	MGr3G3H3I_vRhyme_bin_11																														KEGG	false	high	945.0	192.0	NaN	NaN
vRhyme_bin_11__MGr3G3H3I_000000213947_3	vRhyme_bin_11__MGr3G3H3I_000000213947	MGr3G3H3I_vRhyme_bin_11		10.0	9.95									PF21722.5	Glycine-rich domain	33.298405	0.39									phrog_863	tail fiber assembly	93.627068	0.804	phrog_863	tail fiber assembly	PHROG	false	high	1137.0	1023.0	NaN	NaN
vRhyme_bin_11__MGr3G3H3I_000000213947_4	vRhyme_bin_11__MGr3G3H3I_000000213947	MGr3G3H3I_vRhyme_bin_11		10.0	10.0									PF13550.13	Putative phage tail protein	107.46254	0.148									phrog_1101	tail protein	301.871613	0.7	phrog_1101	tail protein	PHROG	false	high	1023.0	3768.0	NaN	NaN
vRhyme_bin_11__MGr3G3H3I_000000213947_5	vRhyme_bin_11__MGr3G3H3I_000000213947	MGr3G3H3I_vRhyme_bin_11	10.0	10.0	10.0	K03704	cold shock protein	106.789711	0.913					PF00313.29	Cold-shock' DNA-binding domain	99.596191	0.913									phrog_729	cold shock protein	71.467041	0.928	K03704	cold shock protein	KEGG	false	high	3768.0	711.0	NaN	NaN
vRhyme_bin_11__MGr3G3H3I_000000213947_6	vRhyme_bin_11__MGr3G3H3I_000000213947	MGr3G3H3I_vRhyme_bin_11																														KEGG	false	high	207.0	504.0	NaN	NaN
vRhyme_bin_11__MGr3G3H3I_000000213947_7	vRhyme_bin_11__MGr3G3H3I_000000213947	MGr3G3H3I_vRhyme_bin_11		10.0	10.0									PF09931.16	Uncharacterized conserved protein (DUF2163)	86.931107	0.577									phrog_778	tail assembly protein	160.9841	0.93	phrog_778	tail assembly protein	PHROG	false	high	711.0	1107.0	NaN	NaN
vRhyme_bin_11__MGr3G3H3I_000000213947_8	vRhyme_bin_11__MGr3G3H3I_000000213947	MGr3G3H3I_vRhyme_bin_11																														KEGG	false	high	900.0	207.0	NaN	NaN
vRhyme_bin_11__MGr3G3H3I_000000213947_9	vRhyme_bin_11__MGr3G3H3I_000000213947	MGr3G3H3I_vRhyme_bin_11		10.0	10.0									PF09343.16	Conserved hypothetical protein 2217 (DUF2460)	112.428772	0.916									phrog_2913	glycoside hydrolase	165.266068	0.97	phrog_2913	glycoside hydrolase	PHROG	false	high	1107.0	NaN	NaN	NaN
vRhyme_bin_11__MGr3G3H3I_000000213947_10	vRhyme_bin_11__MGr3G3H3I_000000213947	MGr3G3H3I_vRhyme_bin_11																								phrog_2854	tail length tape measure protein	82.992699	0.59	phrog_2854	tail length tape measure protein	PHROG	false	high	609.0	NaN	NaN	NaN
vRhyme_bin_11__MHr2D2E2F_000000040067_1	vRhyme_bin_11__MHr2D2E2F_000000040067	MHr2D2E2F_vRhyme_bin_11																														KEGG	false	medium	NaN	NaN	NaN	NaN
vRhyme_bin_11__MHr2D2E2F_000000040067_2	vRhyme_bin_11__MHr2D2E2F_000000040067	MHr2D2E2F_vRhyme_bin_11																														KEGG	false	medium	NaN	NaN	NaN	NaN
vRhyme_bin_11__MHr2D2E2F_000000040067_3	vRhyme_bin_11__MHr2D2E2F_000000040067	MHr2D2E2F_vRhyme_bin_11		10.0						HMMsoil14053	waaV; UDP-glucose:(glucosyl)LPS beta-1,3-glucosyltransferase EC:2.4.1.-	39.433895	0.228	PF00535.33	Glycosyl transferase family 2	46.541611	0.276													PF00535.33	Glycosyl transferase family 2	Pfam	false	medium	NaN	NaN	NaN	NaN
vRhyme_bin_11__MHr2D2E2F_000000040067_4	vRhyme_bin_11__MHr2D2E2F_000000040067	MHr2D2E2F_vRhyme_bin_11																														KEGG	false	medium	NaN	NaN	NaN	NaN
vRhyme_bin_11__MHr2D2E2F_000000040067_5	vRhyme_bin_11__MHr2D2E2F_000000040067	MHr2D2E2F_vRhyme_bin_11																														KEGG	false	medium	NaN	NaN	NaN	NaN
vRhyme_bin_11__MHr2D2E2F_000000040067_6	vRhyme_bin_11__MHr2D2E2F_000000040067	MHr2D2E2F_vRhyme_bin_11																														KEGG	false	medium	NaN	NaN	NaN	NaN
vRhyme_bin_11__MHr2D2E2F_000000040067_7	vRhyme_bin_11__MHr2D2E2F_000000040067	MHr2D2E2F_vRhyme_bin_11																														KEGG	false	medium	NaN	NaN	NaN	NaN
vRhyme_bin_11__MHr2D2E2F_000000040067_8	vRhyme_bin_11__MHr2D2E2F_000000040067	MHr2D2E2F_vRhyme_bin_11																														KEGG	false	medium	NaN	NaN	NaN	NaN
vRhyme_bin_11__MHr2D2E2F_000000040067_9	vRhyme_bin_11__MHr2D2E2F_000000040067	MHr2D2E2F_vRhyme_bin_11																														KEGG	false	medium	NaN	NaN	NaN	NaN
vRhyme_bin_11__MHr2D2E2F_000000040067_10	vRhyme_bin_11__MHr2D2E2F_000000040067	MHr2D2E2F_vRhyme_bin_11																														KEGG	false	medium	NaN	NaN	NaN	NaN
vRhyme_bin_11__MHr2D2E2F_000000040067_11	vRhyme_bin_11__MHr2D2E2F_000000040067	MHr2D2E2F_vRhyme_bin_11																														KEGG	false	high	NaN	NaN	NaN	NaN
vRhyme_bin_11__MHr2D2E2F_000000040067_12	vRhyme_bin_11__MHr2D2E2F_000000040067	MHr2D2E2F_vRhyme_bin_11																														KEGG	false	medium	NaN	NaN	NaN	NaN
vRhyme_bin_11__MHr2D2E2F_000000040067_13	vRhyme_bin_11__MHr2D2E2F_000000040067	MHr2D2E2F_vRhyme_bin_11																														KEGG	false	medium	NaN	NaN	NaN	NaN
vRhyme_bin_11__MHr2D2E2F_000000040067_14	vRhyme_bin_11__MHr2D2E2F_000000040067	MHr2D2E2F_vRhyme_bin_11																														KEGG	false	medium	NaN	NaN	NaN	NaN
vRhyme_bin_11__MHr2D2E2F_000000040067_15	vRhyme_bin_11__MHr2D2E2F_000000040067	MHr2D2E2F_vRhyme_bin_11																														KEGG	false	medium	NaN	NaN	NaN	NaN
vRhyme_bin_11__MHr2D2E2F_000000040067_16	vRhyme_bin_11__MHr2D2E2F_000000040067	MHr2D2E2F_vRhyme_bin_11																														KEGG	false	medium	NaN	NaN	NaN	NaN
vRhyme_bin_11__MHr2D2E2F_000000040067_17	vRhyme_bin_11__MHr2D2E2F_000000040067	MHr2D2E2F_vRhyme_bin_11																														KEGG	false	medium	NaN	NaN	NaN	NaN
vRhyme_bin_11__MHr2D2E2F_000000040067_18	vRhyme_bin_11__MHr2D2E2F_000000040067	MHr2D2E2F_vRhyme_bin_11																														KEGG	false	medium	NaN	NaN	NaN	NaN
vRhyme_bin_11__MHr2D2E2F_000000040067_19	vRhyme_bin_11__MHr2D2E2F_000000040067	MHr2D2E2F_vRhyme_bin_11																														KEGG	false	medium	NaN	NaN	NaN	NaN
vRhyme_bin_11__MHr2D2E2F_000000040067_20	vRhyme_bin_11__MHr2D2E2F_000000040067	MHr2D2E2F_vRhyme_bin_11																														KEGG	false	medium	NaN	NaN	NaN	NaN
vRhyme_bin_11__MHr2D2E2F_000000040067_21	vRhyme_bin_11__MHr2D2E2F_000000040067	MHr2D2E2F_vRhyme_bin_11																														KEGG	false	medium	NaN	NaN	NaN	NaN
vRhyme_bin_11__MHr2D2E2F_000000040067_22	vRhyme_bin_11__MHr2D2E2F_000000040067	MHr2D2E2F_vRhyme_bin_11																														KEGG	false	medium	NaN	NaN	NaN	NaN
vRhyme_bin_11__MHr2D2E2F_000000040067_23	vRhyme_bin_11__MHr2D2E2F_000000040067	MHr2D2E2F_vRhyme_bin_11																														KEGG	false	medium	NaN	NaN	NaN	NaN
vRhyme_bin_11__MHr2D2E2F_000000040067_24	vRhyme_bin_11__MHr2D2E2F_000000040067	MHr2D2E2F_vRhyme_bin_11																														KEGG	false	medium	NaN	NaN	NaN	NaN
vRhyme_bin_11__MHr2D2E2F_000000040067_25	vRhyme_bin_11__MHr2D2E2F_000000040067	MHr2D2E2F_vRhyme_bin_11																														KEGG	false	medium	NaN	NaN	NaN	NaN
vRhyme_bin_11__MHr2D2E2F_000000040067_26	vRhyme_bin_11__MHr2D2E2F_000000040067	MHr2D2E2F_vRhyme_bin_11																														KEGG	false	medium	NaN	NaN	NaN	NaN
vRhyme_bin_11__MHr2D2E2F_000000040067_27	vRhyme_bin_11__MHr2D2E2F_000000040067	MHr2D2E2F_vRhyme_bin_11																														KEGG	false	medium	NaN	NaN	NaN	NaN
vRhyme_bin_11__MHr2D2E2F_000000040067_28	vRhyme_bin_11__MHr2D2E2F_000000040067	MHr2D2E2F_vRhyme_bin_11																														KEGG	false	medium	NaN	NaN	NaN	NaN
vRhyme_bin_11__MHr2D2E2F_000000040067_29	vRhyme_bin_11__MHr2D2E2F_000000040067	MHr2D2E2F_vRhyme_bin_11																														KEGG	false	medium	NaN	NaN	NaN	NaN
vRhyme_bin_11__MHr2D2E2F_000000040067_30	vRhyme_bin_11__MHr2D2E2F_000000040067	MHr2D2E2F_vRhyme_bin_11																														KEGG	false	medium	NaN	NaN	NaN	NaN
vRhyme_bin_11__MHr2D2E2F_000000040067_31	vRhyme_bin_11__MHr2D2E2F_000000040067	MHr2D2E2F_vRhyme_bin_11		2.31										PF10685.15	Stress-induced bacterial acidophilic repeat motif	25.962036	0.235													PF10685.15	Stress-induced bacterial acidophilic repeat motif	Pfam	false	medium	NaN	NaN	NaN	NaN
vRhyme_bin_11__MHr2D2E2F_000000040067_32	vRhyme_bin_11__MHr2D2E2F_000000040067	MHr2D2E2F_vRhyme_bin_11																														KEGG	false	medium	NaN	NaN	NaN	NaN
vRhyme_bin_11__MHr2D2E2F_000000040067_33	vRhyme_bin_11__MHr2D2E2F_000000040067	MHr2D2E2F_vRhyme_bin_11																														KEGG	false	medium	NaN	NaN	NaN	NaN
vRhyme_bin_11__MHr2D2E2F_000000040067_34	vRhyme_bin_11__MHr2D2E2F_000000040067	MHr2D2E2F_vRhyme_bin_11																														KEGG	false	medium	NaN	NaN	NaN	NaN
vRhyme_bin_11__MHr2D2E2F_000000040067_35	vRhyme_bin_11__MHr2D2E2F_000000040067	MHr2D2E2F_vRhyme_bin_11																														KEGG	false	medium	NaN	NaN	NaN	NaN
vRhyme_bin_11__MHr2D2E2F_000000040067_36	vRhyme_bin_11__MHr2D2E2F_000000040067	MHr2D2E2F_vRhyme_bin_11																														KEGG	false	medium	NaN	NaN	NaN	NaN
vRhyme_bin_11__MHr2D2E2F_000000040067_37	vRhyme_bin_11__MHr2D2E2F_000000040067	MHr2D2E2F_vRhyme_bin_11																														KEGG	false	medium	NaN	NaN	NaN	NaN
vRhyme_bin_11__MHr2D2E2F_000000040067_38	vRhyme_bin_11__MHr2D2E2F_000000040067	MHr2D2E2F_vRhyme_bin_11																														KEGG	false	medium	NaN	NaN	NaN	NaN
vRhyme_bin_11__MHr2D2E2F_000000040067_39	vRhyme_bin_11__MHr2D2E2F_000000040067	MHr2D2E2F_vRhyme_bin_11																														KEGG	false	medium	NaN	NaN	NaN	NaN
vRhyme_bin_11__MHr2D2E2F_000000040067_40	vRhyme_bin_11__MHr2D2E2F_000000040067	MHr2D2E2F_vRhyme_bin_11																														KEGG	false	medium	NaN	NaN	NaN	NaN
vRhyme_bin_11__MHr2D2E2F_000000040067_41	vRhyme_bin_11__MHr2D2E2F_000000040067	MHr2D2E2F_vRhyme_bin_11																														KEGG	false	medium	NaN	NaN	NaN	NaN
vRhyme_bin_11__MHr2D2E2F_000000040067_42	vRhyme_bin_11__MHr2D2E2F_000000040067	MHr2D2E2F_vRhyme_bin_11																														KEGG	false	medium	NaN	NaN	NaN	NaN
vRhyme_bin_11__MHr2D2E2F_000000040067_43	vRhyme_bin_11__MHr2D2E2F_000000040067	MHr2D2E2F_vRhyme_bin_11																														KEGG	false	medium	NaN	NaN	NaN	NaN
vRhyme_bin_11__MHr2D2E2F_000000040067_44	vRhyme_bin_11__MHr2D2E2F_000000040067	MHr2D2E2F_vRhyme_bin_11																														KEGG	false	medium	NaN	NaN	NaN	NaN
vRhyme_bin_11__MHr2D2E2F_000000040067_45	vRhyme_bin_11__MHr2D2E2F_000000040067	MHr2D2E2F_vRhyme_bin_11																														KEGG	false	medium	NaN	NaN	NaN	NaN
vRhyme_bin_11__MHr2D2E2F_000000040067_46	vRhyme_bin_11__MHr2D2E2F_000000040067	MHr2D2E2F_vRhyme_bin_11																														KEGG	false	medium	NaN	NaN	NaN	NaN
vRhyme_bin_11__MHr2D2E2F_000000040067_47	vRhyme_bin_11__MHr2D2E2F_000000040067	MHr2D2E2F_vRhyme_bin_11																														KEGG	false	medium	NaN	NaN	NaN	NaN
vRhyme_bin_11__MHr2D2E2F_000000040067_48	vRhyme_bin_11__MHr2D2E2F_000000040067	MHr2D2E2F_vRhyme_bin_11																														KEGG	false	medium	NaN	NaN	NaN	NaN
vRhyme_bin_11__MHr2D2E2F_000000040067_49	vRhyme_bin_11__MHr2D2E2F_000000040067	MHr2D2E2F_vRhyme_bin_11		10.0										PF00583.32	Acetyltransferase (GNAT) family	27.622171	0.517													PF00583.32	Acetyltransferase (GNAT) family	Pfam	false	medium	NaN	NaN	NaN	NaN
vRhyme_bin_11__MHr2D2E2F_000000040067_50	vRhyme_bin_11__MHr2D2E2F_000000040067	MHr2D2E2F_vRhyme_bin_11																														KEGG	false	medium	NaN	NaN	NaN	NaN
vRhyme_bin_11__MHr2D2E2F_000000040067_51	vRhyme_bin_11__MHr2D2E2F_000000040067	MHr2D2E2F_vRhyme_bin_11																														KEGG	false	medium	NaN	NaN	NaN	NaN
vRhyme_bin_11__MHr2D2E2F_000000040067_52	vRhyme_bin_11__MHr2D2E2F_000000040067	MHr2D2E2F_vRhyme_bin_11																														KEGG	false	medium	NaN	NaN	NaN	NaN
vRhyme_bin_11__MHr2D2E2F_000000040067_53	vRhyme_bin_11__MHr2D2E2F_000000040067	MHr2D2E2F_vRhyme_bin_11		1.6										PF08681.19	Protein of unknown function (DUF1778)	24.122475	0.5													PF08681.19	Protein of unknown function (DUF1778)	Pfam	false	medium	NaN	NaN	NaN	NaN
vRhyme_bin_11__MHr2D2E2F_000000040067_54	vRhyme_bin_11__MHr2D2E2F_000000040067	MHr2D2E2F_vRhyme_bin_11																														KEGG	false	medium	NaN	NaN	NaN	NaN
vRhyme_bin_11__MHr2D2E2F_000000040067_55	vRhyme_bin_11__MHr2D2E2F_000000040067	MHr2D2E2F_vRhyme_bin_11																														KEGG	false	medium	NaN	NaN	NaN	NaN
vRhyme_bin_11__MHr2D2E2F_000000047197_1	vRhyme_bin_11__MHr2D2E2F_000000047197	MHr2D2E2F_vRhyme_bin_11																														KEGG	false	high	NaN	294.0	NaN	NaN
vRhyme_bin_11__MHr2D2E2F_000000047197_2	vRhyme_bin_11__MHr2D2E2F_000000047197	MHr2D2E2F_vRhyme_bin_11	10.0	10.0	10.0	K00390	phosphoadenosine phosphosulfate reductase [EC:1.8.4.8 1.8.4.10]	67.338982	0.801	HMMsoil57593	cysH; phosphoadenosine phosphosulfate reductase EC:1.8.4.8 1.8.4.10	45.863499	0.172	PF01507.26	Phosphoadenosine phosphosulfate reductase family	28.824493	0.265									phrog_424	phosphoadenosine phosphosulfate reductase	113.390137	0.822	phrog_424	phosphoadenosine phosphosulfate reductase	PHROG	false	high	NaN	6795.0	NaN	NaN
vRhyme_bin_11__MHr2D2E2F_000000047197_3	vRhyme_bin_11__MHr2D2E2F_000000047197	MHr2D2E2F_vRhyme_bin_11																														KEGG	false	high	996.0	5799.0	NaN	NaN
vRhyme_bin_11__MHr2D2E2F_000000047197_4	vRhyme_bin_11__MHr2D2E2F_000000047197	MHr2D2E2F_vRhyme_bin_11																														KEGG	false	high	1509.0	5286.0	NaN	NaN
vRhyme_bin_11__MHr2D2E2F_000000047197_5	vRhyme_bin_11__MHr2D2E2F_000000047197	MHr2D2E2F_vRhyme_bin_11																														KEGG	false	high	1695.0	5100.0	NaN	NaN
vRhyme_bin_11__MHr2D2E2F_000000047197_6	vRhyme_bin_11__MHr2D2E2F_000000047197	MHr2D2E2F_vRhyme_bin_11																														KEGG	false	high	1887.0	4908.0	NaN	NaN
vRhyme_bin_11__MHr2D2E2F_000000047197_7	vRhyme_bin_11__MHr2D2E2F_000000047197	MHr2D2E2F_vRhyme_bin_11																														KEGG	false	high	2298.0	4497.0	NaN	NaN
vRhyme_bin_11__MHr2D2E2F_000000047197_8	vRhyme_bin_11__MHr2D2E2F_000000047197	MHr2D2E2F_vRhyme_bin_11																														KEGG	false	high	2712.0	4083.0	NaN	NaN
vRhyme_bin_11__MHr2D2E2F_000000047197_9	vRhyme_bin_11__MHr2D2E2F_000000047197	MHr2D2E2F_vRhyme_bin_11																														KEGG	false	high	3438.0	3357.0	NaN	NaN
vRhyme_bin_11__MHr2D2E2F_000000047197_10	vRhyme_bin_11__MHr2D2E2F_000000047197	MHr2D2E2F_vRhyme_bin_11																														KEGG	false	high	3957.0	2838.0	NaN	NaN
vRhyme_bin_11__MHr2D2E2F_000000047197_11	vRhyme_bin_11__MHr2D2E2F_000000047197	MHr2D2E2F_vRhyme_bin_11																														KEGG	false	high	4644.0	2151.0	NaN	NaN
vRhyme_bin_11__MHr2D2E2F_000000047197_12	vRhyme_bin_11__MHr2D2E2F_000000047197	MHr2D2E2F_vRhyme_bin_11																														KEGG	false	high	5241.0	1554.0	NaN	NaN
vRhyme_bin_11__MHr2D2E2F_000000047197_13	vRhyme_bin_11__MHr2D2E2F_000000047197	MHr2D2E2F_vRhyme_bin_11																														KEGG	false	high	5496.0	1299.0	NaN	NaN
vRhyme_bin_11__MHr2D2E2F_000000047197_14	vRhyme_bin_11__MHr2D2E2F_000000047197	MHr2D2E2F_vRhyme_bin_11																														KEGG	false	high	5709.0	1086.0	NaN	NaN
vRhyme_bin_11__MHr2D2E2F_000000047197_15	vRhyme_bin_11__MHr2D2E2F_000000047197	MHr2D2E2F_vRhyme_bin_11																														KEGG	false	high	5988.0	807.0	NaN	NaN
vRhyme_bin_11__MHr2D2E2F_000000047197_16	vRhyme_bin_11__MHr2D2E2F_000000047197	MHr2D2E2F_vRhyme_bin_11	10.0	10.0	10.0	K03574	8-oxo-dGTP diphosphatase [EC:3.6.1.55]	70.099274	0.844	HMMsoil12920	mutT, NUDT15, MTH2; 8-oxo-dGTP diphosphatase EC:3.6.1.55	60.13332	0.719	PF00293.35	NUDIX domain	59.672298	0.763									phrog_1198	MutT/NUDIX hydrolase	51.112221	0.704	K03574	8-oxo-dGTP diphosphatase [EC:3.6.1.55]	KEGG	false	high	6795.0	NaN	NaN	NaN
vRhyme_bin_11__MHr2D2E2F_000000047197_17	vRhyme_bin_11__MHr2D2E2F_000000047197	MHr2D2E2F_vRhyme_bin_11																														KEGG	false	high	405.0	NaN	NaN	NaN
vRhyme_bin_11__MHr2D2E2F_000000047197_18	vRhyme_bin_11__MHr2D2E2F_000000047197	MHr2D2E2F_vRhyme_bin_11																														KEGG	false	high	648.0	NaN	NaN	4701.0
vRhyme_bin_11__MHr2D2E2F_000000047197_19	vRhyme_bin_11__MHr2D2E2F_000000047197	MHr2D2E2F_vRhyme_bin_11	10.0	10.0		K21472	peptidoglycan LD-endopeptidase LytH [EC:3.4.-.-]	78.88942	0.682					PF01551.30	Peptidase family M23	55.04612	0.441													K21472	peptidoglycan LD-endopeptidase LytH [EC:3.4.-.-]	KEGG	false	medium	1137.0	NaN	NaN	4581.0
vRhyme_bin_11__MHr2D2E2F_000000047197_20	vRhyme_bin_11__MHr2D2E2F_000000047197	MHr2D2E2F_vRhyme_bin_11																														KEGG	false	high	633.0	NaN	NaN	4317.0
vRhyme_bin_11__MHr2D2E2F_000000047197_21	vRhyme_bin_11__MHr2D2E2F_000000047197	MHr2D2E2F_vRhyme_bin_11																														KEGG	false	high	1005.0	NaN	NaN	4074.0
vRhyme_bin_11__MHr2D2E2F_000000047197_22	vRhyme_bin_11__MHr2D2E2F_000000047197	MHr2D2E2F_vRhyme_bin_11																														KEGG	false	high	1347.0	NaN	NaN	3876.0
vRhyme_bin_11__MHr2D2E2F_000000049988_1	vRhyme_bin_11__MHr2D2E2F_000000049988	MHr2D2E2F_vRhyme_bin_11																														KEGG	false	high	NaN	9300.0	NaN	NaN
vRhyme_bin_11__MHr2D2E2F_000000049988_2	vRhyme_bin_11__MHr2D2E2F_000000049988	MHr2D2E2F_vRhyme_bin_11																														KEGG	false	high	NaN	9090.0	NaN	NaN
vRhyme_bin_11__MHr2D2E2F_000000049988_3	vRhyme_bin_11__MHr2D2E2F_000000049988	MHr2D2E2F_vRhyme_bin_11																														KEGG	false	high	NaN	8694.0	NaN	NaN
vRhyme_bin_11__MHr2D2E2F_000000049988_4	vRhyme_bin_11__MHr2D2E2F_000000049988	MHr2D2E2F_vRhyme_bin_11																														KEGG	false	high	NaN	8448.0	NaN	NaN
vRhyme_bin_11__MHr2D2E2F_000000049988_5	vRhyme_bin_11__MHr2D2E2F_000000049988	MHr2D2E2F_vRhyme_bin_11																														KEGG	false	high	NaN	8031.0	NaN	NaN
vRhyme_bin_11__MHr2D2E2F_000000049988_6	vRhyme_bin_11__MHr2D2E2F_000000049988	MHr2D2E2F_vRhyme_bin_11																														KEGG	false	high	NaN	7680.0	NaN	NaN
vRhyme_bin_11__MHr2D2E2F_000000049988_7	vRhyme_bin_11__MHr2D2E2F_000000049988	MHr2D2E2F_vRhyme_bin_11																														KEGG	false	high	NaN	7380.0	NaN	NaN
vRhyme_bin_11__MHr2D2E2F_000000049988_8	vRhyme_bin_11__MHr2D2E2F_000000049988	MHr2D2E2F_vRhyme_bin_11		5.4										PF02954.26	Bacterial regulatory protein, Fis family	25.224234	0.352													PF02954.26	Bacterial regulatory protein, Fis family	Pfam	false	medium	NaN	6999.0	NaN	NaN
vRhyme_bin_11__MHr2D2E2F_000000049988_9	vRhyme_bin_11__MHr2D2E2F_000000049988	MHr2D2E2F_vRhyme_bin_11																														KEGG	false	high	NaN	6726.0	NaN	NaN
vRhyme_bin_11__MHr2D2E2F_000000049988_10	vRhyme_bin_11__MHr2D2E2F_000000049988	MHr2D2E2F_vRhyme_bin_11																														KEGG	false	high	NaN	6336.0	NaN	NaN
vRhyme_bin_11__MHr2D2E2F_000000049988_11	vRhyme_bin_11__MHr2D2E2F_000000049988	MHr2D2E2F_vRhyme_bin_11																								phrog_2164		64.069328	0.805	phrog_2164		PHROG	false	high	NaN	5658.0	NaN	NaN
vRhyme_bin_11__MHr2D2E2F_000000049988_12	vRhyme_bin_11__MHr2D2E2F_000000049988	MHr2D2E2F_vRhyme_bin_11																														KEGG	false	medium	NaN	5211.0	NaN	NaN
vRhyme_bin_11__MHr2D2E2F_000000049988_13	vRhyme_bin_11__MHr2D2E2F_000000049988	MHr2D2E2F_vRhyme_bin_11																														KEGG	false	medium	NaN	4761.0	NaN	NaN
vRhyme_bin_11__MHr2D2E2F_000000049988_14	vRhyme_bin_11__MHr2D2E2F_000000049988	MHr2D2E2F_vRhyme_bin_11																														KEGG	false	medium	NaN	4314.0	NaN	NaN
vRhyme_bin_11__MHr2D2E2F_000000049988_15	vRhyme_bin_11__MHr2D2E2F_000000049988	MHr2D2E2F_vRhyme_bin_11																														KEGG	false	medium	NaN	3750.0	NaN	NaN
vRhyme_bin_11__MHr2D2E2F_000000049988_16	vRhyme_bin_11__MHr2D2E2F_000000049988	MHr2D2E2F_vRhyme_bin_11																														KEGG	false	medium	NaN	3201.0	NaN	NaN
vRhyme_bin_11__MHr2D2E2F_000000049988_17	vRhyme_bin_11__MHr2D2E2F_000000049988	MHr2D2E2F_vRhyme_bin_11																														KEGG	false	medium	NaN	2736.0	NaN	NaN
vRhyme_bin_11__MHr2D2E2F_000000049988_18	vRhyme_bin_11__MHr2D2E2F_000000049988	MHr2D2E2F_vRhyme_bin_11																														KEGG	false	medium	NaN	2058.0	NaN	NaN
vRhyme_bin_11__MHr2D2E2F_000000049988_19	vRhyme_bin_11__MHr2D2E2F_000000049988	MHr2D2E2F_vRhyme_bin_11																														KEGG	false	medium	NaN	1695.0	NaN	NaN
vRhyme_bin_11__MHr2D2E2F_000000049988_20	vRhyme_bin_11__MHr2D2E2F_000000049988	MHr2D2E2F_vRhyme_bin_11																														KEGG	false	medium	NaN	1473.0	NaN	NaN
vRhyme_bin_11__MHr2D2E2F_000000049988_21	vRhyme_bin_11__MHr2D2E2F_000000049988	MHr2D2E2F_vRhyme_bin_11																														KEGG	false	medium	NaN	1311.0	NaN	NaN
vRhyme_bin_11__MHr2D2E2F_000000049988_22	vRhyme_bin_11__MHr2D2E2F_000000049988	MHr2D2E2F_vRhyme_bin_11																														KEGG	false	medium	NaN	951.0	NaN	NaN
vRhyme_bin_11__MHr2D2E2F_000000049988_23	vRhyme_bin_11__MHr2D2E2F_000000049988	MHr2D2E2F_vRhyme_bin_11																														KEGG	false	medium	NaN	624.0	NaN	NaN
vRhyme_bin_11__MHr2D2E2F_000000049988_24	vRhyme_bin_11__MHr2D2E2F_000000049988	MHr2D2E2F_vRhyme_bin_11	10.0	10.0		K07117	uncharacterized protein	66.139923	0.603					PF00856.34	SET domain	45.454601	0.39													K07117	uncharacterized protein	KEGG	false	low	NaN	816.0	NaN	NaN
vRhyme_bin_11__MHr2D2E2F_000000049988_25	vRhyme_bin_11__MHr2D2E2F_000000049988	MHr2D2E2F_vRhyme_bin_11	10.0	10.0	5.81	K03413	two-component system, chemotaxis family, chemotaxis protein CheY	92.544312	0.728	HMMsoil22408	cheA; two-component system, chemotaxis family, sensor kinase CheA EC:2.7.13.3	67.324806	0.92	PF00072.31	Response regulator receiver domain	66.511124	0.776									phrog_5982		56.103321	0.76	K03413	two-component system, chemotaxis family, chemotaxis protein CheY	KEGG	false	low	NaN	1581.0	NaN	NaN
vRhyme_bin_11__MHr2D2E2F_000000049988_26	vRhyme_bin_11__MHr2D2E2F_000000049988	MHr2D2E2F_vRhyme_bin_11																														KEGG	false	medium	NaN	1206.0	NaN	NaN
vRhyme_bin_11__MHr2D2E2F_000000049988_27	vRhyme_bin_11__MHr2D2E2F_000000049988	MHr2D2E2F_vRhyme_bin_11																														KEGG	false	medium	NaN	666.0	NaN	NaN
vRhyme_bin_11__MHr2D2E2F_000000049988_28	vRhyme_bin_11__MHr2D2E2F_000000049988	MHr2D2E2F_vRhyme_bin_11																														KEGG	false	medium	NaN	387.0	NaN	NaN
vRhyme_bin_11__MHr2D2E2F_000000049988_29	vRhyme_bin_11__MHr2D2E2F_000000049988	MHr2D2E2F_vRhyme_bin_11	10.0	10.0	10.0	K01121	2',3'-cyclic-nucleotide 3'-phosphodiesterase [EC:3.1.4.37]	59.957451	0.751	HMMsoil26081	2PGK; 2-phosphoglycerate kinase EC:2.7.2.16	34.837433	0.68	PF13671.13	AAA domain	54.182972	0.68									phrog_2071	ATPase	85.26281	0.793	phrog_2071	ATPase	PHROG	false	medium	NaN	NaN	NaN	NaN
vRhyme_bin_11__MHr2D2E2F_000000049988_30	vRhyme_bin_11__MHr2D2E2F_000000049988	MHr2D2E2F_vRhyme_bin_11																														KEGG	false	high	507.0	NaN	NaN	NaN
vRhyme_bin_11__MHr2D2E2F_000000049988_31	vRhyme_bin_11__MHr2D2E2F_000000049988	MHr2D2E2F_vRhyme_bin_11																														KEGG	false	high	717.0	NaN	NaN	NaN
vRhyme_bin_11__MHr2D2E2F_000000049988_32	vRhyme_bin_11__MHr2D2E2F_000000049988	MHr2D2E2F_vRhyme_bin_11																														KEGG	false	high	987.0	NaN	NaN	NaN
vRhyme_bin_11__MHr2D2E2F_000000049988_33	vRhyme_bin_11__MHr2D2E2F_000000049988	MHr2D2E2F_vRhyme_bin_11																								phrog_8676		77.746292	0.973	phrog_8676		PHROG	false	high	1179.0	NaN	NaN	NaN
vRhyme_bin_11__MHr2D2E2F_000000049988_34	vRhyme_bin_11__MHr2D2E2F_000000049988	MHr2D2E2F_vRhyme_bin_11																														KEGG	false	high	1404.0	NaN	NaN	NaN
vRhyme_bin_11__MHr2D2E2F_000000049988_35	vRhyme_bin_11__MHr2D2E2F_000000049988	MHr2D2E2F_vRhyme_bin_11																														KEGG	false	high	1695.0	NaN	NaN	NaN
vRhyme_bin_11__MHr2D2E2F_000000049988_36	vRhyme_bin_11__MHr2D2E2F_000000049988	MHr2D2E2F_vRhyme_bin_11																														KEGG	false	high	2016.0	NaN	NaN	1617.0
vRhyme_bin_11__MHr2D2E2F_000000049988_37	vRhyme_bin_11__MHr2D2E2F_000000049988	MHr2D2E2F_vRhyme_bin_11																														KEGG	false	high	2217.0	NaN	189.0	1428.0
vRhyme_bin_11__MHr2D2E2F_000000049988_38	vRhyme_bin_11__MHr2D2E2F_000000049988	MHr2D2E2F_vRhyme_bin_11																														KEGG	false	high	2622.0	NaN	420.0	1197.0
vRhyme_bin_11__MHr2D2E2F_000000049988_39	vRhyme_bin_11__MHr2D2E2F_000000049988	MHr2D2E2F_vRhyme_bin_11																														KEGG	false	high	2985.0	NaN	927.0	690.0
vRhyme_bin_11__MHr2D2E2F_000000049988_40	vRhyme_bin_11__MHr2D2E2F_000000049988	MHr2D2E2F_vRhyme_bin_11																														KEGG	false	high	3243.0	NaN	1299.0	318.0
vRhyme_bin_11__MHr2D2E2F_000000049988_41	vRhyme_bin_11__MHr2D2E2F_000000049988	MHr2D2E2F_vRhyme_bin_11																														KEGG	false	high	3426.0	NaN	1464.0	153.0
vRhyme_bin_11__MHr2D2E2F_000000049988_42	vRhyme_bin_11__MHr2D2E2F_000000049988	MHr2D2E2F_vRhyme_bin_11																														KEGG	false	high	3855.0	NaN	1617.0	10215.0
vRhyme_bin_11__MHr2D2E2F_000000049988_43	vRhyme_bin_11__MHr2D2E2F_000000049988	MHr2D2E2F_vRhyme_bin_11																														KEGG	false	high	4323.0	NaN	537.0	9678.0
vRhyme_bin_11__MHr2D2E2F_000000049988_44	vRhyme_bin_11__MHr2D2E2F_000000049988	MHr2D2E2F_vRhyme_bin_11																														KEGG	false	high	4935.0	NaN	2325.0	7890.0
vRhyme_bin_11__MHr2D2E2F_000000049988_45	vRhyme_bin_11__MHr2D2E2F_000000049988	MHr2D2E2F_vRhyme_bin_11		4.82										PF19663.5	Family of unknown function (DUF6166)	54.636368	0.263													PF19663.5	Family of unknown function (DUF6166)	Pfam	false	medium	5268.0	NaN	2520.0	7695.0
vRhyme_bin_11__MHr2D2E2F_000000049988_46	vRhyme_bin_11__MHr2D2E2F_000000049988	MHr2D2E2F_vRhyme_bin_11																														KEGG	false	high	5838.0	NaN	2718.0	7497.0
vRhyme_bin_11__MHr2D2E2F_000000049988_47	vRhyme_bin_11__MHr2D2E2F_000000049988	MHr2D2E2F_vRhyme_bin_11																														KEGG	false	high	6123.0	NaN	2973.0	7242.0
vRhyme_bin_11__MHr2D2E2F_000000049988_48	vRhyme_bin_11__MHr2D2E2F_000000049988	MHr2D2E2F_vRhyme_bin_11																														KEGG	false	high	6339.0	NaN	3138.0	7077.0
vRhyme_bin_11__MHr2D2E2F_000000049988_49	vRhyme_bin_11__MHr2D2E2F_000000049988	MHr2D2E2F_vRhyme_bin_11																														KEGG	false	high	7050.0	NaN	3828.0	6387.0
vRhyme_bin_11__MHr2D2E2F_000000049988_50	vRhyme_bin_11__MHr2D2E2F_000000049988	MHr2D2E2F_vRhyme_bin_11																														KEGG	false	high	7263.0	NaN	4140.0	6075.0
vRhyme_bin_11__MHr2D2E2F_000000049988_51	vRhyme_bin_11__MHr2D2E2F_000000049988	MHr2D2E2F_vRhyme_bin_11																														KEGG	false	high	7473.0	NaN	4380.0	5835.0
vRhyme_bin_11__MHr2D2E2F_000000049988_52	vRhyme_bin_11__MHr2D2E2F_000000049988	MHr2D2E2F_vRhyme_bin_11																														KEGG	false	high	7749.0	NaN	4683.0	5532.0
vRhyme_bin_11__MHr2D2E2F_000000049988_53	vRhyme_bin_11__MHr2D2E2F_000000049988	MHr2D2E2F_vRhyme_bin_11																														KEGG	false	high	8241.0	NaN	5985.0	4230.0
vRhyme_bin_11__MHr2D2E2F_000000049988_54	vRhyme_bin_11__MHr2D2E2F_000000049988	MHr2D2E2F_vRhyme_bin_11																														KEGG	false	high	8496.0	NaN	6243.0	3972.0
vRhyme_bin_11__MHr2D2E2F_000000049988_55	vRhyme_bin_11__MHr2D2E2F_000000049988	MHr2D2E2F_vRhyme_bin_11																														KEGG	false	high	8844.0	NaN	6459.0	3756.0
vRhyme_bin_11__MHr2D2E2F_000000049988_56	vRhyme_bin_11__MHr2D2E2F_000000049988	MHr2D2E2F_vRhyme_bin_11																														KEGG	false	high	9294.0	NaN	7623.0	2592.0
vRhyme_bin_11__MHr2D2E2F_000000049988_57	vRhyme_bin_11__MHr2D2E2F_000000049988	MHr2D2E2F_vRhyme_bin_11		10.0										PF04055.28	Radical SAM superfamily	53.024204	0.558													PF04055.28	Radical SAM superfamily	Pfam	false	medium	9828.0	NaN	7809.0	2406.0
vRhyme_bin_11__MHr2D2E2F_000000084120_1	vRhyme_bin_11__MHr2D2E2F_000000084120	MHr2D2E2F_vRhyme_bin_11																														KEGG	false	high	NaN	10470.0	3123.0	NaN
vRhyme_bin_11__MHr2D2E2F_000000084120_2	vRhyme_bin_11__MHr2D2E2F_000000084120	MHr2D2E2F_vRhyme_bin_11																														KEGG	false	high	NaN	10350.0	3405.0	NaN
vRhyme_bin_11__MHr2D2E2F_000000084120_3	vRhyme_bin_11__MHr2D2E2F_000000084120	MHr2D2E2F_vRhyme_bin_11																														KEGG	false	high	NaN	10074.0	3687.0	NaN
vRhyme_bin_11__MHr2D2E2F_000000084120_4	vRhyme_bin_11__MHr2D2E2F_000000084120	MHr2D2E2F_vRhyme_bin_11																														KEGG	false	high	NaN	9537.0	4647.0	NaN
vRhyme_bin_11__MHr2D2E2F_000000084120_5	vRhyme_bin_11__MHr2D2E2F_000000084120	MHr2D2E2F_vRhyme_bin_11																														KEGG	false	high	NaN	9330.0	4821.0	NaN
vRhyme_bin_11__MHr2D2E2F_000000084120_6	vRhyme_bin_11__MHr2D2E2F_000000084120	MHr2D2E2F_vRhyme_bin_11																														KEGG	false	high	NaN	9117.0	5262.0	NaN
vRhyme_bin_11__MHr2D2E2F_000000084120_7	vRhyme_bin_11__MHr2D2E2F_000000084120	MHr2D2E2F_vRhyme_bin_11																														KEGG	false	high	NaN	8859.0	5640.0	NaN
vRhyme_bin_11__MHr2D2E2F_000000084120_8	vRhyme_bin_11__MHr2D2E2F_000000084120	MHr2D2E2F_vRhyme_bin_11																														KEGG	false	high	NaN	8502.0	5931.0	NaN
vRhyme_bin_11__MHr2D2E2F_000000084120_9	vRhyme_bin_11__MHr2D2E2F_000000084120	MHr2D2E2F_vRhyme_bin_11																														KEGG	false	high	NaN	8151.0	6216.0	NaN
vRhyme_bin_11__MHr2D2E2F_000000084120_10	vRhyme_bin_11__MHr2D2E2F_000000084120	MHr2D2E2F_vRhyme_bin_11																														KEGG	false	high	NaN	7191.0	6432.0	NaN
vRhyme_bin_11__MHr2D2E2F_000000084120_11	vRhyme_bin_11__MHr2D2E2F_000000084120	MHr2D2E2F_vRhyme_bin_11																														KEGG	false	high	NaN	6807.0	6669.0	NaN
vRhyme_bin_11__MHr2D2E2F_000000084120_12	vRhyme_bin_11__MHr2D2E2F_000000084120	MHr2D2E2F_vRhyme_bin_11																														KEGG	false	high	NaN	6555.0	6930.0	NaN
vRhyme_bin_11__MHr2D2E2F_000000084120_13	vRhyme_bin_11__MHr2D2E2F_000000084120	MHr2D2E2F_vRhyme_bin_11																														KEGG	false	high	NaN	6201.0	7209.0	NaN
vRhyme_bin_11__MHr2D2E2F_000000084120_14	vRhyme_bin_11__MHr2D2E2F_000000084120	MHr2D2E2F_vRhyme_bin_11																														KEGG	false	medium	NaN	6081.0	7359.0	NaN
vRhyme_bin_11__MHr2D2E2F_000000084120_15	vRhyme_bin_11__MHr2D2E2F_000000084120	MHr2D2E2F_vRhyme_bin_11																														KEGG	false	medium	NaN	5874.0	7545.0	NaN
vRhyme_bin_11__MHr2D2E2F_000000084120_16	vRhyme_bin_11__MHr2D2E2F_000000084120	MHr2D2E2F_vRhyme_bin_11																														KEGG	false	medium	NaN	5157.0	7881.0	NaN
vRhyme_bin_11__MHr2D2E2F_000000084120_17	vRhyme_bin_11__MHr2D2E2F_000000084120	MHr2D2E2F_vRhyme_bin_11																								phrog_13182		79.571671	0.798	phrog_13182		PHROG	false	medium	NaN	4884.0	8481.0	NaN
vRhyme_bin_11__MHr2D2E2F_000000084120_18	vRhyme_bin_11__MHr2D2E2F_000000084120	MHr2D2E2F_vRhyme_bin_11																														KEGG	false	medium	NaN	4617.0	8787.0	NaN
vRhyme_bin_11__MHr2D2E2F_000000084120_19	vRhyme_bin_11__MHr2D2E2F_000000084120	MHr2D2E2F_vRhyme_bin_11																														KEGG	false	medium	NaN	4407.0	8979.0	NaN
vRhyme_bin_11__MHr2D2E2F_000000084120_20	vRhyme_bin_11__MHr2D2E2F_000000084120	MHr2D2E2F_vRhyme_bin_11																														KEGG	false	medium	NaN	4152.0	9327.0	NaN
vRhyme_bin_11__MHr2D2E2F_000000084120_21	vRhyme_bin_11__MHr2D2E2F_000000084120	MHr2D2E2F_vRhyme_bin_11																														KEGG	false	medium	NaN	3894.0	9612.0	NaN
vRhyme_bin_11__MHr2D2E2F_000000084120_22	vRhyme_bin_11__MHr2D2E2F_000000084120	MHr2D2E2F_vRhyme_bin_11																														KEGG	false	medium	NaN	3339.0	9906.0	NaN
vRhyme_bin_11__MHr2D2E2F_000000084120_23	vRhyme_bin_11__MHr2D2E2F_000000084120	MHr2D2E2F_vRhyme_bin_11																														KEGG	false	medium	NaN	3042.0	10554.0	NaN
vRhyme_bin_11__MHr2D2E2F_000000084120_24	vRhyme_bin_11__MHr2D2E2F_000000084120	MHr2D2E2F_vRhyme_bin_11																														KEGG	false	medium	NaN	2493.0	10749.0	NaN
vRhyme_bin_11__MHr2D2E2F_000000084120_25	vRhyme_bin_11__MHr2D2E2F_000000084120	MHr2D2E2F_vRhyme_bin_11																														KEGG	false	medium	NaN	1434.0	11790.0	NaN
vRhyme_bin_11__MHr2D2E2F_000000084120_26	vRhyme_bin_11__MHr2D2E2F_000000084120	MHr2D2E2F_vRhyme_bin_11		0.31						HMMsoil80324	murG; UDP-N-acetylglucosamine--N-acetylmuramyl-(pentapeptide) pyrophosphoryl-undecaprenol N-acetylglucosamine transferase EC:2.4.1.227	25.083595	0.207	PF13528.13	Glycosyl transferase family 1	181.423767	0.89													PF13528.13	Glycosyl transferase family 1	Pfam	false	medium	NaN	900.0	12255.0	NaN
vRhyme_bin_11__MHr2D2E2F_000000084120_27	vRhyme_bin_11__MHr2D2E2F_000000084120	MHr2D2E2F_vRhyme_bin_11	10.0	10.0		K03651	3',5'-cyclic-AMP phosphodiesterase [EC:3.1.4.53]	111.456558	0.882	HMMsoil63413	cpdP; 3',5'-cyclic-nucleotide phosphodiesterase EC:3.1.4.17	55.422695	0.345	PF00149.34	Calcineurin-like phosphoesterase	48.742569	0.786													K03651	3',5'-cyclic-AMP phosphodiesterase [EC:3.1.4.53]	KEGG	false	medium	NaN	4290.0	12486.0	NaN
vRhyme_bin_11__MHr2D2E2F_000000084120_28	vRhyme_bin_11__MHr2D2E2F_000000084120	MHr2D2E2F_vRhyme_bin_11																														KEGG	false	medium	NaN	3630.0	NaN	NaN
vRhyme_bin_11__MHr2D2E2F_000000084120_29	vRhyme_bin_11__MHr2D2E2F_000000084120	MHr2D2E2F_vRhyme_bin_11																														KEGG	false	medium	NaN	2934.0	NaN	NaN
vRhyme_bin_11__MHr2D2E2F_000000084120_30	vRhyme_bin_11__MHr2D2E2F_000000084120	MHr2D2E2F_vRhyme_bin_11																														KEGG	false	medium	NaN	2439.0	NaN	NaN
vRhyme_bin_11__MHr2D2E2F_000000084120_31	vRhyme_bin_11__MHr2D2E2F_000000084120	MHr2D2E2F_vRhyme_bin_11																														KEGG	false	medium	NaN	2265.0	NaN	NaN
vRhyme_bin_11__MHr2D2E2F_000000084120_32	vRhyme_bin_11__MHr2D2E2F_000000084120	MHr2D2E2F_vRhyme_bin_11																														KEGG	false	medium	NaN	2004.0	NaN	NaN
vRhyme_bin_11__MHr2D2E2F_000000084120_33	vRhyme_bin_11__MHr2D2E2F_000000084120	MHr2D2E2F_vRhyme_bin_11																														KEGG	false	medium	NaN	1773.0	NaN	NaN
vRhyme_bin_11__MHr2D2E2F_000000084120_34	vRhyme_bin_11__MHr2D2E2F_000000084120	MHr2D2E2F_vRhyme_bin_11																														KEGG	false	medium	NaN	1404.0	NaN	NaN
vRhyme_bin_11__MHr2D2E2F_000000084120_35	vRhyme_bin_11__MHr2D2E2F_000000084120	MHr2D2E2F_vRhyme_bin_11																														KEGG	false	medium	NaN	1149.0	NaN	NaN
vRhyme_bin_11__MHr2D2E2F_000000084120_36	vRhyme_bin_11__MHr2D2E2F_000000084120	MHr2D2E2F_vRhyme_bin_11																														KEGG	false	medium	NaN	1032.0	NaN	NaN
vRhyme_bin_11__MHr2D2E2F_000000084120_37	vRhyme_bin_11__MHr2D2E2F_000000084120	MHr2D2E2F_vRhyme_bin_11																														KEGG	false	medium	NaN	792.0	NaN	NaN
vRhyme_bin_11__MHr2D2E2F_000000084120_38	vRhyme_bin_11__MHr2D2E2F_000000084120	MHr2D2E2F_vRhyme_bin_11																														KEGG	false	medium	NaN	654.0	NaN	NaN
vRhyme_bin_11__MHr2D2E2F_000000084120_39	vRhyme_bin_11__MHr2D2E2F_000000084120	MHr2D2E2F_vRhyme_bin_11																														KEGG	false	medium	NaN	471.0	NaN	NaN
vRhyme_bin_11__MHr2D2E2F_000000084120_40	vRhyme_bin_11__MHr2D2E2F_000000084120	MHr2D2E2F_vRhyme_bin_11																														KEGG	false	medium	NaN	216.0	NaN	NaN
vRhyme_bin_11__MHr2D2E2F_000000084120_41	vRhyme_bin_11__MHr2D2E2F_000000084120	MHr2D2E2F_vRhyme_bin_11	10.0	10.0	10.0	K09935	N-glycosidase YbiA [EC:3.2.2.-]	121.634384	0.867					PF08719.18	NADAR domain	83.717125	0.853									phrog_1017		141.778534	0.893	phrog_1017		PHROG	false	medium	NaN	NaN	NaN	NaN
vRhyme_bin_11__MHr2D2E2F_000000084120_42	vRhyme_bin_11__MHr2D2E2F_000000084120	MHr2D2E2F_vRhyme_bin_11																														KEGG	false	medium	450.0	NaN	NaN	NaN
vRhyme_bin_11__MHr2D2E2F_000000084120_43	vRhyme_bin_11__MHr2D2E2F_000000084120	MHr2D2E2F_vRhyme_bin_11																														KEGG	false	medium	765.0	NaN	NaN	NaN
vRhyme_bin_11__MHr2D2E2F_000000084120_44	vRhyme_bin_11__MHr2D2E2F_000000084120	MHr2D2E2F_vRhyme_bin_11																														KEGG	false	medium	1155.0	NaN	NaN	NaN
vRhyme_bin_11__MHr2D2E2F_000000121636_1	vRhyme_bin_11__MHr2D2E2F_000000121636	MHr2D2E2F_vRhyme_bin_11																														KEGG	false	high	NaN	1839.0	NaN	NaN
vRhyme_bin_11__MHr2D2E2F_000000121636_2	vRhyme_bin_11__MHr2D2E2F_000000121636	MHr2D2E2F_vRhyme_bin_11																														KEGG	false	high	NaN	1698.0	NaN	NaN
vRhyme_bin_11__MHr2D2E2F_000000121636_3	vRhyme_bin_11__MHr2D2E2F_000000121636	MHr2D2E2F_vRhyme_bin_11																														KEGG	false	high	NaN	1059.0	NaN	NaN
vRhyme_bin_11__MHr2D2E2F_000000121636_4	vRhyme_bin_11__MHr2D2E2F_000000121636	MHr2D2E2F_vRhyme_bin_11																														KEGG	false	high	NaN	516.0	NaN	NaN
vRhyme_bin_11__MHr2D2E2F_000000121636_5	vRhyme_bin_11__MHr2D2E2F_000000121636	MHr2D2E2F_vRhyme_bin_11		10.0										PF02599.22	Global regulator protein family	56.425053	0.383													PF02599.22	Global regulator protein family	Pfam	false	high	NaN	4389.0	NaN	NaN
vRhyme_bin_11__MHr2D2E2F_000000121636_6	vRhyme_bin_11__MHr2D2E2F_000000121636	MHr2D2E2F_vRhyme_bin_11																														KEGG	false	high	NaN	4029.0	NaN	NaN
vRhyme_bin_11__MHr2D2E2F_000000121636_7	vRhyme_bin_11__MHr2D2E2F_000000121636	MHr2D2E2F_vRhyme_bin_11																														KEGG	false	high	NaN	3741.0	NaN	NaN
vRhyme_bin_11__MHr2D2E2F_000000121636_8	vRhyme_bin_11__MHr2D2E2F_000000121636	MHr2D2E2F_vRhyme_bin_11																														KEGG	false	high	NaN	3360.0	NaN	NaN
vRhyme_bin_11__MHr2D2E2F_000000121636_9	vRhyme_bin_11__MHr2D2E2F_000000121636	MHr2D2E2F_vRhyme_bin_11																														KEGG	false	high	NaN	2544.0	NaN	NaN
vRhyme_bin_11__MHr2D2E2F_000000121636_10	vRhyme_bin_11__MHr2D2E2F_000000121636	MHr2D2E2F_vRhyme_bin_11																														KEGG	false	high	NaN	1644.0	NaN	NaN
vRhyme_bin_11__MHr2D2E2F_000000121636_11	vRhyme_bin_11__MHr2D2E2F_000000121636	MHr2D2E2F_vRhyme_bin_11																														KEGG	false	high	NaN	1176.0	NaN	NaN
vRhyme_bin_11__MHr2D2E2F_000000121636_12	vRhyme_bin_11__MHr2D2E2F_000000121636	MHr2D2E2F_vRhyme_bin_11																														KEGG	false	high	NaN	792.0	NaN	NaN
vRhyme_bin_11__MHr2D2E2F_000000121636_13	vRhyme_bin_11__MHr2D2E2F_000000121636	MHr2D2E2F_vRhyme_bin_11	10.0	10.0	10.0	K00571	site-specific DNA-methyltransferase (adenine-specific) [EC:2.1.1.72]	113.603783	0.668					PF01555.25	DNA methylase	64.241577	0.598									phrog_67	DNA methyltransferase	90.97155	0.623	K00571	site-specific DNA-methyltransferase (adenine-specific) [EC:2.1.1.72]	KEGG	false	high	NaN	1422.0	NaN	7638.0
vRhyme_bin_11__MHr2D2E2F_000000121636_14	vRhyme_bin_11__MHr2D2E2F_000000121636	MHr2D2E2F_vRhyme_bin_11																														KEGG	false	high	1083.0	339.0	NaN	6519.0
vRhyme_bin_11__MHr2D2E2F_000000121636_15	vRhyme_bin_11__MHr2D2E2F_000000121636	MHr2D2E2F_vRhyme_bin_11		10.0	10.0									PF00271.38	Helicase conserved C-terminal domain	48.672344	0.103									phrog_62	DNA helicase	102.984421	0.55	phrog_62	DNA helicase	PHROG	false	medium	1422.0	NaN	NaN	6210.0
vRhyme_bin_11__MHr2D2E2F_000000121636_16	vRhyme_bin_11__MHr2D2E2F_000000121636	MHr2D2E2F_vRhyme_bin_11	10.0	10.0		K04748	nitric oxide reductase NorQ protein	86.14193	0.623					PF07728.21	AAA domain (dynein-related subfamily)	48.53006	0.42													K04748	nitric oxide reductase NorQ protein	KEGG	false	medium	3039.0	NaN	NaN	4575.0
vRhyme_bin_11__MHr2D2E2F_000000121636_17	vRhyme_bin_11__MHr2D2E2F_000000121636	MHr2D2E2F_vRhyme_bin_11																														KEGG	false	high	1065.0	NaN	NaN	4014.0
vRhyme_bin_11__MHr2D2E2F_000000136596_1	vRhyme_bin_11__MHr2D2E2F_000000136596	MHr2D2E2F_vRhyme_bin_11																														KEGG	false	medium	NaN	NaN	NaN	489.0
vRhyme_bin_11__MHr2D2E2F_000000136596_2	vRhyme_bin_11__MHr2D2E2F_000000136596	MHr2D2E2F_vRhyme_bin_11																														KEGG	false	medium	NaN	NaN	NaN	285.0
vRhyme_bin_11__MHr2D2E2F_000000136596_3	vRhyme_bin_11__MHr2D2E2F_000000136596	MHr2D2E2F_vRhyme_bin_11																														KEGG	false	medium	NaN	NaN	NaN	NaN
vRhyme_bin_11__MHr2D2E2F_000000136596_4	vRhyme_bin_11__MHr2D2E2F_000000136596	MHr2D2E2F_vRhyme_bin_11		10.0										PF01755.24	Glycosyltransferase family 25 (LPS biosynthesis protein)	28.759083	0.176													PF01755.24	Glycosyltransferase family 25 (LPS biosynthesis protein)	Pfam	false	medium	NaN	NaN	1074.0	NaN
vRhyme_bin_11__MHr2D2E2F_000000136596_5	vRhyme_bin_11__MHr2D2E2F_000000136596	MHr2D2E2F_vRhyme_bin_11																														KEGG	false	medium	NaN	NaN	1335.0	NaN
vRhyme_bin_11__MHr2D2E2F_000000136596_6	vRhyme_bin_11__MHr2D2E2F_000000136596	MHr2D2E2F_vRhyme_bin_11																														KEGG	false	medium	NaN	NaN	2145.0	NaN
vRhyme_bin_11__MHr2D2E2F_000000136596_7	vRhyme_bin_11__MHr2D2E2F_000000136596	MHr2D2E2F_vRhyme_bin_11																														KEGG	false	medium	NaN	NaN	2445.0	NaN
vRhyme_bin_11__MHr2D2E2F_000000136596_8	vRhyme_bin_11__MHr2D2E2F_000000136596	MHr2D2E2F_vRhyme_bin_11																														KEGG	false	medium	NaN	NaN	2883.0	NaN
vRhyme_bin_11__MHr2D2E2F_000000136596_9	vRhyme_bin_11__MHr2D2E2F_000000136596	MHr2D2E2F_vRhyme_bin_11																														KEGG	false	medium	NaN	NaN	3249.0	NaN
vRhyme_bin_11__MHr2D2E2F_000000136596_10	vRhyme_bin_11__MHr2D2E2F_000000136596	MHr2D2E2F_vRhyme_bin_11																														KEGG	false	medium	NaN	NaN	4101.0	NaN
vRhyme_bin_11__MHr2D2E2F_000000136596_11	vRhyme_bin_11__MHr2D2E2F_000000136596	MHr2D2E2F_vRhyme_bin_11																														KEGG	false	medium	NaN	NaN	4398.0	NaN
vRhyme_bin_11__MHr2D2E2F_000000136596_12	vRhyme_bin_11__MHr2D2E2F_000000136596	MHr2D2E2F_vRhyme_bin_11																														KEGG	false	medium	NaN	NaN	NaN	NaN
vRhyme_bin_11__MHr2D2E2F_000000136596_13	vRhyme_bin_11__MHr2D2E2F_000000136596	MHr2D2E2F_vRhyme_bin_11																														KEGG	false	medium	NaN	NaN	NaN	NaN
vRhyme_bin_11__MHr2D2E2F_000000136596_14	vRhyme_bin_11__MHr2D2E2F_000000136596	MHr2D2E2F_vRhyme_bin_11	6.01	5.59		K09005	uncharacterized protein	115.140343	0.85					PF02643.21	Uncharacterized ACR, COG1430	92.982361	0.803													K09005	uncharacterized protein	KEGG	false	medium	NaN	NaN	NaN	NaN
vRhyme_bin_11__MHr2D2E2F_000000136596_15	vRhyme_bin_11__MHr2D2E2F_000000136596	MHr2D2E2F_vRhyme_bin_11																														KEGG	false	medium	NaN	NaN	NaN	NaN
vRhyme_bin_11__MHr2D2E2F_000000136596_16	vRhyme_bin_11__MHr2D2E2F_000000136596	MHr2D2E2F_vRhyme_bin_11																														KEGG	false	medium	NaN	NaN	NaN	NaN
vRhyme_bin_11__MHr2D2E2F_000000151933_1	vRhyme_bin_11__MHr2D2E2F_000000151933	MHr2D2E2F_vRhyme_bin_11																														KEGG	false	high	NaN	8814.0	3006.0	NaN
vRhyme_bin_11__MHr2D2E2F_000000151933_2	vRhyme_bin_11__MHr2D2E2F_000000151933	MHr2D2E2F_vRhyme_bin_11																														KEGG	false	high	NaN	8697.0	3534.0	NaN
vRhyme_bin_11__MHr2D2E2F_000000151933_3	vRhyme_bin_11__MHr2D2E2F_000000151933	MHr2D2E2F_vRhyme_bin_11																														KEGG	false	high	NaN	8139.0	NaN	NaN
vRhyme_bin_11__MHr2D2E2F_000000151933_4	vRhyme_bin_11__MHr2D2E2F_000000151933	MHr2D2E2F_vRhyme_bin_11																														KEGG	false	medium	NaN	7515.0	NaN	NaN
vRhyme_bin_11__MHr2D2E2F_000000151933_5	vRhyme_bin_11__MHr2D2E2F_000000151933	MHr2D2E2F_vRhyme_bin_11																														KEGG	false	medium	NaN	7164.0	NaN	NaN
vRhyme_bin_11__MHr2D2E2F_000000151933_6	vRhyme_bin_11__MHr2D2E2F_000000151933	MHr2D2E2F_vRhyme_bin_11																														KEGG	false	medium	NaN	6711.0	NaN	NaN
vRhyme_bin_11__MHr2D2E2F_000000151933_7	vRhyme_bin_11__MHr2D2E2F_000000151933	MHr2D2E2F_vRhyme_bin_11																														KEGG	false	medium	NaN	6399.0	NaN	NaN
vRhyme_bin_11__MHr2D2E2F_000000151933_8	vRhyme_bin_11__MHr2D2E2F_000000151933	MHr2D2E2F_vRhyme_bin_11																														KEGG	false	medium	NaN	6297.0	NaN	NaN
vRhyme_bin_11__MHr2D2E2F_000000151933_9	vRhyme_bin_11__MHr2D2E2F_000000151933	MHr2D2E2F_vRhyme_bin_11																														KEGG	false	medium	NaN	6108.0	NaN	NaN
vRhyme_bin_11__MHr2D2E2F_000000151933_10	vRhyme_bin_11__MHr2D2E2F_000000151933	MHr2D2E2F_vRhyme_bin_11																														KEGG	false	medium	NaN	5718.0	NaN	NaN
vRhyme_bin_11__MHr2D2E2F_000000151933_11	vRhyme_bin_11__MHr2D2E2F_000000151933	MHr2D2E2F_vRhyme_bin_11																														KEGG	false	medium	NaN	5376.0	NaN	NaN
vRhyme_bin_11__MHr2D2E2F_000000151933_12	vRhyme_bin_11__MHr2D2E2F_000000151933	MHr2D2E2F_vRhyme_bin_11																														KEGG	false	medium	NaN	5109.0	NaN	NaN
vRhyme_bin_11__MHr2D2E2F_000000151933_13	vRhyme_bin_11__MHr2D2E2F_000000151933	MHr2D2E2F_vRhyme_bin_11																														KEGG	false	medium	NaN	4785.0	NaN	NaN
vRhyme_bin_11__MHr2D2E2F_000000151933_14	vRhyme_bin_11__MHr2D2E2F_000000151933	MHr2D2E2F_vRhyme_bin_11																														KEGG	false	medium	NaN	3579.0	NaN	NaN
vRhyme_bin_11__MHr2D2E2F_000000151933_15	vRhyme_bin_11__MHr2D2E2F_000000151933	MHr2D2E2F_vRhyme_bin_11																														KEGG	false	medium	NaN	3309.0	NaN	NaN
vRhyme_bin_11__MHr2D2E2F_000000151933_16	vRhyme_bin_11__MHr2D2E2F_000000151933	MHr2D2E2F_vRhyme_bin_11																														KEGG	false	medium	NaN	3072.0	NaN	NaN
vRhyme_bin_11__MHr2D2E2F_000000151933_17	vRhyme_bin_11__MHr2D2E2F_000000151933	MHr2D2E2F_vRhyme_bin_11																														KEGG	false	medium	NaN	2778.0	NaN	NaN
vRhyme_bin_11__MHr2D2E2F_000000151933_18	vRhyme_bin_11__MHr2D2E2F_000000151933	MHr2D2E2F_vRhyme_bin_11																														KEGG	false	medium	NaN	2592.0	NaN	NaN
vRhyme_bin_11__MHr2D2E2F_000000151933_19	vRhyme_bin_11__MHr2D2E2F_000000151933	MHr2D2E2F_vRhyme_bin_11		0.34										PF13783.12	Domain of unknown function (DUF4177)	27.459028	0.69													PF13783.12	Domain of unknown function (DUF4177)	Pfam	false	medium	NaN	2385.0	NaN	NaN
vRhyme_bin_11__MHr2D2E2F_000000151933_20	vRhyme_bin_11__MHr2D2E2F_000000151933	MHr2D2E2F_vRhyme_bin_11																														KEGG	false	medium	NaN	2211.0	NaN	NaN
vRhyme_bin_11__MHr2D2E2F_000000151933_21	vRhyme_bin_11__MHr2D2E2F_000000151933	MHr2D2E2F_vRhyme_bin_11		1.22										PF05872.19	Helicase HerA-like C-terminal	25.396029	0.168													PF05872.19	Helicase HerA-like C-terminal	Pfam	false	medium	NaN	1824.0	NaN	NaN
vRhyme_bin_11__MHr2D2E2F_000000151933_22	vRhyme_bin_11__MHr2D2E2F_000000151933	MHr2D2E2F_vRhyme_bin_11		10.0										PF00856.34	SET domain	51.372681	0.767													PF00856.34	SET domain	Pfam	false	medium	NaN	1860.0	NaN	NaN
vRhyme_bin_11__MHr2D2E2F_000000151933_23	vRhyme_bin_11__MHr2D2E2F_000000151933	MHr2D2E2F_vRhyme_bin_11																														KEGG	false	medium	NaN	1461.0	NaN	NaN
vRhyme_bin_11__MHr2D2E2F_000000151933_24	vRhyme_bin_11__MHr2D2E2F_000000151933	MHr2D2E2F_vRhyme_bin_11																														KEGG	false	medium	NaN	1128.0	NaN	NaN
vRhyme_bin_11__MHr2D2E2F_000000151933_25	vRhyme_bin_11__MHr2D2E2F_000000151933	MHr2D2E2F_vRhyme_bin_11																														KEGG	false	medium	NaN	942.0	NaN	NaN
vRhyme_bin_11__MHr2D2E2F_000000151933_26	vRhyme_bin_11__MHr2D2E2F_000000151933	MHr2D2E2F_vRhyme_bin_11																														KEGG	false	medium	NaN	741.0	NaN	NaN
vRhyme_bin_11__MHr2D2E2F_000000151933_27	vRhyme_bin_11__MHr2D2E2F_000000151933	MHr2D2E2F_vRhyme_bin_11																														KEGG	false	medium	NaN	357.0	NaN	NaN
vRhyme_bin_11__MHr2D2E2F_000000151933_28	vRhyme_bin_11__MHr2D2E2F_000000151933	MHr2D2E2F_vRhyme_bin_11	10.0	10.0	10.0	K06223	DNA adenine methylase [EC:2.1.1.72]	178.019028	0.968					PF02086.22	D12 class N6 adenine-specific DNA methyltransferase	131.013474	0.887									phrog_56	DNA methyltransferase	154.329956	0.978	K06223	DNA adenine methylase [EC:2.1.1.72]	KEGG	false	medium	NaN	NaN	NaN	NaN
vRhyme_bin_11__MHr2D2E2F_000000167594_1	vRhyme_bin_11__MHr2D2E2F_000000167594	MHr2D2E2F_vRhyme_bin_11																														KEGG	false	medium	NaN	5355.0	NaN	NaN
vRhyme_bin_11__MHr2D2E2F_000000167594_2	vRhyme_bin_11__MHr2D2E2F_000000167594	MHr2D2E2F_vRhyme_bin_11																														KEGG	false	medium	NaN	4839.0	NaN	NaN
vRhyme_bin_11__MHr2D2E2F_000000167594_3	vRhyme_bin_11__MHr2D2E2F_000000167594	MHr2D2E2F_vRhyme_bin_11		6.0						HMMsoil60431	pstS; phosphate transport system substrate-binding protein	28.134491	0.07	PF00691.26	OmpA family	32.029598	0.071													PF00691.26	OmpA family	Pfam	false	medium	NaN	3783.0	NaN	NaN
vRhyme_bin_11__MHr2D2E2F_000000167594_4	vRhyme_bin_11__MHr2D2E2F_000000167594	MHr2D2E2F_vRhyme_bin_11																														KEGG	false	medium	NaN	1431.0	NaN	NaN
vRhyme_bin_11__MHr2D2E2F_000000167594_5	vRhyme_bin_11__MHr2D2E2F_000000167594	MHr2D2E2F_vRhyme_bin_11				K15552	taurine transport system permease protein	82.511101	0.908	HMMsoil37899	ABC.SN.P; NitT/TauT family transport system permease protein	79.240242	0.55																	K15552	taurine transport system permease protein	KEGG	false	medium	NaN	1122.0	NaN	NaN
vRhyme_bin_11__MHr2D2E2F_000000167594_6	vRhyme_bin_11__MHr2D2E2F_000000167594	MHr2D2E2F_vRhyme_bin_11																														KEGG	false	medium	NaN	336.0	NaN	NaN
vRhyme_bin_11__MHr2D2E2F_000000167594_7	vRhyme_bin_11__MHr2D2E2F_000000167594	MHr2D2E2F_vRhyme_bin_11	10.0	10.0	10.0	K02049	NitT/TauT family transport system ATP-binding protein	187.029953	0.943	HMMsoil34383	modC; molybdate transport system ATP-binding protein EC:7.3.2.5	87.426636	0.468	PF00005.34	ABC transporter	93.252769	0.468									phrog_293	ABC transporter	174.148117	0.77	K02049	NitT/TauT family transport system ATP-binding protein	KEGG	false	medium	NaN	6984.0	NaN	NaN
vRhyme_bin_11__MHr2D2E2F_000000167594_8	vRhyme_bin_11__MHr2D2E2F_000000167594	MHr2D2E2F_vRhyme_bin_11																														KEGG	false	medium	846.0	6138.0	NaN	NaN
vRhyme_bin_11__MHr2D2E2F_000000167594_9	vRhyme_bin_11__MHr2D2E2F_000000167594	MHr2D2E2F_vRhyme_bin_11																														KEGG	false	medium	1113.0	5871.0	NaN	NaN
vRhyme_bin_11__MHr2D2E2F_000000167594_10	vRhyme_bin_11__MHr2D2E2F_000000167594	MHr2D2E2F_vRhyme_bin_11																														KEGG	false	high	1533.0	5451.0	NaN	NaN
vRhyme_bin_11__MHr2D2E2F_000000167594_11	vRhyme_bin_11__MHr2D2E2F_000000167594	MHr2D2E2F_vRhyme_bin_11																														KEGG	false	high	1848.0	5136.0	NaN	NaN
vRhyme_bin_11__MHr2D2E2F_000000167594_12	vRhyme_bin_11__MHr2D2E2F_000000167594	MHr2D2E2F_vRhyme_bin_11																														KEGG	false	high	2028.0	4956.0	NaN	NaN
vRhyme_bin_11__MHr2D2E2F_000000167594_13	vRhyme_bin_11__MHr2D2E2F_000000167594	MHr2D2E2F_vRhyme_bin_11																														KEGG	false	high	2193.0	4791.0	NaN	NaN
vRhyme_bin_11__MHr2D2E2F_000000167594_14	vRhyme_bin_11__MHr2D2E2F_000000167594	MHr2D2E2F_vRhyme_bin_11																														KEGG	false	high	2466.0	4518.0	NaN	NaN
vRhyme_bin_11__MHr2D2E2F_000000167594_15	vRhyme_bin_11__MHr2D2E2F_000000167594	MHr2D2E2F_vRhyme_bin_11																														KEGG	false	high	2778.0	4206.0	NaN	NaN
vRhyme_bin_11__MHr2D2E2F_000000167594_16	vRhyme_bin_11__MHr2D2E2F_000000167594	MHr2D2E2F_vRhyme_bin_11																														KEGG	false	high	2985.0	3999.0	NaN	NaN
vRhyme_bin_11__MHr2D2E2F_000000167594_17	vRhyme_bin_11__MHr2D2E2F_000000167594	MHr2D2E2F_vRhyme_bin_11																														KEGG	false	high	3231.0	3753.0	NaN	NaN
vRhyme_bin_11__MHr2D2E2F_000000167594_18	vRhyme_bin_11__MHr2D2E2F_000000167594	MHr2D2E2F_vRhyme_bin_11																														KEGG	false	high	3504.0	3480.0	NaN	NaN
vRhyme_bin_11__MHr2D2E2F_000000167594_19	vRhyme_bin_11__MHr2D2E2F_000000167594	MHr2D2E2F_vRhyme_bin_11																														KEGG	false	high	3999.0	2985.0	NaN	NaN
vRhyme_bin_11__MHr2D2E2F_000000167594_20	vRhyme_bin_11__MHr2D2E2F_000000167594	MHr2D2E2F_vRhyme_bin_11																														KEGG	false	high	4209.0	2775.0	NaN	NaN
vRhyme_bin_11__MHr2D2E2F_000000167594_21	vRhyme_bin_11__MHr2D2E2F_000000167594	MHr2D2E2F_vRhyme_bin_11																														KEGG	false	high	4650.0	2334.0	NaN	NaN
vRhyme_bin_11__MHr2D2E2F_000000167594_22	vRhyme_bin_11__MHr2D2E2F_000000167594	MHr2D2E2F_vRhyme_bin_11																														KEGG	false	high	4884.0	2100.0	NaN	NaN
vRhyme_bin_11__MHr2D2E2F_000000167594_23	vRhyme_bin_11__MHr2D2E2F_000000167594	MHr2D2E2F_vRhyme_bin_11																														KEGG	false	high	5352.0	1632.0	NaN	NaN
vRhyme_bin_11__MHr2D2E2F_000000167594_24	vRhyme_bin_11__MHr2D2E2F_000000167594	MHr2D2E2F_vRhyme_bin_11																														KEGG	false	high	5712.0	1272.0	NaN	NaN
vRhyme_bin_11__MHr2D2E2F_000000167594_25	vRhyme_bin_11__MHr2D2E2F_000000167594	MHr2D2E2F_vRhyme_bin_11																														KEGG	false	high	6099.0	885.0	NaN	NaN
vRhyme_bin_11__MHr2D2E2F_000000167594_26	vRhyme_bin_11__MHr2D2E2F_000000167594	MHr2D2E2F_vRhyme_bin_11																														KEGG	false	high	6270.0	714.0	NaN	NaN
vRhyme_bin_11__MHr2D2E2F_000000167594_27	vRhyme_bin_11__MHr2D2E2F_000000167594	MHr2D2E2F_vRhyme_bin_11																														KEGG	false	high	6636.0	348.0	NaN	NaN
vRhyme_bin_11__MHr2D2E2F_000000167594_28	vRhyme_bin_11__MHr2D2E2F_000000167594	MHr2D2E2F_vRhyme_bin_11																														KEGG	false	high	6873.0	111.0	NaN	NaN
vRhyme_bin_11__MHr2D2E2F_000000167594_29	vRhyme_bin_11__MHr2D2E2F_000000167594	MHr2D2E2F_vRhyme_bin_11		10.0	10.0									PF14279.13	HNH endonuclease	43.651009	0.296									phrog_16726	HNH endonuclease	107.136879	0.819	phrog_16726	HNH endonuclease	PHROG	false	high	6984.0	NaN	NaN	NaN
vRhyme_bin_11__MHr2D2E2F_000000167594_30	vRhyme_bin_11__MHr2D2E2F_000000167594	MHr2D2E2F_vRhyme_bin_11																														KEGG	false	high	597.0	NaN	NaN	NaN
vRhyme_bin_11__MHr2D2E2F_000000167594_31	vRhyme_bin_11__MHr2D2E2F_000000167594	MHr2D2E2F_vRhyme_bin_11		10.0	7.4									PF11645.15	PD-(D/E)XK endonuclease	108.683899	0.932									phrog_5018		56.65889	0.658	PF11645.15	PD-(D/E)XK endonuclease	Pfam	false	high	1278.0	NaN	NaN	NaN
vRhyme_bin_11__MHr2D2E2F_000000167594_32	vRhyme_bin_11__MHr2D2E2F_000000167594	MHr2D2E2F_vRhyme_bin_11																														KEGG	false	high	438.0	NaN	NaN	NaN
vRhyme_bin_11__MHr2D2E2F_000000167594_33	vRhyme_bin_11__MHr2D2E2F_000000167594	MHr2D2E2F_vRhyme_bin_11																														KEGG	false	high	678.0	NaN	NaN	NaN
vRhyme_bin_11__MHr2D2E2F_000000172760_1	vRhyme_bin_11__MHr2D2E2F_000000172760	MHr2D2E2F_vRhyme_bin_11																														KEGG	false	high	NaN	11034.0	14379.0	NaN
vRhyme_bin_11__MHr2D2E2F_000000172760_2	vRhyme_bin_11__MHr2D2E2F_000000172760	MHr2D2E2F_vRhyme_bin_11												PF21983.3		29.812771	0.5													PF21983.3		Pfam	false	high	NaN	10782.0	14784.0	NaN
vRhyme_bin_11__MHr2D2E2F_000000172760_3	vRhyme_bin_11__MHr2D2E2F_000000172760	MHr2D2E2F_vRhyme_bin_11																														KEGG	false	high	NaN	10566.0	14934.0	NaN
vRhyme_bin_11__MHr2D2E2F_000000172760_4	vRhyme_bin_11__MHr2D2E2F_000000172760	MHr2D2E2F_vRhyme_bin_11																														KEGG	false	high	NaN	10170.0	16425.0	NaN
vRhyme_bin_11__MHr2D2E2F_000000172760_5	vRhyme_bin_11__MHr2D2E2F_000000172760	MHr2D2E2F_vRhyme_bin_11																														KEGG	false	high	NaN	9867.0	NaN	264.0
vRhyme_bin_11__MHr2D2E2F_000000172760_6	vRhyme_bin_11__MHr2D2E2F_000000172760	MHr2D2E2F_vRhyme_bin_11																														KEGG	false	high	NaN	9519.0	NaN	11202.0
vRhyme_bin_11__MHr2D2E2F_000000172760_7	vRhyme_bin_11__MHr2D2E2F_000000172760	MHr2D2E2F_vRhyme_bin_11																														KEGG	false	high	NaN	9078.0	NaN	10161.0
vRhyme_bin_11__MHr2D2E2F_000000172760_8	vRhyme_bin_11__MHr2D2E2F_000000172760	MHr2D2E2F_vRhyme_bin_11																														KEGG	false	high	NaN	8583.0	NaN	9777.0
vRhyme_bin_11__MHr2D2E2F_000000172760_9	vRhyme_bin_11__MHr2D2E2F_000000172760	MHr2D2E2F_vRhyme_bin_11																														KEGG	false	high	NaN	8280.0	NaN	8880.0
vRhyme_bin_11__MHr2D2E2F_000000172760_10	vRhyme_bin_11__MHr2D2E2F_000000172760	MHr2D2E2F_vRhyme_bin_11																														KEGG	false	high	NaN	8034.0	NaN	7578.0
vRhyme_bin_11__MHr2D2E2F_000000172760_11	vRhyme_bin_11__MHr2D2E2F_000000172760	MHr2D2E2F_vRhyme_bin_11																														KEGG	false	high	NaN	7725.0	NaN	7476.0
vRhyme_bin_11__MHr2D2E2F_000000172760_12	vRhyme_bin_11__MHr2D2E2F_000000172760	MHr2D2E2F_vRhyme_bin_11																														KEGG	false	high	NaN	7455.0	NaN	6339.0
vRhyme_bin_11__MHr2D2E2F_000000172760_13	vRhyme_bin_11__MHr2D2E2F_000000172760	MHr2D2E2F_vRhyme_bin_11																														KEGG	false	high	NaN	7254.0	NaN	6114.0
vRhyme_bin_11__MHr2D2E2F_000000172760_14	vRhyme_bin_11__MHr2D2E2F_000000172760	MHr2D2E2F_vRhyme_bin_11																														KEGG	false	high	NaN	7044.0	NaN	5922.0
vRhyme_bin_11__MHr2D2E2F_000000172760_15	vRhyme_bin_11__MHr2D2E2F_000000172760	MHr2D2E2F_vRhyme_bin_11		3.35	1.67									PF19800.5	Family of unknown function (DUF6283)	88.68869	0.622									phrog_18249		56.390881	0.589	PF19800.5	Family of unknown function (DUF6283)	Pfam	false	high	NaN	6798.0	NaN	4680.0
vRhyme_bin_11__MHr2D2E2F_000000172760_16	vRhyme_bin_11__MHr2D2E2F_000000172760	MHr2D2E2F_vRhyme_bin_11																														KEGG	false	high	NaN	6258.0	NaN	4248.0
vRhyme_bin_11__MHr2D2E2F_000000172760_17	vRhyme_bin_11__MHr2D2E2F_000000172760	MHr2D2E2F_vRhyme_bin_11																														KEGG	false	high	NaN	6063.0	NaN	3111.0
vRhyme_bin_11__MHr2D2E2F_000000172760_18	vRhyme_bin_11__MHr2D2E2F_000000172760	MHr2D2E2F_vRhyme_bin_11																														KEGG	false	high	NaN	5565.0	NaN	2433.0
vRhyme_bin_11__MHr2D2E2F_000000172760_19	vRhyme_bin_11__MHr2D2E2F_000000172760	MHr2D2E2F_vRhyme_bin_11																														KEGG	false	high	NaN	5253.0	NaN	2145.0
vRhyme_bin_11__MHr2D2E2F_000000172760_20	vRhyme_bin_11__MHr2D2E2F_000000172760	MHr2D2E2F_vRhyme_bin_11																														KEGG	false	high	NaN	4929.0	NaN	1122.0
vRhyme_bin_11__MHr2D2E2F_000000172760_21	vRhyme_bin_11__MHr2D2E2F_000000172760	MHr2D2E2F_vRhyme_bin_11																														KEGG	false	high	NaN	4506.0	NaN	876.0
vRhyme_bin_11__MHr2D2E2F_000000172760_22	vRhyme_bin_11__MHr2D2E2F_000000172760	MHr2D2E2F_vRhyme_bin_11																														KEGG	false	medium	NaN	4116.0	NaN	NaN
vRhyme_bin_11__MHr2D2E2F_000000172760_23	vRhyme_bin_11__MHr2D2E2F_000000172760	MHr2D2E2F_vRhyme_bin_11																														KEGG	false	medium	NaN	3531.0	588.0	NaN
vRhyme_bin_11__MHr2D2E2F_000000172760_24	vRhyme_bin_11__MHr2D2E2F_000000172760	MHr2D2E2F_vRhyme_bin_11																														KEGG	false	medium	NaN	2667.0	1188.0	NaN
vRhyme_bin_11__MHr2D2E2F_000000172760_25	vRhyme_bin_11__MHr2D2E2F_000000172760	MHr2D2E2F_vRhyme_bin_11																														KEGG	false	medium	NaN	1899.0	2628.0	NaN
vRhyme_bin_11__MHr2D2E2F_000000172760_26	vRhyme_bin_11__MHr2D2E2F_000000172760	MHr2D2E2F_vRhyme_bin_11																														KEGG	false	medium	NaN	1125.0	2850.0	NaN
vRhyme_bin_11__MHr2D2E2F_000000172760_27	vRhyme_bin_11__MHr2D2E2F_000000172760	MHr2D2E2F_vRhyme_bin_11																														KEGG	false	medium	NaN	825.0	3903.0	NaN
vRhyme_bin_11__MHr2D2E2F_000000172760_28	vRhyme_bin_11__MHr2D2E2F_000000172760	MHr2D2E2F_vRhyme_bin_11																														KEGG	false	medium	NaN	504.0	4875.0	NaN
vRhyme_bin_11__MHr2D2E2F_000000172760_29	vRhyme_bin_11__MHr2D2E2F_000000172760	MHr2D2E2F_vRhyme_bin_11																														KEGG	false	medium	NaN	201.0	5511.0	NaN
vRhyme_bin_11__MHr2D2E2F_000000172760_30	vRhyme_bin_11__MHr2D2E2F_000000172760	MHr2D2E2F_vRhyme_bin_11		10.0	10.0									PF12705.14	PD-(D/E)XK nuclease superfamily	30.13348	0.577									phrog_69	exonuclease	56.550163	0.599	phrog_69	exonuclease	PHROG	false	medium	NaN	NaN	6318.0	NaN
vRhyme_bin_11__MHr2D2E2F_000000172760_31	vRhyme_bin_11__MHr2D2E2F_000000172760	MHr2D2E2F_vRhyme_bin_11	10.0	10.0		K00472	prolyl 4-hydroxylase [EC:1.14.11.2]	184.571594	0.946	HMMsoil135564	P4HA; prolyl 4-hydroxylase EC:1.14.11.2	40.967827	0.356	PF13640.13	2OG-Fe(II) oxygenase superfamily	48.898075	0.532													K00472	prolyl 4-hydroxylase [EC:1.14.11.2]	KEGG	false	medium	1227.0	NaN	7119.0	NaN
vRhyme_bin_11__MHr2D2E2F_000000172760_32	vRhyme_bin_11__MHr2D2E2F_000000172760	MHr2D2E2F_vRhyme_bin_11																														KEGG	false	medium	615.0	NaN	7779.0	NaN
vRhyme_bin_11__MHr2D2E2F_000000251315_1	vRhyme_bin_11__MHr2D2E2F_000000251315	MHr2D2E2F_vRhyme_bin_11	3.81	3.49	2.27	K10979	DNA end-binding protein Ku	132.906387	1.0					PF02735.23	Ku70/Ku80 beta-barrel domain	81.79734	0.877									phrog_4873	Ku-like DNA end binding	89.738579	0.988	K10979	DNA end-binding protein Ku	KEGG	false	medium	NaN	4665.0	NaN	NaN
vRhyme_bin_11__MHr2D2E2F_000000251315_2	vRhyme_bin_11__MHr2D2E2F_000000251315	MHr2D2E2F_vRhyme_bin_11																														KEGG	false	medium	NaN	4152.0	NaN	NaN
vRhyme_bin_11__MHr2D2E2F_000000251315_3	vRhyme_bin_11__MHr2D2E2F_000000251315	MHr2D2E2F_vRhyme_bin_11																														KEGG	false	medium	NaN	3804.0	NaN	NaN
vRhyme_bin_11__MHr2D2E2F_000000251315_4	vRhyme_bin_11__MHr2D2E2F_000000251315	MHr2D2E2F_vRhyme_bin_11																														KEGG	false	medium	NaN	3330.0	NaN	NaN
vRhyme_bin_11__MHr2D2E2F_000000251315_5	vRhyme_bin_11__MHr2D2E2F_000000251315	MHr2D2E2F_vRhyme_bin_11																														KEGG	false	medium	NaN	2703.0	NaN	NaN
vRhyme_bin_11__MHr2D2E2F_000000251315_6	vRhyme_bin_11__MHr2D2E2F_000000251315	MHr2D2E2F_vRhyme_bin_11																														KEGG	false	medium	NaN	2511.0	NaN	NaN
vRhyme_bin_11__MHr2D2E2F_000000251315_7	vRhyme_bin_11__MHr2D2E2F_000000251315	MHr2D2E2F_vRhyme_bin_11																														KEGG	false	medium	NaN	2343.0	NaN	NaN
vRhyme_bin_11__MHr2D2E2F_000000251315_8	vRhyme_bin_11__MHr2D2E2F_000000251315	MHr2D2E2F_vRhyme_bin_11																														KEGG	false	medium	NaN	2061.0	NaN	NaN
vRhyme_bin_11__MHr2D2E2F_000000251315_9	vRhyme_bin_11__MHr2D2E2F_000000251315	MHr2D2E2F_vRhyme_bin_11																														KEGG	false	medium	NaN	1701.0	NaN	NaN
vRhyme_bin_11__MHr2D2E2F_000000251315_10	vRhyme_bin_11__MHr2D2E2F_000000251315	MHr2D2E2F_vRhyme_bin_11																														KEGG	false	medium	NaN	1377.0	NaN	NaN
vRhyme_bin_11__MHr2D2E2F_000000251315_11	vRhyme_bin_11__MHr2D2E2F_000000251315	MHr2D2E2F_vRhyme_bin_11																														KEGG	false	medium	NaN	909.0	NaN	NaN
vRhyme_bin_11__MHr2D2E2F_000000251315_12	vRhyme_bin_11__MHr2D2E2F_000000251315	MHr2D2E2F_vRhyme_bin_11																														KEGG	false	medium	NaN	540.0	NaN	NaN
vRhyme_bin_11__MHr2D2E2F_000000251315_13	vRhyme_bin_11__MHr2D2E2F_000000251315	MHr2D2E2F_vRhyme_bin_11																														KEGG	false	medium	NaN	285.0	NaN	NaN
vRhyme_bin_11__MHr2D2E2F_000000251315_14	vRhyme_bin_11__MHr2D2E2F_000000251315	MHr2D2E2F_vRhyme_bin_11	10.0	10.0	10.0	K26441	DNA ligase [EC:6.5.1.1]	266.502106	0.978					PF14743.13	DNA ligase OB-like domain	55.961277	0.232									phrog_114	ATP-dependent DNA ligase	155.47525	0.982	K26441	DNA ligase [EC:6.5.1.1]	KEGG	false	medium	NaN	1068.0	NaN	NaN
vRhyme_bin_11__MHr2D2E2F_000000251315_15	vRhyme_bin_11__MHr2D2E2F_000000251315	MHr2D2E2F_vRhyme_bin_11																														KEGG	false	medium	828.0	240.0	NaN	NaN
vRhyme_bin_11__MHr2D2E2F_000000251315_16	vRhyme_bin_11__MHr2D2E2F_000000251315	MHr2D2E2F_vRhyme_bin_11	10.0	6.41		K02347	DNA polymerase (family X)	92.02581	0.859					PF14791.12	DNA polymerase beta thumb	51.644165	0.337													K02347	DNA polymerase (family X)	KEGG	false	medium	1068.0	4494.0	NaN	NaN
vRhyme_bin_11__MHr2D2E2F_000000251315_17	vRhyme_bin_11__MHr2D2E2F_000000251315	MHr2D2E2F_vRhyme_bin_11		7.63										PF11171.14	Protein of unknown function (DUF2958)	49.410797	0.903													PF11171.14	Protein of unknown function (DUF2958)	Pfam	false	medium	552.0	3942.0	NaN	NaN
vRhyme_bin_11__MHr2D2E2F_000000251315_18	vRhyme_bin_11__MHr2D2E2F_000000251315	MHr2D2E2F_vRhyme_bin_11																														KEGG	false	medium	861.0	3633.0	NaN	NaN
vRhyme_bin_11__MHr2D2E2F_000000251315_19	vRhyme_bin_11__MHr2D2E2F_000000251315	MHr2D2E2F_vRhyme_bin_11																														KEGG	false	medium	1122.0	3372.0	NaN	13995.0
vRhyme_bin_11__MHr2D2E2F_000000251315_20	vRhyme_bin_11__MHr2D2E2F_000000251315	MHr2D2E2F_vRhyme_bin_11																														KEGG	false	medium	1566.0	2928.0	NaN	12981.0
vRhyme_bin_11__MHr2D2E2F_000000251315_21	vRhyme_bin_11__MHr2D2E2F_000000251315	MHr2D2E2F_vRhyme_bin_11																														KEGG	false	medium	1767.0	2727.0	NaN	11583.0
vRhyme_bin_11__MHr2D2E2F_000000251315_22	vRhyme_bin_11__MHr2D2E2F_000000251315	MHr2D2E2F_vRhyme_bin_11																														KEGG	false	medium	2025.0	2469.0	NaN	10878.0
vRhyme_bin_11__MHr2D2E2F_000000251315_23	vRhyme_bin_11__MHr2D2E2F_000000251315	MHr2D2E2F_vRhyme_bin_11																														KEGG	false	medium	2307.0	2187.0	NaN	10488.0
vRhyme_bin_11__MHr2D2E2F_000000251315_24	vRhyme_bin_11__MHr2D2E2F_000000251315	MHr2D2E2F_vRhyme_bin_11		2.3										PF20529.4	Family of unknown function (DUF6744)	36.495461	0.543													PF20529.4	Family of unknown function (DUF6744)	Pfam	false	medium	2631.0	1863.0	NaN	10218.0
vRhyme_bin_11__MHr2D2E2F_000000251315_25	vRhyme_bin_11__MHr2D2E2F_000000251315	MHr2D2E2F_vRhyme_bin_11																														KEGG	false	medium	3576.0	918.0	NaN	9987.0
vRhyme_bin_11__MHr2D2E2F_000000251315_26	vRhyme_bin_11__MHr2D2E2F_000000251315	MHr2D2E2F_vRhyme_bin_11																														KEGG	false	high	4086.0	408.0	NaN	8793.0
vRhyme_bin_11__MHr2D2E2F_000000251315_27	vRhyme_bin_11__MHr2D2E2F_000000251315	MHr2D2E2F_vRhyme_bin_11		10.0	10.0	K27576		76.828499	0.893					PF13203.13	Putative metallopeptidase domain	60.770264	0.61									phrog_1314	HNH endonuclease	121.751343	0.935	phrog_1314	HNH endonuclease	PHROG	false	medium	4494.0	3048.0	NaN	8064.0
vRhyme_bin_11__MHr2D2E2F_000000251315_28	vRhyme_bin_11__MHr2D2E2F_000000251315	MHr2D2E2F_vRhyme_bin_11																														KEGG	false	high	1284.0	1764.0	NaN	6660.0
vRhyme_bin_11__MHr2D2E2F_000000251315_29	vRhyme_bin_11__MHr2D2E2F_000000251315	MHr2D2E2F_vRhyme_bin_11																								phrog_1297	ATPase	125.873116	0.821	phrog_1297	ATPase	PHROG	false	medium	1926.0	1122.0	NaN	6363.0
vRhyme_bin_11__MHr2D2E2F_000000251315_30	vRhyme_bin_11__MHr2D2E2F_000000251315	MHr2D2E2F_vRhyme_bin_11	10.0	10.0	10.0	K01525	bis(5'-nucleosyl)-tetraphosphatase (symmetrical) [EC:3.6.1.41]	74.824722	0.552	HMMsoil50363	apaH; bis(5'-nucleosyl)-tetraphosphatase (symmetrical) EC:3.6.1.41	105.319962	0.54	PF00149.34	Calcineurin-like phosphoesterase	53.972805	0.75									phrog_246	NinI-like serine-threonine phosphatase	102.304428	0.909	HMMsoil50363	apaH; bis(5'-nucleosyl)-tetraphosphatase (symmetrical) EC:3.6.1.41	FOAM	false	medium	3048.0	NaN	NaN	6108.0
vRhyme_bin_11__MHr2D2E2F_000000251315_31	vRhyme_bin_11__MHr2D2E2F_000000251315	MHr2D2E2F_vRhyme_bin_11																														KEGG	false	medium	756.0	NaN	NaN	5937.0
vRhyme_bin_11__MHr2D2E2F_000000251315_32	vRhyme_bin_11__MHr2D2E2F_000000251315	MHr2D2E2F_vRhyme_bin_11																														KEGG	false	medium	930.0	NaN	NaN	5715.0
vRhyme_bin_11__MHr2D2E2F_000000286237_1	vRhyme_bin_11__MHr2D2E2F_000000286237	MHr2D2E2F_vRhyme_bin_11	10.0	10.0		K22721	inositol phosphorylceramide mannosyltransferase catalytic subunit [EC:2.4.1.370]	76.916748	0.715					PF04488.22	Glycosyltransferase sugar-binding region containing DXD motif	27.69574	0.273													K22721	inositol phosphorylceramide mannosyltransferase catalytic subunit [EC:2.4.1.370]	KEGG	false	medium	NaN	NaN	21786.0	28773.0
vRhyme_bin_11__MHr2D2E2F_000000286237_2	vRhyme_bin_11__MHr2D2E2F_000000286237	MHr2D2E2F_vRhyme_bin_11																														KEGG	false	medium	NaN	NaN	22371.0	28188.0
vRhyme_bin_11__MHr2D2E2F_000000286237_3	vRhyme_bin_11__MHr2D2E2F_000000286237	MHr2D2E2F_vRhyme_bin_11																														KEGG	false	medium	NaN	NaN	22998.0	27561.0
vRhyme_bin_11__MHr2D2E2F_000000286237_4	vRhyme_bin_11__MHr2D2E2F_000000286237	MHr2D2E2F_vRhyme_bin_11		10.0										PF04488.22	Glycosyltransferase sugar-binding region containing DXD motif	25.155331	0.117													PF04488.22	Glycosyltransferase sugar-binding region containing DXD motif	Pfam	false	medium	NaN	NaN	23637.0	26922.0
vRhyme_bin_11__MHr2D2E2F_000000286237_5	vRhyme_bin_11__MHr2D2E2F_000000286237	MHr2D2E2F_vRhyme_bin_11																														KEGG	false	medium	NaN	NaN	28683.0	21876.0
vRhyme_bin_11__MHr2D2E2F_000000286237_6	vRhyme_bin_11__MHr2D2E2F_000000286237	MHr2D2E2F_vRhyme_bin_11	10.0	10.0		K22721	inositol phosphorylceramide mannosyltransferase catalytic subunit [EC:2.4.1.370]	77.350502	0.799					PF04488.22	Glycosyltransferase sugar-binding region containing DXD motif	30.576193	0.287													K22721	inositol phosphorylceramide mannosyltransferase catalytic subunit [EC:2.4.1.370]	KEGG	false	low	NaN	NaN	29271.0	21288.0
vRhyme_bin_11__MHr2D2E2F_000000286237_7	vRhyme_bin_11__MHr2D2E2F_000000286237	MHr2D2E2F_vRhyme_bin_11	10.0	10.0		K20444	O-antigen biosynthesis protein [EC:2.4.1.-]	63.75103	0.745	HMMsoil14053	waaV; UDP-glucose:(glucosyl)LPS beta-1,3-glucosyltransferase EC:2.4.1.-	77.567604	0.388	PF00535.33	Glycosyl transferase family 2	59.083961	0.471													HMMsoil14053	waaV; UDP-glucose:(glucosyl)LPS beta-1,3-glucosyltransferase EC:2.4.1.-	FOAM	false	low	NaN	NaN	30354.0	20205.0
vRhyme_bin_11__MHr2D2E2F_000000286237_8	vRhyme_bin_11__MHr2D2E2F_000000286237	MHr2D2E2F_vRhyme_bin_11																														KEGG	false	medium	NaN	NaN	30801.0	19758.0
vRhyme_bin_11__MHr2D2E2F_000000286237_9	vRhyme_bin_11__MHr2D2E2F_000000286237	MHr2D2E2F_vRhyme_bin_11	10.0	10.0	0.79	K04485	DNA repair protein RadA/Sms	265.597504	0.904					PF06745.20	KaiC	31.295918	0.192									phrog_26214		154.227875	0.873	K04485	DNA repair protein RadA/Sms	KEGG	false	low	NaN	NaN	31362.0	19197.0
vRhyme_bin_11__MHr2D2E2F_000000286237_10	vRhyme_bin_11__MHr2D2E2F_000000286237	MHr2D2E2F_vRhyme_bin_11																														KEGG	false	medium	NaN	NaN	32121.0	18438.0
vRhyme_bin_11__MHr2D2E2F_000000286237_11	vRhyme_bin_11__MHr2D2E2F_000000286237	MHr2D2E2F_vRhyme_bin_11																														KEGG	false	medium	NaN	NaN	32985.0	17574.0
vRhyme_bin_11__MHr2D2E2F_000000286237_12	vRhyme_bin_11__MHr2D2E2F_000000286237	MHr2D2E2F_vRhyme_bin_11																														KEGG	false	medium	NaN	NaN	33756.0	16803.0
vRhyme_bin_11__MHr2D2E2F_000000286237_13	vRhyme_bin_11__MHr2D2E2F_000000286237	MHr2D2E2F_vRhyme_bin_11																														KEGG	false	medium	NaN	NaN	34002.0	16557.0
vRhyme_bin_11__MHr2D2E2F_000000286237_14	vRhyme_bin_11__MHr2D2E2F_000000286237	MHr2D2E2F_vRhyme_bin_11																														KEGG	false	medium	NaN	NaN	34380.0	16179.0
vRhyme_bin_11__MHr2D2E2F_000000286237_15	vRhyme_bin_11__MHr2D2E2F_000000286237	MHr2D2E2F_vRhyme_bin_11																								phrog_5596		55.853107	0.549	phrog_5596		PHROG	false	medium	NaN	NaN	34845.0	15714.0
vRhyme_bin_11__MHr2D2E2F_000000286237_16	vRhyme_bin_11__MHr2D2E2F_000000286237	MHr2D2E2F_vRhyme_bin_11																														KEGG	false	medium	NaN	NaN	35043.0	15516.0
vRhyme_bin_11__MHr2D2E2F_000000286237_17	vRhyme_bin_11__MHr2D2E2F_000000286237	MHr2D2E2F_vRhyme_bin_11																														KEGG	false	medium	NaN	NaN	35742.0	14817.0
vRhyme_bin_11__MHr2D2E2F_000000286237_18	vRhyme_bin_11__MHr2D2E2F_000000286237	MHr2D2E2F_vRhyme_bin_11																														KEGG	false	medium	NaN	NaN	36369.0	14190.0
vRhyme_bin_11__MHr2D2E2F_000000286237_19	vRhyme_bin_11__MHr2D2E2F_000000286237	MHr2D2E2F_vRhyme_bin_11		10.0						HMMsoil41061	amiABC; N-acetylmuramoyl-L-alanine amidase EC:3.5.1.28	38.733078	0.093	PF01471.24	Putative peptidoglycan binding domain	43.472996	0.093													PF01471.24	Putative peptidoglycan binding domain	Pfam	false	medium	NaN	NaN	36915.0	13644.0
vRhyme_bin_11__MHr2D2E2F_000000286237_20	vRhyme_bin_11__MHr2D2E2F_000000286237	MHr2D2E2F_vRhyme_bin_11																														KEGG	false	medium	NaN	NaN	37845.0	12714.0
vRhyme_bin_11__MHr2D2E2F_000000286237_21	vRhyme_bin_11__MHr2D2E2F_000000286237	MHr2D2E2F_vRhyme_bin_11																														KEGG	false	medium	NaN	NaN	38445.0	12114.0
vRhyme_bin_11__MHr2D2E2F_000000286237_22	vRhyme_bin_11__MHr2D2E2F_000000286237	MHr2D2E2F_vRhyme_bin_11		10.0						HMMsoil40772	amiABC; N-acetylmuramoyl-L-alanine amidase EC:3.5.1.28	28.54656	0.101	PF01471.24	Putative peptidoglycan binding domain	36.551952	0.081													PF01471.24	Putative peptidoglycan binding domain	Pfam	false	medium	NaN	NaN	39069.0	11490.0
vRhyme_bin_11__MHr2D2E2F_000000286237_23	vRhyme_bin_11__MHr2D2E2F_000000286237	MHr2D2E2F_vRhyme_bin_11																														KEGG	false	medium	NaN	NaN	39768.0	10791.0
vRhyme_bin_11__MHr2D2E2F_000000286237_24	vRhyme_bin_11__MHr2D2E2F_000000286237	MHr2D2E2F_vRhyme_bin_11		0.22										PF09394.17	Chagasin family peptidase inhibitor I42	31.722307	0.261													PF09394.17	Chagasin family peptidase inhibitor I42	Pfam	false	medium	NaN	NaN	40671.0	9888.0
vRhyme_bin_11__MHr2D2E2F_000000286237_25	vRhyme_bin_11__MHr2D2E2F_000000286237	MHr2D2E2F_vRhyme_bin_11																														KEGG	false	medium	NaN	NaN	40929.0	9630.0
vRhyme_bin_11__MHr2D2E2F_000000286237_26	vRhyme_bin_11__MHr2D2E2F_000000286237	MHr2D2E2F_vRhyme_bin_11																														KEGG	false	medium	NaN	NaN	41250.0	9309.0
vRhyme_bin_11__MHr2D2E2F_000000286237_27	vRhyme_bin_11__MHr2D2E2F_000000286237	MHr2D2E2F_vRhyme_bin_11																														KEGG	false	medium	NaN	NaN	41772.0	8787.0
vRhyme_bin_11__MHr2D2E2F_000000286237_28	vRhyme_bin_11__MHr2D2E2F_000000286237	MHr2D2E2F_vRhyme_bin_11																														KEGG	false	medium	NaN	NaN	42351.0	8208.0
vRhyme_bin_11__MHr2D2E2F_000000286237_29	vRhyme_bin_11__MHr2D2E2F_000000286237	MHr2D2E2F_vRhyme_bin_11																														KEGG	false	medium	NaN	NaN	42576.0	7983.0
vRhyme_bin_11__MHr2D2E2F_000000286237_30	vRhyme_bin_11__MHr2D2E2F_000000286237	MHr2D2E2F_vRhyme_bin_11																														KEGG	false	medium	NaN	NaN	48597.0	1962.0
vRhyme_bin_11__MHr2D2E2F_000000286237_31	vRhyme_bin_11__MHr2D2E2F_000000286237	MHr2D2E2F_vRhyme_bin_11																														KEGG	false	medium	NaN	NaN	49509.0	1050.0
vRhyme_bin_11__MHr2D2E2F_000000286237_32	vRhyme_bin_11__MHr2D2E2F_000000286237	MHr2D2E2F_vRhyme_bin_11																														KEGG	false	medium	NaN	NaN	50559.0	28149.0
vRhyme_bin_11__MHr2D2E2F_000000286237_33	vRhyme_bin_11__MHr2D2E2F_000000286237	MHr2D2E2F_vRhyme_bin_11																								phrog_1574		99.279221	0.931	phrog_1574		PHROG	false	medium	NaN	NaN	492.0	27657.0
vRhyme_bin_11__MHr2D2E2F_000000286237_34	vRhyme_bin_11__MHr2D2E2F_000000286237	MHr2D2E2F_vRhyme_bin_11																														KEGG	false	medium	NaN	NaN	1353.0	26796.0
vRhyme_bin_11__MHr2D2E2F_000000286237_35	vRhyme_bin_11__MHr2D2E2F_000000286237	MHr2D2E2F_vRhyme_bin_11																														KEGG	false	medium	NaN	NaN	2238.0	25911.0
vRhyme_bin_11__MHr2D2E2F_000000286237_36	vRhyme_bin_11__MHr2D2E2F_000000286237	MHr2D2E2F_vRhyme_bin_11																														KEGG	false	medium	NaN	NaN	2526.0	25623.0
vRhyme_bin_11__MHr2D2E2F_000000286237_37	vRhyme_bin_11__MHr2D2E2F_000000286237	MHr2D2E2F_vRhyme_bin_11																														KEGG	false	medium	NaN	NaN	3261.0	24888.0
vRhyme_bin_11__MHr2D2E2F_000000308642_1	vRhyme_bin_11__MHr2D2E2F_000000308642	MHr2D2E2F_vRhyme_bin_11																														KEGG	false	high	NaN	1590.0	6147.0	NaN
vRhyme_bin_11__MHr2D2E2F_000000308642_2	vRhyme_bin_11__MHr2D2E2F_000000308642	MHr2D2E2F_vRhyme_bin_11		10.0										PF13479.13	AAA domain	43.210396	0.578													PF13479.13	AAA domain	Pfam	false	high	NaN	3423.0	7614.0	NaN
vRhyme_bin_11__MHr2D2E2F_000000308642_3	vRhyme_bin_11__MHr2D2E2F_000000308642	MHr2D2E2F_vRhyme_bin_11																														KEGG	false	high	NaN	2499.0	9075.0	NaN
vRhyme_bin_11__MHr2D2E2F_000000308642_4	vRhyme_bin_11__MHr2D2E2F_000000308642	MHr2D2E2F_vRhyme_bin_11																														KEGG	false	high	NaN	1881.0	9912.0	NaN
vRhyme_bin_11__MHr2D2E2F_000000308642_5	vRhyme_bin_11__MHr2D2E2F_000000308642	MHr2D2E2F_vRhyme_bin_11																														KEGG	false	high	NaN	1419.0	NaN	NaN
vRhyme_bin_11__MHr2D2E2F_000000308642_6	vRhyme_bin_11__MHr2D2E2F_000000308642	MHr2D2E2F_vRhyme_bin_11												PF24623.3		25.585014	0.658													PF24623.3		Pfam	false	high	NaN	1188.0	NaN	NaN
vRhyme_bin_11__MHr2D2E2F_000000308642_7	vRhyme_bin_11__MHr2D2E2F_000000308642	MHr2D2E2F_vRhyme_bin_11																														KEGG	false	high	NaN	969.0	NaN	NaN
vRhyme_bin_11__MHr2D2E2F_000000308642_8	vRhyme_bin_11__MHr2D2E2F_000000308642	MHr2D2E2F_vRhyme_bin_11																														KEGG	false	high	NaN	660.0	NaN	NaN
vRhyme_bin_11__MHr2D2E2F_000000308642_9	vRhyme_bin_11__MHr2D2E2F_000000308642	MHr2D2E2F_vRhyme_bin_11																														KEGG	false	high	NaN	336.0	NaN	NaN
vRhyme_bin_11__MHr2D2E2F_000000308642_10	vRhyme_bin_11__MHr2D2E2F_000000308642	MHr2D2E2F_vRhyme_bin_11	10.0	10.0	10.0	K02335	DNA polymerase I [EC:2.7.7.7]	202.082733	0.631	HMMsoil2841	polA; DNA polymerase I EC:2.7.7.7	105.598724	0.205	PF00476.27	DNA polymerase family A	119.030983	0.2									phrog_17	DNA polymerase	267.156677	0.824	phrog_17	DNA polymerase	PHROG	false	high	NaN	3687.0	NaN	NaN
vRhyme_bin_11__MHr2D2E2F_000000308642_11	vRhyme_bin_11__MHr2D2E2F_000000308642	MHr2D2E2F_vRhyme_bin_11																														KEGG	false	high	3024.0	663.0	NaN	NaN
vRhyme_bin_11__MHr2D2E2F_000000308642_12	vRhyme_bin_11__MHr2D2E2F_000000308642	MHr2D2E2F_vRhyme_bin_11																								phrog_13625		56.747879	0.661	phrog_13625		PHROG	false	high	3306.0	381.0	NaN	NaN
vRhyme_bin_11__MHr2D2E2F_000000308642_13	vRhyme_bin_11__MHr2D2E2F_000000308642	MHr2D2E2F_vRhyme_bin_11	10.0	10.0	10.0	K03581	exodeoxyribonuclease V alpha subunit [EC:3.1.11.5]	147.315094	0.867					PF13604.13	AAA domain	67.017426	0.438									phrog_325	Dda-like helicase	240.015381	0.88	phrog_325	Dda-like helicase	PHROG	false	high	3687.0	1494.0	NaN	NaN
vRhyme_bin_11__MHr2D2E2F_000000308642_14	vRhyme_bin_11__MHr2D2E2F_000000308642	MHr2D2E2F_vRhyme_bin_11	10.0	10.0	10.0	K01493	dCMP deaminase [EC:3.5.4.12]	137.166687	0.857	HMMsoil49025	comEB; dCMP deaminase EC:3.5.4.12	115.879181	0.741	PF00383.30	Cytidine and deoxycytidylate deaminase zinc-binding region	90.091141	0.762									phrog_174	dCMP deaminase	160.154587	0.837	phrog_174	dCMP deaminase	PHROG	false	high	1494.0	441.0	NaN	NaN
vRhyme_bin_11__MHr2D2E2F_000000308642_15	vRhyme_bin_11__MHr2D2E2F_000000308642	MHr2D2E2F_vRhyme_bin_11	10.0	10.0	10.0	K03574	8-oxo-dGTP diphosphatase [EC:3.6.1.55]	64.798302	0.777	HMMsoil70378	mutT, NUDT15, MTH2; 8-oxo-dGTP diphosphatase EC:3.6.1.55	44.400021	0.376	PF00293.35	NUDIX domain	57.169613	0.669									phrog_1198	MutT/NUDIX hydrolase	56.138485	0.675	K03574	8-oxo-dGTP diphosphatase [EC:3.6.1.55]	KEGG	false	medium	441.0	471.0	NaN	NaN
vRhyme_bin_11__MHr2D2E2F_000000308642_16	vRhyme_bin_11__MHr2D2E2F_000000308642	MHr2D2E2F_vRhyme_bin_11	10.0	10.0	10.0	K08320	(d)CTP diphosphatase [EC:3.6.1.65]	80.843491	0.901	HMMsoil63324	mutT, NUDT15, MTH2; 8-oxo-dGTP diphosphatase EC:3.6.1.55	69.558327	0.787	PF00293.35	NUDIX domain	64.855141	0.794									phrog_1198	MutT/NUDIX hydrolase	74.391037	0.887	K08320	(d)CTP diphosphatase [EC:3.6.1.65]	KEGG	false	medium	471.0	NaN	NaN	NaN
vRhyme_bin_11__MHr2D2E2F_000000308642_17	vRhyme_bin_11__MHr2D2E2F_000000308642	MHr2D2E2F_vRhyme_bin_11																														KEGG	false	high	423.0	NaN	NaN	NaN
vRhyme_bin_11__MHr2D2E2F_000000308642_18	vRhyme_bin_11__MHr2D2E2F_000000308642	MHr2D2E2F_vRhyme_bin_11				K06952	5'-nucleotidase [EC:3.1.3.89]	168.241699	0.944																	phrog_318	deoxyribonucleoside 5' monophosphate phosphatase	163.257568	0.965	K06952	5'-nucleotidase [EC:3.1.3.89]	KEGG	false	medium	645.0	NaN	NaN	NaN
vRhyme_bin_11__MHr2D2E2F_000000308642_19	vRhyme_bin_11__MHr2D2E2F_000000308642	MHr2D2E2F_vRhyme_bin_11																														KEGG	false	medium	1239.0	NaN	NaN	NaN
vRhyme_bin_11__MHr2D2E2F_000000308642_20	vRhyme_bin_11__MHr2D2E2F_000000308642	MHr2D2E2F_vRhyme_bin_11		10.0										PF18909.6	dATP/dGTP diphosphohydrolase, N-terminal	30.483908	0.525													PF18909.6	dATP/dGTP diphosphohydrolase, N-terminal	Pfam	false	high	1458.0	NaN	NaN	NaN
vRhyme_bin_11__MHr2D2E2F_000000308642_21	vRhyme_bin_11__MHr2D2E2F_000000308642	MHr2D2E2F_vRhyme_bin_11	10.0	10.0		K00527	ribonucleoside-triphosphate reductase (thioredoxin) [EC:1.17.4.2]	366.122406	0.888	HMMsoil21004	rtpR; ribonucleoside-triphosphate reductase (thioredoxin) EC:1.17.4.2	75.89064	0.112	PF03477.22	ATP cone domain	62.995449	0.115													K00527	ribonucleoside-triphosphate reductase (thioredoxin) [EC:1.17.4.2]	KEGG	false	medium	486.0	NaN	NaN	NaN
vRhyme_bin_11__MHr2D2E2F_000000308642_22	vRhyme_bin_11__MHr2D2E2F_000000308642	MHr2D2E2F_vRhyme_bin_11																														KEGG	false	high	2277.0	NaN	NaN	NaN
vRhyme_bin_11__MHr2D2E2F_000000308642_23	vRhyme_bin_11__MHr2D2E2F_000000308642	MHr2D2E2F_vRhyme_bin_11																														KEGG	false	high	2676.0	NaN	NaN	NaN
vRhyme_bin_11__MHr2D2E2F_000000308642_24	vRhyme_bin_11__MHr2D2E2F_000000308642	MHr2D2E2F_vRhyme_bin_11		10.0										PF02511.21	Thymidylate synthase complementing protein	49.351158	0.444													PF02511.21	Thymidylate synthase complementing protein	Pfam	false	high	2886.0	NaN	NaN	NaN
vRhyme_bin_11__MHr2D2E2F_000000308642_25	vRhyme_bin_11__MHr2D2E2F_000000308642	MHr2D2E2F_vRhyme_bin_11																														KEGG	false	high	1359.0	NaN	NaN	NaN
vRhyme_bin_11__MHr2D2E2F_000000308642_26	vRhyme_bin_11__MHr2D2E2F_000000308642	MHr2D2E2F_vRhyme_bin_11																														KEGG	false	high	1737.0	NaN	NaN	NaN
vRhyme_bin_11__MHr2D2E2F_000000308642_27	vRhyme_bin_11__MHr2D2E2F_000000308642	MHr2D2E2F_vRhyme_bin_11																								phrog_18063		77.251869	0.945	phrog_18063		PHROG	false	high	2139.0	NaN	NaN	NaN
vRhyme_bin_11__MHr2D2E2F_000000308642_28	vRhyme_bin_11__MHr2D2E2F_000000308642	MHr2D2E2F_vRhyme_bin_11																														KEGG	false	high	2358.0	NaN	NaN	NaN
vRhyme_bin_11__MHr2D2E2F_000000308642_29	vRhyme_bin_11__MHr2D2E2F_000000308642	MHr2D2E2F_vRhyme_bin_11																														KEGG	false	high	2739.0	NaN	NaN	NaN
vRhyme_bin_11__MHr2D2E2F_000000308642_30	vRhyme_bin_11__MHr2D2E2F_000000308642	MHr2D2E2F_vRhyme_bin_11																														KEGG	false	high	2949.0	NaN	NaN	NaN
vRhyme_bin_11__MHr2D2E2F_000000308642_31	vRhyme_bin_11__MHr2D2E2F_000000308642	MHr2D2E2F_vRhyme_bin_11																														KEGG	false	high	3123.0	NaN	NaN	NaN
vRhyme_bin_11__MHr2D2E2F_000000308642_32	vRhyme_bin_11__MHr2D2E2F_000000308642	MHr2D2E2F_vRhyme_bin_11																								phrog_4285	transposase	95.545425	0.774	phrog_4285	transposase	PHROG	false	high	3387.0	NaN	NaN	NaN
vRhyme_bin_11__MHr2D2E2F_000000308642_33	vRhyme_bin_11__MHr2D2E2F_000000308642	MHr2D2E2F_vRhyme_bin_11																														KEGG	false	high	4407.0	NaN	NaN	NaN
vRhyme_bin_11__MHr2D2E2F_000000308642_34	vRhyme_bin_11__MHr2D2E2F_000000308642	MHr2D2E2F_vRhyme_bin_11																														KEGG	false	high	4692.0	NaN	NaN	NaN
vRhyme_bin_11__MHr2D2E2F_000000308642_35	vRhyme_bin_11__MHr2D2E2F_000000308642	MHr2D2E2F_vRhyme_bin_11																														KEGG	false	high	5106.0	NaN	NaN	NaN
vRhyme_bin_11__MHr2D2E2F_000000308642_36	vRhyme_bin_11__MHr2D2E2F_000000308642	MHr2D2E2F_vRhyme_bin_11																														KEGG	false	high	5628.0	NaN	NaN	NaN
vRhyme_bin_11__MHr2D2E2F_000000308642_37	vRhyme_bin_11__MHr2D2E2F_000000308642	MHr2D2E2F_vRhyme_bin_11																														KEGG	false	high	5952.0	NaN	NaN	NaN
vRhyme_bin_11__MHr2D2E2F_000000308642_38	vRhyme_bin_11__MHr2D2E2F_000000308642	MHr2D2E2F_vRhyme_bin_11																														KEGG	false	high	6207.0	NaN	NaN	NaN
vRhyme_bin_11__MHr2D2E2F_000000308642_39	vRhyme_bin_11__MHr2D2E2F_000000308642	MHr2D2E2F_vRhyme_bin_11																														KEGG	false	high	6432.0	NaN	NaN	NaN
vRhyme_bin_11__MHr2D2E2F_000000308642_40	vRhyme_bin_11__MHr2D2E2F_000000308642	MHr2D2E2F_vRhyme_bin_11																														KEGG	false	high	6600.0	NaN	NaN	NaN
vRhyme_bin_11__MHr2D2E2F_000000308642_41	vRhyme_bin_11__MHr2D2E2F_000000308642	MHr2D2E2F_vRhyme_bin_11																														KEGG	false	high	7071.0	NaN	NaN	NaN
vRhyme_bin_11__MHr2D2E2F_000000308642_42	vRhyme_bin_11__MHr2D2E2F_000000308642	MHr2D2E2F_vRhyme_bin_11																														KEGG	false	high	7188.0	NaN	NaN	NaN
vRhyme_bin_11__MHr2D2E2F_000000308642_43	vRhyme_bin_11__MHr2D2E2F_000000308642	MHr2D2E2F_vRhyme_bin_11																														KEGG	false	high	8349.0	NaN	NaN	NaN
vRhyme_bin_11__MHr2D2E2F_000000308642_44	vRhyme_bin_11__MHr2D2E2F_000000308642	MHr2D2E2F_vRhyme_bin_11																														KEGG	false	high	8853.0	NaN	NaN	NaN
vRhyme_bin_11__MHr2D2E2F_000000308642_45	vRhyme_bin_11__MHr2D2E2F_000000308642	MHr2D2E2F_vRhyme_bin_11																														KEGG	false	high	9228.0	NaN	NaN	NaN
vRhyme_bin_11__MHr2D2E2F_000000308642_46	vRhyme_bin_11__MHr2D2E2F_000000308642	MHr2D2E2F_vRhyme_bin_11																														KEGG	false	high	9447.0	NaN	NaN	NaN
vRhyme_bin_11__MHr2D2E2F_000000308642_47	vRhyme_bin_11__MHr2D2E2F_000000308642	MHr2D2E2F_vRhyme_bin_11																														KEGG	false	high	10383.0	NaN	NaN	NaN
vRhyme_bin_11__MHr2D2E2F_000000308642_48	vRhyme_bin_11__MHr2D2E2F_000000308642	MHr2D2E2F_vRhyme_bin_11																														KEGG	false	high	10728.0	NaN	NaN	NaN
vRhyme_bin_11__MHr2D2E2F_000000308642_49	vRhyme_bin_11__MHr2D2E2F_000000308642	MHr2D2E2F_vRhyme_bin_11																														KEGG	false	high	11064.0	NaN	NaN	NaN
vRhyme_bin_11__MHr2D2E2F_000000308642_50	vRhyme_bin_11__MHr2D2E2F_000000308642	MHr2D2E2F_vRhyme_bin_11																														KEGG	false	high	11688.0	NaN	NaN	NaN
vRhyme_bin_11__MHr2D2E2F_000000308642_51	vRhyme_bin_11__MHr2D2E2F_000000308642	MHr2D2E2F_vRhyme_bin_11																														KEGG	false	high	12276.0	NaN	NaN	NaN
vRhyme_bin_11__MHr2D2E2F_000000308642_52	vRhyme_bin_11__MHr2D2E2F_000000308642	MHr2D2E2F_vRhyme_bin_11																														KEGG	false	high	12492.0	NaN	NaN	NaN
vRhyme_bin_11__MHr2D2E2F_000000308642_53	vRhyme_bin_11__MHr2D2E2F_000000308642	MHr2D2E2F_vRhyme_bin_11																														KEGG	false	high	13365.0	NaN	NaN	NaN
vRhyme_bin_11__MHr2D2E2F_000000308642_54	vRhyme_bin_11__MHr2D2E2F_000000308642	MHr2D2E2F_vRhyme_bin_11																														KEGG	false	high	13743.0	NaN	NaN	NaN
vRhyme_bin_11__MHr2D2E2F_000000308642_55	vRhyme_bin_11__MHr2D2E2F_000000308642	MHr2D2E2F_vRhyme_bin_11																														KEGG	false	high	14268.0	NaN	NaN	10728.0
vRhyme_bin_11__MHr2D2E2F_000000308642_56	vRhyme_bin_11__MHr2D2E2F_000000308642	MHr2D2E2F_vRhyme_bin_11																														KEGG	false	high	14613.0	NaN	NaN	10323.0
vRhyme_bin_11__MHr2D2E2F_000000308642_57	vRhyme_bin_11__MHr2D2E2F_000000308642	MHr2D2E2F_vRhyme_bin_11																														KEGG	false	high	14751.0	NaN	NaN	9966.0
vRhyme_bin_11__MHr2D2E2F_000000308642_58	vRhyme_bin_11__MHr2D2E2F_000000308642	MHr2D2E2F_vRhyme_bin_11																														KEGG	false	high	15006.0	NaN	NaN	9609.0
vRhyme_bin_11__MHr2D2E2F_000000308642_59	vRhyme_bin_11__MHr2D2E2F_000000308642	MHr2D2E2F_vRhyme_bin_11																														KEGG	false	high	15501.0	NaN	NaN	9438.0
vRhyme_bin_11__MHr2D2E2F_000000308642_60	vRhyme_bin_11__MHr2D2E2F_000000308642	MHr2D2E2F_vRhyme_bin_11	3.82	10.0		K08677	kumamolisin	281.766815	0.793					PF00082.28	Subtilase family	25.042837	0.443													K08677	kumamolisin	KEGG	false	high	15798.0	NaN	NaN	8349.0
vRhyme_bin_11__MHr2D2E2F_000000308642_61	vRhyme_bin_11__MHr2D2E2F_000000308642	MHr2D2E2F_vRhyme_bin_11	2.08	9.94		K01014	aryl sulfotransferase [EC:2.8.2.1]	70.700096	0.959					PF00685.34	Sulfotransferase domain	50.089439	0.964													K01014	aryl sulfotransferase [EC:2.8.2.1]	KEGG	false	medium	1374.0	NaN	NaN	8073.0
vRhyme_bin_11__MHr2D2E2F_000000308642_62	vRhyme_bin_11__MHr2D2E2F_000000308642	MHr2D2E2F_vRhyme_bin_11																														KEGG	false	high	2040.0	NaN	NaN	7683.0
vRhyme_bin_11__MHr2D2E2F_000000308642_63	vRhyme_bin_11__MHr2D2E2F_000000308642	MHr2D2E2F_vRhyme_bin_11																														KEGG	false	high	2304.0	NaN	NaN	7209.0
vRhyme_bin_11__MHr2D2E2F_000000308642_64	vRhyme_bin_11__MHr2D2E2F_000000308642	MHr2D2E2F_vRhyme_bin_11																														KEGG	false	high	2721.0	NaN	NaN	7005.0
vRhyme_bin_11__MHr2D2E2F_000000308642_65	vRhyme_bin_11__MHr2D2E2F_000000308642	MHr2D2E2F_vRhyme_bin_11																														KEGG	false	high	3210.0	NaN	NaN	5511.0
vRhyme_bin_11__MHr2D2E2F_000000308642_66	vRhyme_bin_11__MHr2D2E2F_000000308642	MHr2D2E2F_vRhyme_bin_11		9.05										PF08924.18	Rv2525c-like, glycoside hydrolase-like domain	31.031487	0.318													PF08924.18	Rv2525c-like, glycoside hydrolase-like domain	Pfam	false	medium	3531.0	NaN	NaN	5172.0
vRhyme_bin_11__MHr2D2E2F_000000308642_67	vRhyme_bin_11__MHr2D2E2F_000000308642	MHr2D2E2F_vRhyme_bin_11																														KEGG	false	high	4473.0	NaN	NaN	4239.0
vRhyme_bin_11__MHr2D2E2F_000000342937_1	vRhyme_bin_11__MHr2D2E2F_000000342937	MHr2D2E2F_vRhyme_bin_11																														KEGG	false	high	NaN	3912.0	NaN	30960.0
vRhyme_bin_11__MHr2D2E2F_000000342937_2	vRhyme_bin_11__MHr2D2E2F_000000342937	MHr2D2E2F_vRhyme_bin_11																														KEGG	false	high	NaN	3735.0	NaN	30672.0
vRhyme_bin_11__MHr2D2E2F_000000342937_3	vRhyme_bin_11__MHr2D2E2F_000000342937	MHr2D2E2F_vRhyme_bin_11																														KEGG	false	high	NaN	3645.0	NaN	28080.0
vRhyme_bin_11__MHr2D2E2F_000000342937_4	vRhyme_bin_11__MHr2D2E2F_000000342937	MHr2D2E2F_vRhyme_bin_11																														KEGG	false	high	NaN	3510.0	NaN	27735.0
vRhyme_bin_11__MHr2D2E2F_000000342937_5	vRhyme_bin_11__MHr2D2E2F_000000342937	MHr2D2E2F_vRhyme_bin_11																														KEGG	false	high	NaN	3393.0	NaN	25971.0
vRhyme_bin_11__MHr2D2E2F_000000342937_6	vRhyme_bin_11__MHr2D2E2F_000000342937	MHr2D2E2F_vRhyme_bin_11																														KEGG	false	high	NaN	3078.0	NaN	24678.0
vRhyme_bin_11__MHr2D2E2F_000000342937_7	vRhyme_bin_11__MHr2D2E2F_000000342937	MHr2D2E2F_vRhyme_bin_11																														KEGG	false	high	NaN	2925.0	NaN	24489.0
vRhyme_bin_11__MHr2D2E2F_000000342937_8	vRhyme_bin_11__MHr2D2E2F_000000342937	MHr2D2E2F_vRhyme_bin_11																														KEGG	false	high	NaN	2316.0	NaN	24159.0
vRhyme_bin_11__MHr2D2E2F_000000342937_9	vRhyme_bin_11__MHr2D2E2F_000000342937	MHr2D2E2F_vRhyme_bin_11																														KEGG	false	high	NaN	1878.0	NaN	23466.0
vRhyme_bin_11__MHr2D2E2F_000000342937_10	vRhyme_bin_11__MHr2D2E2F_000000342937	MHr2D2E2F_vRhyme_bin_11																														KEGG	false	high	NaN	1692.0	NaN	22236.0
vRhyme_bin_11__MHr2D2E2F_000000342937_11	vRhyme_bin_11__MHr2D2E2F_000000342937	MHr2D2E2F_vRhyme_bin_11																														KEGG	false	high	NaN	1434.0	NaN	21438.0
vRhyme_bin_11__MHr2D2E2F_000000342937_12	vRhyme_bin_11__MHr2D2E2F_000000342937	MHr2D2E2F_vRhyme_bin_11		10.0	10.0									PF14279.13	HNH endonuclease	45.672081	0.539									phrog_2118	HNH endonuclease	53.960907	0.513	phrog_2118	HNH endonuclease	PHROG	false	high	NaN	5508.0	NaN	21036.0
vRhyme_bin_11__MHr2D2E2F_000000342937_13	vRhyme_bin_11__MHr2D2E2F_000000342937	MHr2D2E2F_vRhyme_bin_11																														KEGG	false	high	228.0	5280.0	NaN	17517.0
vRhyme_bin_11__MHr2D2E2F_000000342937_14	vRhyme_bin_11__MHr2D2E2F_000000342937	MHr2D2E2F_vRhyme_bin_11																														KEGG	false	high	444.0	5064.0	NaN	16677.0
vRhyme_bin_11__MHr2D2E2F_000000342937_15	vRhyme_bin_11__MHr2D2E2F_000000342937	MHr2D2E2F_vRhyme_bin_11																														KEGG	false	high	960.0	4548.0	NaN	16413.0
vRhyme_bin_11__MHr2D2E2F_000000342937_16	vRhyme_bin_11__MHr2D2E2F_000000342937	MHr2D2E2F_vRhyme_bin_11																														KEGG	false	high	1197.0	4311.0	NaN	15924.0
vRhyme_bin_11__MHr2D2E2F_000000342937_17	vRhyme_bin_11__MHr2D2E2F_000000342937	MHr2D2E2F_vRhyme_bin_11																														KEGG	false	high	1407.0	4101.0	NaN	15336.0
vRhyme_bin_11__MHr2D2E2F_000000342937_18	vRhyme_bin_11__MHr2D2E2F_000000342937	MHr2D2E2F_vRhyme_bin_11																														KEGG	false	high	1782.0	3726.0	NaN	13866.0
vRhyme_bin_11__MHr2D2E2F_000000342937_19	vRhyme_bin_11__MHr2D2E2F_000000342937	MHr2D2E2F_vRhyme_bin_11																														KEGG	false	high	2208.0	3300.0	NaN	7713.0
vRhyme_bin_11__MHr2D2E2F_000000342937_20	vRhyme_bin_11__MHr2D2E2F_000000342937	MHr2D2E2F_vRhyme_bin_11																														KEGG	false	high	2475.0	3033.0	NaN	7470.0
vRhyme_bin_11__MHr2D2E2F_000000342937_21	vRhyme_bin_11__MHr2D2E2F_000000342937	MHr2D2E2F_vRhyme_bin_11				K11089	60 kDa SS-A/Ro ribonucleoprotein	607.24939	0.963					PF25045.2		207.842834	0.305									phrog_850	RNA-binding protein	276.762573	0.947	K11089	60 kDa SS-A/Ro ribonucleoprotein	KEGG	false	high	2673.0	2835.0	NaN	6783.0
vRhyme_bin_11__MHr2D2E2F_000000342937_22	vRhyme_bin_11__MHr2D2E2F_000000342937	MHr2D2E2F_vRhyme_bin_11																														KEGG	false	high	4434.0	1074.0	NaN	5163.0
vRhyme_bin_11__MHr2D2E2F_000000342937_23	vRhyme_bin_11__MHr2D2E2F_000000342937	MHr2D2E2F_vRhyme_bin_11																														KEGG	false	high	4716.0	792.0	NaN	4890.0
vRhyme_bin_11__MHr2D2E2F_000000342937_24	vRhyme_bin_11__MHr2D2E2F_000000342937	MHr2D2E2F_vRhyme_bin_11																														KEGG	false	high	5112.0	396.0	NaN	4608.0
vRhyme_bin_11__MHr2D2E2F_000000342937_25	vRhyme_bin_11__MHr2D2E2F_000000342937	MHr2D2E2F_vRhyme_bin_11	10.0	10.0	3.67	K04078	chaperonin GroES	135.549301	0.949					PF00166.27	Chaperonin 10 Kd subunit	110.048553	0.918									phrog_3188	co-chaperonin GroES	92.042778	0.949	K04078	chaperonin GroES	KEGG	false	high	5508.0	1224.0	NaN	3393.0
vRhyme_bin_11__MHr2D2E2F_000000342937_26	vRhyme_bin_11__MHr2D2E2F_000000342937	MHr2D2E2F_vRhyme_bin_11																														KEGG	false	high	294.0	930.0	NaN	2223.0
vRhyme_bin_11__MHr2D2E2F_000000342937_27	vRhyme_bin_11__MHr2D2E2F_000000342937	MHr2D2E2F_vRhyme_bin_11																														KEGG	false	high	423.0	801.0	NaN	1995.0
vRhyme_bin_11__MHr2D2E2F_000000342937_28	vRhyme_bin_11__MHr2D2E2F_000000342937	MHr2D2E2F_vRhyme_bin_11																														KEGG	false	high	618.0	606.0	NaN	1791.0
vRhyme_bin_11__MHr2D2E2F_000000342937_29	vRhyme_bin_11__MHr2D2E2F_000000342937	MHr2D2E2F_vRhyme_bin_11																														KEGG	false	high	858.0	366.0	NaN	1212.0
vRhyme_bin_11__MHr2D2E2F_000000342937_30	vRhyme_bin_11__MHr2D2E2F_000000342937	MHr2D2E2F_vRhyme_bin_11	10.0	10.0	10.0	K06223	DNA adenine methylase [EC:2.1.1.72]	77.259079	0.885					PF02086.22	D12 class N6 adenine-specific DNA methyltransferase	54.996052	0.823									phrog_56	DNA methyltransferase	80.375275	0.956	phrog_56	DNA methyltransferase	PHROG	false	high	1224.0	NaN	NaN	909.0
vRhyme_unbinned_100__MGr3G3H3I_000000103162|provirus_6091_24599_1	vRhyme_unbinned_100__MGr3G3H3I_000000103162|provirus_6091_24599	vRhyme_unbinned_100__MGr3G3H3I_000000103162|provirus_6091_24599																														KEGG	false	high	NaN	288.0	1821.0	915.0
vRhyme_unbinned_100__MGr3G3H3I_000000103162|provirus_6091_24599_2	vRhyme_unbinned_100__MGr3G3H3I_000000103162|provirus_6091_24599	vRhyme_unbinned_100__MGr3G3H3I_000000103162|provirus_6091_24599		10.0										PF08281.19	Sigma-70, region 4	29.282053	0.246													PF08281.19	Sigma-70, region 4	Pfam	false	high	NaN	12885.0	2226.0	510.0
vRhyme_unbinned_100__MGr3G3H3I_000000103162|provirus_6091_24599_3	vRhyme_unbinned_100__MGr3G3H3I_000000103162|provirus_6091_24599	vRhyme_unbinned_100__MGr3G3H3I_000000103162|provirus_6091_24599																														KEGG	false	high	NaN	12300.0	2553.0	183.0
vRhyme_unbinned_100__MGr3G3H3I_000000103162|provirus_6091_24599_4	vRhyme_unbinned_100__MGr3G3H3I_000000103162|provirus_6091_24599	vRhyme_unbinned_100__MGr3G3H3I_000000103162|provirus_6091_24599		9.08						HMMsoil84880	K14165; atypical dual specificity phosphatase EC:3.1.3.16 3.1.3.48	73.325279	0.69	PF00782.26	Dual specificity phosphatase, catalytic domain	34.865402	0.723													HMMsoil84880	K14165; atypical dual specificity phosphatase EC:3.1.3.16 3.1.3.48	FOAM	false	high	NaN	12114.0	2736.0	5991.0
vRhyme_unbinned_100__MGr3G3H3I_000000103162|provirus_6091_24599_5	vRhyme_unbinned_100__MGr3G3H3I_000000103162|provirus_6091_24599	vRhyme_unbinned_100__MGr3G3H3I_000000103162|provirus_6091_24599																														KEGG	false	high	NaN	11649.0	534.0	5457.0
vRhyme_unbinned_100__MGr3G3H3I_000000103162|provirus_6091_24599_6	vRhyme_unbinned_100__MGr3G3H3I_000000103162|provirus_6091_24599	vRhyme_unbinned_100__MGr3G3H3I_000000103162|provirus_6091_24599																														KEGG	false	high	NaN	5682.0	1251.0	4740.0
vRhyme_unbinned_100__MGr3G3H3I_000000103162|provirus_6091_24599_7	vRhyme_unbinned_100__MGr3G3H3I_000000103162|provirus_6091_24599	vRhyme_unbinned_100__MGr3G3H3I_000000103162|provirus_6091_24599																								phrog_2	terminase large subunit	97.203934	0.878	phrog_2	terminase large subunit	PHROG	false	high	NaN	3252.0	1467.0	4524.0
vRhyme_unbinned_100__MGr3G3H3I_000000103162|provirus_6091_24599_8	vRhyme_unbinned_100__MGr3G3H3I_000000103162|provirus_6091_24599	vRhyme_unbinned_100__MGr3G3H3I_000000103162|provirus_6091_24599																														KEGG	false	high	NaN	1731.0	1632.0	4359.0
vRhyme_unbinned_100__MGr3G3H3I_000000103162|provirus_6091_24599_9	vRhyme_unbinned_100__MGr3G3H3I_000000103162|provirus_6091_24599	vRhyme_unbinned_100__MGr3G3H3I_000000103162|provirus_6091_24599		2.73	2.3									PF20613.5	HipA-like kinase	46.667854	0.485									phrog_3162		58.771996	0.585	phrog_3162		PHROG	false	high	NaN	1620.0	2424.0	3567.0
vRhyme_unbinned_100__MGr3G3H3I_000000103162|provirus_6091_24599_10	vRhyme_unbinned_100__MGr3G3H3I_000000103162|provirus_6091_24599	vRhyme_unbinned_100__MGr3G3H3I_000000103162|provirus_6091_24599		1.86										PF11236.14	Protein of unknown function (DUF3037)	39.094021	0.399													PF11236.14	Protein of unknown function (DUF3037)	Pfam	false	high	NaN	804.0	2586.0	3405.0
vRhyme_unbinned_100__MGr3G3H3I_000000103162|provirus_6091_24599_11	vRhyme_unbinned_100__MGr3G3H3I_000000103162|provirus_6091_24599	vRhyme_unbinned_100__MGr3G3H3I_000000103162|provirus_6091_24599		10.0	10.0									PF04860.18	Phage portal protein	137.203293	0.803									phrog_2662	portal protein	110.413101	0.913	PF04860.18	Phage portal protein	Pfam	false	high	NaN	NaN	2946.0	3045.0
vRhyme_unbinned_100__MGr3G3H3I_000000103162|provirus_6091_24599_12	vRhyme_unbinned_100__MGr3G3H3I_000000103162|provirus_6091_24599	vRhyme_unbinned_100__MGr3G3H3I_000000103162|provirus_6091_24599																														KEGG	false	high	1278.0	NaN	3111.0	2880.0
vRhyme_unbinned_100__MGr3G3H3I_000000103162|provirus_6091_24599_13	vRhyme_unbinned_100__MGr3G3H3I_000000103162|provirus_6091_24599	vRhyme_unbinned_100__MGr3G3H3I_000000103162|provirus_6091_24599																														KEGG	false	high	1842.0	NaN	3540.0	2451.0
vRhyme_unbinned_100__MGr3G3H3I_000000103162|provirus_6091_24599_14	vRhyme_unbinned_100__MGr3G3H3I_000000103162|provirus_6091_24599	vRhyme_unbinned_100__MGr3G3H3I_000000103162|provirus_6091_24599																														KEGG	false	high	2274.0	NaN	3825.0	2166.0
vRhyme_unbinned_100__MGr3G3H3I_000000103162|provirus_6091_24599_15	vRhyme_unbinned_100__MGr3G3H3I_000000103162|provirus_6091_24599	vRhyme_unbinned_100__MGr3G3H3I_000000103162|provirus_6091_24599																														KEGG	false	high	2511.0	NaN	3990.0	2001.0
vRhyme_unbinned_100__MGr3G3H3I_000000103162|provirus_6091_24599_16	vRhyme_unbinned_100__MGr3G3H3I_000000103162|provirus_6091_24599	vRhyme_unbinned_100__MGr3G3H3I_000000103162|provirus_6091_24599																														KEGG	false	high	3483.0	NaN	4383.0	1608.0
vRhyme_unbinned_101__MGr3G3H3I_000000108711|provirus_5759_27215_1	vRhyme_unbinned_101__MGr3G3H3I_000000108711|provirus_5759_27215	vRhyme_unbinned_101__MGr3G3H3I_000000108711|provirus_5759_27215		10.0	10.0									PF11195.15	Protein of unknown function (DUF2829)	64.511345	0.879									phrog_1048		72.382568	0.879	phrog_1048		PHROG	false	high	NaN	2961.0	NaN	NaN
vRhyme_unbinned_101__MGr3G3H3I_000000108711|provirus_5759_27215_2	vRhyme_unbinned_101__MGr3G3H3I_000000108711|provirus_5759_27215	vRhyme_unbinned_101__MGr3G3H3I_000000108711|provirus_5759_27215																								phrog_13532		177.092804	0.957	phrog_13532		PHROG	false	high	297.0	2664.0	NaN	NaN
vRhyme_unbinned_101__MGr3G3H3I_000000108711|provirus_5759_27215_3	vRhyme_unbinned_101__MGr3G3H3I_000000108711|provirus_5759_27215	vRhyme_unbinned_101__MGr3G3H3I_000000108711|provirus_5759_27215																														KEGG	false	high	1194.0	1767.0	NaN	NaN
vRhyme_unbinned_101__MGr3G3H3I_000000108711|provirus_5759_27215_4	vRhyme_unbinned_101__MGr3G3H3I_000000108711|provirus_5759_27215	vRhyme_unbinned_101__MGr3G3H3I_000000108711|provirus_5759_27215				K06907	Bacteriophage tail sheath protein	106.011559	0.96																	phrog_23	tail sheath	154.240906	0.965	phrog_23	tail sheath	PHROG	false	high	1398.0	1563.0	NaN	NaN
vRhyme_unbinned_101__MGr3G3H3I_000000108711|provirus_5759_27215_5	vRhyme_unbinned_101__MGr3G3H3I_000000108711|provirus_5759_27215	vRhyme_unbinned_101__MGr3G3H3I_000000108711|provirus_5759_27215		10.0	10.0									PF01844.30	HNH endonuclease	42.887516	0.166									phrog_1035	endonuclease VII	121.096519	0.569	phrog_1035	endonuclease VII	PHROG	false	high	2961.0	NaN	NaN	NaN
vRhyme_unbinned_101__MGr3G3H3I_000000108711|provirus_5759_27215_6	vRhyme_unbinned_101__MGr3G3H3I_000000108711|provirus_5759_27215	vRhyme_unbinned_101__MGr3G3H3I_000000108711|provirus_5759_27215																								phrog_12993		129.289673	0.932	phrog_12993		PHROG	false	high	849.0	NaN	NaN	NaN
vRhyme_unbinned_101__MGr3G3H3I_000000108711|provirus_5759_27215_7	vRhyme_unbinned_101__MGr3G3H3I_000000108711|provirus_5759_27215	vRhyme_unbinned_101__MGr3G3H3I_000000108711|provirus_5759_27215																								phrog_20383		71.294792	0.833	phrog_20383		PHROG	false	high	1290.0	NaN	NaN	NaN
vRhyme_unbinned_101__MGr3G3H3I_000000108711|provirus_5759_27215_8	vRhyme_unbinned_101__MGr3G3H3I_000000108711|provirus_5759_27215	vRhyme_unbinned_101__MGr3G3H3I_000000108711|provirus_5759_27215																														KEGG	false	high	1686.0	NaN	NaN	NaN
vRhyme_unbinned_101__MGr3G3H3I_000000108711|provirus_5759_27215_9	vRhyme_unbinned_101__MGr3G3H3I_000000108711|provirus_5759_27215	vRhyme_unbinned_101__MGr3G3H3I_000000108711|provirus_5759_27215																														KEGG	false	high	1857.0	NaN	NaN	NaN
vRhyme_unbinned_101__MGr3G3H3I_000000108711|provirus_5759_27215_10	vRhyme_unbinned_101__MGr3G3H3I_000000108711|provirus_5759_27215	vRhyme_unbinned_101__MGr3G3H3I_000000108711|provirus_5759_27215																														KEGG	false	high	2451.0	NaN	NaN	NaN
vRhyme_unbinned_101__MGr3G3H3I_000000108711|provirus_5759_27215_11	vRhyme_unbinned_101__MGr3G3H3I_000000108711|provirus_5759_27215	vRhyme_unbinned_101__MGr3G3H3I_000000108711|provirus_5759_27215																								phrog_21362		163.62088	0.885	phrog_21362		PHROG	false	high	5073.0	NaN	NaN	NaN
vRhyme_unbinned_101__MGr3G3H3I_000000108711|provirus_5759_27215_12	vRhyme_unbinned_101__MGr3G3H3I_000000108711|provirus_5759_27215	vRhyme_unbinned_101__MGr3G3H3I_000000108711|provirus_5759_27215																								phrog_21362		53.409821	0.906	phrog_21362		PHROG	false	high	5910.0	NaN	NaN	NaN
vRhyme_unbinned_101__MGr3G3H3I_000000108711|provirus_5759_27215_13	vRhyme_unbinned_101__MGr3G3H3I_000000108711|provirus_5759_27215	vRhyme_unbinned_101__MGr3G3H3I_000000108711|provirus_5759_27215																														KEGG	false	high	6102.0	NaN	NaN	NaN
vRhyme_unbinned_101__MGr3G3H3I_000000108711|provirus_5759_27215_14	vRhyme_unbinned_101__MGr3G3H3I_000000108711|provirus_5759_27215	vRhyme_unbinned_101__MGr3G3H3I_000000108711|provirus_5759_27215		10.0										PF04717.19	Type VI secretion system/phage-baseplate injector OB domain	26.806034	0.315													PF04717.19	Type VI secretion system/phage-baseplate injector OB domain	Pfam	false	high	7215.0	NaN	NaN	NaN
vRhyme_unbinned_101__MGr3G3H3I_000000108711|provirus_5759_27215_15	vRhyme_unbinned_101__MGr3G3H3I_000000108711|provirus_5759_27215	vRhyme_unbinned_101__MGr3G3H3I_000000108711|provirus_5759_27215																														KEGG	false	high	666.0	NaN	NaN	NaN
vRhyme_unbinned_101__MGr3G3H3I_000000108711|provirus_5759_27215_16	vRhyme_unbinned_101__MGr3G3H3I_000000108711|provirus_5759_27215	vRhyme_unbinned_101__MGr3G3H3I_000000108711|provirus_5759_27215												PF26079.1		31.791805	0.23									phrog_6	baseplate wedge subunit	163.945831	0.973	phrog_6	baseplate wedge subunit	PHROG	false	high	1035.0	NaN	NaN	NaN
vRhyme_unbinned_101__MGr3G3H3I_000000108711|provirus_5759_27215_17	vRhyme_unbinned_101__MGr3G3H3I_000000108711|provirus_5759_27215	vRhyme_unbinned_101__MGr3G3H3I_000000108711|provirus_5759_27215		10.0	5.11					HMMsoil46410	E3.2.1.14; chitinase EC:3.2.1.14	44.004398	0.212	PF00041.28	Fibronectin type III domain	43.47982	0.237									phrog_26379		195.35321	0.66	phrog_26379		PHROG	false	high	2145.0	NaN	NaN	NaN
vRhyme_unbinned_101__MGr3G3H3I_000000108711|provirus_5759_27215_18	vRhyme_unbinned_101__MGr3G3H3I_000000108711|provirus_5759_27215	vRhyme_unbinned_101__MGr3G3H3I_000000108711|provirus_5759_27215																														KEGG	false	high	1077.0	NaN	NaN	NaN
vRhyme_unbinned_101__MGr3G3H3I_000000108711|provirus_5759_27215_19	vRhyme_unbinned_101__MGr3G3H3I_000000108711|provirus_5759_27215	vRhyme_unbinned_101__MGr3G3H3I_000000108711|provirus_5759_27215																														KEGG	false	high	3423.0	NaN	NaN	NaN
vRhyme_unbinned_101__MGr3G3H3I_000000108711|provirus_5759_27215_20	vRhyme_unbinned_101__MGr3G3H3I_000000108711|provirus_5759_27215	vRhyme_unbinned_101__MGr3G3H3I_000000108711|provirus_5759_27215																														KEGG	false	high	4791.0	NaN	NaN	NaN
vRhyme_unbinned_101__MGr3G3H3I_000000108711|provirus_5759_27215_21	vRhyme_unbinned_101__MGr3G3H3I_000000108711|provirus_5759_27215	vRhyme_unbinned_101__MGr3G3H3I_000000108711|provirus_5759_27215																														KEGG	false	high	5310.0	NaN	NaN	NaN
vRhyme_unbinned_101__MGr3G3H3I_000000108711|provirus_5759_27215_22	vRhyme_unbinned_101__MGr3G3H3I_000000108711|provirus_5759_27215	vRhyme_unbinned_101__MGr3G3H3I_000000108711|provirus_5759_27215																														KEGG	false	high	5757.0	NaN	NaN	NaN
vRhyme_unbinned_101__MGr3G3H3I_000000108711|provirus_5759_27215_23	vRhyme_unbinned_101__MGr3G3H3I_000000108711|provirus_5759_27215	vRhyme_unbinned_101__MGr3G3H3I_000000108711|provirus_5759_27215																														KEGG	false	high	6204.0	NaN	NaN	NaN
vRhyme_unbinned_101__MGr3G3H3I_000000108711|provirus_5759_27215_24	vRhyme_unbinned_101__MGr3G3H3I_000000108711|provirus_5759_27215	vRhyme_unbinned_101__MGr3G3H3I_000000108711|provirus_5759_27215		10.0	6.69									PF01764.32	Lipase (class 3)	45.005127	0.594									phrog_21992	esterase/lipase	98.128136	0.884	phrog_21992	esterase/lipase	PHROG	false	high	6612.0	NaN	NaN	NaN
vRhyme_unbinned_101__MGr3G3H3I_000000108711|provirus_5759_27215_25	vRhyme_unbinned_101__MGr3G3H3I_000000108711|provirus_5759_27215	vRhyme_unbinned_101__MGr3G3H3I_000000108711|provirus_5759_27215				K03791	putative chitinase	182.966705	0.944									GH19_1	chitinase (EC 3.2.1.14); lysozyme (EC 3.2.1.17); [reducing end] chitinase (EC 3.2.1.201)	78.446556	0.591					phrog_181	endolysin	189.161758	0.94	phrog_181	endolysin	PHROG	false	high	621.0	NaN	NaN	NaN
vRhyme_unbinned_101__MGr3G3H3I_000000108711|provirus_5759_27215_26	vRhyme_unbinned_101__MGr3G3H3I_000000108711|provirus_5759_27215	vRhyme_unbinned_101__MGr3G3H3I_000000108711|provirus_5759_27215																														KEGG	false	high	1266.0	NaN	NaN	NaN
vRhyme_unbinned_102__MGr3G3H3I_000000116715|provirus_7273_33742_1	vRhyme_unbinned_102__MGr3G3H3I_000000116715|provirus_7273_33742	vRhyme_unbinned_102__MGr3G3H3I_000000116715|provirus_7273_33742																														KEGG	false	high	NaN	11994.0	NaN	NaN
vRhyme_unbinned_102__MGr3G3H3I_000000116715|provirus_7273_33742_2	vRhyme_unbinned_102__MGr3G3H3I_000000116715|provirus_7273_33742	vRhyme_unbinned_102__MGr3G3H3I_000000116715|provirus_7273_33742																														KEGG	false	high	NaN	11808.0	NaN	NaN
vRhyme_unbinned_102__MGr3G3H3I_000000116715|provirus_7273_33742_3	vRhyme_unbinned_102__MGr3G3H3I_000000116715|provirus_7273_33742	vRhyme_unbinned_102__MGr3G3H3I_000000116715|provirus_7273_33742																														KEGG	false	high	NaN	10200.0	NaN	NaN
vRhyme_unbinned_102__MGr3G3H3I_000000116715|provirus_7273_33742_4	vRhyme_unbinned_102__MGr3G3H3I_000000116715|provirus_7273_33742	vRhyme_unbinned_102__MGr3G3H3I_000000116715|provirus_7273_33742																								phrog_3201	tail fiber protein	63.141266	0.563	phrog_3201	tail fiber protein	PHROG	false	high	NaN	9783.0	NaN	NaN
vRhyme_unbinned_102__MGr3G3H3I_000000116715|provirus_7273_33742_5	vRhyme_unbinned_102__MGr3G3H3I_000000116715|provirus_7273_33742	vRhyme_unbinned_102__MGr3G3H3I_000000116715|provirus_7273_33742																														KEGG	false	high	NaN	8424.0	NaN	NaN
vRhyme_unbinned_102__MGr3G3H3I_000000116715|provirus_7273_33742_6	vRhyme_unbinned_102__MGr3G3H3I_000000116715|provirus_7273_33742	vRhyme_unbinned_102__MGr3G3H3I_000000116715|provirus_7273_33742																								phrog_418	internal virion protein	99.656052	0.807	phrog_418	internal virion protein	PHROG	false	high	NaN	8166.0	NaN	NaN
vRhyme_unbinned_102__MGr3G3H3I_000000116715|provirus_7273_33742_7	vRhyme_unbinned_102__MGr3G3H3I_000000116715|provirus_7273_33742	vRhyme_unbinned_102__MGr3G3H3I_000000116715|provirus_7273_33742				K26948	Autographiviridae probable scaffold protein Gp13	57.23138	0.925																	phrog_308	internal virion protein	142.551697	0.931	phrog_308	internal virion protein	PHROG	false	high	NaN	7605.0	NaN	NaN
vRhyme_unbinned_102__MGr3G3H3I_000000116715|provirus_7273_33742_8	vRhyme_unbinned_102__MGr3G3H3I_000000116715|provirus_7273_33742	vRhyme_unbinned_102__MGr3G3H3I_000000116715|provirus_7273_33742																								phrog_376	tail protein	640.889343	0.996	phrog_376	tail protein	PHROG	false	high	NaN	7125.0	NaN	NaN
vRhyme_unbinned_102__MGr3G3H3I_000000116715|provirus_7273_33742_9	vRhyme_unbinned_102__MGr3G3H3I_000000116715|provirus_7273_33742	vRhyme_unbinned_102__MGr3G3H3I_000000116715|provirus_7273_33742																														KEGG	false	high	NaN	4170.0	NaN	NaN
vRhyme_unbinned_102__MGr3G3H3I_000000116715|provirus_7273_33742_10	vRhyme_unbinned_102__MGr3G3H3I_000000116715|provirus_7273_33742	vRhyme_unbinned_102__MGr3G3H3I_000000116715|provirus_7273_33742																								phrog_1640	tail protein	94.623993	0.749	phrog_1640	tail protein	PHROG	false	high	NaN	2154.0	NaN	NaN
vRhyme_unbinned_102__MGr3G3H3I_000000116715|provirus_7273_33742_11	vRhyme_unbinned_102__MGr3G3H3I_000000116715|provirus_7273_33742	vRhyme_unbinned_102__MGr3G3H3I_000000116715|provirus_7273_33742																								phrog_394	tail protein	146.935562	0.896	phrog_394	tail protein	PHROG	false	high	NaN	1629.0	NaN	NaN
vRhyme_unbinned_102__MGr3G3H3I_000000116715|provirus_7273_33742_12	vRhyme_unbinned_102__MGr3G3H3I_000000116715|provirus_7273_33742	vRhyme_unbinned_102__MGr3G3H3I_000000116715|provirus_7273_33742																														KEGG	false	high	NaN	825.0	NaN	NaN
vRhyme_unbinned_102__MGr3G3H3I_000000116715|provirus_7273_33742_13	vRhyme_unbinned_102__MGr3G3H3I_000000116715|provirus_7273_33742	vRhyme_unbinned_102__MGr3G3H3I_000000116715|provirus_7273_33742																														KEGG	false	high	NaN	624.0	NaN	NaN
vRhyme_unbinned_102__MGr3G3H3I_000000116715|provirus_7273_33742_14	vRhyme_unbinned_102__MGr3G3H3I_000000116715|provirus_7273_33742	vRhyme_unbinned_102__MGr3G3H3I_000000116715|provirus_7273_33742																														KEGG	false	high	NaN	468.0	NaN	NaN
vRhyme_unbinned_102__MGr3G3H3I_000000116715|provirus_7273_33742_15	vRhyme_unbinned_102__MGr3G3H3I_000000116715|provirus_7273_33742	vRhyme_unbinned_102__MGr3G3H3I_000000116715|provirus_7273_33742																														KEGG	false	high	NaN	219.0	NaN	NaN
vRhyme_unbinned_102__MGr3G3H3I_000000116715|provirus_7273_33742_16	vRhyme_unbinned_102__MGr3G3H3I_000000116715|provirus_7273_33742	vRhyme_unbinned_102__MGr3G3H3I_000000116715|provirus_7273_33742		10.0	10.0									PF05838.18	Glycosyl hydrolase 108	77.768539	0.547	GH108	N-acetylmuramidase (EC 3.2.1.17)	75.730881	0.54					phrog_315	endolysin	103.361717	0.935	phrog_315	endolysin	PHROG	false	high	NaN	2460.0	NaN	NaN
vRhyme_unbinned_102__MGr3G3H3I_000000116715|provirus_7273_33742_17	vRhyme_unbinned_102__MGr3G3H3I_000000116715|provirus_7273_33742	vRhyme_unbinned_102__MGr3G3H3I_000000116715|provirus_7273_33742																														KEGG	false	high	417.0	2043.0	NaN	NaN
vRhyme_unbinned_102__MGr3G3H3I_000000116715|provirus_7273_33742_18	vRhyme_unbinned_102__MGr3G3H3I_000000116715|provirus_7273_33742	vRhyme_unbinned_102__MGr3G3H3I_000000116715|provirus_7273_33742																														KEGG	false	high	825.0	1635.0	NaN	NaN
vRhyme_unbinned_102__MGr3G3H3I_000000116715|provirus_7273_33742_19	vRhyme_unbinned_102__MGr3G3H3I_000000116715|provirus_7273_33742	vRhyme_unbinned_102__MGr3G3H3I_000000116715|provirus_7273_33742																														KEGG	false	high	1116.0	1344.0	NaN	NaN
vRhyme_unbinned_102__MGr3G3H3I_000000116715|provirus_7273_33742_20	vRhyme_unbinned_102__MGr3G3H3I_000000116715|provirus_7273_33742	vRhyme_unbinned_102__MGr3G3H3I_000000116715|provirus_7273_33742																														KEGG	false	high	1557.0	903.0	NaN	NaN
vRhyme_unbinned_102__MGr3G3H3I_000000116715|provirus_7273_33742_21	vRhyme_unbinned_102__MGr3G3H3I_000000116715|provirus_7273_33742	vRhyme_unbinned_102__MGr3G3H3I_000000116715|provirus_7273_33742																														KEGG	false	high	2208.0	252.0	NaN	NaN
vRhyme_unbinned_102__MGr3G3H3I_000000116715|provirus_7273_33742_22	vRhyme_unbinned_102__MGr3G3H3I_000000116715|provirus_7273_33742	vRhyme_unbinned_102__MGr3G3H3I_000000116715|provirus_7273_33742		10.0										PF21190.4	Bbp16	35.90102	0.705													PF21190.4	Bbp16	Pfam	false	high	2460.0	549.0	NaN	NaN
vRhyme_unbinned_102__MGr3G3H3I_000000116715|provirus_7273_33742_23	vRhyme_unbinned_102__MGr3G3H3I_000000116715|provirus_7273_33742	vRhyme_unbinned_102__MGr3G3H3I_000000116715|provirus_7273_33742		10.0	10.0									PF20911.4	Major capsid protein GP7	444.234558	0.942									phrog_212	major head protein	276.327301	0.697	PF20911.4	Major capsid protein GP7	Pfam	false	high	549.0	1707.0	NaN	NaN
vRhyme_unbinned_102__MGr3G3H3I_000000116715|provirus_7273_33742_24	vRhyme_unbinned_102__MGr3G3H3I_000000116715|provirus_7273_33742	vRhyme_unbinned_102__MGr3G3H3I_000000116715|provirus_7273_33742																								phrog_458	protease	148.09906	0.879	phrog_458	protease	PHROG	false	high	1038.0	669.0	NaN	NaN
vRhyme_unbinned_102__MGr3G3H3I_000000116715|provirus_7273_33742_25	vRhyme_unbinned_102__MGr3G3H3I_000000116715|provirus_7273_33742	vRhyme_unbinned_102__MGr3G3H3I_000000116715|provirus_7273_33742		10.0										PF01844.30	HNH endonuclease	27.62327	0.259													PF01844.30	HNH endonuclease	Pfam	false	high	1707.0	1317.0	NaN	NaN
vRhyme_unbinned_102__MGr3G3H3I_000000116715|provirus_7273_33742_26	vRhyme_unbinned_102__MGr3G3H3I_000000116715|provirus_7273_33742	vRhyme_unbinned_102__MGr3G3H3I_000000116715|provirus_7273_33742												PF25181.2		61.316021	0.525									phrog_528		73.586761	0.733	phrog_528		PHROG	false	high	417.0	900.0	NaN	NaN
vRhyme_unbinned_102__MGr3G3H3I_000000116715|provirus_7273_33742_27	vRhyme_unbinned_102__MGr3G3H3I_000000116715|provirus_7273_33742	vRhyme_unbinned_102__MGr3G3H3I_000000116715|provirus_7273_33742																														KEGG	false	high	777.0	540.0	NaN	NaN
vRhyme_unbinned_102__MGr3G3H3I_000000116715|provirus_7273_33742_28	vRhyme_unbinned_102__MGr3G3H3I_000000116715|provirus_7273_33742	vRhyme_unbinned_102__MGr3G3H3I_000000116715|provirus_7273_33742																														KEGG	false	high	969.0	348.0	NaN	NaN
vRhyme_unbinned_102__MGr3G3H3I_000000116715|provirus_7273_33742_29	vRhyme_unbinned_102__MGr3G3H3I_000000116715|provirus_7273_33742	vRhyme_unbinned_102__MGr3G3H3I_000000116715|provirus_7273_33742		10.0	10.0									PF12236.15	Bacteriophage head to tail connecting protein	519.879333	0.864									phrog_332	head-tail adaptor	552.485413	0.959	phrog_332	head-tail adaptor	PHROG	false	high	1317.0	NaN	NaN	NaN
vRhyme_unbinned_102__MGr3G3H3I_000000116715|provirus_7273_33742_30	vRhyme_unbinned_102__MGr3G3H3I_000000116715|provirus_7273_33742	vRhyme_unbinned_102__MGr3G3H3I_000000116715|provirus_7273_33742																								phrog_831		55.357273	0.973	phrog_831		PHROG	false	medium	1701.0	NaN	NaN	NaN
vRhyme_unbinned_102__MGr3G3H3I_000000116715|provirus_7273_33742_31	vRhyme_unbinned_102__MGr3G3H3I_000000116715|provirus_7273_33742	vRhyme_unbinned_102__MGr3G3H3I_000000116715|provirus_7273_33742	2.58	2.29	2.24	K13955	zinc-binding alcohol dehydrogenase/oxidoreductase	259.542938	0.994	HMMsoil27784	E1.1.1.1, adh; alcohol dehydrogenase EC:1.1.1.1	160.754715	0.373	PF00107.33	Zinc-binding dehydrogenase	106.352974	0.379									phrog_2640	zinc containing alcohol dehydrogenase superfamily	182.362335	0.953	K13955	zinc-binding alcohol dehydrogenase/oxidoreductase	KEGG	false	medium	1923.0	NaN	NaN	NaN
vRhyme_unbinned_102__MGr3G3H3I_000000116715|provirus_7273_33742_32	vRhyme_unbinned_102__MGr3G3H3I_000000116715|provirus_7273_33742	vRhyme_unbinned_102__MGr3G3H3I_000000116715|provirus_7273_33742																														KEGG	false	medium	2937.0	NaN	NaN	NaN
vRhyme_unbinned_103__MGr3G3H3I_000000120995|provirus_27569_54970_1	vRhyme_unbinned_103__MGr3G3H3I_000000120995|provirus_27569_54970	vRhyme_unbinned_103__MGr3G3H3I_000000120995|provirus_27569_54970	10.0	10.0		K07028	uncharacterized protein	58.484829	0.844					PF13671.13	AAA domain	95.208	0.831													PF13671.13	AAA domain	Pfam	false	medium	NaN	2742.0	NaN	8745.0
vRhyme_unbinned_103__MGr3G3H3I_000000120995|provirus_27569_54970_2	vRhyme_unbinned_103__MGr3G3H3I_000000120995|provirus_27569_54970	vRhyme_unbinned_103__MGr3G3H3I_000000120995|provirus_27569_54970		0.06										PF01301.26	Glycosyl hydrolases family 35	41.305859	0.112													PF01301.26	Glycosyl hydrolases family 35	Pfam	false	medium	NaN	2280.0	NaN	8685.0
vRhyme_unbinned_103__MGr3G3H3I_000000120995|provirus_27569_54970_3	vRhyme_unbinned_103__MGr3G3H3I_000000120995|provirus_27569_54970	vRhyme_unbinned_103__MGr3G3H3I_000000120995|provirus_27569_54970	10.0	10.0	10.0	K02315	DNA replication protein DnaC	176.262772	0.961					PF01695.24	IstB-like ATP binding protein	51.066483	0.684									phrog_50	DnaC-like helicase loader	190.893478	0.977	phrog_50	DnaC-like helicase loader	PHROG	false	medium	NaN	768.0	NaN	8127.0
vRhyme_unbinned_103__MGr3G3H3I_000000120995|provirus_27569_54970_4	vRhyme_unbinned_103__MGr3G3H3I_000000120995|provirus_27569_54970	vRhyme_unbinned_103__MGr3G3H3I_000000120995|provirus_27569_54970	10.0	10.0	9.0	K01953	asparagine synthase (glutamine-hydrolysing) [EC:6.3.5.4]	537.140259	0.975	HMMsoil7829	asnB, ASNS; asparagine synthase (glutamine-hydrolysing) EC:6.3.5.4	166.444916	0.252	PF00733.28	Asparagine synthase	317.08728	0.594									phrog_16728		490.305786	0.973	K01953	asparagine synthase (glutamine-hydrolysing) [EC:6.3.5.4]	KEGG	false	medium	768.0	2187.0	NaN	7908.0
vRhyme_unbinned_103__MGr3G3H3I_000000120995|provirus_27569_54970_5	vRhyme_unbinned_103__MGr3G3H3I_000000120995|provirus_27569_54970	vRhyme_unbinned_103__MGr3G3H3I_000000120995|provirus_27569_54970																														KEGG	false	medium	1908.0	279.0	NaN	7227.0
vRhyme_unbinned_103__MGr3G3H3I_000000120995|provirus_27569_54970_6	vRhyme_unbinned_103__MGr3G3H3I_000000120995|provirus_27569_54970	vRhyme_unbinned_103__MGr3G3H3I_000000120995|provirus_27569_54970	10.0	10.0	10.0	K06909	phage terminase large subunit	127.031563	0.915					PF03237.22	Terminase large subunit, T4likevirus-type, N-terminal	28.207422	0.467									phrog_2	terminase large subunit	140.777679	0.947	phrog_2	terminase large subunit	PHROG	false	high	2187.0	NaN	NaN	6756.0
vRhyme_unbinned_103__MGr3G3H3I_000000120995|provirus_27569_54970_7	vRhyme_unbinned_103__MGr3G3H3I_000000120995|provirus_27569_54970	vRhyme_unbinned_103__MGr3G3H3I_000000120995|provirus_27569_54970																								phrog_145	portal protein	169.121689	0.993	phrog_145	portal protein	PHROG	false	high	1299.0	NaN	NaN	6198.0
vRhyme_unbinned_103__MGr3G3H3I_000000120995|provirus_27569_54970_8	vRhyme_unbinned_103__MGr3G3H3I_000000120995|provirus_27569_54970	vRhyme_unbinned_103__MGr3G3H3I_000000120995|provirus_27569_54970																														KEGG	false	high	2679.0	NaN	NaN	5454.0
vRhyme_unbinned_103__MGr3G3H3I_000000120995|provirus_27569_54970_9	vRhyme_unbinned_103__MGr3G3H3I_000000120995|provirus_27569_54970	vRhyme_unbinned_103__MGr3G3H3I_000000120995|provirus_27569_54970																								phrog_283	major head protein	109.240807	0.714	phrog_283	major head protein	PHROG	false	high	3231.0	NaN	NaN	4881.0
vRhyme_unbinned_103__MGr3G3H3I_000000120995|provirus_27569_54970_10	vRhyme_unbinned_103__MGr3G3H3I_000000120995|provirus_27569_54970	vRhyme_unbinned_103__MGr3G3H3I_000000120995|provirus_27569_54970																														KEGG	false	high	4143.0	NaN	NaN	3378.0
vRhyme_unbinned_103__MGr3G3H3I_000000120995|provirus_27569_54970_11	vRhyme_unbinned_103__MGr3G3H3I_000000120995|provirus_27569_54970	vRhyme_unbinned_103__MGr3G3H3I_000000120995|provirus_27569_54970																														KEGG	false	high	4476.0	NaN	NaN	3072.0
vRhyme_unbinned_103__MGr3G3H3I_000000120995|provirus_27569_54970_12	vRhyme_unbinned_103__MGr3G3H3I_000000120995|provirus_27569_54970	vRhyme_unbinned_103__MGr3G3H3I_000000120995|provirus_27569_54970																														KEGG	false	high	5241.0	NaN	NaN	2565.0
vRhyme_unbinned_103__MGr3G3H3I_000000120995|provirus_27569_54970_13	vRhyme_unbinned_103__MGr3G3H3I_000000120995|provirus_27569_54970	vRhyme_unbinned_103__MGr3G3H3I_000000120995|provirus_27569_54970																								phrog_290	minor tail protein	51.773636	0.933	phrog_290	minor tail protein	PHROG	false	high	5742.0	NaN	NaN	2202.0
vRhyme_unbinned_103__MGr3G3H3I_000000120995|provirus_27569_54970_14	vRhyme_unbinned_103__MGr3G3H3I_000000120995|provirus_27569_54970	vRhyme_unbinned_103__MGr3G3H3I_000000120995|provirus_27569_54970																														KEGG	false	high	6912.0	NaN	NaN	1533.0
vRhyme_unbinned_103__MGr3G3H3I_000000120995|provirus_27569_54970_15	vRhyme_unbinned_103__MGr3G3H3I_000000120995|provirus_27569_54970	vRhyme_unbinned_103__MGr3G3H3I_000000120995|provirus_27569_54970																														KEGG	false	high	7278.0	NaN	NaN	1311.0
vRhyme_unbinned_103__MGr3G3H3I_000000120995|provirus_27569_54970_16	vRhyme_unbinned_103__MGr3G3H3I_000000120995|provirus_27569_54970	vRhyme_unbinned_103__MGr3G3H3I_000000120995|provirus_27569_54970																														KEGG	false	high	7497.0	NaN	NaN	903.0
vRhyme_unbinned_103__MGr3G3H3I_000000120995|provirus_27569_54970_17	vRhyme_unbinned_103__MGr3G3H3I_000000120995|provirus_27569_54970	vRhyme_unbinned_103__MGr3G3H3I_000000120995|provirus_27569_54970		10.0										PF09343.16	Conserved hypothetical protein 2217 (DUF2460)	41.9701	0.617													PF09343.16	Conserved hypothetical protein 2217 (DUF2460)	Pfam	false	high	8196.0	NaN	NaN	690.0
vRhyme_unbinned_103__MGr3G3H3I_000000120995|provirus_27569_54970_18	vRhyme_unbinned_103__MGr3G3H3I_000000120995|provirus_27569_54970	vRhyme_unbinned_103__MGr3G3H3I_000000120995|provirus_27569_54970																														KEGG	false	high	360.0	NaN	NaN	NaN
vRhyme_unbinned_103__MGr3G3H3I_000000120995|provirus_27569_54970_19	vRhyme_unbinned_103__MGr3G3H3I_000000120995|provirus_27569_54970	vRhyme_unbinned_103__MGr3G3H3I_000000120995|provirus_27569_54970		10.0										PF13550.13	Putative phage tail protein	35.22784	0.09													PF13550.13	Putative phage tail protein	Pfam	false	medium	1143.0	NaN	NaN	20442.0
vRhyme_unbinned_103__MGr3G3H3I_000000120995|provirus_27569_54970_20	vRhyme_unbinned_103__MGr3G3H3I_000000120995|provirus_27569_54970	vRhyme_unbinned_103__MGr3G3H3I_000000120995|provirus_27569_54970												PF23845.2		61.552971	0.307													PF23845.2		Pfam	false	medium	3882.0	NaN	NaN	20187.0
vRhyme_unbinned_103__MGr3G3H3I_000000120995|provirus_27569_54970_21	vRhyme_unbinned_103__MGr3G3H3I_000000120995|provirus_27569_54970	vRhyme_unbinned_103__MGr3G3H3I_000000120995|provirus_27569_54970	1.09	0.84		K01195	beta-glucuronidase [EC:3.2.1.31]	501.27182	0.96	HMMsoil26880	uidA, GUSB; beta-glucuronidase EC:3.2.1.31	452.064636	0.858	PF02836.24	Glycosyl hydrolases family 2, TIM barrel domain	106.475975	0.385	GH2_4	beta-galactosidase (EC 3.2.1.23) ; beta-mannosidase (EC 3.2.1.25); beta-glucuronidase (EC 3.2.1.31); alpha-L-arabinofuranosidase (EC 3.2.1.55); mannosylglycoprotein endo-beta-mannosidase (EC 3.2.1.152); exo-beta-glucosaminidase (EC 3.2.1.165); alpha-L-arabinopyranosidase (EC 3.2.1.-); beta-galacturonidase (EC 3.2.1.-); beta-xylosidase (EC 3.2.1.37); beta-D-galactofuranosidase (EC 3.2.1.146); beta-glucosidase (EC 3.2.1.21); beta-galacturonidase RGII specific (EC 3.2.1.-); glycyrrhizin beta-glucuronidase (EC 3.2.1.128)	701.355042	0.846									GH2_4	beta-galactosidase (EC 3.2.1.23) ; beta-mannosidase (EC 3.2.1.25); beta-glucuronidase (EC 3.2.1.31); alpha-L-arabinofuranosidase (EC 3.2.1.55); mannosylglycoprotein endo-beta-mannosidase (EC 3.2.1.152); exo-beta-glucosaminidase (EC 3.2.1.165); alpha-L-arabinopyranosidase (EC 3.2.1.-); beta-galacturonidase (EC 3.2.1.-); beta-xylosidase (EC 3.2.1.37); beta-D-galactofuranosidase (EC 3.2.1.146); beta-glucosidase (EC 3.2.1.21); beta-galacturonidase RGII specific (EC 3.2.1.-); glycyrrhizin beta-glucuronidase (EC 3.2.1.128)	dbCAN	false	medium	6600.0	NaN	NaN	19824.0
vRhyme_unbinned_103__MGr3G3H3I_000000120995|provirus_27569_54970_22	vRhyme_unbinned_103__MGr3G3H3I_000000120995|provirus_27569_54970	vRhyme_unbinned_103__MGr3G3H3I_000000120995|provirus_27569_54970	2.35	4.02	1.74	K06207	GTP-binding protein	970.998901	0.993	HMMsoil50385	RPC1, POLR3A; DNA-directed RNA polymerase III subunit RPC1 EC:2.7.7.6	103.591202	0.28	PF00009.34	Elongation factor Tu GTP binding domain	179.949356	0.319									phrog_6880	translation elongation factor	351.604462	0.644	K06207	GTP-binding protein	KEGG	false	medium	8394.0	NaN	NaN	19620.0
vRhyme_unbinned_103__MGr3G3H3I_000000120995|provirus_27569_54970_23	vRhyme_unbinned_103__MGr3G3H3I_000000120995|provirus_27569_54970	vRhyme_unbinned_103__MGr3G3H3I_000000120995|provirus_27569_54970	10.0	10.0		K02536	UDP-3-O-[3-hydroxymyristoyl] glucosamine N-acyltransferase [EC:2.3.1.191]	385.241943	0.979	HMMsoil37981	lpxD; UDP-3-O-[3-hydroxymyristoyl] glucosamine N-acyltransferase EC:2.3.1.191	77.685104	0.199	PF00132.31	Bacterial transferase hexapeptide (six repeats)	34.662346	0.1													K02536	UDP-3-O-[3-hydroxymyristoyl] glucosamine N-acyltransferase [EC:2.3.1.191]	KEGG	false	medium	10191.0	NaN	NaN	18582.0
vRhyme_unbinned_104__MGr3G3H3I_000000125775|provirus_133_9664_1	vRhyme_unbinned_104__MGr3G3H3I_000000125775|provirus_133_9664	vRhyme_unbinned_104__MGr3G3H3I_000000125775|provirus_133_9664																														KEGG	false	high	NaN	NaN	4491.0	NaN
vRhyme_unbinned_104__MGr3G3H3I_000000125775|provirus_133_9664_2	vRhyme_unbinned_104__MGr3G3H3I_000000125775|provirus_133_9664	vRhyme_unbinned_104__MGr3G3H3I_000000125775|provirus_133_9664																														KEGG	false	high	NaN	NaN	4992.0	NaN
vRhyme_unbinned_104__MGr3G3H3I_000000125775|provirus_133_9664_3	vRhyme_unbinned_104__MGr3G3H3I_000000125775|provirus_133_9664	vRhyme_unbinned_104__MGr3G3H3I_000000125775|provirus_133_9664																														KEGG	false	high	NaN	NaN	5694.0	NaN
vRhyme_unbinned_104__MGr3G3H3I_000000125775|provirus_133_9664_4	vRhyme_unbinned_104__MGr3G3H3I_000000125775|provirus_133_9664	vRhyme_unbinned_104__MGr3G3H3I_000000125775|provirus_133_9664																														KEGG	false	medium	NaN	NaN	7635.0	NaN
vRhyme_unbinned_104__MGr3G3H3I_000000125775|provirus_133_9664_5	vRhyme_unbinned_104__MGr3G3H3I_000000125775|provirus_133_9664	vRhyme_unbinned_104__MGr3G3H3I_000000125775|provirus_133_9664																														KEGG	false	medium	NaN	NaN	8502.0	NaN
vRhyme_unbinned_104__MGr3G3H3I_000000125775|provirus_133_9664_6	vRhyme_unbinned_104__MGr3G3H3I_000000125775|provirus_133_9664	vRhyme_unbinned_104__MGr3G3H3I_000000125775|provirus_133_9664																														KEGG	false	medium	NaN	NaN	9141.0	NaN
vRhyme_unbinned_104__MGr3G3H3I_000000125775|provirus_133_9664_7	vRhyme_unbinned_104__MGr3G3H3I_000000125775|provirus_133_9664	vRhyme_unbinned_104__MGr3G3H3I_000000125775|provirus_133_9664																														KEGG	false	medium	NaN	NaN	9906.0	NaN
vRhyme_unbinned_104__MGr3G3H3I_000000125775|provirus_133_9664_8	vRhyme_unbinned_104__MGr3G3H3I_000000125775|provirus_133_9664	vRhyme_unbinned_104__MGr3G3H3I_000000125775|provirus_133_9664																														KEGG	false	medium	NaN	NaN	NaN	NaN
vRhyme_unbinned_104__MGr3G3H3I_000000125775|provirus_133_9664_9	vRhyme_unbinned_104__MGr3G3H3I_000000125775|provirus_133_9664	vRhyme_unbinned_104__MGr3G3H3I_000000125775|provirus_133_9664		10.0										PF13550.13	Putative phage tail protein	24.448223	0.09													PF13550.13	Putative phage tail protein	Pfam	false	medium	NaN	NaN	NaN	NaN
vRhyme_unbinned_105__MGr3G3H3I_000000182691|provirus_17376_26434_1	vRhyme_unbinned_105__MGr3G3H3I_000000182691|provirus_17376_26434	vRhyme_unbinned_105__MGr3G3H3I_000000182691|provirus_17376_26434	2.13	2.12		K21064	5-amino-6-(5-phospho-D-ribitylamino)uracil phosphatase [EC:3.1.3.104]	161.010452	0.852	HMMsoil46745	thrH; phosphoserine / homoserine phosphotransferase EC:3.1.3.3 2.7.1.39	29.169985	0.12	PF08282.19	haloacid dehalogenase-like hydrolase	153.014572	0.83													K21064	5-amino-6-(5-phospho-D-ribitylamino)uracil phosphatase [EC:3.1.3.104]	KEGG	false	low	NaN	NaN	NaN	3834.0
vRhyme_unbinned_105__MGr3G3H3I_000000182691|provirus_17376_26434_2	vRhyme_unbinned_105__MGr3G3H3I_000000182691|provirus_17376_26434	vRhyme_unbinned_105__MGr3G3H3I_000000182691|provirus_17376_26434	9.85	7.12		K13956	actin-binding protein IPP	133.465195	0.723	HMMsoil115731	E3.1.3.16; protein phosphatase EC:3.1.3.16	35.70871	0.129	PF01344.32	Kelch motif	49.785225	0.145													K13956	actin-binding protein IPP	KEGG	false	low	NaN	NaN	NaN	3360.0
vRhyme_unbinned_105__MGr3G3H3I_000000182691|provirus_17376_26434_3	vRhyme_unbinned_105__MGr3G3H3I_000000182691|provirus_17376_26434	vRhyme_unbinned_105__MGr3G3H3I_000000182691|provirus_17376_26434	8.71	7.12		K10447	kelch-like protein 9/13	151.157745	0.727	HMMsoil115731	E3.1.3.16; protein phosphatase EC:3.1.3.16	45.878605	0.135	PF01344.32	Kelch motif	52.033245	0.129													K10447	kelch-like protein 9/13	KEGG	false	low	NaN	NaN	NaN	3156.0
vRhyme_unbinned_105__MGr3G3H3I_000000182691|provirus_17376_26434_4	vRhyme_unbinned_105__MGr3G3H3I_000000182691|provirus_17376_26434	vRhyme_unbinned_105__MGr3G3H3I_000000182691|provirus_17376_26434	10.0	7.12		K10442	kelch-like protein 1/4/5	127.898041	0.796	HMMsoil115731	E3.1.3.16; protein phosphatase EC:3.1.3.16	23.350315	0.123	PF01344.32	Kelch motif	35.878746	0.135													K10442	kelch-like protein 1/4/5	KEGG	false	low	NaN	NaN	NaN	2598.0
vRhyme_unbinned_105__MGr3G3H3I_000000182691|provirus_17376_26434_5	vRhyme_unbinned_105__MGr3G3H3I_000000182691|provirus_17376_26434	vRhyme_unbinned_105__MGr3G3H3I_000000182691|provirus_17376_26434	8.71	7.12	1.6	K10447	kelch-like protein 9/13	146.968018	0.655	HMMsoil115731	E3.1.3.16; protein phosphatase EC:3.1.3.16	35.962204	0.125	PF01344.32	Kelch motif	52.195107	0.144									phrog_12615		68.207741	0.558	K10447	kelch-like protein 9/13	KEGG	false	low	NaN	NaN	NaN	1800.0
vRhyme_unbinned_105__MGr3G3H3I_000000182691|provirus_17376_26434_6	vRhyme_unbinned_105__MGr3G3H3I_000000182691|provirus_17376_26434	vRhyme_unbinned_105__MGr3G3H3I_000000182691|provirus_17376_26434	10.0	7.12	1.6	K10455	kelch-like protein 18	167.592514	0.836	HMMsoil102722	E2.7.11.1; non-specific serine/threonine protein kinase EC:2.7.11.1	41.533382	0.145	PF01344.32	Kelch motif	51.724087	0.148									phrog_12615		70.028511	0.505	K10455	kelch-like protein 18	KEGG	false	low	NaN	NaN	NaN	1515.0
vRhyme_unbinned_105__MGr3G3H3I_000000182691|provirus_17376_26434_7	vRhyme_unbinned_105__MGr3G3H3I_000000182691|provirus_17376_26434	vRhyme_unbinned_105__MGr3G3H3I_000000182691|provirus_17376_26434	8.71	7.12	1.6	K10447	kelch-like protein 9/13	118.5382	0.505	HMMsoil102722	E2.7.11.1; non-specific serine/threonine protein kinase EC:2.7.11.1	41.431866	0.139	PF01344.32	Kelch motif	50.439056	0.13									phrog_12615		75.983162	0.523	K10447	kelch-like protein 9/13	KEGG	false	low	NaN	NaN	NaN	1275.0
vRhyme_unbinned_105__MGr3G3H3I_000000182691|provirus_17376_26434_8	vRhyme_unbinned_105__MGr3G3H3I_000000182691|provirus_17376_26434	vRhyme_unbinned_105__MGr3G3H3I_000000182691|provirus_17376_26434	10.0	7.12		K10454	kelch-like protein 17 (actinfilin)	111.361511	0.554	HMMsoil102722	E2.7.11.1; non-specific serine/threonine protein kinase EC:2.7.11.1	51.309528	0.136	PF01344.32	Kelch motif	50.519974	0.13													K10454	kelch-like protein 17 (actinfilin)	KEGG	false	low	NaN	NaN	NaN	1002.0
vRhyme_unbinned_105__MGr3G3H3I_000000182691|provirus_17376_26434_9	vRhyme_unbinned_105__MGr3G3H3I_000000182691|provirus_17376_26434	vRhyme_unbinned_105__MGr3G3H3I_000000182691|provirus_17376_26434				K10447	kelch-like protein 9/13	137.480637	0.618	HMMsoil23714	E3.1.3.16; protein phosphatase EC:3.1.3.16	39.802731	0.114	PF24681.2		61.966824	0.268													K10447	kelch-like protein 9/13	KEGG	false	medium	NaN	NaN	NaN	189.0
vRhyme_unbinned_106__MGr3G3H3I_000000184658|provirus_15737_33807_1	vRhyme_unbinned_106__MGr3G3H3I_000000184658|provirus_15737_33807	vRhyme_unbinned_106__MGr3G3H3I_000000184658|provirus_15737_33807												PF23845.2		42.910828	0.269													PF23845.2		Pfam	false	high	NaN	2697.0	NaN	792.0
vRhyme_unbinned_106__MGr3G3H3I_000000184658|provirus_15737_33807_2	vRhyme_unbinned_106__MGr3G3H3I_000000184658|provirus_15737_33807	vRhyme_unbinned_106__MGr3G3H3I_000000184658|provirus_15737_33807		10.0										PF13550.13	Putative phage tail protein	26.273968	0.089													PF13550.13	Putative phage tail protein	Pfam	false	high	NaN	4665.0	NaN	NaN
vRhyme_unbinned_106__MGr3G3H3I_000000184658|provirus_15737_33807_3	vRhyme_unbinned_106__MGr3G3H3I_000000184658|provirus_15737_33807	vRhyme_unbinned_106__MGr3G3H3I_000000184658|provirus_15737_33807																														KEGG	false	high	NaN	780.0	1734.0	NaN
vRhyme_unbinned_106__MGr3G3H3I_000000184658|provirus_15737_33807_4	vRhyme_unbinned_106__MGr3G3H3I_000000184658|provirus_15737_33807	vRhyme_unbinned_106__MGr3G3H3I_000000184658|provirus_15737_33807		10.0										PF09343.16	Conserved hypothetical protein 2217 (DUF2460)	37.412888	0.597													PF09343.16	Conserved hypothetical protein 2217 (DUF2460)	Pfam	false	high	NaN	6828.0	2694.0	NaN
vRhyme_unbinned_106__MGr3G3H3I_000000184658|provirus_15737_33807_5	vRhyme_unbinned_106__MGr3G3H3I_000000184658|provirus_15737_33807	vRhyme_unbinned_106__MGr3G3H3I_000000184658|provirus_15737_33807																														KEGG	false	high	NaN	6471.0	4053.0	NaN
vRhyme_unbinned_106__MGr3G3H3I_000000184658|provirus_15737_33807_6	vRhyme_unbinned_106__MGr3G3H3I_000000184658|provirus_15737_33807	vRhyme_unbinned_106__MGr3G3H3I_000000184658|provirus_15737_33807																														KEGG	false	high	NaN	5838.0	4593.0	NaN
vRhyme_unbinned_106__MGr3G3H3I_000000184658|provirus_15737_33807_7	vRhyme_unbinned_106__MGr3G3H3I_000000184658|provirus_15737_33807	vRhyme_unbinned_106__MGr3G3H3I_000000184658|provirus_15737_33807																								phrog_290	minor tail protein	59.522778	0.931	phrog_290	minor tail protein	PHROG	false	high	NaN	5454.0	4992.0	NaN
vRhyme_unbinned_106__MGr3G3H3I_000000184658|provirus_15737_33807_8	vRhyme_unbinned_106__MGr3G3H3I_000000184658|provirus_15737_33807	vRhyme_unbinned_106__MGr3G3H3I_000000184658|provirus_15737_33807																														KEGG	false	high	NaN	4281.0	5490.0	NaN
vRhyme_unbinned_106__MGr3G3H3I_000000184658|provirus_15737_33807_9	vRhyme_unbinned_106__MGr3G3H3I_000000184658|provirus_15737_33807	vRhyme_unbinned_106__MGr3G3H3I_000000184658|provirus_15737_33807																														KEGG	false	high	NaN	3780.0	6417.0	NaN
vRhyme_unbinned_106__MGr3G3H3I_000000184658|provirus_15737_33807_10	vRhyme_unbinned_106__MGr3G3H3I_000000184658|provirus_15737_33807	vRhyme_unbinned_106__MGr3G3H3I_000000184658|provirus_15737_33807																														KEGG	false	high	NaN	3054.0	8559.0	NaN
vRhyme_unbinned_106__MGr3G3H3I_000000184658|provirus_15737_33807_11	vRhyme_unbinned_106__MGr3G3H3I_000000184658|provirus_15737_33807	vRhyme_unbinned_106__MGr3G3H3I_000000184658|provirus_15737_33807																								phrog_283	major head protein	108.154732	0.727	phrog_283	major head protein	PHROG	false	high	NaN	2844.0	11556.0	NaN
vRhyme_unbinned_106__MGr3G3H3I_000000184658|provirus_15737_33807_12	vRhyme_unbinned_106__MGr3G3H3I_000000184658|provirus_15737_33807	vRhyme_unbinned_106__MGr3G3H3I_000000184658|provirus_15737_33807																														KEGG	false	high	NaN	1932.0	11712.0	NaN
vRhyme_unbinned_106__MGr3G3H3I_000000184658|provirus_15737_33807_13	vRhyme_unbinned_106__MGr3G3H3I_000000184658|provirus_15737_33807	vRhyme_unbinned_106__MGr3G3H3I_000000184658|provirus_15737_33807																								phrog_145	portal protein	174.538437	0.987	phrog_145	portal protein	PHROG	false	high	NaN	1377.0	13359.0	NaN
vRhyme_unbinned_106__MGr3G3H3I_000000184658|provirus_15737_33807_14	vRhyme_unbinned_106__MGr3G3H3I_000000184658|provirus_15737_33807	vRhyme_unbinned_106__MGr3G3H3I_000000184658|provirus_15737_33807	10.0	10.0	10.0	K06909	phage terminase large subunit	117.179558	0.912					PF03237.22	Terminase large subunit, T4likevirus-type, N-terminal	28.212786	0.452									phrog_2	terminase large subunit	134.988632	0.954	phrog_2	terminase large subunit	PHROG	false	high	NaN	NaN	13593.0	NaN
vRhyme_unbinned_106__MGr3G3H3I_000000184658|provirus_15737_33807_15	vRhyme_unbinned_106__MGr3G3H3I_000000184658|provirus_15737_33807	vRhyme_unbinned_106__MGr3G3H3I_000000184658|provirus_15737_33807																														KEGG	false	high	1302.0	NaN	13968.0	NaN
vRhyme_unbinned_106__MGr3G3H3I_000000184658|provirus_15737_33807_16	vRhyme_unbinned_106__MGr3G3H3I_000000184658|provirus_15737_33807	vRhyme_unbinned_106__MGr3G3H3I_000000184658|provirus_15737_33807																GT83	undecaprenyl phosphate-alpha-L-Ara4N: 4-amino-4-deoxy-beta-L-arabinosyltransferase (EC 2.4.2.43); dodecaprenyl phosphate-beta-galacturonic acid: lipopolysaccharide core alpha-galacturonosyl transferase (EC 2.4.1.-)	86.78952	0.622									GT83	undecaprenyl phosphate-alpha-L-Ara4N: 4-amino-4-deoxy-beta-L-arabinosyltransferase (EC 2.4.2.43); dodecaprenyl phosphate-beta-galacturonic acid: lipopolysaccharide core alpha-galacturonosyl transferase (EC 2.4.1.-)	dbCAN	false	high	1578.0	NaN	14091.0	NaN
vRhyme_unbinned_107__MGr3G3H3I_000000207831|provirus_30197_56997_1	vRhyme_unbinned_107__MGr3G3H3I_000000207831|provirus_30197_56997	vRhyme_unbinned_107__MGr3G3H3I_000000207831|provirus_30197_56997		0.1										PF13699.12	Domain of unknown function (DUF4157)	103.170464	0.108													PF13699.12	Domain of unknown function (DUF4157)	Pfam	false	medium	NaN	10659.0	NaN	NaN
vRhyme_unbinned_107__MGr3G3H3I_000000207831|provirus_30197_56997_2	vRhyme_unbinned_107__MGr3G3H3I_000000207831|provirus_30197_56997	vRhyme_unbinned_107__MGr3G3H3I_000000207831|provirus_30197_56997								HMMsoil26998	ENTPD2; adenosinetriphosphatase EC:3.6.1.-	86.053413	0.162	PF22977.3		140.206238	0.299													PF22977.3		Pfam	false	medium	NaN	8484.0	NaN	NaN
vRhyme_unbinned_107__MGr3G3H3I_000000207831|provirus_30197_56997_3	vRhyme_unbinned_107__MGr3G3H3I_000000207831|provirus_30197_56997	vRhyme_unbinned_107__MGr3G3H3I_000000207831|provirus_30197_56997																														KEGG	false	high	NaN	6240.0	NaN	NaN
vRhyme_unbinned_107__MGr3G3H3I_000000207831|provirus_30197_56997_4	vRhyme_unbinned_107__MGr3G3H3I_000000207831|provirus_30197_56997	vRhyme_unbinned_107__MGr3G3H3I_000000207831|provirus_30197_56997																														KEGG	false	high	NaN	4554.0	NaN	NaN
vRhyme_unbinned_107__MGr3G3H3I_000000207831|provirus_30197_56997_5	vRhyme_unbinned_107__MGr3G3H3I_000000207831|provirus_30197_56997	vRhyme_unbinned_107__MGr3G3H3I_000000207831|provirus_30197_56997																														KEGG	false	high	NaN	4356.0	NaN	NaN
vRhyme_unbinned_107__MGr3G3H3I_000000207831|provirus_30197_56997_6	vRhyme_unbinned_107__MGr3G3H3I_000000207831|provirus_30197_56997	vRhyme_unbinned_107__MGr3G3H3I_000000207831|provirus_30197_56997																														KEGG	false	high	NaN	1812.0	NaN	NaN
vRhyme_unbinned_107__MGr3G3H3I_000000207831|provirus_30197_56997_7	vRhyme_unbinned_107__MGr3G3H3I_000000207831|provirus_30197_56997	vRhyme_unbinned_107__MGr3G3H3I_000000207831|provirus_30197_56997		10.0						HMMsoil126565		37.742828	0.224	PF01391.24	Collagen triple helix repeat (20 copies)	29.61981	0.068													HMMsoil126565		FOAM	false	medium	NaN	6735.0	NaN	10227.0
vRhyme_unbinned_107__MGr3G3H3I_000000207831|provirus_30197_56997_8	vRhyme_unbinned_107__MGr3G3H3I_000000207831|provirus_30197_56997	vRhyme_unbinned_107__MGr3G3H3I_000000207831|provirus_30197_56997		3.47										PF01436.28	NHL repeat	27.167971	0.038													PF01436.28	NHL repeat	Pfam	false	medium	NaN	4230.0	NaN	9714.0
vRhyme_unbinned_107__MGr3G3H3I_000000207831|provirus_30197_56997_9	vRhyme_unbinned_107__MGr3G3H3I_000000207831|provirus_30197_56997	vRhyme_unbinned_107__MGr3G3H3I_000000207831|provirus_30197_56997																														KEGG	false	medium	NaN	1998.0	NaN	9366.0
vRhyme_unbinned_107__MGr3G3H3I_000000207831|provirus_30197_56997_10	vRhyme_unbinned_107__MGr3G3H3I_000000207831|provirus_30197_56997	vRhyme_unbinned_107__MGr3G3H3I_000000207831|provirus_30197_56997	10.0	10.0	10.0	K06903	Bacteriophage baseplate protein W	143.812958	0.928					PF04965.20	Baseplate wedge protein gp25	92.374878	0.659									phrog_261	baseplate wedge subunit	71.067856	0.696	K06903	Bacteriophage baseplate protein W	KEGG	false	medium	NaN	1122.0	NaN	8892.0
vRhyme_unbinned_107__MGr3G3H3I_000000207831|provirus_30197_56997_11	vRhyme_unbinned_107__MGr3G3H3I_000000207831|provirus_30197_56997	vRhyme_unbinned_107__MGr3G3H3I_000000207831|provirus_30197_56997																														KEGG	false	medium	414.0	708.0	NaN	8265.0
vRhyme_unbinned_107__MGr3G3H3I_000000207831|provirus_30197_56997_12	vRhyme_unbinned_107__MGr3G3H3I_000000207831|provirus_30197_56997	vRhyme_unbinned_107__MGr3G3H3I_000000207831|provirus_30197_56997	10.0	10.0		K11904	type VI secretion system secreted protein VgrG	56.603867	0.616					PF04717.19	Type VI secretion system/phage-baseplate injector OB domain	83.819916	0.436													PF04717.19	Type VI secretion system/phage-baseplate injector OB domain	Pfam	false	medium	1122.0	2658.0	NaN	8073.0
vRhyme_unbinned_107__MGr3G3H3I_000000207831|provirus_30197_56997_13	vRhyme_unbinned_107__MGr3G3H3I_000000207831|provirus_30197_56997	vRhyme_unbinned_107__MGr3G3H3I_000000207831|provirus_30197_56997				K06905	Bacteriophage probable baseplate hub protein	174.07634	0.954																	phrog_52	tail protein	68.614151	0.942	K06905	Bacteriophage probable baseplate hub protein	KEGG	false	medium	516.0	2142.0	NaN	7905.0
vRhyme_unbinned_107__MGr3G3H3I_000000207831|provirus_30197_56997_14	vRhyme_unbinned_107__MGr3G3H3I_000000207831|provirus_30197_56997	vRhyme_unbinned_107__MGr3G3H3I_000000207831|provirus_30197_56997		1.42						HMMsoil65371	E3.1.3.5; 5'-nucleotidase EC:3.1.3.5	33.016411	0.196	PF19266.5	Contractile injection system tube protein	103.363419	0.646													PF19266.5	Contractile injection system tube protein	Pfam	false	medium	1749.0	909.0	NaN	7623.0
vRhyme_unbinned_107__MGr3G3H3I_000000207831|provirus_30197_56997_15	vRhyme_unbinned_107__MGr3G3H3I_000000207831|provirus_30197_56997	vRhyme_unbinned_107__MGr3G3H3I_000000207831|provirus_30197_56997																														KEGG	false	medium	2469.0	189.0	NaN	7263.0
vRhyme_unbinned_107__MGr3G3H3I_000000207831|provirus_30197_56997_16	vRhyme_unbinned_107__MGr3G3H3I_000000207831|provirus_30197_56997	vRhyme_unbinned_107__MGr3G3H3I_000000207831|provirus_30197_56997		10.0										PF06841.19	T4-like virus tail tube protein gp19	122.102036	0.817													PF06841.19	T4-like virus tail tube protein gp19	Pfam	false	medium	2658.0	525.0	NaN	6939.0
vRhyme_unbinned_107__MGr3G3H3I_000000207831|provirus_30197_56997_17	vRhyme_unbinned_107__MGr3G3H3I_000000207831|provirus_30197_56997	vRhyme_unbinned_107__MGr3G3H3I_000000207831|provirus_30197_56997	10.0	10.0	10.0	K06907	Bacteriophage tail sheath protein	438.544281	0.996					PF04984.20	Phage tail sheath protein subtilisin-like domain	51.690926	0.178									phrog_23	tail sheath	207.177704	0.994	K06907	Bacteriophage tail sheath protein	KEGG	false	medium	525.0	2355.0	NaN	6471.0
vRhyme_unbinned_107__MGr3G3H3I_000000207831|provirus_30197_56997_18	vRhyme_unbinned_107__MGr3G3H3I_000000207831|provirus_30197_56997	vRhyme_unbinned_107__MGr3G3H3I_000000207831|provirus_30197_56997		10.0	10.0									PF06841.19	T4-like virus tail tube protein gp19	146.23468	0.904									phrog_4542	tail tube protein	58.584682	0.952	PF06841.19	T4-like virus tail tube protein gp19	Pfam	false	medium	2355.0	438.0	NaN	6102.0
vRhyme_unbinned_107__MGr3G3H3I_000000207831|provirus_30197_56997_19	vRhyme_unbinned_107__MGr3G3H3I_000000207831|provirus_30197_56997	vRhyme_unbinned_107__MGr3G3H3I_000000207831|provirus_30197_56997	10.0	10.0	10.0	K06907	Bacteriophage tail sheath protein	522.62738	0.996					PF17482.8	Phage tail sheath C-terminal domain	53.882698	0.156									phrog_23	tail sheath	225.862946	0.975	K06907	Bacteriophage tail sheath protein	KEGG	false	high	438.0	NaN	NaN	5847.0
vRhyme_unbinned_108__MGr3G3H3I_000000219853|provirus_7900_28337_1	vRhyme_unbinned_108__MGr3G3H3I_000000219853|provirus_7900_28337	vRhyme_unbinned_108__MGr3G3H3I_000000219853|provirus_7900_28337																														KEGG	false	medium	NaN	423.0	2652.0	NaN
vRhyme_unbinned_108__MGr3G3H3I_000000219853|provirus_7900_28337_2	vRhyme_unbinned_108__MGr3G3H3I_000000219853|provirus_7900_28337	vRhyme_unbinned_108__MGr3G3H3I_000000219853|provirus_7900_28337	10.0	10.0	10.0	K01356	repressor LexA [EC:3.4.21.88]	50.815231	0.617					PF00717.29	Peptidase S24-like	40.871948	0.429									phrog_4	transcriptional repressor	60.401352	0.771	phrog_4	transcriptional repressor	PHROG	false	medium	NaN	1794.0	NaN	13332.0
vRhyme_unbinned_108__MGr3G3H3I_000000219853|provirus_7900_28337_3	vRhyme_unbinned_108__MGr3G3H3I_000000219853|provirus_7900_28337	vRhyme_unbinned_108__MGr3G3H3I_000000219853|provirus_7900_28337																														KEGG	false	medium	720.0	1074.0	1338.0	11994.0
vRhyme_unbinned_108__MGr3G3H3I_000000219853|provirus_7900_28337_4	vRhyme_unbinned_108__MGr3G3H3I_000000219853|provirus_7900_28337	vRhyme_unbinned_108__MGr3G3H3I_000000219853|provirus_7900_28337																														KEGG	false	medium	1047.0	747.0	1815.0	11517.0
vRhyme_unbinned_108__MGr3G3H3I_000000219853|provirus_7900_28337_5	vRhyme_unbinned_108__MGr3G3H3I_000000219853|provirus_7900_28337	vRhyme_unbinned_108__MGr3G3H3I_000000219853|provirus_7900_28337		0.13										PF20008.6	Domain of unknown function (DUF6429)	107.582184	0.909													PF20008.6	Domain of unknown function (DUF6429)	Pfam	false	medium	1563.0	231.0	2529.0	10803.0
vRhyme_unbinned_108__MGr3G3H3I_000000219853|provirus_7900_28337_6	vRhyme_unbinned_108__MGr3G3H3I_000000219853|provirus_7900_28337	vRhyme_unbinned_108__MGr3G3H3I_000000219853|provirus_7900_28337	10.0	10.0	10.0	K06909	phage terminase large subunit	57.011662	0.578					PF17289.9	Terminase RNaseH-like domain	43.536762	0.317									phrog_979	terminase large subunit	189.272827	0.927	phrog_979	terminase large subunit	PHROG	false	high	1794.0	1308.0	2835.0	10497.0
vRhyme_unbinned_108__MGr3G3H3I_000000219853|provirus_7900_28337_7	vRhyme_unbinned_108__MGr3G3H3I_000000219853|provirus_7900_28337	vRhyme_unbinned_108__MGr3G3H3I_000000219853|provirus_7900_28337		10.0	10.0									PF04860.18	Phage portal protein	64.614426	0.59									phrog_2662	portal protein	246.717316	0.76	phrog_2662	portal protein	PHROG	false	high	1308.0	8406.0	3345.0	9987.0
vRhyme_unbinned_108__MGr3G3H3I_000000219853|provirus_7900_28337_8	vRhyme_unbinned_108__MGr3G3H3I_000000219853|provirus_7900_28337	vRhyme_unbinned_108__MGr3G3H3I_000000219853|provirus_7900_28337																														KEGG	false	high	1674.0	6732.0	4095.0	9237.0
vRhyme_unbinned_108__MGr3G3H3I_000000219853|provirus_7900_28337_9	vRhyme_unbinned_108__MGr3G3H3I_000000219853|provirus_7900_28337	vRhyme_unbinned_108__MGr3G3H3I_000000219853|provirus_7900_28337																														KEGG	false	high	2025.0	6381.0	5154.0	8178.0
vRhyme_unbinned_108__MGr3G3H3I_000000219853|provirus_7900_28337_10	vRhyme_unbinned_108__MGr3G3H3I_000000219853|provirus_7900_28337	vRhyme_unbinned_108__MGr3G3H3I_000000219853|provirus_7900_28337																														KEGG	false	high	2256.0	6150.0	5964.0	7368.0
vRhyme_unbinned_108__MGr3G3H3I_000000219853|provirus_7900_28337_11	vRhyme_unbinned_108__MGr3G3H3I_000000219853|provirus_7900_28337	vRhyme_unbinned_108__MGr3G3H3I_000000219853|provirus_7900_28337																														KEGG	false	medium	2793.0	5613.0	6867.0	6465.0
vRhyme_unbinned_108__MGr3G3H3I_000000219853|provirus_7900_28337_12	vRhyme_unbinned_108__MGr3G3H3I_000000219853|provirus_7900_28337	vRhyme_unbinned_108__MGr3G3H3I_000000219853|provirus_7900_28337																														KEGG	false	high	3111.0	5295.0	7062.0	6270.0
vRhyme_unbinned_108__MGr3G3H3I_000000219853|provirus_7900_28337_13	vRhyme_unbinned_108__MGr3G3H3I_000000219853|provirus_7900_28337	vRhyme_unbinned_108__MGr3G3H3I_000000219853|provirus_7900_28337		0.27										PF09450.17	Domain of unknown function (DUF2019)	108.347305	0.847													PF09450.17	Domain of unknown function (DUF2019)	Pfam	false	medium	3816.0	4590.0	7422.0	5910.0
vRhyme_unbinned_108__MGr3G3H3I_000000219853|provirus_7900_28337_14	vRhyme_unbinned_108__MGr3G3H3I_000000219853|provirus_7900_28337	vRhyme_unbinned_108__MGr3G3H3I_000000219853|provirus_7900_28337		0.27										PF09450.17	Domain of unknown function (DUF2019)	94.289093	0.875													PF09450.17	Domain of unknown function (DUF2019)	Pfam	false	medium	4188.0	4218.0	7890.0	5442.0
vRhyme_unbinned_108__MGr3G3H3I_000000219853|provirus_7900_28337_15	vRhyme_unbinned_108__MGr3G3H3I_000000219853|provirus_7900_28337	vRhyme_unbinned_108__MGr3G3H3I_000000219853|provirus_7900_28337																								phrog_2662	portal protein	123.899628	0.577	phrog_2662	portal protein	PHROG	false	medium	4548.0	3858.0	8067.0	5265.0
vRhyme_unbinned_108__MGr3G3H3I_000000219853|provirus_7900_28337_16	vRhyme_unbinned_108__MGr3G3H3I_000000219853|provirus_7900_28337	vRhyme_unbinned_108__MGr3G3H3I_000000219853|provirus_7900_28337																														KEGG	false	medium	5577.0	2829.0	9039.0	4293.0
vRhyme_unbinned_108__MGr3G3H3I_000000219853|provirus_7900_28337_17	vRhyme_unbinned_108__MGr3G3H3I_000000219853|provirus_7900_28337	vRhyme_unbinned_108__MGr3G3H3I_000000219853|provirus_7900_28337																								phrog_2662	portal protein	61.073776	0.807	phrog_2662	portal protein	PHROG	false	medium	6009.0	2397.0	11919.0	1413.0
vRhyme_unbinned_108__MGr3G3H3I_000000219853|provirus_7900_28337_18	vRhyme_unbinned_108__MGr3G3H3I_000000219853|provirus_7900_28337	vRhyme_unbinned_108__MGr3G3H3I_000000219853|provirus_7900_28337																														KEGG	false	medium	6366.0	2040.0	12105.0	1227.0
vRhyme_unbinned_108__MGr3G3H3I_000000219853|provirus_7900_28337_19	vRhyme_unbinned_108__MGr3G3H3I_000000219853|provirus_7900_28337	vRhyme_unbinned_108__MGr3G3H3I_000000219853|provirus_7900_28337		0.27										PF09450.17	Domain of unknown function (DUF2019)	117.247421	0.905													PF09450.17	Domain of unknown function (DUF2019)	Pfam	false	medium	7686.0	720.0	12717.0	615.0
vRhyme_unbinned_108__MGr3G3H3I_000000219853|provirus_7900_28337_20	vRhyme_unbinned_108__MGr3G3H3I_000000219853|provirus_7900_28337	vRhyme_unbinned_108__MGr3G3H3I_000000219853|provirus_7900_28337		0.27										PF09450.17	Domain of unknown function (DUF2019)	121.669395	0.847													PF09450.17	Domain of unknown function (DUF2019)	Pfam	false	medium	8034.0	372.0	13332.0	NaN
vRhyme_unbinned_108__MGr3G3H3I_000000219853|provirus_7900_28337_21	vRhyme_unbinned_108__MGr3G3H3I_000000219853|provirus_7900_28337	vRhyme_unbinned_108__MGr3G3H3I_000000219853|provirus_7900_28337		10.0	10.0									PF13643.12	Domain of unknown function (DUF4145)	35.373402	0.242									phrog_1305	DNA binding protein	129.513763	0.977	phrog_1305	DNA binding protein	PHROG	false	medium	8406.0	3753.0	678.0	NaN
vRhyme_unbinned_108__MGr3G3H3I_000000219853|provirus_7900_28337_22	vRhyme_unbinned_108__MGr3G3H3I_000000219853|provirus_7900_28337	vRhyme_unbinned_108__MGr3G3H3I_000000219853|provirus_7900_28337																														KEGG	false	high	645.0	3108.0	972.0	NaN
vRhyme_unbinned_108__MGr3G3H3I_000000219853|provirus_7900_28337_23	vRhyme_unbinned_108__MGr3G3H3I_000000219853|provirus_7900_28337	vRhyme_unbinned_108__MGr3G3H3I_000000219853|provirus_7900_28337																								phrog_13692		453.415161	0.963	phrog_13692		PHROG	false	high	1767.0	1986.0	1266.0	NaN
vRhyme_unbinned_108__MGr3G3H3I_000000219853|provirus_7900_28337_24	vRhyme_unbinned_108__MGr3G3H3I_000000219853|provirus_7900_28337	vRhyme_unbinned_108__MGr3G3H3I_000000219853|provirus_7900_28337																														KEGG	false	high	3288.0	465.0	1482.0	NaN
vRhyme_unbinned_108__MGr3G3H3I_000000219853|provirus_7900_28337_25	vRhyme_unbinned_108__MGr3G3H3I_000000219853|provirus_7900_28337	vRhyme_unbinned_108__MGr3G3H3I_000000219853|provirus_7900_28337		10.0	10.0									PF05135.20	Phage gp6-like head-tail connector protein	24.006382	0.145									phrog_442	head-tail adaptor	53.030006	0.507	phrog_442	head-tail adaptor	PHROG	false	high	3753.0	NaN	2295.0	NaN
vRhyme_unbinned_108__MGr3G3H3I_000000219853|provirus_7900_28337_26	vRhyme_unbinned_108__MGr3G3H3I_000000219853|provirus_7900_28337	vRhyme_unbinned_108__MGr3G3H3I_000000219853|provirus_7900_28337																														KEGG	false	high	828.0	NaN	2661.0	NaN
vRhyme_unbinned_108__MGr3G3H3I_000000219853|provirus_7900_28337_27	vRhyme_unbinned_108__MGr3G3H3I_000000219853|provirus_7900_28337	vRhyme_unbinned_108__MGr3G3H3I_000000219853|provirus_7900_28337																														KEGG	false	high	1281.0	NaN	2817.0	NaN
vRhyme_unbinned_108__MGr3G3H3I_000000219853|provirus_7900_28337_28	vRhyme_unbinned_108__MGr3G3H3I_000000219853|provirus_7900_28337	vRhyme_unbinned_108__MGr3G3H3I_000000219853|provirus_7900_28337																														KEGG	false	high	1461.0	NaN	3036.0	NaN
vRhyme_unbinned_108__MGr3G3H3I_000000219853|provirus_7900_28337_29	vRhyme_unbinned_108__MGr3G3H3I_000000219853|provirus_7900_28337	vRhyme_unbinned_108__MGr3G3H3I_000000219853|provirus_7900_28337																														KEGG	false	high	2079.0	NaN	3450.0	NaN
vRhyme_unbinned_109__MGr3G3H3I_000000235412|provirus_119_8951_1	vRhyme_unbinned_109__MGr3G3H3I_000000235412|provirus_119_8951	vRhyme_unbinned_109__MGr3G3H3I_000000235412|provirus_119_8951	10.0	10.0	7.22	K06906	phage tail protein	54.382973	0.836					PF06995.17	Phage P2 GpU	84.471039	0.595									phrog_788	tail protein	126.973862	0.677	phrog_788	tail protein	PHROG	false	high	NaN	585.0	NaN	NaN
vRhyme_unbinned_109__MGr3G3H3I_000000235412|provirus_119_8951_2	vRhyme_unbinned_109__MGr3G3H3I_000000235412|provirus_119_8951	vRhyme_unbinned_109__MGr3G3H3I_000000235412|provirus_119_8951		10.0	10.0									PF05489.19	Phage Tail Protein X	38.386536	0.63									phrog_46	baseplate hub	66.02729	0.864	phrog_46	baseplate hub	PHROG	false	high	NaN	1254.0	NaN	NaN
vRhyme_unbinned_109__MGr3G3H3I_000000235412|provirus_119_8951_3	vRhyme_unbinned_109__MGr3G3H3I_000000235412|provirus_119_8951	vRhyme_unbinned_109__MGr3G3H3I_000000235412|provirus_119_8951				K06905	Bacteriophage probable baseplate hub protein	241.20256	0.967																	phrog_52	tail protein	268.787537	0.973	phrog_52	tail protein	PHROG	false	high	243.0	1011.0	NaN	NaN
vRhyme_unbinned_109__MGr3G3H3I_000000235412|provirus_119_8951_4	vRhyme_unbinned_109__MGr3G3H3I_000000235412|provirus_119_8951	vRhyme_unbinned_109__MGr3G3H3I_000000235412|provirus_119_8951		10.0	10.0									PF04717.19	Type VI secretion system/phage-baseplate injector OB domain	27.911551	0.299									phrog_9992	baseplate assembly protein	62.076168	0.779	phrog_9992	baseplate assembly protein	PHROG	false	high	1254.0	693.0	NaN	NaN
vRhyme_unbinned_109__MGr3G3H3I_000000235412|provirus_119_8951_5	vRhyme_unbinned_109__MGr3G3H3I_000000235412|provirus_119_8951	vRhyme_unbinned_109__MGr3G3H3I_000000235412|provirus_119_8951	10.0	10.0	10.0	K06903	Bacteriophage baseplate protein W	73.890785	0.835					PF04965.20	Baseplate wedge protein gp25	43.058331	0.64									phrog_43	baseplate wedge subunit	85.769417	0.683	phrog_43	baseplate wedge subunit	PHROG	false	high	693.0	NaN	NaN	NaN
vRhyme_unbinned_109__MGr3G3H3I_000000235412|provirus_119_8951_6	vRhyme_unbinned_109__MGr3G3H3I_000000235412|provirus_119_8951	vRhyme_unbinned_109__MGr3G3H3I_000000235412|provirus_119_8951												PF26079.1		60.458138	0.208									phrog_6	baseplate wedge subunit	259.406311	0.964	phrog_6	baseplate wedge subunit	PHROG	false	high	417.0	NaN	NaN	NaN
vRhyme_unbinned_109__MGr3G3H3I_000000235412|provirus_119_8951_7	vRhyme_unbinned_109__MGr3G3H3I_000000235412|provirus_119_8951	vRhyme_unbinned_109__MGr3G3H3I_000000235412|provirus_119_8951		10.0										PF09684.16	Phage tail protein (Tail_P2_I)	36.764782	0.319													PF09684.16	Phage tail protein (Tail_P2_I)	Pfam	false	high	1587.0	NaN	NaN	NaN
vRhyme_unbinned_109__MGr3G3H3I_000000235412|provirus_119_8951_8	vRhyme_unbinned_109__MGr3G3H3I_000000235412|provirus_119_8951	vRhyme_unbinned_109__MGr3G3H3I_000000235412|provirus_119_8951																								phrog_5417		76.850739	0.923	phrog_5417		PHROG	false	high	864.0	NaN	NaN	NaN
vRhyme_unbinned_109__MGr3G3H3I_000000235412|provirus_119_8951_9	vRhyme_unbinned_109__MGr3G3H3I_000000235412|provirus_119_8951	vRhyme_unbinned_109__MGr3G3H3I_000000235412|provirus_119_8951												PF21882.3		34.212166	0.471													PF21882.3		Pfam	false	high	1329.0	NaN	NaN	NaN
vRhyme_unbinned_109__MGr3G3H3I_000000235412|provirus_119_8951_10	vRhyme_unbinned_109__MGr3G3H3I_000000235412|provirus_119_8951	vRhyme_unbinned_109__MGr3G3H3I_000000235412|provirus_119_8951																														KEGG	false	high	1896.0	NaN	NaN	NaN
vRhyme_unbinned_10__MGr3G3H3I_000000026731_1	vRhyme_unbinned_10__MGr3G3H3I_000000026731	vRhyme_unbinned_10__MGr3G3H3I_000000026731																														KEGG	false	medium	NaN	264.0	NaN	NaN
vRhyme_unbinned_10__MGr3G3H3I_000000026731_2	vRhyme_unbinned_10__MGr3G3H3I_000000026731	vRhyme_unbinned_10__MGr3G3H3I_000000026731	10.0	10.0	10.0	K07488	transposase	81.050896	0.775					PF12762.14	ISXO2-like transposase domain	118.610176	0.467									phrog_25593		131.104935	0.919	phrog_25593		PHROG	false	medium	NaN	3726.0	NaN	NaN
vRhyme_unbinned_10__MGr3G3H3I_000000026731_3	vRhyme_unbinned_10__MGr3G3H3I_000000026731	vRhyme_unbinned_10__MGr3G3H3I_000000026731	4.89	1.85		K11294	nucleolin	70.671249	0.922					PF00076.29	RNA recognition motif	44.697563	0.492													K11294	nucleolin	KEGG	false	low	1041.0	2685.0	NaN	NaN
vRhyme_unbinned_10__MGr3G3H3I_000000026731_4	vRhyme_unbinned_10__MGr3G3H3I_000000026731	vRhyme_unbinned_10__MGr3G3H3I_000000026731																														KEGG	false	low	1425.0	2301.0	NaN	NaN
vRhyme_unbinned_10__MGr3G3H3I_000000026731_5	vRhyme_unbinned_10__MGr3G3H3I_000000026731	vRhyme_unbinned_10__MGr3G3H3I_000000026731																														KEGG	false	low	2322.0	1404.0	NaN	NaN
vRhyme_unbinned_10__MGr3G3H3I_000000026731_6	vRhyme_unbinned_10__MGr3G3H3I_000000026731	vRhyme_unbinned_10__MGr3G3H3I_000000026731								HMMsoil120937	tmk, DTYMK; dTMP kinase EC:2.7.4.9	23.658428	0.765																	HMMsoil120937	tmk, DTYMK; dTMP kinase EC:2.7.4.9	FOAM	false	low	3624.0	102.0	NaN	NaN
vRhyme_unbinned_10__MGr3G3H3I_000000026731_7	vRhyme_unbinned_10__MGr3G3H3I_000000026731	vRhyme_unbinned_10__MGr3G3H3I_000000026731	10.0	8.61	10.0	K16150	glycogen synthase [EC:2.4.1.11]	87.362274	0.908	HMMsoil63659	dgs, bgsA; 1,2-diacylglycerol-3-alpha-glucose alpha-1,2-glucosyltransferase EC:2.4.1.208	32.135128	0.166	PF13439.13	Glycosyltransferase Family 4	39.165382	0.359									phrog_2170	glycosyltransferase	62.053894	0.573	K16150	glycogen synthase [EC:2.4.1.11]	KEGG	false	low	3726.0	NaN	NaN	NaN
vRhyme_unbinned_10__MGr3G3H3I_000000026731_8	vRhyme_unbinned_10__MGr3G3H3I_000000026731	vRhyme_unbinned_10__MGr3G3H3I_000000026731																														KEGG	false	low	1137.0	NaN	NaN	NaN
vRhyme_unbinned_10__MGr3G3H3I_000000026731_9	vRhyme_unbinned_10__MGr3G3H3I_000000026731	vRhyme_unbinned_10__MGr3G3H3I_000000026731																														KEGG	false	low	1362.0	NaN	NaN	NaN
vRhyme_unbinned_10__MGr3G3H3I_000000026731_10	vRhyme_unbinned_10__MGr3G3H3I_000000026731	vRhyme_unbinned_10__MGr3G3H3I_000000026731		10.0										PF00535.33	Glycosyl transferase family 2	28.015875	0.126													PF00535.33	Glycosyl transferase family 2	Pfam	false	low	1554.0	NaN	NaN	NaN
vRhyme_unbinned_10__MGr3G3H3I_000000026731_11	vRhyme_unbinned_10__MGr3G3H3I_000000026731	vRhyme_unbinned_10__MGr3G3H3I_000000026731		0.43										PF12637.15	TSCPD domain	52.218441	0.632													PF12637.15	TSCPD domain	Pfam	false	low	1242.0	NaN	NaN	NaN
vRhyme_unbinned_10__MGr3G3H3I_000000026731_12	vRhyme_unbinned_10__MGr3G3H3I_000000026731	vRhyme_unbinned_10__MGr3G3H3I_000000026731																														KEGG	false	low	1674.0	NaN	NaN	NaN
vRhyme_unbinned_10__MGr3G3H3I_000000026731_13	vRhyme_unbinned_10__MGr3G3H3I_000000026731	vRhyme_unbinned_10__MGr3G3H3I_000000026731		2.13										PF03407.23	Nucleotide-diphospho-sugar transferase	53.048111	0.761													PF03407.23	Nucleotide-diphospho-sugar transferase	Pfam	false	low	2811.0	NaN	NaN	NaN
vRhyme_unbinned_10__MGr3G3H3I_000000026731_14	vRhyme_unbinned_10__MGr3G3H3I_000000026731	vRhyme_unbinned_10__MGr3G3H3I_000000026731		0.87										PF13657.12	HipA N-terminal domain	27.796219	0.812													PF13657.12	HipA N-terminal domain	Pfam	false	low	3489.0	NaN	NaN	NaN
vRhyme_unbinned_10__MGr3G3H3I_000000026731_15	vRhyme_unbinned_10__MGr3G3H3I_000000026731	vRhyme_unbinned_10__MGr3G3H3I_000000026731																								phrog_19005		73.128418	0.695	phrog_19005		PHROG	false	medium	3777.0	NaN	NaN	NaN
vRhyme_unbinned_10__MGr3G3H3I_000000026731_16	vRhyme_unbinned_10__MGr3G3H3I_000000026731	vRhyme_unbinned_10__MGr3G3H3I_000000026731																														KEGG	false	low	4800.0	NaN	NaN	NaN
vRhyme_unbinned_10__MGr3G3H3I_000000026731_17	vRhyme_unbinned_10__MGr3G3H3I_000000026731	vRhyme_unbinned_10__MGr3G3H3I_000000026731																														KEGG	false	low	5046.0	NaN	NaN	NaN
vRhyme_unbinned_10__MGr3G3H3I_000000026731_18	vRhyme_unbinned_10__MGr3G3H3I_000000026731	vRhyme_unbinned_10__MGr3G3H3I_000000026731	10.0	10.0	6.2	K07450	putative resolvase	208.872986	0.969					PF00239.27	Resolvase, N terminal domain	67.057564	0.699									phrog_6620	transposase	161.89328	0.923	K07450	putative resolvase	KEGG	false	medium	5922.0	NaN	NaN	NaN
vRhyme_unbinned_10__MGr3G3H3I_000000026731_19	vRhyme_unbinned_10__MGr3G3H3I_000000026731	vRhyme_unbinned_10__MGr3G3H3I_000000026731																														KEGG	false	medium	588.0	NaN	NaN	NaN
vRhyme_unbinned_10__MGr3G3H3I_000000026731_20	vRhyme_unbinned_10__MGr3G3H3I_000000026731	vRhyme_unbinned_10__MGr3G3H3I_000000026731		10.0										PF07282.19	Putative transposase DNA-binding domain	44.811256	0.102													PF07282.19	Putative transposase DNA-binding domain	Pfam	false	low	1188.0	NaN	NaN	NaN
vRhyme_unbinned_10__MGr3G3H3I_000000026731_21	vRhyme_unbinned_10__MGr3G3H3I_000000026731	vRhyme_unbinned_10__MGr3G3H3I_000000026731																														KEGG	false	medium	1440.0	NaN	NaN	NaN
vRhyme_unbinned_10__MGr3G3H3I_000000026731_22	vRhyme_unbinned_10__MGr3G3H3I_000000026731	vRhyme_unbinned_10__MGr3G3H3I_000000026731		10.0						HMMsoil99757	B4GALT7; xylosylprotein 4-beta-galactosyltransferase EC:2.4.1.133	26.349354	0.179	PF02709.21	N-terminal domain of galactosyltransferase	39.037636	0.154													PF02709.21	N-terminal domain of galactosyltransferase	Pfam	false	medium	1662.0	NaN	NaN	NaN
vRhyme_unbinned_10__MGr3G3H3I_000000026731_23	vRhyme_unbinned_10__MGr3G3H3I_000000026731	vRhyme_unbinned_10__MGr3G3H3I_000000026731	10.0	1.58		K20151	alpha(1,3/1,4) fucosyltransferase [EC:2.4.1.65 2.4.1.152]	303.734131	0.849	HMMsoil40705	FUT13, FucTC; alpha-1,4-fucosyltransferase EC:2.4.1.65	84.616875	0.407	PF18025.8	Alpha-(1,3)-fucosyltransferase FucT N-terminal domain	89.814117	0.281													K20151	alpha(1,3/1,4) fucosyltransferase [EC:2.4.1.65 2.4.1.152]	KEGG	false	medium	1053.0	NaN	NaN	NaN
vRhyme_unbinned_10__MGr3G3H3I_000000026731_24	vRhyme_unbinned_10__MGr3G3H3I_000000026731	vRhyme_unbinned_10__MGr3G3H3I_000000026731																														KEGG	false	medium	972.0	NaN	NaN	NaN
vRhyme_unbinned_10__MGr3G3H3I_000000026731_25	vRhyme_unbinned_10__MGr3G3H3I_000000026731	vRhyme_unbinned_10__MGr3G3H3I_000000026731																														KEGG	false	medium	1608.0	NaN	NaN	NaN
vRhyme_unbinned_10__MGr3G3H3I_000000026731_26	vRhyme_unbinned_10__MGr3G3H3I_000000026731	vRhyme_unbinned_10__MGr3G3H3I_000000026731																														KEGG	false	medium	2415.0	NaN	NaN	NaN
vRhyme_unbinned_10__MGr3G3H3I_000000026731_27	vRhyme_unbinned_10__MGr3G3H3I_000000026731	vRhyme_unbinned_10__MGr3G3H3I_000000026731																														KEGG	false	medium	3216.0	NaN	NaN	NaN
vRhyme_unbinned_10__MGr3G3H3I_000000026731_28	vRhyme_unbinned_10__MGr3G3H3I_000000026731	vRhyme_unbinned_10__MGr3G3H3I_000000026731																														KEGG	false	medium	3876.0	NaN	NaN	NaN
vRhyme_unbinned_10__MGr3G3H3I_000000026731_29	vRhyme_unbinned_10__MGr3G3H3I_000000026731	vRhyme_unbinned_10__MGr3G3H3I_000000026731																														KEGG	false	medium	4083.0	NaN	NaN	NaN
vRhyme_unbinned_10__MGr3G3H3I_000000026731_30	vRhyme_unbinned_10__MGr3G3H3I_000000026731	vRhyme_unbinned_10__MGr3G3H3I_000000026731																														KEGG	false	medium	4734.0	NaN	NaN	NaN
vRhyme_unbinned_10__MGr3G3H3I_000000026731_31	vRhyme_unbinned_10__MGr3G3H3I_000000026731	vRhyme_unbinned_10__MGr3G3H3I_000000026731																														KEGG	false	medium	5253.0	NaN	NaN	NaN
vRhyme_unbinned_10__MGr3G3H3I_000000026731_32	vRhyme_unbinned_10__MGr3G3H3I_000000026731	vRhyme_unbinned_10__MGr3G3H3I_000000026731																														KEGG	false	medium	5994.0	NaN	NaN	NaN
vRhyme_unbinned_10__MGr3G3H3I_000000026731_33	vRhyme_unbinned_10__MGr3G3H3I_000000026731	vRhyme_unbinned_10__MGr3G3H3I_000000026731																														KEGG	false	medium	6531.0	NaN	NaN	NaN
vRhyme_unbinned_10__MGr3G3H3I_000000026731_34	vRhyme_unbinned_10__MGr3G3H3I_000000026731	vRhyme_unbinned_10__MGr3G3H3I_000000026731																														KEGG	false	medium	7032.0	NaN	NaN	NaN
vRhyme_unbinned_10__MGr3G3H3I_000000026731_35	vRhyme_unbinned_10__MGr3G3H3I_000000026731	vRhyme_unbinned_10__MGr3G3H3I_000000026731																														KEGG	false	medium	7647.0	NaN	NaN	NaN
vRhyme_unbinned_10__MGr3G3H3I_000000026731_36	vRhyme_unbinned_10__MGr3G3H3I_000000026731	vRhyme_unbinned_10__MGr3G3H3I_000000026731																														KEGG	false	medium	8025.0	NaN	NaN	NaN
vRhyme_unbinned_10__MGr3G3H3I_000000026731_37	vRhyme_unbinned_10__MGr3G3H3I_000000026731	vRhyme_unbinned_10__MGr3G3H3I_000000026731																														KEGG	false	medium	8802.0	NaN	NaN	NaN
vRhyme_unbinned_10__MGr3G3H3I_000000026731_38	vRhyme_unbinned_10__MGr3G3H3I_000000026731	vRhyme_unbinned_10__MGr3G3H3I_000000026731																														KEGG	false	medium	9753.0	NaN	NaN	NaN
vRhyme_unbinned_10__MGr3G3H3I_000000026731_39	vRhyme_unbinned_10__MGr3G3H3I_000000026731	vRhyme_unbinned_10__MGr3G3H3I_000000026731																														KEGG	false	medium	10077.0	NaN	NaN	NaN
vRhyme_unbinned_10__MGr3G3H3I_000000026731_40	vRhyme_unbinned_10__MGr3G3H3I_000000026731	vRhyme_unbinned_10__MGr3G3H3I_000000026731																														KEGG	false	medium	10971.0	NaN	NaN	NaN
vRhyme_unbinned_10__MGr3G3H3I_000000026731_41	vRhyme_unbinned_10__MGr3G3H3I_000000026731	vRhyme_unbinned_10__MGr3G3H3I_000000026731																														KEGG	false	medium	13443.0	NaN	NaN	NaN
vRhyme_unbinned_10__MGr3G3H3I_000000026731_42	vRhyme_unbinned_10__MGr3G3H3I_000000026731	vRhyme_unbinned_10__MGr3G3H3I_000000026731																														KEGG	false	medium	13728.0	NaN	NaN	NaN
vRhyme_unbinned_10__MGr3G3H3I_000000026731_43	vRhyme_unbinned_10__MGr3G3H3I_000000026731	vRhyme_unbinned_10__MGr3G3H3I_000000026731																														KEGG	false	medium	14121.0	NaN	NaN	NaN
vRhyme_unbinned_10__MGr3G3H3I_000000026731_44	vRhyme_unbinned_10__MGr3G3H3I_000000026731	vRhyme_unbinned_10__MGr3G3H3I_000000026731																														KEGG	false	medium	14379.0	NaN	NaN	NaN
vRhyme_unbinned_10__MGr3G3H3I_000000026731_45	vRhyme_unbinned_10__MGr3G3H3I_000000026731	vRhyme_unbinned_10__MGr3G3H3I_000000026731																														KEGG	false	medium	14955.0	NaN	NaN	NaN
vRhyme_unbinned_10__MGr3G3H3I_000000026731_46	vRhyme_unbinned_10__MGr3G3H3I_000000026731	vRhyme_unbinned_10__MGr3G3H3I_000000026731																														KEGG	false	medium	15156.0	NaN	NaN	NaN
vRhyme_unbinned_10__MGr3G3H3I_000000026731_47	vRhyme_unbinned_10__MGr3G3H3I_000000026731	vRhyme_unbinned_10__MGr3G3H3I_000000026731																														KEGG	false	medium	15429.0	NaN	NaN	NaN
vRhyme_unbinned_10__MGr3G3H3I_000000026731_48	vRhyme_unbinned_10__MGr3G3H3I_000000026731	vRhyme_unbinned_10__MGr3G3H3I_000000026731																														KEGG	false	medium	17004.0	NaN	NaN	NaN
vRhyme_unbinned_10__MGr3G3H3I_000000026731_49	vRhyme_unbinned_10__MGr3G3H3I_000000026731	vRhyme_unbinned_10__MGr3G3H3I_000000026731	10.0	10.0		K08309	soluble lytic murein transglycosylase [EC:4.2.2.-]	71.419624	0.682					PF01464.26	Transglycosylase SLT domain	57.877384	0.626	GH23	lysozyme type G (EC 3.2.1.17); peptidoglycan lyase (EC 4.2.2.n1) also known in the literature as peptidoglycan lytic transglycosylase; chitinase (EC 3.2.1.14)	61.607929	0.657									K08309	soluble lytic murein transglycosylase [EC:4.2.2.-]	KEGG	false	medium	21075.0	NaN	NaN	NaN
vRhyme_unbinned_10__MGr3G3H3I_000000026731_50	vRhyme_unbinned_10__MGr3G3H3I_000000026731	vRhyme_unbinned_10__MGr3G3H3I_000000026731																														KEGG	false	medium	594.0	NaN	NaN	NaN
vRhyme_unbinned_10__MGr3G3H3I_000000026731_51	vRhyme_unbinned_10__MGr3G3H3I_000000026731	vRhyme_unbinned_10__MGr3G3H3I_000000026731																														KEGG	false	medium	945.0	NaN	NaN	NaN
vRhyme_unbinned_10__MGr3G3H3I_000000026731_52	vRhyme_unbinned_10__MGr3G3H3I_000000026731	vRhyme_unbinned_10__MGr3G3H3I_000000026731																														KEGG	false	medium	1446.0	NaN	NaN	NaN
vRhyme_unbinned_10__MGr3G3H3I_000000026731_53	vRhyme_unbinned_10__MGr3G3H3I_000000026731	vRhyme_unbinned_10__MGr3G3H3I_000000026731																														KEGG	false	medium	1686.0	NaN	NaN	NaN
vRhyme_unbinned_10__MGr3G3H3I_000000026731_54	vRhyme_unbinned_10__MGr3G3H3I_000000026731	vRhyme_unbinned_10__MGr3G3H3I_000000026731																														KEGG	false	medium	2250.0	NaN	NaN	NaN
vRhyme_unbinned_10__MGr3G3H3I_000000026731_55	vRhyme_unbinned_10__MGr3G3H3I_000000026731	vRhyme_unbinned_10__MGr3G3H3I_000000026731																														KEGG	false	medium	2535.0	NaN	NaN	NaN
vRhyme_unbinned_10__MGr3G3H3I_000000026731_56	vRhyme_unbinned_10__MGr3G3H3I_000000026731	vRhyme_unbinned_10__MGr3G3H3I_000000026731																														KEGG	false	medium	3624.0	NaN	NaN	NaN
vRhyme_unbinned_10__MGr3G3H3I_000000026731_57	vRhyme_unbinned_10__MGr3G3H3I_000000026731	vRhyme_unbinned_10__MGr3G3H3I_000000026731																														KEGG	false	medium	4026.0	NaN	NaN	NaN
vRhyme_unbinned_110__MGr3G3H3I_000000249059|provirus_16350_47090_1	vRhyme_unbinned_110__MGr3G3H3I_000000249059|provirus_16350_47090	vRhyme_unbinned_110__MGr3G3H3I_000000249059|provirus_16350_47090	4.49	3.65	0.83	K19169	DNA sulfur modification protein DndB	423.373444	0.937					PF14072.12	DNA-sulfur modification-associated	464.82663	0.882									phrog_7901		77.126335	0.746	PF14072.12	DNA-sulfur modification-associated	Pfam	false	medium	NaN	2280.0	NaN	NaN
vRhyme_unbinned_110__MGr3G3H3I_000000249059|provirus_16350_47090_2	vRhyme_unbinned_110__MGr3G3H3I_000000249059|provirus_16350_47090	vRhyme_unbinned_110__MGr3G3H3I_000000249059|provirus_16350_47090	7.63	8.55	6.49	K04487	cysteine desulfurase [EC:2.8.1.7]	481.55072	0.979	HMMsoil86550	iscS, NFS1; cysteine desulfurase EC:2.8.1.7	415.474823	0.947	PF00266.26	Aminotransferase class-V	240.931946	0.942									phrog_12787		356.122711	0.981	K04487	cysteine desulfurase [EC:2.8.1.7]	KEGG	false	medium	NaN	1134.0	NaN	NaN
vRhyme_unbinned_110__MGr3G3H3I_000000249059|provirus_16350_47090_3	vRhyme_unbinned_110__MGr3G3H3I_000000249059|provirus_16350_47090	vRhyme_unbinned_110__MGr3G3H3I_000000249059|provirus_16350_47090		10.0										PF02463.26	RecF/RecN/SMC N terminal domain	44.949142	0.603													PF02463.26	RecF/RecN/SMC N terminal domain	Pfam	false	medium	NaN	6651.0	NaN	882.0
vRhyme_unbinned_110__MGr3G3H3I_000000249059|provirus_16350_47090_4	vRhyme_unbinned_110__MGr3G3H3I_000000249059|provirus_16350_47090	vRhyme_unbinned_110__MGr3G3H3I_000000249059|provirus_16350_47090																														KEGG	false	medium	NaN	3696.0	NaN	363.0
vRhyme_unbinned_110__MGr3G3H3I_000000249059|provirus_16350_47090_5	vRhyme_unbinned_110__MGr3G3H3I_000000249059|provirus_16350_47090	vRhyme_unbinned_110__MGr3G3H3I_000000249059|provirus_16350_47090		5.31										PF13676.12	TIR domain	61.991924	0.278													PF13676.12	TIR domain	Pfam	false	medium	NaN	2151.0	NaN	201.0
vRhyme_unbinned_110__MGr3G3H3I_000000249059|provirus_16350_47090_6	vRhyme_unbinned_110__MGr3G3H3I_000000249059|provirus_16350_47090	vRhyme_unbinned_110__MGr3G3H3I_000000249059|provirus_16350_47090																														KEGG	false	medium	NaN	792.0	NaN	9576.0
vRhyme_unbinned_110__MGr3G3H3I_000000249059|provirus_16350_47090_7	vRhyme_unbinned_110__MGr3G3H3I_000000249059|provirus_16350_47090	vRhyme_unbinned_110__MGr3G3H3I_000000249059|provirus_16350_47090	10.0	10.0	10.0	K06400	site-specific DNA recombinase	230.03981	0.863					PF00239.27	Resolvase, N terminal domain	45.992161	0.208									phrog_95	integrase	179.52327	0.507	K06400	site-specific DNA recombinase	KEGG	false	medium	NaN	1734.0	729.0	8847.0
vRhyme_unbinned_110__MGr3G3H3I_000000249059|provirus_16350_47090_8	vRhyme_unbinned_110__MGr3G3H3I_000000249059|provirus_16350_47090	vRhyme_unbinned_110__MGr3G3H3I_000000249059|provirus_16350_47090	10.0	10.0	10.0	K02316	DNA primase [EC:2.7.7.101]	67.159439	0.5	HMMsoil66649	dnaG; DNA primase EC:2.7.7.101	110.105812	0.256	PF01807.26	CHC2 zinc finger	99.072075	0.259									phrog_47	DNA primase	58.279121	0.516	HMMsoil66649	dnaG; DNA primase EC:2.7.7.101	FOAM	false	medium	1734.0	NaN	1356.0	8220.0
vRhyme_unbinned_110__MGr3G3H3I_000000249059|provirus_16350_47090_9	vRhyme_unbinned_110__MGr3G3H3I_000000249059|provirus_16350_47090	vRhyme_unbinned_110__MGr3G3H3I_000000249059|provirus_16350_47090																														KEGG	false	medium	960.0	NaN	2940.0	6636.0
vRhyme_unbinned_110__MGr3G3H3I_000000249059|provirus_16350_47090_10	vRhyme_unbinned_110__MGr3G3H3I_000000249059|provirus_16350_47090	vRhyme_unbinned_110__MGr3G3H3I_000000249059|provirus_16350_47090																														KEGG	false	medium	2319.0	NaN	5289.0	4287.0
vRhyme_unbinned_110__MGr3G3H3I_000000249059|provirus_16350_47090_11	vRhyme_unbinned_110__MGr3G3H3I_000000249059|provirus_16350_47090	vRhyme_unbinned_110__MGr3G3H3I_000000249059|provirus_16350_47090		10.0						HMMsoil126373	ade; adenine deaminase EC:3.5.4.2	30.84823	0.316	PF13560.13	Helix-turn-helix domain	27.24192	0.301													HMMsoil126373	ade; adenine deaminase EC:3.5.4.2	FOAM	false	medium	2859.0	NaN	9576.0	5052.0
vRhyme_unbinned_110__MGr3G3H3I_000000249059|provirus_16350_47090_12	vRhyme_unbinned_110__MGr3G3H3I_000000249059|provirus_16350_47090	vRhyme_unbinned_110__MGr3G3H3I_000000249059|provirus_16350_47090																														KEGG	false	medium	399.0	NaN	582.0	4470.0
vRhyme_unbinned_110__MGr3G3H3I_000000249059|provirus_16350_47090_13	vRhyme_unbinned_110__MGr3G3H3I_000000249059|provirus_16350_47090	vRhyme_unbinned_110__MGr3G3H3I_000000249059|provirus_16350_47090																								phrog_1362		101.82196	0.89	phrog_1362		PHROG	false	medium	897.0	NaN	1392.0	3660.0
vRhyme_unbinned_110__MGr3G3H3I_000000249059|provirus_16350_47090_14	vRhyme_unbinned_110__MGr3G3H3I_000000249059|provirus_16350_47090	vRhyme_unbinned_110__MGr3G3H3I_000000249059|provirus_16350_47090		3.47										PF01436.28	NHL repeat	26.595152	0.041													PF01436.28	NHL repeat	Pfam	false	medium	1824.0	NaN	1953.0	3099.0
vRhyme_unbinned_110__MGr3G3H3I_000000249059|provirus_16350_47090_15	vRhyme_unbinned_110__MGr3G3H3I_000000249059|provirus_16350_47090	vRhyme_unbinned_110__MGr3G3H3I_000000249059|provirus_16350_47090		3.47	0.57					HMMsoil38531	amiABC; N-acetylmuramoyl-L-alanine amidase EC:3.5.1.28	28.960144	0.039	PF01436.28	NHL repeat	37.415638	0.027									phrog_8401	beta-propeller repeat protein	108.991837	0.771	phrog_8401	beta-propeller repeat protein	PHROG	false	medium	3966.0	NaN	2667.0	2385.0
vRhyme_unbinned_110__MGr3G3H3I_000000249059|provirus_16350_47090_16	vRhyme_unbinned_110__MGr3G3H3I_000000249059|provirus_16350_47090	vRhyme_unbinned_110__MGr3G3H3I_000000249059|provirus_16350_47090																														KEGG	false	medium	6963.0	NaN	5052.0	NaN
vRhyme_unbinned_110__MGr3G3H3I_000000249059|provirus_16350_47090_17	vRhyme_unbinned_110__MGr3G3H3I_000000249059|provirus_16350_47090	vRhyme_unbinned_110__MGr3G3H3I_000000249059|provirus_16350_47090																														KEGG	false	medium	7119.0	NaN	510.0	NaN
vRhyme_unbinned_110__MGr3G3H3I_000000249059|provirus_16350_47090_18	vRhyme_unbinned_110__MGr3G3H3I_000000249059|provirus_16350_47090	vRhyme_unbinned_110__MGr3G3H3I_000000249059|provirus_16350_47090																														KEGG	false	medium	8766.0	NaN	5925.0	NaN
vRhyme_unbinned_110__MGr3G3H3I_000000249059|provirus_16350_47090_19	vRhyme_unbinned_110__MGr3G3H3I_000000249059|provirus_16350_47090	vRhyme_unbinned_110__MGr3G3H3I_000000249059|provirus_16350_47090																								phrog_33624		74.509941	0.984	phrog_33624		PHROG	false	medium	9000.0	NaN	NaN	1233.0
vRhyme_unbinned_110__MGr3G3H3I_000000249059|provirus_16350_47090_20	vRhyme_unbinned_110__MGr3G3H3I_000000249059|provirus_16350_47090	vRhyme_unbinned_110__MGr3G3H3I_000000249059|provirus_16350_47090																														KEGG	false	medium	9375.0	NaN	NaN	567.0
vRhyme_unbinned_110__MGr3G3H3I_000000249059|provirus_16350_47090_21	vRhyme_unbinned_110__MGr3G3H3I_000000249059|provirus_16350_47090	vRhyme_unbinned_110__MGr3G3H3I_000000249059|provirus_16350_47090																														KEGG	false	medium	9498.0	NaN	NaN	NaN
vRhyme_unbinned_110__MGr3G3H3I_000000249059|provirus_16350_47090_22	vRhyme_unbinned_110__MGr3G3H3I_000000249059|provirus_16350_47090	vRhyme_unbinned_110__MGr3G3H3I_000000249059|provirus_16350_47090																														KEGG	false	medium	9786.0	NaN	2391.0	NaN
vRhyme_unbinned_110__MGr3G3H3I_000000249059|provirus_16350_47090_23	vRhyme_unbinned_110__MGr3G3H3I_000000249059|provirus_16350_47090	vRhyme_unbinned_110__MGr3G3H3I_000000249059|provirus_16350_47090																														KEGG	false	medium	10191.0	NaN	3138.0	NaN
vRhyme_unbinned_110__MGr3G3H3I_000000249059|provirus_16350_47090_24	vRhyme_unbinned_110__MGr3G3H3I_000000249059|provirus_16350_47090	vRhyme_unbinned_110__MGr3G3H3I_000000249059|provirus_16350_47090																								phrog_5156		89.474815	0.628	phrog_5156		PHROG	false	medium	10341.0	NaN	3390.0	NaN
vRhyme_unbinned_110__MGr3G3H3I_000000249059|provirus_16350_47090_25	vRhyme_unbinned_110__MGr3G3H3I_000000249059|provirus_16350_47090	vRhyme_unbinned_110__MGr3G3H3I_000000249059|provirus_16350_47090																														KEGG	false	medium	11832.0	NaN	3846.0	NaN
vRhyme_unbinned_111__MGr3G3H3I_000000255312|provirus_3194_13139_1	vRhyme_unbinned_111__MGr3G3H3I_000000255312|provirus_3194_13139	vRhyme_unbinned_111__MGr3G3H3I_000000255312|provirus_3194_13139	10.0	10.0	10.0	K14059	integrase	230.589386	0.864					PF00589.28	Phage integrase family	76.650848	0.471									phrog_1	integrase	228.086777	0.962	K14059	integrase	KEGG	false	high	NaN	1938.0	NaN	NaN
vRhyme_unbinned_111__MGr3G3H3I_000000255312|provirus_3194_13139_2	vRhyme_unbinned_111__MGr3G3H3I_000000255312|provirus_3194_13139	vRhyme_unbinned_111__MGr3G3H3I_000000255312|provirus_3194_13139																														KEGG	false	high	1173.0	765.0	NaN	NaN
vRhyme_unbinned_111__MGr3G3H3I_000000255312|provirus_3194_13139_3	vRhyme_unbinned_111__MGr3G3H3I_000000255312|provirus_3194_13139	vRhyme_unbinned_111__MGr3G3H3I_000000255312|provirus_3194_13139		10.0										PF12728.14	Helix-turn-helix domain	39.557312	0.688													PF12728.14	Helix-turn-helix domain	Pfam	false	high	1938.0	795.0	NaN	NaN
vRhyme_unbinned_111__MGr3G3H3I_000000255312|provirus_3194_13139_4	vRhyme_unbinned_111__MGr3G3H3I_000000255312|provirus_3194_13139	vRhyme_unbinned_111__MGr3G3H3I_000000255312|provirus_3194_13139																														KEGG	false	high	192.0	603.0	NaN	NaN
vRhyme_unbinned_111__MGr3G3H3I_000000255312|provirus_3194_13139_5	vRhyme_unbinned_111__MGr3G3H3I_000000255312|provirus_3194_13139	vRhyme_unbinned_111__MGr3G3H3I_000000255312|provirus_3194_13139																														KEGG	false	high	561.0	234.0	NaN	NaN
vRhyme_unbinned_111__MGr3G3H3I_000000255312|provirus_3194_13139_6	vRhyme_unbinned_111__MGr3G3H3I_000000255312|provirus_3194_13139	vRhyme_unbinned_111__MGr3G3H3I_000000255312|provirus_3194_13139		10.0	3.38									PF13481.13	AAA domain	115.266357	0.368									phrog_10729	DNA polymerase/primase	62.401993	0.68	PF13481.13	AAA domain	Pfam	false	high	795.0	2301.0	NaN	NaN
vRhyme_unbinned_111__MGr3G3H3I_000000255312|provirus_3194_13139_7	vRhyme_unbinned_111__MGr3G3H3I_000000255312|provirus_3194_13139	vRhyme_unbinned_111__MGr3G3H3I_000000255312|provirus_3194_13139																														KEGG	false	high	1518.0	783.0	NaN	NaN
vRhyme_unbinned_111__MGr3G3H3I_000000255312|provirus_3194_13139_8	vRhyme_unbinned_111__MGr3G3H3I_000000255312|provirus_3194_13139	vRhyme_unbinned_111__MGr3G3H3I_000000255312|provirus_3194_13139																								phrog_645	Rnase E	58.649704	0.854	phrog_645	Rnase E	PHROG	false	high	1827.0	474.0	NaN	NaN
vRhyme_unbinned_111__MGr3G3H3I_000000255312|provirus_3194_13139_9	vRhyme_unbinned_111__MGr3G3H3I_000000255312|provirus_3194_13139	vRhyme_unbinned_111__MGr3G3H3I_000000255312|provirus_3194_13139	10.0	10.0	10.0	K07316	adenine-specific DNA-methyltransferase [EC:2.1.1.72]	213.844955	0.686					PF01555.25	DNA methylase	128.331711	0.633									phrog_67	DNA methyltransferase	215.5681	0.965	phrog_67	DNA methyltransferase	PHROG	false	high	2301.0	NaN	NaN	NaN
vRhyme_unbinned_111__MGr3G3H3I_000000255312|provirus_3194_13139_10	vRhyme_unbinned_111__MGr3G3H3I_000000255312|provirus_3194_13139	vRhyme_unbinned_111__MGr3G3H3I_000000255312|provirus_3194_13139				K23398	activating signal cointegrator 1	52.228329	0.693																	phrog_3193		119.259872	0.699	phrog_3193		PHROG	false	high	1644.0	NaN	NaN	NaN
vRhyme_unbinned_111__MGr3G3H3I_000000255312|provirus_3194_13139_11	vRhyme_unbinned_111__MGr3G3H3I_000000255312|provirus_3194_13139	vRhyme_unbinned_111__MGr3G3H3I_000000255312|provirus_3194_13139																														KEGG	false	high	2142.0	NaN	NaN	NaN
vRhyme_unbinned_111__MGr3G3H3I_000000255312|provirus_3194_13139_12	vRhyme_unbinned_111__MGr3G3H3I_000000255312|provirus_3194_13139	vRhyme_unbinned_111__MGr3G3H3I_000000255312|provirus_3194_13139																														KEGG	false	high	2502.0	NaN	NaN	NaN
vRhyme_unbinned_111__MGr3G3H3I_000000255312|provirus_3194_13139_13	vRhyme_unbinned_111__MGr3G3H3I_000000255312|provirus_3194_13139	vRhyme_unbinned_111__MGr3G3H3I_000000255312|provirus_3194_13139												PF22091.3		59.199333	0.874													PF22091.3		Pfam	false	high	2799.0	NaN	NaN	NaN
vRhyme_unbinned_111__MGr3G3H3I_000000255312|provirus_3194_13139_14	vRhyme_unbinned_111__MGr3G3H3I_000000255312|provirus_3194_13139	vRhyme_unbinned_111__MGr3G3H3I_000000255312|provirus_3194_13139																														KEGG	false	high	3252.0	NaN	NaN	NaN
vRhyme_unbinned_111__MGr3G3H3I_000000255312|provirus_3194_13139_15	vRhyme_unbinned_111__MGr3G3H3I_000000255312|provirus_3194_13139	vRhyme_unbinned_111__MGr3G3H3I_000000255312|provirus_3194_13139																														KEGG	false	high	3435.0	NaN	NaN	NaN
vRhyme_unbinned_111__MGr3G3H3I_000000255312|provirus_3194_13139_16	vRhyme_unbinned_111__MGr3G3H3I_000000255312|provirus_3194_13139	vRhyme_unbinned_111__MGr3G3H3I_000000255312|provirus_3194_13139																														KEGG	false	high	3624.0	NaN	NaN	NaN
vRhyme_unbinned_112__MGr3G3H3I_000000261563|provirus_41_8855_1	vRhyme_unbinned_112__MGr3G3H3I_000000261563|provirus_41_8855	vRhyme_unbinned_112__MGr3G3H3I_000000261563|provirus_41_8855	10.0	10.0	7.22	K06906	phage tail protein	51.40517	0.774					PF06995.17	Phage P2 GpU	79.479195	0.595									phrog_788	tail protein	120.141289	0.682	phrog_788	tail protein	PHROG	false	medium	NaN	2343.0	NaN	NaN
vRhyme_unbinned_112__MGr3G3H3I_000000261563|provirus_41_8855_2	vRhyme_unbinned_112__MGr3G3H3I_000000261563|provirus_41_8855	vRhyme_unbinned_112__MGr3G3H3I_000000261563|provirus_41_8855																														KEGG	false	medium	NaN	1758.0	NaN	NaN
vRhyme_unbinned_112__MGr3G3H3I_000000261563|provirus_41_8855_3	vRhyme_unbinned_112__MGr3G3H3I_000000261563|provirus_41_8855	vRhyme_unbinned_112__MGr3G3H3I_000000261563|provirus_41_8855	1.61	1.85		K13195	cold-inducible RNA-binding protein	101.959991	0.832					PF00076.29	RNA recognition motif	78.343277	0.747													K13195	cold-inducible RNA-binding protein	KEGG	false	medium	NaN	651.0	NaN	NaN
vRhyme_unbinned_112__MGr3G3H3I_000000261563|provirus_41_8855_4	vRhyme_unbinned_112__MGr3G3H3I_000000261563|provirus_41_8855	vRhyme_unbinned_112__MGr3G3H3I_000000261563|provirus_41_8855																								phrog_21320		81.339592	0.762	phrog_21320		PHROG	false	medium	NaN	366.0	NaN	NaN
vRhyme_unbinned_112__MGr3G3H3I_000000261563|provirus_41_8855_5	vRhyme_unbinned_112__MGr3G3H3I_000000261563|provirus_41_8855	vRhyme_unbinned_112__MGr3G3H3I_000000261563|provirus_41_8855	10.0	10.0	10.0	K06908	Bacteriophage tail tube protein	92.295738	0.96					PF04985.21	Phage tail tube protein FII	133.918228	0.96									phrog_55	head closure	135.99585	0.977	phrog_55	head closure	PHROG	false	medium	NaN	519.0	NaN	NaN
vRhyme_unbinned_112__MGr3G3H3I_000000261563|provirus_41_8855_6	vRhyme_unbinned_112__MGr3G3H3I_000000261563|provirus_41_8855	vRhyme_unbinned_112__MGr3G3H3I_000000261563|provirus_41_8855	10.0	10.0	10.0	K06907	Bacteriophage tail sheath protein	248.656708	0.967					PF04984.20	Phage tail sheath protein subtilisin-like domain	70.05687	0.375									phrog_23	tail sheath	313.543152	0.971	phrog_23	tail sheath	PHROG	false	high	519.0	1542.0	NaN	NaN
vRhyme_unbinned_112__MGr3G3H3I_000000261563|provirus_41_8855_7	vRhyme_unbinned_112__MGr3G3H3I_000000261563|provirus_41_8855	vRhyme_unbinned_112__MGr3G3H3I_000000261563|provirus_41_8855		7.0	10.0									PF09646.17	Gp37 protein	111.742569	0.536									phrog_209	portal protein	74.711311	0.558	PF09646.17	Gp37 protein	Pfam	false	high	1542.0	822.0	NaN	NaN
vRhyme_unbinned_112__MGr3G3H3I_000000261563|provirus_41_8855_8	vRhyme_unbinned_112__MGr3G3H3I_000000261563|provirus_41_8855	vRhyme_unbinned_112__MGr3G3H3I_000000261563|provirus_41_8855		10.0	10.0									PF07030.18	Bacteriophage Mu, Gp36	126.956436	0.849									phrog_195	head-tail adaptor	166.793503	0.986	phrog_195	head-tail adaptor	PHROG	false	high	822.0	438.0	NaN	NaN
vRhyme_unbinned_112__MGr3G3H3I_000000261563|provirus_41_8855_9	vRhyme_unbinned_112__MGr3G3H3I_000000261563|provirus_41_8855	vRhyme_unbinned_112__MGr3G3H3I_000000261563|provirus_41_8855		10.0	10.0									PF10124.16	Mu-like prophage major head subunit gpT	306.770996	0.971									phrog_371	major head protein	301.624542	0.994	PF10124.16	Mu-like prophage major head subunit gpT	Pfam	false	high	438.0	1428.0	NaN	NaN
vRhyme_unbinned_112__MGr3G3H3I_000000261563|provirus_41_8855_10	vRhyme_unbinned_112__MGr3G3H3I_000000261563|provirus_41_8855	vRhyme_unbinned_112__MGr3G3H3I_000000261563|provirus_41_8855																								phrog_1731	virion structural protein	87.373482	0.944	phrog_1731	virion structural protein	PHROG	false	high	945.0	483.0	NaN	NaN
vRhyme_unbinned_112__MGr3G3H3I_000000261563|provirus_41_8855_11	vRhyme_unbinned_112__MGr3G3H3I_000000261563|provirus_41_8855	vRhyme_unbinned_112__MGr3G3H3I_000000261563|provirus_41_8855		10.0	10.0									PF10123.15	Mu-like prophage I protein	221.727875	0.787									phrog_328	head maturation protease	273.127502	0.818	phrog_328	head maturation protease	PHROG	false	high	1428.0	NaN	NaN	NaN
vRhyme_unbinned_113__MGr3G3H3I_000000274427|provirus_10798_21788_1	vRhyme_unbinned_113__MGr3G3H3I_000000274427|provirus_10798_21788	vRhyme_unbinned_113__MGr3G3H3I_000000274427|provirus_10798_21788		10.0										PF18454.8	Major tropism determinant N-terminal domain	43.508781	0.069													PF18454.8	Major tropism determinant N-terminal domain	Pfam	false	high	NaN	1611.0	NaN	7839.0
vRhyme_unbinned_113__MGr3G3H3I_000000274427|provirus_10798_21788_2	vRhyme_unbinned_113__MGr3G3H3I_000000274427|provirus_10798_21788	vRhyme_unbinned_113__MGr3G3H3I_000000274427|provirus_10798_21788		10.0	10.0									PF13550.13	Putative phage tail protein	104.258881	0.291									phrog_1101	tail protein	341.485596	0.904	phrog_1101	tail protein	PHROG	false	high	NaN	2850.0	NaN	7410.0
vRhyme_unbinned_113__MGr3G3H3I_000000274427|provirus_10798_21788_3	vRhyme_unbinned_113__MGr3G3H3I_000000274427|provirus_10798_21788	vRhyme_unbinned_113__MGr3G3H3I_000000274427|provirus_10798_21788																														KEGG	false	high	2226.0	624.0	NaN	7092.0
vRhyme_unbinned_113__MGr3G3H3I_000000274427|provirus_10798_21788_4	vRhyme_unbinned_113__MGr3G3H3I_000000274427|provirus_10798_21788	vRhyme_unbinned_113__MGr3G3H3I_000000274427|provirus_10798_21788		10.0	10.0									PF09931.16	Uncharacterized conserved protein (DUF2163)	118.259445	0.548									phrog_778	tail assembly protein	166.281357	0.897	phrog_778	tail assembly protein	PHROG	false	high	2850.0	870.0	NaN	6726.0
vRhyme_unbinned_113__MGr3G3H3I_000000274427|provirus_10798_21788_5	vRhyme_unbinned_113__MGr3G3H3I_000000274427|provirus_10798_21788	vRhyme_unbinned_113__MGr3G3H3I_000000274427|provirus_10798_21788		10.0	10.0									PF09343.16	Conserved hypothetical protein 2217 (DUF2460)	122.530136	0.961									phrog_2913	glycoside hydrolase	113.683128	0.956	PF09343.16	Conserved hypothetical protein 2217 (DUF2460)	Pfam	false	high	870.0	612.0	NaN	6459.0
vRhyme_unbinned_113__MGr3G3H3I_000000274427|provirus_10798_21788_6	vRhyme_unbinned_113__MGr3G3H3I_000000274427|provirus_10798_21788	vRhyme_unbinned_113__MGr3G3H3I_000000274427|provirus_10798_21788		6.35	10.0									PF13547.13	GTA TIM-barrel-like domain	323.089752	0.479									phrog_4271	tail protein	350.245667	0.818	phrog_4271	tail protein	PHROG	false	high	612.0	NaN	NaN	6153.0
vRhyme_unbinned_113__MGr3G3H3I_000000274427|provirus_10798_21788_7	vRhyme_unbinned_113__MGr3G3H3I_000000274427|provirus_10798_21788	vRhyme_unbinned_113__MGr3G3H3I_000000274427|provirus_10798_21788																														KEGG	false	high	2355.0	NaN	NaN	5724.0
vRhyme_unbinned_113__MGr3G3H3I_000000274427|provirus_10798_21788_8	vRhyme_unbinned_113__MGr3G3H3I_000000274427|provirus_10798_21788	vRhyme_unbinned_113__MGr3G3H3I_000000274427|provirus_10798_21788		0.27										PF09450.17	Domain of unknown function (DUF2019)	106.86956	0.839													PF09450.17	Domain of unknown function (DUF2019)	Pfam	false	medium	3597.0	NaN	NaN	4092.0
vRhyme_unbinned_11__MGr3G3H3I_000000030488_1	vRhyme_unbinned_11__MGr3G3H3I_000000030488	vRhyme_unbinned_11__MGr3G3H3I_000000030488																														KEGG	false	medium	NaN	NaN	NaN	NaN
vRhyme_unbinned_11__MGr3G3H3I_000000030488_2	vRhyme_unbinned_11__MGr3G3H3I_000000030488	vRhyme_unbinned_11__MGr3G3H3I_000000030488		2.22										PF09339.17	IclR helix-turn-helix domain	24.021406	0.309													PF09339.17	IclR helix-turn-helix domain	Pfam	false	medium	NaN	NaN	NaN	NaN
vRhyme_unbinned_11__MGr3G3H3I_000000030488_3	vRhyme_unbinned_11__MGr3G3H3I_000000030488	vRhyme_unbinned_11__MGr3G3H3I_000000030488																														KEGG	false	medium	NaN	NaN	NaN	NaN
vRhyme_unbinned_11__MGr3G3H3I_000000030488_4	vRhyme_unbinned_11__MGr3G3H3I_000000030488	vRhyme_unbinned_11__MGr3G3H3I_000000030488																														KEGG	false	medium	NaN	NaN	NaN	NaN
vRhyme_unbinned_11__MGr3G3H3I_000000030488_5	vRhyme_unbinned_11__MGr3G3H3I_000000030488	vRhyme_unbinned_11__MGr3G3H3I_000000030488																														KEGG	false	medium	NaN	NaN	NaN	NaN
vRhyme_unbinned_11__MGr3G3H3I_000000030488_6	vRhyme_unbinned_11__MGr3G3H3I_000000030488	vRhyme_unbinned_11__MGr3G3H3I_000000030488								HMMsoil102338	SPEG; striated muscle-specific serine/threonine protein kinase EC:2.7.11.1	61.642357	0.11	PF25390.2		191.85022	0.388													PF25390.2		Pfam	false	medium	NaN	NaN	NaN	NaN
vRhyme_unbinned_11__MGr3G3H3I_000000030488_7	vRhyme_unbinned_11__MGr3G3H3I_000000030488	vRhyme_unbinned_11__MGr3G3H3I_000000030488	1.36	3.33		K20932	hydrazine synthase subunit [EC:1.7.2.7]	55.390446	0.675	HMMsoil127075	nirK; nitrite reductase (NO-forming) EC:1.7.2.1	54.187954	0.742	PF10282.16	Lactonase, 7-bladed beta-propeller	28.626755	0.564													K20932	hydrazine synthase subunit [EC:1.7.2.7]	KEGG	false	low	NaN	NaN	NaN	NaN
vRhyme_unbinned_11__MGr3G3H3I_000000030488_8	vRhyme_unbinned_11__MGr3G3H3I_000000030488	vRhyme_unbinned_11__MGr3G3H3I_000000030488																														KEGG	false	medium	NaN	NaN	NaN	NaN
vRhyme_unbinned_11__MGr3G3H3I_000000030488_9	vRhyme_unbinned_11__MGr3G3H3I_000000030488	vRhyme_unbinned_11__MGr3G3H3I_000000030488																														KEGG	false	medium	NaN	NaN	NaN	NaN
vRhyme_unbinned_11__MGr3G3H3I_000000030488_10	vRhyme_unbinned_11__MGr3G3H3I_000000030488	vRhyme_unbinned_11__MGr3G3H3I_000000030488																														KEGG	false	medium	NaN	NaN	NaN	NaN
vRhyme_unbinned_12__MGr3G3H3I_000000034564_1	vRhyme_unbinned_12__MGr3G3H3I_000000034564	vRhyme_unbinned_12__MGr3G3H3I_000000034564																														KEGG	false	high	NaN	NaN	7536.0	NaN
vRhyme_unbinned_12__MGr3G3H3I_000000034564_2	vRhyme_unbinned_12__MGr3G3H3I_000000034564	vRhyme_unbinned_12__MGr3G3H3I_000000034564																														KEGG	false	high	NaN	NaN	7833.0	NaN
vRhyme_unbinned_12__MGr3G3H3I_000000034564_3	vRhyme_unbinned_12__MGr3G3H3I_000000034564	vRhyme_unbinned_12__MGr3G3H3I_000000034564																														KEGG	false	high	NaN	NaN	8286.0	NaN
vRhyme_unbinned_12__MGr3G3H3I_000000034564_4	vRhyme_unbinned_12__MGr3G3H3I_000000034564	vRhyme_unbinned_12__MGr3G3H3I_000000034564																														KEGG	false	high	NaN	NaN	8469.0	NaN
vRhyme_unbinned_12__MGr3G3H3I_000000034564_5	vRhyme_unbinned_12__MGr3G3H3I_000000034564	vRhyme_unbinned_12__MGr3G3H3I_000000034564																														KEGG	false	high	NaN	NaN	8658.0	NaN
vRhyme_unbinned_12__MGr3G3H3I_000000034564_6	vRhyme_unbinned_12__MGr3G3H3I_000000034564	vRhyme_unbinned_12__MGr3G3H3I_000000034564		9.4	9.93									PF18406.7	Ferredoxin-like domain in Api92-like protein	40.753769	0.267									phrog_12644		67.424995	0.935	phrog_12644		PHROG	false	high	NaN	NaN	NaN	6447.0
vRhyme_unbinned_12__MGr3G3H3I_000000034564_7	vRhyme_unbinned_12__MGr3G3H3I_000000034564	vRhyme_unbinned_12__MGr3G3H3I_000000034564		10.0										PF01555.25	DNA methylase	66.083382	0.16													PF01555.25	DNA methylase	Pfam	false	high	NaN	NaN	NaN	5283.0
vRhyme_unbinned_12__MGr3G3H3I_000000034564_8	vRhyme_unbinned_12__MGr3G3H3I_000000034564	vRhyme_unbinned_12__MGr3G3H3I_000000034564				K00571	site-specific DNA-methyltransferase (adenine-specific) [EC:2.1.1.72]	70.530899	0.637																	phrog_67	DNA methyltransferase	64.150627	0.669	K00571	site-specific DNA-methyltransferase (adenine-specific) [EC:2.1.1.72]	KEGG	false	high	NaN	NaN	NaN	3321.0
vRhyme_unbinned_12__MGr3G3H3I_000000034564_9	vRhyme_unbinned_12__MGr3G3H3I_000000034564	vRhyme_unbinned_12__MGr3G3H3I_000000034564																														KEGG	false	high	NaN	NaN	NaN	2361.0
vRhyme_unbinned_12__MGr3G3H3I_000000034564_10	vRhyme_unbinned_12__MGr3G3H3I_000000034564	vRhyme_unbinned_12__MGr3G3H3I_000000034564																														KEGG	false	high	NaN	NaN	NaN	1755.0
vRhyme_unbinned_12__MGr3G3H3I_000000034564_11	vRhyme_unbinned_12__MGr3G3H3I_000000034564	vRhyme_unbinned_12__MGr3G3H3I_000000034564																														KEGG	false	high	NaN	NaN	NaN	1488.0
vRhyme_unbinned_12__MGr3G3H3I_000000034564_12	vRhyme_unbinned_12__MGr3G3H3I_000000034564	vRhyme_unbinned_12__MGr3G3H3I_000000034564																														KEGG	false	high	NaN	NaN	NaN	1260.0
vRhyme_unbinned_12__MGr3G3H3I_000000034564_13	vRhyme_unbinned_12__MGr3G3H3I_000000034564	vRhyme_unbinned_12__MGr3G3H3I_000000034564																														KEGG	false	high	NaN	NaN	NaN	390.0
vRhyme_unbinned_12__MGr3G3H3I_000000034564_14	vRhyme_unbinned_12__MGr3G3H3I_000000034564	vRhyme_unbinned_12__MGr3G3H3I_000000034564																														KEGG	false	high	NaN	NaN	NaN	NaN
vRhyme_unbinned_12__MGr3G3H3I_000000034564_15	vRhyme_unbinned_12__MGr3G3H3I_000000034564	vRhyme_unbinned_12__MGr3G3H3I_000000034564		10.0						HMMsoil40289	FANCM; fanconi anemia group M protein	24.079544	0.129	PF00271.38	Helicase conserved C-terminal domain	43.345741	0.103													PF00271.38	Helicase conserved C-terminal domain	Pfam	false	high	NaN	NaN	1707.0	NaN
vRhyme_unbinned_13__MGr3G3H3I_000000037801_1	vRhyme_unbinned_13__MGr3G3H3I_000000037801	vRhyme_unbinned_13__MGr3G3H3I_000000037801																														KEGG	false	high	NaN	2829.0	NaN	3228.0
vRhyme_unbinned_13__MGr3G3H3I_000000037801_2	vRhyme_unbinned_13__MGr3G3H3I_000000037801	vRhyme_unbinned_13__MGr3G3H3I_000000037801																														KEGG	false	high	NaN	2733.0	NaN	2799.0
vRhyme_unbinned_13__MGr3G3H3I_000000037801_3	vRhyme_unbinned_13__MGr3G3H3I_000000037801	vRhyme_unbinned_13__MGr3G3H3I_000000037801																														KEGG	false	high	NaN	2406.0	NaN	2421.0
vRhyme_unbinned_13__MGr3G3H3I_000000037801_4	vRhyme_unbinned_13__MGr3G3H3I_000000037801	vRhyme_unbinned_13__MGr3G3H3I_000000037801																														KEGG	false	high	NaN	2115.0	NaN	2034.0
vRhyme_unbinned_13__MGr3G3H3I_000000037801_5	vRhyme_unbinned_13__MGr3G3H3I_000000037801	vRhyme_unbinned_13__MGr3G3H3I_000000037801																														KEGG	false	medium	NaN	1686.0	NaN	1143.0
vRhyme_unbinned_13__MGr3G3H3I_000000037801_6	vRhyme_unbinned_13__MGr3G3H3I_000000037801	vRhyme_unbinned_13__MGr3G3H3I_000000037801																														KEGG	false	medium	NaN	1368.0	NaN	936.0
vRhyme_unbinned_13__MGr3G3H3I_000000037801_7	vRhyme_unbinned_13__MGr3G3H3I_000000037801	vRhyme_unbinned_13__MGr3G3H3I_000000037801																														KEGG	false	medium	NaN	1002.0	NaN	624.0
vRhyme_unbinned_13__MGr3G3H3I_000000037801_8	vRhyme_unbinned_13__MGr3G3H3I_000000037801	vRhyme_unbinned_13__MGr3G3H3I_000000037801																														KEGG	false	medium	NaN	735.0	NaN	NaN
vRhyme_unbinned_13__MGr3G3H3I_000000037801_9	vRhyme_unbinned_13__MGr3G3H3I_000000037801	vRhyme_unbinned_13__MGr3G3H3I_000000037801																														KEGG	false	medium	NaN	429.0	NaN	891.0
vRhyme_unbinned_13__MGr3G3H3I_000000037801_10	vRhyme_unbinned_13__MGr3G3H3I_000000037801	vRhyme_unbinned_13__MGr3G3H3I_000000037801		10.0	10.0									PF05065.20	Phage capsid family	44.379997	0.463									phrog_2263	major head protein	103.017639	0.882	phrog_2263	major head protein	PHROG	false	medium	NaN	3369.0	NaN	888.0
vRhyme_unbinned_13__MGr3G3H3I_000000037801_11	vRhyme_unbinned_13__MGr3G3H3I_000000037801	vRhyme_unbinned_13__MGr3G3H3I_000000037801																														KEGG	false	high	1632.0	1737.0	NaN	NaN
vRhyme_unbinned_13__MGr3G3H3I_000000037801_12	vRhyme_unbinned_13__MGr3G3H3I_000000037801	vRhyme_unbinned_13__MGr3G3H3I_000000037801																														KEGG	false	high	2040.0	1329.0	1569.0	NaN
vRhyme_unbinned_13__MGr3G3H3I_000000037801_13	vRhyme_unbinned_13__MGr3G3H3I_000000037801	vRhyme_unbinned_13__MGr3G3H3I_000000037801																														KEGG	false	high	2259.0	1110.0	2028.0	NaN
vRhyme_unbinned_13__MGr3G3H3I_000000037801_14	vRhyme_unbinned_13__MGr3G3H3I_000000037801	vRhyme_unbinned_13__MGr3G3H3I_000000037801																														KEGG	false	high	2436.0	933.0	2130.0	NaN
vRhyme_unbinned_13__MGr3G3H3I_000000037801_15	vRhyme_unbinned_13__MGr3G3H3I_000000037801	vRhyme_unbinned_13__MGr3G3H3I_000000037801																														KEGG	false	high	2826.0	543.0	3075.0	NaN
vRhyme_unbinned_13__MGr3G3H3I_000000037801_16	vRhyme_unbinned_13__MGr3G3H3I_000000037801	vRhyme_unbinned_13__MGr3G3H3I_000000037801																														KEGG	false	high	3000.0	369.0	3444.0	NaN
vRhyme_unbinned_13__MGr3G3H3I_000000037801_17	vRhyme_unbinned_13__MGr3G3H3I_000000037801	vRhyme_unbinned_13__MGr3G3H3I_000000037801																														KEGG	false	high	3192.0	177.0	3765.0	NaN
vRhyme_unbinned_13__MGr3G3H3I_000000037801_18	vRhyme_unbinned_13__MGr3G3H3I_000000037801	vRhyme_unbinned_13__MGr3G3H3I_000000037801	10.0	10.0	3.38	K04485	DNA repair protein RadA/Sms	55.407391	0.516					PF13481.13	AAA domain	100.969315	0.39									phrog_10729	DNA polymerase/primase	168.092117	0.805	phrog_10729	DNA polymerase/primase	PHROG	false	medium	3369.0	1278.0	4668.0	NaN
vRhyme_unbinned_13__MGr3G3H3I_000000037801_19	vRhyme_unbinned_13__MGr3G3H3I_000000037801	vRhyme_unbinned_13__MGr3G3H3I_000000037801		10.0										PF12728.14	Helix-turn-helix domain	28.061462	0.564													PF12728.14	Helix-turn-helix domain	Pfam	false	medium	1278.0	2727.0	5187.0	NaN
vRhyme_unbinned_13__MGr3G3H3I_000000037801_20	vRhyme_unbinned_13__MGr3G3H3I_000000037801	vRhyme_unbinned_13__MGr3G3H3I_000000037801																														KEGG	false	medium	234.0	2493.0	5451.0	NaN
vRhyme_unbinned_13__MGr3G3H3I_000000037801_21	vRhyme_unbinned_13__MGr3G3H3I_000000037801	vRhyme_unbinned_13__MGr3G3H3I_000000037801				K14059	integrase	175.843857	0.852					PF26003.1		67.730293	0.123									phrog_1	integrase	199.739212	0.925	phrog_1	integrase	PHROG	false	high	1077.0	1650.0	NaN	NaN
vRhyme_unbinned_13__MGr3G3H3I_000000037801_22	vRhyme_unbinned_13__MGr3G3H3I_000000037801	vRhyme_unbinned_13__MGr3G3H3I_000000037801		0.12										PF14137.12	Domain of unknown function (DUF4304)	28.26848	0.497													PF14137.12	Domain of unknown function (DUF4304)	Pfam	false	medium	2274.0	453.0	NaN	NaN
vRhyme_unbinned_13__MGr3G3H3I_000000037801_23	vRhyme_unbinned_13__MGr3G3H3I_000000037801	vRhyme_unbinned_13__MGr3G3H3I_000000037801	10.0	10.0	10.0	K04763	integrase/recombinase XerD	175.483017	0.711					PF00589.28	Phage integrase family	100.602402	0.39									phrog_1	integrase	133.310455	0.589	K04763	integrase/recombinase XerD	KEGG	false	medium	2727.0	NaN	NaN	NaN
vRhyme_unbinned_13__MGr3G3H3I_000000037801_24	vRhyme_unbinned_13__MGr3G3H3I_000000037801	vRhyme_unbinned_13__MGr3G3H3I_000000037801																														KEGG	false	medium	1278.0	NaN	NaN	NaN
vRhyme_unbinned_14__MGr3G3H3I_000000040482_1	vRhyme_unbinned_14__MGr3G3H3I_000000040482	vRhyme_unbinned_14__MGr3G3H3I_000000040482																														KEGG	false	high	NaN	NaN	NaN	NaN
vRhyme_unbinned_14__MGr3G3H3I_000000040482_2	vRhyme_unbinned_14__MGr3G3H3I_000000040482	vRhyme_unbinned_14__MGr3G3H3I_000000040482																														KEGG	false	high	NaN	NaN	NaN	NaN
vRhyme_unbinned_14__MGr3G3H3I_000000040482_3	vRhyme_unbinned_14__MGr3G3H3I_000000040482	vRhyme_unbinned_14__MGr3G3H3I_000000040482																														KEGG	false	high	NaN	NaN	NaN	NaN
vRhyme_unbinned_14__MGr3G3H3I_000000040482_4	vRhyme_unbinned_14__MGr3G3H3I_000000040482	vRhyme_unbinned_14__MGr3G3H3I_000000040482																														KEGG	false	high	NaN	NaN	NaN	NaN
vRhyme_unbinned_14__MGr3G3H3I_000000040482_5	vRhyme_unbinned_14__MGr3G3H3I_000000040482	vRhyme_unbinned_14__MGr3G3H3I_000000040482		10.0										PF00959.25	Phage lysozyme	22.874075	0.755													PF00959.25	Phage lysozyme	Pfam	false	high	NaN	NaN	NaN	NaN
vRhyme_unbinned_14__MGr3G3H3I_000000040482_6	vRhyme_unbinned_14__MGr3G3H3I_000000040482	vRhyme_unbinned_14__MGr3G3H3I_000000040482																														KEGG	false	high	NaN	NaN	NaN	NaN
vRhyme_unbinned_14__MGr3G3H3I_000000040482_7	vRhyme_unbinned_14__MGr3G3H3I_000000040482	vRhyme_unbinned_14__MGr3G3H3I_000000040482																														KEGG	false	high	NaN	NaN	NaN	NaN
vRhyme_unbinned_14__MGr3G3H3I_000000040482_8	vRhyme_unbinned_14__MGr3G3H3I_000000040482	vRhyme_unbinned_14__MGr3G3H3I_000000040482																														KEGG	false	high	NaN	NaN	NaN	NaN
vRhyme_unbinned_14__MGr3G3H3I_000000040482_9	vRhyme_unbinned_14__MGr3G3H3I_000000040482	vRhyme_unbinned_14__MGr3G3H3I_000000040482																														KEGG	false	high	NaN	NaN	NaN	NaN
vRhyme_unbinned_14__MGr3G3H3I_000000040482_10	vRhyme_unbinned_14__MGr3G3H3I_000000040482	vRhyme_unbinned_14__MGr3G3H3I_000000040482																														KEGG	false	high	NaN	NaN	NaN	NaN
vRhyme_unbinned_14__MGr3G3H3I_000000040482_11	vRhyme_unbinned_14__MGr3G3H3I_000000040482	vRhyme_unbinned_14__MGr3G3H3I_000000040482																														KEGG	false	high	NaN	NaN	NaN	NaN
vRhyme_unbinned_14__MGr3G3H3I_000000040482_12	vRhyme_unbinned_14__MGr3G3H3I_000000040482	vRhyme_unbinned_14__MGr3G3H3I_000000040482																														KEGG	false	high	NaN	NaN	1173.0	NaN
vRhyme_unbinned_14__MGr3G3H3I_000000040482_13	vRhyme_unbinned_14__MGr3G3H3I_000000040482	vRhyme_unbinned_14__MGr3G3H3I_000000040482																														KEGG	false	high	NaN	NaN	1938.0	NaN
vRhyme_unbinned_14__MGr3G3H3I_000000040482_14	vRhyme_unbinned_14__MGr3G3H3I_000000040482	vRhyme_unbinned_14__MGr3G3H3I_000000040482																														KEGG	false	high	NaN	NaN	2130.0	NaN
vRhyme_unbinned_14__MGr3G3H3I_000000040482_15	vRhyme_unbinned_14__MGr3G3H3I_000000040482	vRhyme_unbinned_14__MGr3G3H3I_000000040482																														KEGG	false	high	NaN	NaN	2499.0	NaN
vRhyme_unbinned_14__MGr3G3H3I_000000040482_16	vRhyme_unbinned_14__MGr3G3H3I_000000040482	vRhyme_unbinned_14__MGr3G3H3I_000000040482																														KEGG	false	high	NaN	NaN	2733.0	NaN
vRhyme_unbinned_14__MGr3G3H3I_000000040482_17	vRhyme_unbinned_14__MGr3G3H3I_000000040482	vRhyme_unbinned_14__MGr3G3H3I_000000040482																														KEGG	false	high	NaN	NaN	4251.0	NaN
vRhyme_unbinned_14__MGr3G3H3I_000000040482_18	vRhyme_unbinned_14__MGr3G3H3I_000000040482	vRhyme_unbinned_14__MGr3G3H3I_000000040482																														KEGG	false	high	NaN	NaN	4560.0	NaN
vRhyme_unbinned_14__MGr3G3H3I_000000040482_19	vRhyme_unbinned_14__MGr3G3H3I_000000040482	vRhyme_unbinned_14__MGr3G3H3I_000000040482																														KEGG	false	high	NaN	NaN	5034.0	NaN
vRhyme_unbinned_14__MGr3G3H3I_000000040482_20	vRhyme_unbinned_14__MGr3G3H3I_000000040482	vRhyme_unbinned_14__MGr3G3H3I_000000040482																														KEGG	false	high	NaN	NaN	6678.0	NaN
vRhyme_unbinned_14__MGr3G3H3I_000000040482_21	vRhyme_unbinned_14__MGr3G3H3I_000000040482	vRhyme_unbinned_14__MGr3G3H3I_000000040482																														KEGG	false	high	NaN	NaN	7176.0	NaN
vRhyme_unbinned_15__MGr3G3H3I_000000045479_1	vRhyme_unbinned_15__MGr3G3H3I_000000045479	vRhyme_unbinned_15__MGr3G3H3I_000000045479																														KEGG	false	high	NaN	5343.0	NaN	5562.0
vRhyme_unbinned_15__MGr3G3H3I_000000045479_2	vRhyme_unbinned_15__MGr3G3H3I_000000045479	vRhyme_unbinned_15__MGr3G3H3I_000000045479																														KEGG	false	high	NaN	5175.0	NaN	4734.0
vRhyme_unbinned_15__MGr3G3H3I_000000045479_3	vRhyme_unbinned_15__MGr3G3H3I_000000045479	vRhyme_unbinned_15__MGr3G3H3I_000000045479																														KEGG	false	high	NaN	4992.0	NaN	4494.0
vRhyme_unbinned_15__MGr3G3H3I_000000045479_4	vRhyme_unbinned_15__MGr3G3H3I_000000045479	vRhyme_unbinned_15__MGr3G3H3I_000000045479																														KEGG	false	high	NaN	4608.0	NaN	3942.0
vRhyme_unbinned_15__MGr3G3H3I_000000045479_5	vRhyme_unbinned_15__MGr3G3H3I_000000045479	vRhyme_unbinned_15__MGr3G3H3I_000000045479																														KEGG	false	high	NaN	4053.0	NaN	3633.0
vRhyme_unbinned_15__MGr3G3H3I_000000045479_6	vRhyme_unbinned_15__MGr3G3H3I_000000045479	vRhyme_unbinned_15__MGr3G3H3I_000000045479																														KEGG	false	high	NaN	3531.0	NaN	3372.0
vRhyme_unbinned_15__MGr3G3H3I_000000045479_7	vRhyme_unbinned_15__MGr3G3H3I_000000045479	vRhyme_unbinned_15__MGr3G3H3I_000000045479																														KEGG	false	high	NaN	2742.0	NaN	2928.0
vRhyme_unbinned_15__MGr3G3H3I_000000045479_8	vRhyme_unbinned_15__MGr3G3H3I_000000045479	vRhyme_unbinned_15__MGr3G3H3I_000000045479																														KEGG	false	high	NaN	2187.0	NaN	2727.0
vRhyme_unbinned_15__MGr3G3H3I_000000045479_9	vRhyme_unbinned_15__MGr3G3H3I_000000045479	vRhyme_unbinned_15__MGr3G3H3I_000000045479																														KEGG	false	high	NaN	1710.0	NaN	2469.0
vRhyme_unbinned_15__MGr3G3H3I_000000045479_10	vRhyme_unbinned_15__MGr3G3H3I_000000045479	vRhyme_unbinned_15__MGr3G3H3I_000000045479																								phrog_1005	major head protein	243.781036	0.974	phrog_1005	major head protein	PHROG	false	high	NaN	1416.0	NaN	2187.0
vRhyme_unbinned_15__MGr3G3H3I_000000045479_11	vRhyme_unbinned_15__MGr3G3H3I_000000045479	vRhyme_unbinned_15__MGr3G3H3I_000000045479																														KEGG	false	high	NaN	477.0	NaN	1863.0
vRhyme_unbinned_15__MGr3G3H3I_000000045479_12	vRhyme_unbinned_15__MGr3G3H3I_000000045479	vRhyme_unbinned_15__MGr3G3H3I_000000045479		10.0	10.0									PF10123.15	Mu-like prophage I protein	33.443016	0.116									phrog_328	head maturation protease	69.02861	0.539	phrog_328	head maturation protease	PHROG	false	high	NaN	NaN	NaN	918.0
vRhyme_unbinned_15__MGr3G3H3I_000000045479_13	vRhyme_unbinned_15__MGr3G3H3I_000000045479	vRhyme_unbinned_15__MGr3G3H3I_000000045479												PF23148.2		32.225628	0.91													PF23148.2		Pfam	false	high	1752.0	NaN	NaN	408.0
vRhyme_unbinned_15__MGr3G3H3I_000000045479_14	vRhyme_unbinned_15__MGr3G3H3I_000000045479	vRhyme_unbinned_15__MGr3G3H3I_000000045479																														KEGG	false	high	2052.0	NaN	NaN	NaN
vRhyme_unbinned_16__MGr3G3H3I_000000046301_1	vRhyme_unbinned_16__MGr3G3H3I_000000046301	vRhyme_unbinned_16__MGr3G3H3I_000000046301	10.0	10.0	9.94	K07689	two-component system, NarL family, invasion response regulator UvrY	232.727127	0.968	HMMsoil27993	E4.6.1.2; guanylate cyclase, other EC:4.6.1.2	97.665154	0.486	PF00072.31	Response regulator receiver domain	91.498741	0.505									phrog_731		112.150902	0.887	K07689	two-component system, NarL family, invasion response regulator UvrY	KEGG	false	medium	NaN	3624.0	NaN	NaN
vRhyme_unbinned_16__MGr3G3H3I_000000046301_2	vRhyme_unbinned_16__MGr3G3H3I_000000046301	vRhyme_unbinned_16__MGr3G3H3I_000000046301								HMMsoil26115	rpoA1; DNA-directed RNA polymerase subunit A' EC:2.7.7.6	38.62072	0.238																	HMMsoil26115	rpoA1; DNA-directed RNA polymerase subunit A' EC:2.7.7.6	FOAM	false	high	NaN	2958.0	NaN	NaN
vRhyme_unbinned_16__MGr3G3H3I_000000046301_3	vRhyme_unbinned_16__MGr3G3H3I_000000046301	vRhyme_unbinned_16__MGr3G3H3I_000000046301																								phrog_310	transposase	161.248398	0.713	phrog_310	transposase	PHROG	false	high	NaN	2391.0	NaN	NaN
vRhyme_unbinned_16__MGr3G3H3I_000000046301_4	vRhyme_unbinned_16__MGr3G3H3I_000000046301	vRhyme_unbinned_16__MGr3G3H3I_000000046301	10.0	10.0	10.0	K07132	Enterobacteriaceae phage ATP-dependent target DNA activator	97.10582	0.908					PF13401.13	AAA domain	60.411839	0.47									phrog_296	DNA transposition protein	160.339828	0.9	phrog_296	DNA transposition protein	PHROG	false	medium	NaN	999.0	NaN	NaN
vRhyme_unbinned_16__MGr3G3H3I_000000046301_5	vRhyme_unbinned_16__MGr3G3H3I_000000046301	vRhyme_unbinned_16__MGr3G3H3I_000000046301																														KEGG	false	high	747.0	252.0	NaN	NaN
vRhyme_unbinned_16__MGr3G3H3I_000000046301_6	vRhyme_unbinned_16__MGr3G3H3I_000000046301	vRhyme_unbinned_16__MGr3G3H3I_000000046301		10.0	10.0									PF06252.18	Bacteriophage Mu, GemA protein	73.163353	0.73									phrog_286		90.247543	0.895	phrog_286		PHROG	false	high	999.0	2304.0	NaN	NaN
vRhyme_unbinned_16__MGr3G3H3I_000000046301_7	vRhyme_unbinned_16__MGr3G3H3I_000000046301	vRhyme_unbinned_16__MGr3G3H3I_000000046301																														KEGG	false	high	456.0	1848.0	NaN	NaN
vRhyme_unbinned_16__MGr3G3H3I_000000046301_8	vRhyme_unbinned_16__MGr3G3H3I_000000046301	vRhyme_unbinned_16__MGr3G3H3I_000000046301																								phrog_836	late transcriptional activator	64.71389	0.653	phrog_836	late transcriptional activator	PHROG	false	high	1101.0	1203.0	NaN	NaN
vRhyme_unbinned_16__MGr3G3H3I_000000046301_9	vRhyme_unbinned_16__MGr3G3H3I_000000046301	vRhyme_unbinned_16__MGr3G3H3I_000000046301																														KEGG	false	high	1602.0	702.0	NaN	NaN
vRhyme_unbinned_16__MGr3G3H3I_000000046301_10	vRhyme_unbinned_16__MGr3G3H3I_000000046301	vRhyme_unbinned_16__MGr3G3H3I_000000046301		10.0	10.0									PF10145.15	Phage-related minor tail protein	53.110611	0.331									phrog_794	tail length tape measure protein	109.151527	0.7	phrog_794	tail length tape measure protein	PHROG	false	high	2304.0	1941.0	NaN	NaN
vRhyme_unbinned_16__MGr3G3H3I_000000046301_11	vRhyme_unbinned_16__MGr3G3H3I_000000046301	vRhyme_unbinned_16__MGr3G3H3I_000000046301		10.0	10.0									PF10123.15	Mu-like prophage I protein	116.760834	0.647									phrog_328	head maturation protease	164.742218	0.626	phrog_328	head maturation protease	PHROG	false	high	1941.0	NaN	NaN	NaN
vRhyme_unbinned_16__MGr3G3H3I_000000046301_12	vRhyme_unbinned_16__MGr3G3H3I_000000046301	vRhyme_unbinned_16__MGr3G3H3I_000000046301																														KEGG	false	high	867.0	NaN	NaN	NaN
vRhyme_unbinned_16__MGr3G3H3I_000000046301_13	vRhyme_unbinned_16__MGr3G3H3I_000000046301	vRhyme_unbinned_16__MGr3G3H3I_000000046301																														KEGG	false	high	1506.0	NaN	NaN	NaN
vRhyme_unbinned_16__MGr3G3H3I_000000046301_14	vRhyme_unbinned_16__MGr3G3H3I_000000046301	vRhyme_unbinned_16__MGr3G3H3I_000000046301																														KEGG	false	high	2271.0	NaN	NaN	NaN
vRhyme_unbinned_17__MGr3G3H3I_000000049710_1	vRhyme_unbinned_17__MGr3G3H3I_000000049710	vRhyme_unbinned_17__MGr3G3H3I_000000049710																														KEGG	false	medium	NaN	NaN	7098.0	3252.0
vRhyme_unbinned_17__MGr3G3H3I_000000049710_2	vRhyme_unbinned_17__MGr3G3H3I_000000049710	vRhyme_unbinned_17__MGr3G3H3I_000000049710																														KEGG	false	medium	NaN	NaN	7578.0	2772.0
vRhyme_unbinned_17__MGr3G3H3I_000000049710_3	vRhyme_unbinned_17__MGr3G3H3I_000000049710	vRhyme_unbinned_17__MGr3G3H3I_000000049710																														KEGG	false	medium	NaN	NaN	8583.0	1767.0
vRhyme_unbinned_17__MGr3G3H3I_000000049710_4	vRhyme_unbinned_17__MGr3G3H3I_000000049710	vRhyme_unbinned_17__MGr3G3H3I_000000049710																														KEGG	false	medium	NaN	NaN	8979.0	1371.0
vRhyme_unbinned_17__MGr3G3H3I_000000049710_5	vRhyme_unbinned_17__MGr3G3H3I_000000049710	vRhyme_unbinned_17__MGr3G3H3I_000000049710																														KEGG	false	medium	NaN	NaN	9870.0	480.0
vRhyme_unbinned_17__MGr3G3H3I_000000049710_6	vRhyme_unbinned_17__MGr3G3H3I_000000049710	vRhyme_unbinned_17__MGr3G3H3I_000000049710																														KEGG	false	medium	NaN	NaN	10350.0	NaN
vRhyme_unbinned_17__MGr3G3H3I_000000049710_7	vRhyme_unbinned_17__MGr3G3H3I_000000049710	vRhyme_unbinned_17__MGr3G3H3I_000000049710																														KEGG	false	medium	NaN	NaN	1215.0	NaN
vRhyme_unbinned_17__MGr3G3H3I_000000049710_8	vRhyme_unbinned_17__MGr3G3H3I_000000049710	vRhyme_unbinned_17__MGr3G3H3I_000000049710																														KEGG	false	medium	NaN	NaN	1524.0	NaN
vRhyme_unbinned_17__MGr3G3H3I_000000049710_9	vRhyme_unbinned_17__MGr3G3H3I_000000049710	vRhyme_unbinned_17__MGr3G3H3I_000000049710																														KEGG	false	medium	NaN	NaN	1977.0	NaN
vRhyme_unbinned_17__MGr3G3H3I_000000049710_10	vRhyme_unbinned_17__MGr3G3H3I_000000049710	vRhyme_unbinned_17__MGr3G3H3I_000000049710																														KEGG	false	medium	NaN	NaN	NaN	2322.0
vRhyme_unbinned_17__MGr3G3H3I_000000049710_11	vRhyme_unbinned_17__MGr3G3H3I_000000049710	vRhyme_unbinned_17__MGr3G3H3I_000000049710																														KEGG	false	medium	NaN	NaN	NaN	1995.0
vRhyme_unbinned_17__MGr3G3H3I_000000049710_12	vRhyme_unbinned_17__MGr3G3H3I_000000049710	vRhyme_unbinned_17__MGr3G3H3I_000000049710																														KEGG	false	medium	NaN	NaN	NaN	894.0
vRhyme_unbinned_17__MGr3G3H3I_000000049710_13	vRhyme_unbinned_17__MGr3G3H3I_000000049710	vRhyme_unbinned_17__MGr3G3H3I_000000049710																														KEGG	false	medium	NaN	NaN	NaN	270.0
vRhyme_unbinned_17__MGr3G3H3I_000000049710_14	vRhyme_unbinned_17__MGr3G3H3I_000000049710	vRhyme_unbinned_17__MGr3G3H3I_000000049710																														KEGG	false	medium	NaN	NaN	NaN	NaN
vRhyme_unbinned_17__MGr3G3H3I_000000049710_15	vRhyme_unbinned_17__MGr3G3H3I_000000049710	vRhyme_unbinned_17__MGr3G3H3I_000000049710																														KEGG	false	medium	NaN	NaN	573.0	NaN
vRhyme_unbinned_17__MGr3G3H3I_000000049710_16	vRhyme_unbinned_17__MGr3G3H3I_000000049710	vRhyme_unbinned_17__MGr3G3H3I_000000049710																														KEGG	false	medium	NaN	NaN	861.0	NaN
vRhyme_unbinned_18__MGr3G3H3I_000000052374_1	vRhyme_unbinned_18__MGr3G3H3I_000000052374	vRhyme_unbinned_18__MGr3G3H3I_000000052374																														KEGG	false	high	NaN	NaN	NaN	NaN
vRhyme_unbinned_18__MGr3G3H3I_000000052374_2	vRhyme_unbinned_18__MGr3G3H3I_000000052374	vRhyme_unbinned_18__MGr3G3H3I_000000052374		10.0										PF13578.13	Methyltransferase domain	41.977707	0.615													PF13578.13	Methyltransferase domain	Pfam	false	high	NaN	NaN	1131.0	NaN
vRhyme_unbinned_18__MGr3G3H3I_000000052374_3	vRhyme_unbinned_18__MGr3G3H3I_000000052374	vRhyme_unbinned_18__MGr3G3H3I_000000052374																														KEGG	false	high	NaN	NaN	1272.0	NaN
vRhyme_unbinned_18__MGr3G3H3I_000000052374_4	vRhyme_unbinned_18__MGr3G3H3I_000000052374	vRhyme_unbinned_18__MGr3G3H3I_000000052374		10.0										PF13578.13	Methyltransferase domain	53.456585	0.548													PF13578.13	Methyltransferase domain	Pfam	false	high	NaN	NaN	1563.0	NaN
vRhyme_unbinned_18__MGr3G3H3I_000000052374_5	vRhyme_unbinned_18__MGr3G3H3I_000000052374	vRhyme_unbinned_18__MGr3G3H3I_000000052374																														KEGG	false	medium	NaN	NaN	1881.0	NaN
vRhyme_unbinned_18__MGr3G3H3I_000000052374_6	vRhyme_unbinned_18__MGr3G3H3I_000000052374	vRhyme_unbinned_18__MGr3G3H3I_000000052374																														KEGG	false	high	NaN	NaN	2187.0	NaN
vRhyme_unbinned_18__MGr3G3H3I_000000052374_7	vRhyme_unbinned_18__MGr3G3H3I_000000052374	vRhyme_unbinned_18__MGr3G3H3I_000000052374																														KEGG	false	high	NaN	NaN	3171.0	NaN
vRhyme_unbinned_18__MGr3G3H3I_000000052374_8	vRhyme_unbinned_18__MGr3G3H3I_000000052374	vRhyme_unbinned_18__MGr3G3H3I_000000052374																														KEGG	false	high	NaN	NaN	3468.0	NaN
vRhyme_unbinned_18__MGr3G3H3I_000000052374_9	vRhyme_unbinned_18__MGr3G3H3I_000000052374	vRhyme_unbinned_18__MGr3G3H3I_000000052374																														KEGG	false	high	NaN	NaN	5163.0	NaN
vRhyme_unbinned_18__MGr3G3H3I_000000052374_10	vRhyme_unbinned_18__MGr3G3H3I_000000052374	vRhyme_unbinned_18__MGr3G3H3I_000000052374																														KEGG	false	high	NaN	NaN	5355.0	NaN
vRhyme_unbinned_18__MGr3G3H3I_000000052374_11	vRhyme_unbinned_18__MGr3G3H3I_000000052374	vRhyme_unbinned_18__MGr3G3H3I_000000052374																														KEGG	false	high	NaN	NaN	5544.0	NaN
vRhyme_unbinned_18__MGr3G3H3I_000000052374_12	vRhyme_unbinned_18__MGr3G3H3I_000000052374	vRhyme_unbinned_18__MGr3G3H3I_000000052374																														KEGG	false	high	NaN	NaN	NaN	NaN
vRhyme_unbinned_18__MGr3G3H3I_000000052374_13	vRhyme_unbinned_18__MGr3G3H3I_000000052374	vRhyme_unbinned_18__MGr3G3H3I_000000052374																														KEGG	false	high	NaN	NaN	NaN	NaN
vRhyme_unbinned_18__MGr3G3H3I_000000052374_14	vRhyme_unbinned_18__MGr3G3H3I_000000052374	vRhyme_unbinned_18__MGr3G3H3I_000000052374																														KEGG	false	high	NaN	NaN	NaN	NaN
vRhyme_unbinned_18__MGr3G3H3I_000000052374_15	vRhyme_unbinned_18__MGr3G3H3I_000000052374	vRhyme_unbinned_18__MGr3G3H3I_000000052374																														KEGG	false	high	NaN	NaN	NaN	NaN
vRhyme_unbinned_18__MGr3G3H3I_000000052374_16	vRhyme_unbinned_18__MGr3G3H3I_000000052374	vRhyme_unbinned_18__MGr3G3H3I_000000052374																														KEGG	false	high	NaN	NaN	NaN	NaN
vRhyme_unbinned_18__MGr3G3H3I_000000052374_17	vRhyme_unbinned_18__MGr3G3H3I_000000052374	vRhyme_unbinned_18__MGr3G3H3I_000000052374																														KEGG	false	high	NaN	NaN	NaN	NaN
vRhyme_unbinned_18__MGr3G3H3I_000000052374_18	vRhyme_unbinned_18__MGr3G3H3I_000000052374	vRhyme_unbinned_18__MGr3G3H3I_000000052374																														KEGG	false	high	NaN	NaN	NaN	NaN
vRhyme_unbinned_18__MGr3G3H3I_000000052374_19	vRhyme_unbinned_18__MGr3G3H3I_000000052374	vRhyme_unbinned_18__MGr3G3H3I_000000052374																														KEGG	false	high	NaN	NaN	NaN	NaN
vRhyme_unbinned_18__MGr3G3H3I_000000052374_20	vRhyme_unbinned_18__MGr3G3H3I_000000052374	vRhyme_unbinned_18__MGr3G3H3I_000000052374																														KEGG	false	high	NaN	NaN	NaN	NaN
vRhyme_unbinned_19__MGr3G3H3I_000000052512_1	vRhyme_unbinned_19__MGr3G3H3I_000000052512	vRhyme_unbinned_19__MGr3G3H3I_000000052512																														KEGG	false	medium	NaN	NaN	7986.0	NaN
vRhyme_unbinned_19__MGr3G3H3I_000000052512_2	vRhyme_unbinned_19__MGr3G3H3I_000000052512	vRhyme_unbinned_19__MGr3G3H3I_000000052512																														KEGG	false	medium	NaN	NaN	8637.0	NaN
vRhyme_unbinned_19__MGr3G3H3I_000000052512_3	vRhyme_unbinned_19__MGr3G3H3I_000000052512	vRhyme_unbinned_19__MGr3G3H3I_000000052512																														KEGG	false	medium	NaN	NaN	9156.0	NaN
vRhyme_unbinned_19__MGr3G3H3I_000000052512_4	vRhyme_unbinned_19__MGr3G3H3I_000000052512	vRhyme_unbinned_19__MGr3G3H3I_000000052512																														KEGG	false	medium	NaN	NaN	9897.0	NaN
vRhyme_unbinned_19__MGr3G3H3I_000000052512_5	vRhyme_unbinned_19__MGr3G3H3I_000000052512	vRhyme_unbinned_19__MGr3G3H3I_000000052512																								phrog_2666	terminase large subunit	66.370506	0.741	phrog_2666	terminase large subunit	PHROG	false	medium	NaN	NaN	10434.0	NaN
vRhyme_unbinned_19__MGr3G3H3I_000000052512_6	vRhyme_unbinned_19__MGr3G3H3I_000000052512	vRhyme_unbinned_19__MGr3G3H3I_000000052512																														KEGG	false	medium	NaN	NaN	10935.0	NaN
vRhyme_unbinned_19__MGr3G3H3I_000000052512_7	vRhyme_unbinned_19__MGr3G3H3I_000000052512	vRhyme_unbinned_19__MGr3G3H3I_000000052512																														KEGG	false	medium	NaN	NaN	11550.0	NaN
vRhyme_unbinned_19__MGr3G3H3I_000000052512_8	vRhyme_unbinned_19__MGr3G3H3I_000000052512	vRhyme_unbinned_19__MGr3G3H3I_000000052512																														KEGG	false	medium	NaN	NaN	11928.0	NaN
vRhyme_unbinned_19__MGr3G3H3I_000000052512_9	vRhyme_unbinned_19__MGr3G3H3I_000000052512	vRhyme_unbinned_19__MGr3G3H3I_000000052512																														KEGG	false	medium	NaN	NaN	12705.0	NaN
vRhyme_unbinned_19__MGr3G3H3I_000000052512_10	vRhyme_unbinned_19__MGr3G3H3I_000000052512	vRhyme_unbinned_19__MGr3G3H3I_000000052512																														KEGG	false	medium	NaN	NaN	13656.0	NaN
vRhyme_unbinned_19__MGr3G3H3I_000000052512_11	vRhyme_unbinned_19__MGr3G3H3I_000000052512	vRhyme_unbinned_19__MGr3G3H3I_000000052512																														KEGG	false	medium	NaN	NaN	13980.0	NaN
vRhyme_unbinned_19__MGr3G3H3I_000000052512_12	vRhyme_unbinned_19__MGr3G3H3I_000000052512	vRhyme_unbinned_19__MGr3G3H3I_000000052512																														KEGG	false	medium	NaN	NaN	14874.0	NaN
vRhyme_unbinned_19__MGr3G3H3I_000000052512_13	vRhyme_unbinned_19__MGr3G3H3I_000000052512	vRhyme_unbinned_19__MGr3G3H3I_000000052512																														KEGG	false	medium	NaN	NaN	17346.0	NaN
vRhyme_unbinned_19__MGr3G3H3I_000000052512_14	vRhyme_unbinned_19__MGr3G3H3I_000000052512	vRhyme_unbinned_19__MGr3G3H3I_000000052512																														KEGG	false	medium	NaN	NaN	17631.0	NaN
vRhyme_unbinned_19__MGr3G3H3I_000000052512_15	vRhyme_unbinned_19__MGr3G3H3I_000000052512	vRhyme_unbinned_19__MGr3G3H3I_000000052512																														KEGG	false	medium	NaN	NaN	18024.0	NaN
vRhyme_unbinned_19__MGr3G3H3I_000000052512_16	vRhyme_unbinned_19__MGr3G3H3I_000000052512	vRhyme_unbinned_19__MGr3G3H3I_000000052512																														KEGG	false	medium	NaN	NaN	18282.0	NaN
vRhyme_unbinned_19__MGr3G3H3I_000000052512_17	vRhyme_unbinned_19__MGr3G3H3I_000000052512	vRhyme_unbinned_19__MGr3G3H3I_000000052512																														KEGG	false	medium	NaN	NaN	18858.0	NaN
vRhyme_unbinned_19__MGr3G3H3I_000000052512_18	vRhyme_unbinned_19__MGr3G3H3I_000000052512	vRhyme_unbinned_19__MGr3G3H3I_000000052512																														KEGG	false	medium	NaN	NaN	19059.0	NaN
vRhyme_unbinned_19__MGr3G3H3I_000000052512_19	vRhyme_unbinned_19__MGr3G3H3I_000000052512	vRhyme_unbinned_19__MGr3G3H3I_000000052512																														KEGG	false	medium	NaN	NaN	19332.0	NaN
vRhyme_unbinned_19__MGr3G3H3I_000000052512_20	vRhyme_unbinned_19__MGr3G3H3I_000000052512	vRhyme_unbinned_19__MGr3G3H3I_000000052512																														KEGG	false	medium	NaN	NaN	20907.0	NaN
vRhyme_unbinned_19__MGr3G3H3I_000000052512_21	vRhyme_unbinned_19__MGr3G3H3I_000000052512	vRhyme_unbinned_19__MGr3G3H3I_000000052512																														KEGG	false	medium	NaN	NaN	24978.0	NaN
vRhyme_unbinned_19__MGr3G3H3I_000000052512_22	vRhyme_unbinned_19__MGr3G3H3I_000000052512	vRhyme_unbinned_19__MGr3G3H3I_000000052512																														KEGG	false	medium	NaN	NaN	25572.0	NaN
vRhyme_unbinned_19__MGr3G3H3I_000000052512_23	vRhyme_unbinned_19__MGr3G3H3I_000000052512	vRhyme_unbinned_19__MGr3G3H3I_000000052512																														KEGG	false	medium	NaN	NaN	25923.0	NaN
vRhyme_unbinned_19__MGr3G3H3I_000000052512_24	vRhyme_unbinned_19__MGr3G3H3I_000000052512	vRhyme_unbinned_19__MGr3G3H3I_000000052512																														KEGG	false	medium	NaN	NaN	26424.0	NaN
vRhyme_unbinned_1__MGr3G3H3I_000000002691_1	vRhyme_unbinned_1__MGr3G3H3I_000000002691	vRhyme_unbinned_1__MGr3G3H3I_000000002691																								phrog_2423		54.332218	0.849	phrog_2423		PHROG	false	medium	NaN	NaN	NaN	NaN
vRhyme_unbinned_1__MGr3G3H3I_000000002691_2	vRhyme_unbinned_1__MGr3G3H3I_000000002691	vRhyme_unbinned_1__MGr3G3H3I_000000002691																														KEGG	false	medium	NaN	NaN	NaN	768.0
vRhyme_unbinned_1__MGr3G3H3I_000000002691_3	vRhyme_unbinned_1__MGr3G3H3I_000000002691	vRhyme_unbinned_1__MGr3G3H3I_000000002691																														KEGG	false	medium	NaN	NaN	NaN	NaN
vRhyme_unbinned_1__MGr3G3H3I_000000002691_4	vRhyme_unbinned_1__MGr3G3H3I_000000002691	vRhyme_unbinned_1__MGr3G3H3I_000000002691																								phrog_283	major head protein	61.622898	0.993	phrog_283	major head protein	PHROG	false	medium	NaN	NaN	1188.0	NaN
vRhyme_unbinned_1__MGr3G3H3I_000000002691_5	vRhyme_unbinned_1__MGr3G3H3I_000000002691	vRhyme_unbinned_1__MGr3G3H3I_000000002691		4.09										PF19264.5	Repeat of unknown function (DUF5907)	31.59602	0.073													PF19264.5	Repeat of unknown function (DUF5907)	Pfam	false	medium	NaN	NaN	4263.0	NaN
vRhyme_unbinned_1__MGr3G3H3I_000000002691_6	vRhyme_unbinned_1__MGr3G3H3I_000000002691	vRhyme_unbinned_1__MGr3G3H3I_000000002691																														KEGG	false	medium	NaN	NaN	7842.0	NaN
vRhyme_unbinned_1__MGr3G3H3I_000000002691_7	vRhyme_unbinned_1__MGr3G3H3I_000000002691	vRhyme_unbinned_1__MGr3G3H3I_000000002691																														KEGG	false	medium	NaN	NaN	NaN	NaN
vRhyme_unbinned_1__MGr3G3H3I_000000002691_8	vRhyme_unbinned_1__MGr3G3H3I_000000002691	vRhyme_unbinned_1__MGr3G3H3I_000000002691																														KEGG	false	medium	NaN	NaN	NaN	NaN
vRhyme_unbinned_1__MGr3G3H3I_000000002691_9	vRhyme_unbinned_1__MGr3G3H3I_000000002691	vRhyme_unbinned_1__MGr3G3H3I_000000002691																														KEGG	false	medium	NaN	NaN	NaN	NaN
vRhyme_unbinned_1__MGr3G3H3I_000000002691_10	vRhyme_unbinned_1__MGr3G3H3I_000000002691	vRhyme_unbinned_1__MGr3G3H3I_000000002691																														KEGG	false	medium	NaN	NaN	NaN	NaN
vRhyme_unbinned_1__MGr3G3H3I_000000002691_11	vRhyme_unbinned_1__MGr3G3H3I_000000002691	vRhyme_unbinned_1__MGr3G3H3I_000000002691																														KEGG	false	medium	NaN	NaN	NaN	NaN
vRhyme_unbinned_20__MGr3G3H3I_000000054425_1	vRhyme_unbinned_20__MGr3G3H3I_000000054425	vRhyme_unbinned_20__MGr3G3H3I_000000054425	0.87	0.95		K18299	multidrug efflux pump	717.681396	0.998					PF00873.26	AcrB/AcrD/AcrF family	265.328156	0.464													K18299	multidrug efflux pump	KEGG	false	medium	NaN	3852.0	8751.0	NaN
vRhyme_unbinned_20__MGr3G3H3I_000000054425_2	vRhyme_unbinned_20__MGr3G3H3I_000000054425	vRhyme_unbinned_20__MGr3G3H3I_000000054425				K18298	membrane fusion protein, multidrug efflux system	471.17984	0.947					PF25917.1		64.59153	0.318													K18298	membrane fusion protein, multidrug efflux system	KEGG	false	medium	NaN	2211.0	9633.0	NaN
vRhyme_unbinned_20__MGr3G3H3I_000000054425_3	vRhyme_unbinned_20__MGr3G3H3I_000000054425	vRhyme_unbinned_20__MGr3G3H3I_000000054425																														KEGG	false	medium	NaN	900.0	10188.0	NaN
vRhyme_unbinned_20__MGr3G3H3I_000000054425_4	vRhyme_unbinned_20__MGr3G3H3I_000000054425	vRhyme_unbinned_20__MGr3G3H3I_000000054425																														KEGG	false	medium	NaN	639.0	10716.0	NaN
vRhyme_unbinned_20__MGr3G3H3I_000000054425_5	vRhyme_unbinned_20__MGr3G3H3I_000000054425	vRhyme_unbinned_20__MGr3G3H3I_000000054425	2.23	2.23	2.09	K19166	mRNA interferase HigB [EC:3.1.-.-]	112.113632	0.808					PF09907.16	HigB_toxin, RelE-like toxic component of a toxin-antitoxin system	83.06913	0.584									phrog_5734		86.446266	0.76	K19166	mRNA interferase HigB [EC:3.1.-.-]	KEGG	false	medium	NaN	375.0	10956.0	NaN
vRhyme_unbinned_20__MGr3G3H3I_000000054425_6	vRhyme_unbinned_20__MGr3G3H3I_000000054425	vRhyme_unbinned_20__MGr3G3H3I_000000054425	5.79	10.0	3.26	K18831	HTH-type transcriptional regulator / antitoxin HigA	77.526459	0.8	HMMsoil68357	alaA; alanine-synthesizing transaminase EC:2.6.1.66 2.6.1.2	50.200871	0.359	PF13560.13	Helix-turn-helix domain	42.851753	0.359									phrog_1373	transcriptional regulator	52.3787	0.779	K18831	HTH-type transcriptional regulator / antitoxin HigA	KEGG	false	medium	NaN	435.0	11349.0	NaN
vRhyme_unbinned_20__MGr3G3H3I_000000054425_7	vRhyme_unbinned_20__MGr3G3H3I_000000054425	vRhyme_unbinned_20__MGr3G3H3I_000000054425	10.0	10.0	10.0	K14059	integrase	110.413361	0.805					PF00589.28	Phage integrase family	82.21067	0.386									phrog_1	integrase	187.270874	0.831	phrog_1	integrase	PHROG	false	medium	NaN	NaN	11703.0	NaN
vRhyme_unbinned_20__MGr3G3H3I_000000054425_8	vRhyme_unbinned_20__MGr3G3H3I_000000054425	vRhyme_unbinned_20__MGr3G3H3I_000000054425																														KEGG	false	medium	1260.0	NaN	NaN	NaN
vRhyme_unbinned_20__MGr3G3H3I_000000054425_9	vRhyme_unbinned_20__MGr3G3H3I_000000054425	vRhyme_unbinned_20__MGr3G3H3I_000000054425																														KEGG	false	medium	1497.0	NaN	NaN	NaN
vRhyme_unbinned_20__MGr3G3H3I_000000054425_10	vRhyme_unbinned_20__MGr3G3H3I_000000054425	vRhyme_unbinned_20__MGr3G3H3I_000000054425		10.0										PF12728.14	Helix-turn-helix domain	41.654301	0.833													PF12728.14	Helix-turn-helix domain	Pfam	false	medium	2058.0	NaN	NaN	NaN
vRhyme_unbinned_20__MGr3G3H3I_000000054425_11	vRhyme_unbinned_20__MGr3G3H3I_000000054425	vRhyme_unbinned_20__MGr3G3H3I_000000054425		10.0										PF13481.13	AAA domain	76.375389	0.217													PF13481.13	AAA domain	Pfam	false	medium	180.0	NaN	NaN	NaN
vRhyme_unbinned_21__MGr3G3H3I_000000062622_1	vRhyme_unbinned_21__MGr3G3H3I_000000062622	vRhyme_unbinned_21__MGr3G3H3I_000000062622																														KEGG	false	medium	NaN	192.0	NaN	NaN
vRhyme_unbinned_21__MGr3G3H3I_000000062622_2	vRhyme_unbinned_21__MGr3G3H3I_000000062622	vRhyme_unbinned_21__MGr3G3H3I_000000062622	10.0	10.0	10.0	K04763	integrase/recombinase XerD	100.595726	0.552					PF00589.28	Phage integrase family	44.855843	0.311									phrog_1	integrase	85.936134	0.621	K04763	integrase/recombinase XerD	KEGG	false	high	NaN	1869.0	NaN	NaN
vRhyme_unbinned_21__MGr3G3H3I_000000062622_3	vRhyme_unbinned_21__MGr3G3H3I_000000062622	vRhyme_unbinned_21__MGr3G3H3I_000000062622		10.0						HMMsoil26115	rpoA1; DNA-directed RNA polymerase subunit A' EC:2.7.7.6	39.455181	0.612	PF13443.13	Cro/C1-type HTH DNA-binding domain	34.775932	0.588													HMMsoil26115	rpoA1; DNA-directed RNA polymerase subunit A' EC:2.7.7.6	FOAM	false	high	1869.0	4521.0	NaN	NaN
vRhyme_unbinned_21__MGr3G3H3I_000000062622_4	vRhyme_unbinned_21__MGr3G3H3I_000000062622	vRhyme_unbinned_21__MGr3G3H3I_000000062622																														KEGG	false	high	255.0	4266.0	NaN	NaN
vRhyme_unbinned_21__MGr3G3H3I_000000062622_5	vRhyme_unbinned_21__MGr3G3H3I_000000062622	vRhyme_unbinned_21__MGr3G3H3I_000000062622																														KEGG	false	high	450.0	4071.0	NaN	NaN
vRhyme_unbinned_21__MGr3G3H3I_000000062622_6	vRhyme_unbinned_21__MGr3G3H3I_000000062622	vRhyme_unbinned_21__MGr3G3H3I_000000062622				K03497	ParB family transcriptional regulator, chromosome partitioning protein	66.740829	0.773																					K03497	ParB family transcriptional regulator, chromosome partitioning protein	KEGG	false	high	3096.0	1425.0	NaN	NaN
vRhyme_unbinned_21__MGr3G3H3I_000000062622_7	vRhyme_unbinned_21__MGr3G3H3I_000000062622	vRhyme_unbinned_21__MGr3G3H3I_000000062622		10.0										PF12728.14	Helix-turn-helix domain	44.930912	0.671													PF12728.14	Helix-turn-helix domain	Pfam	false	high	4521.0	1143.0	NaN	NaN
vRhyme_unbinned_21__MGr3G3H3I_000000062622_8	vRhyme_unbinned_21__MGr3G3H3I_000000062622	vRhyme_unbinned_21__MGr3G3H3I_000000062622																														KEGG	false	high	219.0	924.0	NaN	NaN
vRhyme_unbinned_21__MGr3G3H3I_000000062622_9	vRhyme_unbinned_21__MGr3G3H3I_000000062622	vRhyme_unbinned_21__MGr3G3H3I_000000062622		10.0	2.96					HMMsoil84813	deaD, cshA; ATP-dependent RNA helicase DeaD EC:3.6.4.13	24.035412	0.075	PF00271.38	Helicase conserved C-terminal domain	64.617111	0.114									phrog_26785		273.691101	0.583	phrog_26785		PHROG	false	high	1143.0	3942.0	NaN	NaN
vRhyme_unbinned_21__MGr3G3H3I_000000062622_10	vRhyme_unbinned_21__MGr3G3H3I_000000062622	vRhyme_unbinned_21__MGr3G3H3I_000000062622		1.53	1.12									PF14367.13	Domain of unknown function (DUF4411)	182.51329	0.909									phrog_11126		116.038086	0.926	PF14367.13	Domain of unknown function (DUF4411)	Pfam	false	high	3414.0	528.0	NaN	NaN
vRhyme_unbinned_21__MGr3G3H3I_000000062622_11	vRhyme_unbinned_21__MGr3G3H3I_000000062622	vRhyme_unbinned_21__MGr3G3H3I_000000062622		10.0	10.0									PF06114.20	IrrE N-terminal-like domain	59.041885	0.272									phrog_2439	transcriptional regulator	169.089005	0.957	phrog_2439	transcriptional regulator	PHROG	false	high	3942.0	NaN	NaN	NaN
vRhyme_unbinned_22__MGr3G3H3I_000000064551_1	vRhyme_unbinned_22__MGr3G3H3I_000000064551	vRhyme_unbinned_22__MGr3G3H3I_000000064551	10.0	10.0	10.0	K14059	integrase	107.180809	0.736					PF00589.28	Phage integrase family	50.003178	0.346									phrog_1	integrase	139.56662	0.742	phrog_1	integrase	PHROG	false	medium	NaN	3168.0	NaN	NaN
vRhyme_unbinned_22__MGr3G3H3I_000000064551_2	vRhyme_unbinned_22__MGr3G3H3I_000000064551	vRhyme_unbinned_22__MGr3G3H3I_000000064551																														KEGG	false	medium	1362.0	1806.0	NaN	NaN
vRhyme_unbinned_22__MGr3G3H3I_000000064551_3	vRhyme_unbinned_22__MGr3G3H3I_000000064551	vRhyme_unbinned_22__MGr3G3H3I_000000064551																														KEGG	false	medium	1554.0	1614.0	NaN	NaN
vRhyme_unbinned_22__MGr3G3H3I_000000064551_4	vRhyme_unbinned_22__MGr3G3H3I_000000064551	vRhyme_unbinned_22__MGr3G3H3I_000000064551																														KEGG	false	medium	2610.0	558.0	NaN	NaN
vRhyme_unbinned_22__MGr3G3H3I_000000064551_5	vRhyme_unbinned_22__MGr3G3H3I_000000064551	vRhyme_unbinned_22__MGr3G3H3I_000000064551																														KEGG	false	medium	2841.0	327.0	NaN	NaN
vRhyme_unbinned_22__MGr3G3H3I_000000064551_6	vRhyme_unbinned_22__MGr3G3H3I_000000064551	vRhyme_unbinned_22__MGr3G3H3I_000000064551		10.0	10.0									PF09250.17	Bifunctional DNA primase/polymerase, N-terminal	94.729187	0.182									phrog_1156	DNA primase	313.52475	0.6	phrog_1156	DNA primase	PHROG	false	medium	3168.0	5520.0	NaN	NaN
vRhyme_unbinned_22__MGr3G3H3I_000000064551_7	vRhyme_unbinned_22__MGr3G3H3I_000000064551	vRhyme_unbinned_22__MGr3G3H3I_000000064551																														KEGG	false	medium	2460.0	3060.0	NaN	NaN
vRhyme_unbinned_22__MGr3G3H3I_000000064551_8	vRhyme_unbinned_22__MGr3G3H3I_000000064551	vRhyme_unbinned_22__MGr3G3H3I_000000064551																														KEGG	false	medium	2640.0	2880.0	NaN	NaN
vRhyme_unbinned_22__MGr3G3H3I_000000064551_9	vRhyme_unbinned_22__MGr3G3H3I_000000064551	vRhyme_unbinned_22__MGr3G3H3I_000000064551																														KEGG	false	medium	2904.0	2616.0	NaN	NaN
vRhyme_unbinned_22__MGr3G3H3I_000000064551_10	vRhyme_unbinned_22__MGr3G3H3I_000000064551	vRhyme_unbinned_22__MGr3G3H3I_000000064551																														KEGG	false	medium	4356.0	1164.0	NaN	NaN
vRhyme_unbinned_22__MGr3G3H3I_000000064551_11	vRhyme_unbinned_22__MGr3G3H3I_000000064551	vRhyme_unbinned_22__MGr3G3H3I_000000064551																														KEGG	false	medium	4572.0	948.0	NaN	NaN
vRhyme_unbinned_22__MGr3G3H3I_000000064551_12	vRhyme_unbinned_22__MGr3G3H3I_000000064551	vRhyme_unbinned_22__MGr3G3H3I_000000064551																														KEGG	false	medium	5091.0	429.0	NaN	NaN
vRhyme_unbinned_22__MGr3G3H3I_000000064551_13	vRhyme_unbinned_22__MGr3G3H3I_000000064551	vRhyme_unbinned_22__MGr3G3H3I_000000064551		10.0										PF12728.14	Helix-turn-helix domain	31.97994	0.868													PF12728.14	Helix-turn-helix domain	Pfam	false	medium	5520.0	8418.0	NaN	NaN
vRhyme_unbinned_22__MGr3G3H3I_000000064551_14	vRhyme_unbinned_22__MGr3G3H3I_000000064551	vRhyme_unbinned_22__MGr3G3H3I_000000064551																														KEGG	false	medium	204.0	8214.0	NaN	NaN
vRhyme_unbinned_22__MGr3G3H3I_000000064551_15	vRhyme_unbinned_22__MGr3G3H3I_000000064551	vRhyme_unbinned_22__MGr3G3H3I_000000064551																														KEGG	false	medium	864.0	7554.0	NaN	NaN
vRhyme_unbinned_22__MGr3G3H3I_000000064551_16	vRhyme_unbinned_22__MGr3G3H3I_000000064551	vRhyme_unbinned_22__MGr3G3H3I_000000064551																														KEGG	false	medium	1167.0	7251.0	NaN	NaN
vRhyme_unbinned_22__MGr3G3H3I_000000064551_17	vRhyme_unbinned_22__MGr3G3H3I_000000064551	vRhyme_unbinned_22__MGr3G3H3I_000000064551		0.04						HMMsoil13481	ubiG; 2-polyprenyl-6-hydroxyphenyl methylase / 3-demethylubiquinone-9 3-methyltransferase EC:2.1.1.222 2.1.1.64	30.611816	0.182	PF12623.13	RNA repair, ligase-Pnkp-associating, region of Hen1	382.295746	0.518													PF12623.13	RNA repair, ligase-Pnkp-associating, region of Hen1	Pfam	false	medium	1689.0	6729.0	NaN	NaN
vRhyme_unbinned_22__MGr3G3H3I_000000064551_18	vRhyme_unbinned_22__MGr3G3H3I_000000064551	vRhyme_unbinned_22__MGr3G3H3I_000000064551		0.33						HMMsoil23054	E3.1.3.16; protein phosphatase EC:3.1.3.16	130.320023	0.188	PF16542.11	PNKP adenylyltransferase domain, ligase domain	620.440918	0.444													PF16542.11	PNKP adenylyltransferase domain, ligase domain	Pfam	false	medium	3090.0	5328.0	NaN	NaN
vRhyme_unbinned_22__MGr3G3H3I_000000064551_19	vRhyme_unbinned_22__MGr3G3H3I_000000064551	vRhyme_unbinned_22__MGr3G3H3I_000000064551		0.34										PF12158.15	Protein of unknown function (DUF3592)	27.906788	0.238													PF12158.15	Protein of unknown function (DUF3592)	Pfam	false	medium	5646.0	2772.0	NaN	NaN
vRhyme_unbinned_22__MGr3G3H3I_000000064551_20	vRhyme_unbinned_22__MGr3G3H3I_000000064551	vRhyme_unbinned_22__MGr3G3H3I_000000064551																														KEGG	false	medium	6630.0	1788.0	NaN	9231.0
vRhyme_unbinned_22__MGr3G3H3I_000000064551_21	vRhyme_unbinned_22__MGr3G3H3I_000000064551	vRhyme_unbinned_22__MGr3G3H3I_000000064551																														KEGG	false	medium	7173.0	1245.0	NaN	8982.0
vRhyme_unbinned_22__MGr3G3H3I_000000064551_22	vRhyme_unbinned_22__MGr3G3H3I_000000064551	vRhyme_unbinned_22__MGr3G3H3I_000000064551																														KEGG	false	medium	7812.0	606.0	NaN	8859.0
vRhyme_unbinned_22__MGr3G3H3I_000000064551_23	vRhyme_unbinned_22__MGr3G3H3I_000000064551	vRhyme_unbinned_22__MGr3G3H3I_000000064551	10.0	10.0	10.0	K06400	site-specific DNA recombinase	202.823608	0.562					PF00239.27	Resolvase, N terminal domain	74.915024	0.266									phrog_95	integrase	186.35199	0.579	K06400	site-specific DNA recombinase	KEGG	false	medium	8418.0	4542.0	NaN	8337.0
vRhyme_unbinned_22__MGr3G3H3I_000000064551_24	vRhyme_unbinned_22__MGr3G3H3I_000000064551	vRhyme_unbinned_22__MGr3G3H3I_000000064551																														KEGG	false	medium	1623.0	2919.0	NaN	8079.0
vRhyme_unbinned_22__MGr3G3H3I_000000064551_25	vRhyme_unbinned_22__MGr3G3H3I_000000064551	vRhyme_unbinned_22__MGr3G3H3I_000000064551																														KEGG	false	medium	4320.0	222.0	NaN	7839.0
vRhyme_unbinned_22__MGr3G3H3I_000000064551_26	vRhyme_unbinned_22__MGr3G3H3I_000000064551	vRhyme_unbinned_22__MGr3G3H3I_000000064551	10.0	10.0	10.0	K06400	site-specific DNA recombinase	130.518723	0.966					PF00239.27	Resolvase, N terminal domain	80.006035	0.626									phrog_95	integrase	105.357758	0.975	K06400	site-specific DNA recombinase	KEGG	false	medium	4542.0	NaN	NaN	7524.0
vRhyme_unbinned_23__MGr3G3H3I_000000065081_1	vRhyme_unbinned_23__MGr3G3H3I_000000065081	vRhyme_unbinned_23__MGr3G3H3I_000000065081																														KEGG	false	medium	NaN	NaN	NaN	NaN
vRhyme_unbinned_23__MGr3G3H3I_000000065081_2	vRhyme_unbinned_23__MGr3G3H3I_000000065081	vRhyme_unbinned_23__MGr3G3H3I_000000065081																														KEGG	false	medium	NaN	NaN	NaN	NaN
vRhyme_unbinned_23__MGr3G3H3I_000000065081_3	vRhyme_unbinned_23__MGr3G3H3I_000000065081	vRhyme_unbinned_23__MGr3G3H3I_000000065081																														KEGG	false	medium	NaN	NaN	NaN	NaN
vRhyme_unbinned_23__MGr3G3H3I_000000065081_4	vRhyme_unbinned_23__MGr3G3H3I_000000065081	vRhyme_unbinned_23__MGr3G3H3I_000000065081				K22023	mucin-6/19	109.248276	0.921																					K22023	mucin-6/19	KEGG	false	medium	NaN	NaN	NaN	NaN
vRhyme_unbinned_23__MGr3G3H3I_000000065081_5	vRhyme_unbinned_23__MGr3G3H3I_000000065081	vRhyme_unbinned_23__MGr3G3H3I_000000065081																														KEGG	false	medium	NaN	NaN	NaN	NaN
vRhyme_unbinned_23__MGr3G3H3I_000000065081_6	vRhyme_unbinned_23__MGr3G3H3I_000000065081	vRhyme_unbinned_23__MGr3G3H3I_000000065081																														KEGG	false	medium	NaN	NaN	NaN	NaN
vRhyme_unbinned_24__MGr3G3H3I_000000069672_1	vRhyme_unbinned_24__MGr3G3H3I_000000069672	vRhyme_unbinned_24__MGr3G3H3I_000000069672																														KEGG	false	high	NaN	1878.0	5982.0	NaN
vRhyme_unbinned_24__MGr3G3H3I_000000069672_2	vRhyme_unbinned_24__MGr3G3H3I_000000069672	vRhyme_unbinned_24__MGr3G3H3I_000000069672				K14059	integrase	125.608658	0.813																	phrog_1	integrase	118.021614	0.89	K14059	integrase	KEGG	false	high	NaN	1773.0	6510.0	NaN
vRhyme_unbinned_24__MGr3G3H3I_000000069672_3	vRhyme_unbinned_24__MGr3G3H3I_000000069672	vRhyme_unbinned_24__MGr3G3H3I_000000069672																														KEGG	false	high	NaN	519.0	NaN	1746.0
vRhyme_unbinned_24__MGr3G3H3I_000000069672_4	vRhyme_unbinned_24__MGr3G3H3I_000000069672	vRhyme_unbinned_24__MGr3G3H3I_000000069672		10.0										PF12728.14	Helix-turn-helix domain	52.20208	0.757													PF12728.14	Helix-turn-helix domain	Pfam	false	high	NaN	1383.0	NaN	249.0
vRhyme_unbinned_24__MGr3G3H3I_000000069672_5	vRhyme_unbinned_24__MGr3G3H3I_000000069672	vRhyme_unbinned_24__MGr3G3H3I_000000069672																														KEGG	false	high	NaN	1173.0	NaN	NaN
vRhyme_unbinned_24__MGr3G3H3I_000000069672_6	vRhyme_unbinned_24__MGr3G3H3I_000000069672	vRhyme_unbinned_24__MGr3G3H3I_000000069672																														KEGG	false	high	NaN	429.0	351.0	NaN
vRhyme_unbinned_24__MGr3G3H3I_000000069672_7	vRhyme_unbinned_24__MGr3G3H3I_000000069672	vRhyme_unbinned_24__MGr3G3H3I_000000069672																														KEGG	false	high	NaN	321.0	1008.0	NaN
vRhyme_unbinned_24__MGr3G3H3I_000000069672_8	vRhyme_unbinned_24__MGr3G3H3I_000000069672	vRhyme_unbinned_24__MGr3G3H3I_000000069672		10.0	10.0									PF06048.18	Domain of unknown function (DUF927)	108.809464	0.332									phrog_8841	DNA primase/helicase	309.07312	0.806	phrog_8841	DNA primase/helicase	PHROG	false	high	NaN	NaN	1218.0	NaN
vRhyme_unbinned_24__MGr3G3H3I_000000069672_9	vRhyme_unbinned_24__MGr3G3H3I_000000069672	vRhyme_unbinned_24__MGr3G3H3I_000000069672																														KEGG	false	high	2103.0	NaN	2373.0	NaN
vRhyme_unbinned_24__MGr3G3H3I_000000069672_10	vRhyme_unbinned_24__MGr3G3H3I_000000069672	vRhyme_unbinned_24__MGr3G3H3I_000000069672																														KEGG	false	high	2454.0	NaN	2673.0	NaN
vRhyme_unbinned_24__MGr3G3H3I_000000069672_11	vRhyme_unbinned_24__MGr3G3H3I_000000069672	vRhyme_unbinned_24__MGr3G3H3I_000000069672																														KEGG	false	high	2865.0	NaN	2844.0	NaN
vRhyme_unbinned_24__MGr3G3H3I_000000069672_12	vRhyme_unbinned_24__MGr3G3H3I_000000069672	vRhyme_unbinned_24__MGr3G3H3I_000000069672																														KEGG	false	high	3789.0	NaN	3078.0	NaN
vRhyme_unbinned_24__MGr3G3H3I_000000069672_13	vRhyme_unbinned_24__MGr3G3H3I_000000069672	vRhyme_unbinned_24__MGr3G3H3I_000000069672												PF24831.2		89.514641	0.757													PF24831.2		Pfam	false	high	4515.0	NaN	3306.0	NaN
vRhyme_unbinned_24__MGr3G3H3I_000000069672_14	vRhyme_unbinned_24__MGr3G3H3I_000000069672	vRhyme_unbinned_24__MGr3G3H3I_000000069672																														KEGG	false	high	5022.0	NaN	NaN	NaN
vRhyme_unbinned_24__MGr3G3H3I_000000069672_15	vRhyme_unbinned_24__MGr3G3H3I_000000069672	vRhyme_unbinned_24__MGr3G3H3I_000000069672																														KEGG	false	high	5334.0	NaN	NaN	NaN
vRhyme_unbinned_24__MGr3G3H3I_000000069672_16	vRhyme_unbinned_24__MGr3G3H3I_000000069672	vRhyme_unbinned_24__MGr3G3H3I_000000069672																														KEGG	false	high	5517.0	NaN	NaN	NaN
vRhyme_unbinned_24__MGr3G3H3I_000000069672_17	vRhyme_unbinned_24__MGr3G3H3I_000000069672	vRhyme_unbinned_24__MGr3G3H3I_000000069672																														KEGG	false	high	5913.0	NaN	NaN	NaN
vRhyme_unbinned_25__MGr3G3H3I_000000077196_1	vRhyme_unbinned_25__MGr3G3H3I_000000077196	vRhyme_unbinned_25__MGr3G3H3I_000000077196	10.0	10.0	10.0	K04763	integrase/recombinase XerD	77.947639	0.717					PF00589.28	Phage integrase family	36.356441	0.379									phrog_1	integrase	106.096558	0.892	phrog_1	integrase	PHROG	false	medium	NaN	1338.0	1314.0	NaN
vRhyme_unbinned_25__MGr3G3H3I_000000077196_2	vRhyme_unbinned_25__MGr3G3H3I_000000077196	vRhyme_unbinned_25__MGr3G3H3I_000000077196		10.0										PF12728.14	Helix-turn-helix domain	40.090008	0.352													PF12728.14	Helix-turn-helix domain	Pfam	false	medium	1338.0	2007.0	1584.0	NaN
vRhyme_unbinned_25__MGr3G3H3I_000000077196_3	vRhyme_unbinned_25__MGr3G3H3I_000000077196	vRhyme_unbinned_25__MGr3G3H3I_000000077196																														KEGG	false	medium	477.0	1530.0	2796.0	NaN
vRhyme_unbinned_25__MGr3G3H3I_000000077196_4	vRhyme_unbinned_25__MGr3G3H3I_000000077196	vRhyme_unbinned_25__MGr3G3H3I_000000077196																														KEGG	false	medium	1191.0	816.0	NaN	7518.0
vRhyme_unbinned_25__MGr3G3H3I_000000077196_5	vRhyme_unbinned_25__MGr3G3H3I_000000077196	vRhyme_unbinned_25__MGr3G3H3I_000000077196																														KEGG	false	medium	1497.0	510.0	NaN	6807.0
vRhyme_unbinned_25__MGr3G3H3I_000000077196_6	vRhyme_unbinned_25__MGr3G3H3I_000000077196	vRhyme_unbinned_25__MGr3G3H3I_000000077196		10.0	3.35									PF04055.28	Radical SAM superfamily	33.329956	0.576									phrog_13321		58.819534	0.648	phrog_13321		PHROG	false	medium	2007.0	1809.0	NaN	6192.0
vRhyme_unbinned_25__MGr3G3H3I_000000077196_7	vRhyme_unbinned_25__MGr3G3H3I_000000077196	vRhyme_unbinned_25__MGr3G3H3I_000000077196																														KEGG	false	medium	750.0	1059.0	NaN	5769.0
vRhyme_unbinned_25__MGr3G3H3I_000000077196_8	vRhyme_unbinned_25__MGr3G3H3I_000000077196	vRhyme_unbinned_25__MGr3G3H3I_000000077196		10.0										PF00239.27	Resolvase, N terminal domain	40.447578	0.463													PF00239.27	Resolvase, N terminal domain	Pfam	false	medium	1809.0	3885.0	NaN	5289.0
vRhyme_unbinned_25__MGr3G3H3I_000000077196_9	vRhyme_unbinned_25__MGr3G3H3I_000000077196	vRhyme_unbinned_25__MGr3G3H3I_000000077196																														KEGG	false	medium	810.0	3075.0	NaN	4830.0
vRhyme_unbinned_25__MGr3G3H3I_000000077196_10	vRhyme_unbinned_25__MGr3G3H3I_000000077196	vRhyme_unbinned_25__MGr3G3H3I_000000077196																														KEGG	false	high	1713.0	2172.0	NaN	4647.0
vRhyme_unbinned_25__MGr3G3H3I_000000077196_11	vRhyme_unbinned_25__MGr3G3H3I_000000077196	vRhyme_unbinned_25__MGr3G3H3I_000000077196																														KEGG	false	high	1908.0	1977.0	NaN	3966.0
vRhyme_unbinned_25__MGr3G3H3I_000000077196_12	vRhyme_unbinned_25__MGr3G3H3I_000000077196	vRhyme_unbinned_25__MGr3G3H3I_000000077196																														KEGG	false	medium	2268.0	1617.0	NaN	3699.0
vRhyme_unbinned_25__MGr3G3H3I_000000077196_13	vRhyme_unbinned_25__MGr3G3H3I_000000077196	vRhyme_unbinned_25__MGr3G3H3I_000000077196																														KEGG	false	medium	2736.0	1149.0	NaN	2538.0
vRhyme_unbinned_25__MGr3G3H3I_000000077196_14	vRhyme_unbinned_25__MGr3G3H3I_000000077196	vRhyme_unbinned_25__MGr3G3H3I_000000077196																								phrog_5172		116.411583	0.821	phrog_5172		PHROG	false	medium	2913.0	972.0	NaN	1671.0
vRhyme_unbinned_25__MGr3G3H3I_000000077196_15	vRhyme_unbinned_25__MGr3G3H3I_000000077196	vRhyme_unbinned_25__MGr3G3H3I_000000077196		10.0										PF19263.6	Family of unknown function (DUF5906)	33.489674	0.102													PF19263.6	Family of unknown function (DUF5906)	Pfam	false	medium	3885.0	3678.0	NaN	996.0
vRhyme_unbinned_25__MGr3G3H3I_000000077196_16	vRhyme_unbinned_25__MGr3G3H3I_000000077196	vRhyme_unbinned_25__MGr3G3H3I_000000077196																														KEGG	false	medium	2880.0	798.0	NaN	402.0
vRhyme_unbinned_25__MGr3G3H3I_000000077196_17	vRhyme_unbinned_25__MGr3G3H3I_000000077196	vRhyme_unbinned_25__MGr3G3H3I_000000077196																														KEGG	false	medium	3066.0	612.0	NaN	NaN
vRhyme_unbinned_25__MGr3G3H3I_000000077196_18	vRhyme_unbinned_25__MGr3G3H3I_000000077196	vRhyme_unbinned_25__MGr3G3H3I_000000077196	10.0	10.0	10.0	K14060	putative DNA-invertase from lambdoid prophage Rac	68.648773	0.6					PF00239.27	Resolvase, N terminal domain	40.203552	0.385									phrog_125	DNA invertase	67.498947	0.62	K14060	putative DNA-invertase from lambdoid prophage Rac	KEGG	false	medium	3678.0	615.0	918.0	NaN
vRhyme_unbinned_25__MGr3G3H3I_000000077196_19	vRhyme_unbinned_25__MGr3G3H3I_000000077196	vRhyme_unbinned_25__MGr3G3H3I_000000077196	10.0	10.0	10.0	K04763	integrase/recombinase XerD	100.527893	0.912					PF00589.28	Phage integrase family	59.842567	0.779									phrog_1	integrase	79.923195	0.876	K04763	integrase/recombinase XerD	KEGG	false	medium	615.0	NaN	1671.0	NaN
vRhyme_unbinned_25__MGr3G3H3I_000000077196_20	vRhyme_unbinned_25__MGr3G3H3I_000000077196	vRhyme_unbinned_25__MGr3G3H3I_000000077196																														KEGG	false	medium	678.0	NaN	2181.0	NaN
vRhyme_unbinned_25__MGr3G3H3I_000000077196_21	vRhyme_unbinned_25__MGr3G3H3I_000000077196	vRhyme_unbinned_25__MGr3G3H3I_000000077196																														KEGG	false	medium	972.0	NaN	3027.0	NaN
vRhyme_unbinned_25__MGr3G3H3I_000000077196_22	vRhyme_unbinned_25__MGr3G3H3I_000000077196	vRhyme_unbinned_25__MGr3G3H3I_000000077196																														KEGG	false	medium	1266.0	NaN	4080.0	NaN
vRhyme_unbinned_25__MGr3G3H3I_000000077196_23	vRhyme_unbinned_25__MGr3G3H3I_000000077196	vRhyme_unbinned_25__MGr3G3H3I_000000077196																														KEGG	false	medium	1482.0	NaN	4641.0	NaN
vRhyme_unbinned_25__MGr3G3H3I_000000077196_24	vRhyme_unbinned_25__MGr3G3H3I_000000077196	vRhyme_unbinned_25__MGr3G3H3I_000000077196																														KEGG	false	medium	2295.0	NaN	5562.0	NaN
vRhyme_unbinned_25__MGr3G3H3I_000000077196_25	vRhyme_unbinned_25__MGr3G3H3I_000000077196	vRhyme_unbinned_25__MGr3G3H3I_000000077196																														KEGG	false	medium	2661.0	NaN	6285.0	NaN
vRhyme_unbinned_25__MGr3G3H3I_000000077196_26	vRhyme_unbinned_25__MGr3G3H3I_000000077196	vRhyme_unbinned_25__MGr3G3H3I_000000077196																														KEGG	false	medium	2817.0	NaN	7122.0	NaN
vRhyme_unbinned_25__MGr3G3H3I_000000077196_27	vRhyme_unbinned_25__MGr3G3H3I_000000077196	vRhyme_unbinned_25__MGr3G3H3I_000000077196																														KEGG	false	medium	3036.0	NaN	7275.0	NaN
vRhyme_unbinned_25__MGr3G3H3I_000000077196_28	vRhyme_unbinned_25__MGr3G3H3I_000000077196	vRhyme_unbinned_25__MGr3G3H3I_000000077196																														KEGG	false	medium	3450.0	NaN	7668.0	NaN
vRhyme_unbinned_26__MGr3G3H3I_000000077400_1	vRhyme_unbinned_26__MGr3G3H3I_000000077400	vRhyme_unbinned_26__MGr3G3H3I_000000077400		0.1										PF13699.12	Domain of unknown function (DUF4157)	106.328712	0.083													PF13699.12	Domain of unknown function (DUF4157)	Pfam	false	medium	NaN	NaN	NaN	NaN
vRhyme_unbinned_26__MGr3G3H3I_000000077400_2	vRhyme_unbinned_26__MGr3G3H3I_000000077400	vRhyme_unbinned_26__MGr3G3H3I_000000077400																														KEGG	false	medium	NaN	NaN	NaN	NaN
vRhyme_unbinned_26__MGr3G3H3I_000000077400_3	vRhyme_unbinned_26__MGr3G3H3I_000000077400	vRhyme_unbinned_26__MGr3G3H3I_000000077400																														KEGG	false	medium	NaN	NaN	NaN	NaN
vRhyme_unbinned_26__MGr3G3H3I_000000077400_4	vRhyme_unbinned_26__MGr3G3H3I_000000077400	vRhyme_unbinned_26__MGr3G3H3I_000000077400																														KEGG	false	medium	NaN	NaN	NaN	NaN
vRhyme_unbinned_26__MGr3G3H3I_000000077400_5	vRhyme_unbinned_26__MGr3G3H3I_000000077400	vRhyme_unbinned_26__MGr3G3H3I_000000077400		10.0										PF04717.19	Type VI secretion system/phage-baseplate injector OB domain	70.40049	0.383													PF04717.19	Type VI secretion system/phage-baseplate injector OB domain	Pfam	false	low	NaN	NaN	NaN	NaN
vRhyme_unbinned_26__MGr3G3H3I_000000077400_6	vRhyme_unbinned_26__MGr3G3H3I_000000077400	vRhyme_unbinned_26__MGr3G3H3I_000000077400																														KEGG	false	medium	NaN	NaN	NaN	NaN
vRhyme_unbinned_26__MGr3G3H3I_000000077400_7	vRhyme_unbinned_26__MGr3G3H3I_000000077400	vRhyme_unbinned_26__MGr3G3H3I_000000077400	10.0	10.0		K06903	Bacteriophage baseplate protein W	83.440857	0.925					PF04965.20	Baseplate wedge protein gp25	48.145565	0.667													K06903	Bacteriophage baseplate protein W	KEGG	false	medium	NaN	NaN	NaN	NaN
vRhyme_unbinned_26__MGr3G3H3I_000000077400_8	vRhyme_unbinned_26__MGr3G3H3I_000000077400	vRhyme_unbinned_26__MGr3G3H3I_000000077400																														KEGG	false	medium	NaN	NaN	NaN	NaN
vRhyme_unbinned_26__MGr3G3H3I_000000077400_9	vRhyme_unbinned_26__MGr3G3H3I_000000077400	vRhyme_unbinned_26__MGr3G3H3I_000000077400		10.0										PF04865.20	Baseplate J-like protein	26.698719	0.037													PF04865.20	Baseplate J-like protein	Pfam	false	low	NaN	NaN	NaN	NaN
vRhyme_unbinned_26__MGr3G3H3I_000000077400_10	vRhyme_unbinned_26__MGr3G3H3I_000000077400	vRhyme_unbinned_26__MGr3G3H3I_000000077400																														KEGG	false	medium	NaN	NaN	NaN	NaN
vRhyme_unbinned_26__MGr3G3H3I_000000077400_11	vRhyme_unbinned_26__MGr3G3H3I_000000077400	vRhyme_unbinned_26__MGr3G3H3I_000000077400		0.02										PF20129.5	Family of unknown function (DUF6519)	74.729362	0.257													PF20129.5	Family of unknown function (DUF6519)	Pfam	false	low	NaN	NaN	NaN	NaN
vRhyme_unbinned_27__MGr3G3H3I_000000077811_1	vRhyme_unbinned_27__MGr3G3H3I_000000077811	vRhyme_unbinned_27__MGr3G3H3I_000000077811																														KEGG	false	medium	NaN	NaN	4452.0	7794.0
vRhyme_unbinned_27__MGr3G3H3I_000000077811_2	vRhyme_unbinned_27__MGr3G3H3I_000000077811	vRhyme_unbinned_27__MGr3G3H3I_000000077811																								phrog_8234		151.428101	0.992	phrog_8234		PHROG	false	medium	NaN	NaN	4578.0	7668.0
vRhyme_unbinned_27__MGr3G3H3I_000000077811_3	vRhyme_unbinned_27__MGr3G3H3I_000000077811	vRhyme_unbinned_27__MGr3G3H3I_000000077811																								phrog_8150		76.12751	0.96	phrog_8150		PHROG	false	medium	NaN	NaN	5274.0	6972.0
vRhyme_unbinned_27__MGr3G3H3I_000000077811_4	vRhyme_unbinned_27__MGr3G3H3I_000000077811	vRhyme_unbinned_27__MGr3G3H3I_000000077811		0.27										PF09450.17	Domain of unknown function (DUF2019)	32.499783	0.244													PF09450.17	Domain of unknown function (DUF2019)	Pfam	false	low	NaN	NaN	5580.0	6666.0
vRhyme_unbinned_27__MGr3G3H3I_000000077811_5	vRhyme_unbinned_27__MGr3G3H3I_000000077811	vRhyme_unbinned_27__MGr3G3H3I_000000077811																														KEGG	false	medium	NaN	NaN	5724.0	6522.0
vRhyme_unbinned_27__MGr3G3H3I_000000077811_6	vRhyme_unbinned_27__MGr3G3H3I_000000077811	vRhyme_unbinned_27__MGr3G3H3I_000000077811		0.17										PF14430.12	Immunity protein Imm1	37.72094	0.264													PF14430.12	Immunity protein Imm1	Pfam	false	low	NaN	NaN	7398.0	4848.0
vRhyme_unbinned_27__MGr3G3H3I_000000077811_7	vRhyme_unbinned_27__MGr3G3H3I_000000077811	vRhyme_unbinned_27__MGr3G3H3I_000000077811		0.27										PF09450.17	Domain of unknown function (DUF2019)	33.03532	0.291													PF09450.17	Domain of unknown function (DUF2019)	Pfam	false	low	NaN	NaN	8433.0	3813.0
vRhyme_unbinned_27__MGr3G3H3I_000000077811_8	vRhyme_unbinned_27__MGr3G3H3I_000000077811	vRhyme_unbinned_27__MGr3G3H3I_000000077811																														KEGG	false	medium	NaN	NaN	8742.0	3504.0
vRhyme_unbinned_27__MGr3G3H3I_000000077811_9	vRhyme_unbinned_27__MGr3G3H3I_000000077811	vRhyme_unbinned_27__MGr3G3H3I_000000077811																														KEGG	false	medium	NaN	NaN	8964.0	3282.0
vRhyme_unbinned_27__MGr3G3H3I_000000077811_10	vRhyme_unbinned_27__MGr3G3H3I_000000077811	vRhyme_unbinned_27__MGr3G3H3I_000000077811		0.27										PF09450.17	Domain of unknown function (DUF2019)	33.390312	0.305													PF09450.17	Domain of unknown function (DUF2019)	Pfam	false	low	NaN	NaN	9819.0	2427.0
vRhyme_unbinned_27__MGr3G3H3I_000000077811_11	vRhyme_unbinned_27__MGr3G3H3I_000000077811	vRhyme_unbinned_27__MGr3G3H3I_000000077811																														KEGG	false	medium	NaN	NaN	12051.0	195.0
vRhyme_unbinned_27__MGr3G3H3I_000000077811_12	vRhyme_unbinned_27__MGr3G3H3I_000000077811	vRhyme_unbinned_27__MGr3G3H3I_000000077811		10.0										PF05069.19	Phage virion morphogenesis family	26.916939	0.62													PF05069.19	Phage virion morphogenesis family	Pfam	false	low	NaN	NaN	12246.0	NaN
vRhyme_unbinned_27__MGr3G3H3I_000000077811_13	vRhyme_unbinned_27__MGr3G3H3I_000000077811	vRhyme_unbinned_27__MGr3G3H3I_000000077811		0.39										PF09994.15	Uncharacterized alpha/beta hydrolase domain (DUF2235)	222.305511	0.678													PF09994.15	Uncharacterized alpha/beta hydrolase domain (DUF2235)	Pfam	false	low	NaN	NaN	1434.0	NaN
vRhyme_unbinned_27__MGr3G3H3I_000000077811_14	vRhyme_unbinned_27__MGr3G3H3I_000000077811	vRhyme_unbinned_27__MGr3G3H3I_000000077811																														KEGG	false	medium	NaN	NaN	1701.0	NaN
vRhyme_unbinned_27__MGr3G3H3I_000000077811_15	vRhyme_unbinned_27__MGr3G3H3I_000000077811	vRhyme_unbinned_27__MGr3G3H3I_000000077811																														KEGG	false	medium	NaN	NaN	NaN	NaN
vRhyme_unbinned_27__MGr3G3H3I_000000077811_16	vRhyme_unbinned_27__MGr3G3H3I_000000077811	vRhyme_unbinned_27__MGr3G3H3I_000000077811		1.93	0.22									PF14081.12	Domain of unknown function (DUF4262)	75.226288	0.79									phrog_17488		53.122501	0.938	PF14081.12	Domain of unknown function (DUF4262)	Pfam	false	medium	NaN	NaN	NaN	NaN
vRhyme_unbinned_27__MGr3G3H3I_000000077811_17	vRhyme_unbinned_27__MGr3G3H3I_000000077811	vRhyme_unbinned_27__MGr3G3H3I_000000077811		10.0	3.98					HMMsoil19611	nagZ; beta-N-acetylhexosaminidase EC:3.2.1.52	38.048042	0.347	PF13508.14	Acetyltransferase (GNAT) domain	49.371349	0.612									phrog_1758	acetyltransferase	115.110039	0.918	phrog_1758	acetyltransferase	PHROG	false	medium	NaN	NaN	NaN	NaN
vRhyme_unbinned_27__MGr3G3H3I_000000077811_18	vRhyme_unbinned_27__MGr3G3H3I_000000077811	vRhyme_unbinned_27__MGr3G3H3I_000000077811		1.6										PF08681.19	Protein of unknown function (DUF1778)	82.183449	0.748													PF08681.19	Protein of unknown function (DUF1778)	Pfam	false	low	NaN	NaN	NaN	NaN
vRhyme_unbinned_27__MGr3G3H3I_000000077811_19	vRhyme_unbinned_27__MGr3G3H3I_000000077811	vRhyme_unbinned_27__MGr3G3H3I_000000077811																														KEGG	false	medium	NaN	NaN	NaN	NaN
vRhyme_unbinned_27__MGr3G3H3I_000000077811_20	vRhyme_unbinned_27__MGr3G3H3I_000000077811	vRhyme_unbinned_27__MGr3G3H3I_000000077811																														KEGG	false	medium	NaN	NaN	NaN	NaN
vRhyme_unbinned_27__MGr3G3H3I_000000077811_21	vRhyme_unbinned_27__MGr3G3H3I_000000077811	vRhyme_unbinned_27__MGr3G3H3I_000000077811																														KEGG	false	medium	NaN	NaN	NaN	NaN
vRhyme_unbinned_27__MGr3G3H3I_000000077811_22	vRhyme_unbinned_27__MGr3G3H3I_000000077811	vRhyme_unbinned_27__MGr3G3H3I_000000077811																														KEGG	false	medium	NaN	NaN	NaN	NaN
vRhyme_unbinned_27__MGr3G3H3I_000000077811_23	vRhyme_unbinned_27__MGr3G3H3I_000000077811	vRhyme_unbinned_27__MGr3G3H3I_000000077811		0.27										PF09450.17	Domain of unknown function (DUF2019)	57.410538	0.864													PF09450.17	Domain of unknown function (DUF2019)	Pfam	false	low	NaN	NaN	NaN	NaN
vRhyme_unbinned_28__MGr3G3H3I_000000090299_1	vRhyme_unbinned_28__MGr3G3H3I_000000090299	vRhyme_unbinned_28__MGr3G3H3I_000000090299																														KEGG	false	high	NaN	174.0	13284.0	2841.0
vRhyme_unbinned_28__MGr3G3H3I_000000090299_2	vRhyme_unbinned_28__MGr3G3H3I_000000090299	vRhyme_unbinned_28__MGr3G3H3I_000000090299		6.35	10.0									PF13547.13	GTA TIM-barrel-like domain	340.63382	0.455									phrog_4271	tail protein	357.355011	0.736	phrog_4271	tail protein	PHROG	false	high	NaN	2493.0	15753.0	372.0
vRhyme_unbinned_28__MGr3G3H3I_000000090299_3	vRhyme_unbinned_28__MGr3G3H3I_000000090299	vRhyme_unbinned_28__MGr3G3H3I_000000090299		10.0	10.0									PF09343.16	Conserved hypothetical protein 2217 (DUF2460)	121.998909	0.937									phrog_2913	glycoside hydrolase	125.530128	0.932	phrog_2913	glycoside hydrolase	PHROG	false	high	2493.0	618.0	16125.0	NaN
vRhyme_unbinned_28__MGr3G3H3I_000000090299_4	vRhyme_unbinned_28__MGr3G3H3I_000000090299	vRhyme_unbinned_28__MGr3G3H3I_000000090299		10.0	10.0									PF09931.16	Uncharacterized conserved protein (DUF2163)	109.157845	0.545									phrog_778	tail assembly protein	160.285049	0.897	phrog_778	tail assembly protein	PHROG	false	high	618.0	1329.0	1140.0	NaN
vRhyme_unbinned_28__MGr3G3H3I_000000090299_5	vRhyme_unbinned_28__MGr3G3H3I_000000090299	vRhyme_unbinned_28__MGr3G3H3I_000000090299																														KEGG	false	high	876.0	453.0	1875.0	NaN
vRhyme_unbinned_28__MGr3G3H3I_000000090299_6	vRhyme_unbinned_28__MGr3G3H3I_000000090299	vRhyme_unbinned_28__MGr3G3H3I_000000090299		10.0										PF13550.13	Putative phage tail protein	89.098427	0.173													PF13550.13	Putative phage tail protein	Pfam	false	high	1329.0	2376.0	2598.0	NaN
vRhyme_unbinned_28__MGr3G3H3I_000000090299_7	vRhyme_unbinned_28__MGr3G3H3I_000000090299	vRhyme_unbinned_28__MGr3G3H3I_000000090299		10.0										PF18454.8	Major tropism determinant N-terminal domain	44.40379	0.059													PF18454.8	Major tropism determinant N-terminal domain	Pfam	false	high	2376.0	1896.0	3456.0	NaN
vRhyme_unbinned_28__MGr3G3H3I_000000090299_8	vRhyme_unbinned_28__MGr3G3H3I_000000090299	vRhyme_unbinned_28__MGr3G3H3I_000000090299	10.0	10.0	10.0	K03642	rare lipoprotein A	83.442604	0.771					PF03330.25	Lytic transglycolase	51.561047	0.686									phrog_7930	lipoprotein precursor	54.976627	0.712	K03642	rare lipoprotein A	KEGG	false	medium	1896.0	NaN	NaN	NaN
vRhyme_unbinned_28__MGr3G3H3I_000000090299_9	vRhyme_unbinned_28__MGr3G3H3I_000000090299	vRhyme_unbinned_28__MGr3G3H3I_000000090299																														KEGG	false	medium	354.0	NaN	NaN	NaN
vRhyme_unbinned_28__MGr3G3H3I_000000090299_10	vRhyme_unbinned_28__MGr3G3H3I_000000090299	vRhyme_unbinned_28__MGr3G3H3I_000000090299		10.0	8.15									PF13539.12	D-alanyl-D-alanine carboxypeptidase	42.047249	0.387									phrog_17001	endolysin	77.308884	0.963	phrog_17001	endolysin	PHROG	false	medium	708.0	NaN	NaN	NaN
vRhyme_unbinned_28__MGr3G3H3I_000000090299_11	vRhyme_unbinned_28__MGr3G3H3I_000000090299	vRhyme_unbinned_28__MGr3G3H3I_000000090299																														KEGG	false	medium	489.0	NaN	NaN	NaN
vRhyme_unbinned_28__MGr3G3H3I_000000090299_12	vRhyme_unbinned_28__MGr3G3H3I_000000090299	vRhyme_unbinned_28__MGr3G3H3I_000000090299																														KEGG	false	medium	768.0	NaN	NaN	NaN
vRhyme_unbinned_28__MGr3G3H3I_000000090299_13	vRhyme_unbinned_28__MGr3G3H3I_000000090299	vRhyme_unbinned_28__MGr3G3H3I_000000090299												PF23987.2		42.149994	0.806													PF23987.2		Pfam	false	medium	945.0	NaN	NaN	NaN
vRhyme_unbinned_28__MGr3G3H3I_000000090299_14	vRhyme_unbinned_28__MGr3G3H3I_000000090299	vRhyme_unbinned_28__MGr3G3H3I_000000090299																														KEGG	false	medium	1131.0	NaN	NaN	NaN
vRhyme_unbinned_28__MGr3G3H3I_000000090299_15	vRhyme_unbinned_28__MGr3G3H3I_000000090299	vRhyme_unbinned_28__MGr3G3H3I_000000090299																								phrog_19005		116.944519	0.861	phrog_19005		PHROG	false	medium	1464.0	NaN	NaN	NaN
vRhyme_unbinned_28__MGr3G3H3I_000000090299_16	vRhyme_unbinned_28__MGr3G3H3I_000000090299	vRhyme_unbinned_28__MGr3G3H3I_000000090299																														KEGG	false	medium	2262.0	NaN	NaN	NaN
vRhyme_unbinned_28__MGr3G3H3I_000000090299_17	vRhyme_unbinned_28__MGr3G3H3I_000000090299	vRhyme_unbinned_28__MGr3G3H3I_000000090299																														KEGG	false	medium	2481.0	NaN	NaN	NaN
vRhyme_unbinned_28__MGr3G3H3I_000000090299_18	vRhyme_unbinned_28__MGr3G3H3I_000000090299	vRhyme_unbinned_28__MGr3G3H3I_000000090299	1.15	1.73		K07168	CBS domain-containing membrane protein	94.27578	0.683	HMMsoil25269	ptsN; nitrogen PTS system EIIA component EC:2.7.1.-	69.481979	0.229	PF00571.34	CBS domain	55.373432	0.225													K07168	CBS domain-containing membrane protein	KEGG	false	medium	2811.0	NaN	NaN	NaN
vRhyme_unbinned_29__MGr3G3H3I_000000101571_1	vRhyme_unbinned_29__MGr3G3H3I_000000101571	vRhyme_unbinned_29__MGr3G3H3I_000000101571												PF21105.4		132.191422	0.506													PF21105.4		Pfam	false	medium	NaN	984.0	NaN	NaN
vRhyme_unbinned_29__MGr3G3H3I_000000101571_2	vRhyme_unbinned_29__MGr3G3H3I_000000101571	vRhyme_unbinned_29__MGr3G3H3I_000000101571	10.0	10.0		K26838	Mimiviridae cathepsin B cystein protease	211.348022	0.825					PF00112.30	Papain family cysteine protease	59.863186	0.797													K26838	Mimiviridae cathepsin B cystein protease	KEGG	false	medium	NaN	3141.0	NaN	NaN
vRhyme_unbinned_29__MGr3G3H3I_000000101571_3	vRhyme_unbinned_29__MGr3G3H3I_000000101571	vRhyme_unbinned_29__MGr3G3H3I_000000101571																														KEGG	false	medium	NaN	2388.0	NaN	NaN
vRhyme_unbinned_29__MGr3G3H3I_000000101571_4	vRhyme_unbinned_29__MGr3G3H3I_000000101571	vRhyme_unbinned_29__MGr3G3H3I_000000101571	10.0	10.0	8.71	K05785	transcriptional antiterminator RfaH	117.277527	0.801					PF02357.25	Transcription termination factor nusG	59.776356	0.453									phrog_6386	transcription antiterminator	80.031525	0.786	K05785	transcriptional antiterminator RfaH	KEGG	false	medium	NaN	603.0	NaN	NaN
vRhyme_unbinned_29__MGr3G3H3I_000000101571_5	vRhyme_unbinned_29__MGr3G3H3I_000000101571	vRhyme_unbinned_29__MGr3G3H3I_000000101571	10.0	10.0	10.0	K08678	UDP-glucuronate decarboxylase [EC:4.1.1.35]	506.2323	0.99	HMMsoil55471	UXS1, uxs; UDP-glucuronate decarboxylase EC:4.1.1.35	255.396011	0.725	PF16363.12	GDP-mannose 4,6 dehydratase	179.682968	0.955									phrog_540	nucleotide-sugar epimerase	219.99884	0.971	K08678	UDP-glucuronate decarboxylase [EC:4.1.1.35]	KEGG	false	low	NaN	939.0	NaN	NaN
vRhyme_unbinned_29__MGr3G3H3I_000000101571_6	vRhyme_unbinned_29__MGr3G3H3I_000000101571	vRhyme_unbinned_29__MGr3G3H3I_000000101571	10.0	10.0	6.26	K01950	NAD+ synthase (glutamine-hydrolysing) [EC:6.3.5.1]	524.754211	0.978	HMMsoil17393	aguB; N-carbamoylputrescine amidase EC:3.5.1.53	59.183315	0.271	PF02540.24	NAD synthase	256.326721	0.447									phrog_36784	NAD synthetase	441.357391	0.975	K01950	NAD+ synthase (glutamine-hydrolysing) [EC:6.3.5.1]	KEGG	false	medium	939.0	1671.0	NaN	NaN
vRhyme_unbinned_29__MGr3G3H3I_000000101571_7	vRhyme_unbinned_29__MGr3G3H3I_000000101571	vRhyme_unbinned_29__MGr3G3H3I_000000101571	10.0	10.0	10.0	K00612	carbamoyltransferase [EC:2.1.3.-]	483.969849	0.996					PF16861.11	Carbamoyltransferase C-terminus	160.564209	0.298									phrog_1601	Nol-like carbamoyltransferase	207.146896	0.513	K00612	carbamoyltransferase [EC:2.1.3.-]	KEGG	false	medium	1671.0	NaN	NaN	NaN
vRhyme_unbinned_29__MGr3G3H3I_000000101571_8	vRhyme_unbinned_29__MGr3G3H3I_000000101571	vRhyme_unbinned_29__MGr3G3H3I_000000101571	1.38	1.67		K07063	uncharacterized protein	91.635078	0.957					PF13470.13	PIN domain	66.245934	0.78													K07063	uncharacterized protein	KEGG	false	medium	1713.0	NaN	NaN	NaN
vRhyme_unbinned_29__MGr3G3H3I_000000101571_9	vRhyme_unbinned_29__MGr3G3H3I_000000101571	vRhyme_unbinned_29__MGr3G3H3I_000000101571																														KEGG	false	medium	2136.0	NaN	NaN	NaN
vRhyme_unbinned_2__MGr3G3H3I_000000004931_1	vRhyme_unbinned_2__MGr3G3H3I_000000004931	vRhyme_unbinned_2__MGr3G3H3I_000000004931																														KEGG	false	medium	NaN	1881.0	NaN	NaN
vRhyme_unbinned_2__MGr3G3H3I_000000004931_2	vRhyme_unbinned_2__MGr3G3H3I_000000004931	vRhyme_unbinned_2__MGr3G3H3I_000000004931																														KEGG	false	medium	NaN	1533.0	NaN	NaN
vRhyme_unbinned_2__MGr3G3H3I_000000004931_3	vRhyme_unbinned_2__MGr3G3H3I_000000004931	vRhyme_unbinned_2__MGr3G3H3I_000000004931																														KEGG	false	medium	NaN	1332.0	NaN	NaN
vRhyme_unbinned_2__MGr3G3H3I_000000004931_4	vRhyme_unbinned_2__MGr3G3H3I_000000004931	vRhyme_unbinned_2__MGr3G3H3I_000000004931																														KEGG	false	high	NaN	1032.0	NaN	NaN
vRhyme_unbinned_2__MGr3G3H3I_000000004931_5	vRhyme_unbinned_2__MGr3G3H3I_000000004931	vRhyme_unbinned_2__MGr3G3H3I_000000004931																														KEGG	false	high	NaN	576.0	NaN	NaN
vRhyme_unbinned_2__MGr3G3H3I_000000004931_6	vRhyme_unbinned_2__MGr3G3H3I_000000004931	vRhyme_unbinned_2__MGr3G3H3I_000000004931																														KEGG	false	high	NaN	327.0	NaN	NaN
vRhyme_unbinned_2__MGr3G3H3I_000000004931_7	vRhyme_unbinned_2__MGr3G3H3I_000000004931	vRhyme_unbinned_2__MGr3G3H3I_000000004931																														KEGG	false	high	NaN	174.0	NaN	NaN
vRhyme_unbinned_2__MGr3G3H3I_000000004931_8	vRhyme_unbinned_2__MGr3G3H3I_000000004931	vRhyme_unbinned_2__MGr3G3H3I_000000004931		10.0	10.0									PF06067.17	Domain of unknown function (DUF932)	156.322281	0.712									phrog_1221		205.449432	0.874	phrog_1221		PHROG	false	high	NaN	6000.0	NaN	NaN
vRhyme_unbinned_2__MGr3G3H3I_000000004931_9	vRhyme_unbinned_2__MGr3G3H3I_000000004931	vRhyme_unbinned_2__MGr3G3H3I_000000004931																														KEGG	false	high	978.0	5022.0	NaN	NaN
vRhyme_unbinned_2__MGr3G3H3I_000000004931_10	vRhyme_unbinned_2__MGr3G3H3I_000000004931	vRhyme_unbinned_2__MGr3G3H3I_000000004931																								phrog_22963		129.48848	0.701	phrog_22963		PHROG	false	medium	1623.0	4377.0	NaN	NaN
vRhyme_unbinned_2__MGr3G3H3I_000000004931_11	vRhyme_unbinned_2__MGr3G3H3I_000000004931	vRhyme_unbinned_2__MGr3G3H3I_000000004931																														KEGG	false	medium	2829.0	3171.0	NaN	NaN
vRhyme_unbinned_2__MGr3G3H3I_000000004931_12	vRhyme_unbinned_2__MGr3G3H3I_000000004931	vRhyme_unbinned_2__MGr3G3H3I_000000004931																														KEGG	false	medium	3168.0	2832.0	NaN	NaN
vRhyme_unbinned_2__MGr3G3H3I_000000004931_13	vRhyme_unbinned_2__MGr3G3H3I_000000004931	vRhyme_unbinned_2__MGr3G3H3I_000000004931																														KEGG	false	medium	3642.0	2358.0	NaN	NaN
vRhyme_unbinned_2__MGr3G3H3I_000000004931_14	vRhyme_unbinned_2__MGr3G3H3I_000000004931	vRhyme_unbinned_2__MGr3G3H3I_000000004931																														KEGG	false	medium	3846.0	2154.0	NaN	NaN
vRhyme_unbinned_2__MGr3G3H3I_000000004931_15	vRhyme_unbinned_2__MGr3G3H3I_000000004931	vRhyme_unbinned_2__MGr3G3H3I_000000004931																														KEGG	false	high	4404.0	1596.0	NaN	NaN
vRhyme_unbinned_2__MGr3G3H3I_000000004931_16	vRhyme_unbinned_2__MGr3G3H3I_000000004931	vRhyme_unbinned_2__MGr3G3H3I_000000004931																														KEGG	false	high	5202.0	798.0	NaN	NaN
vRhyme_unbinned_2__MGr3G3H3I_000000004931_17	vRhyme_unbinned_2__MGr3G3H3I_000000004931	vRhyme_unbinned_2__MGr3G3H3I_000000004931																														KEGG	false	high	5487.0	513.0	NaN	NaN
vRhyme_unbinned_2__MGr3G3H3I_000000004931_18	vRhyme_unbinned_2__MGr3G3H3I_000000004931	vRhyme_unbinned_2__MGr3G3H3I_000000004931																														KEGG	false	high	5727.0	273.0	NaN	NaN
vRhyme_unbinned_2__MGr3G3H3I_000000004931_19	vRhyme_unbinned_2__MGr3G3H3I_000000004931	vRhyme_unbinned_2__MGr3G3H3I_000000004931	10.0	10.0	10.0	K00571	site-specific DNA-methyltransferase (adenine-specific) [EC:2.1.1.72]	181.836227	0.97					PF01555.25	DNA methylase	163.395187	0.889									phrog_67	DNA methyltransferase	173.582169	0.978	K00571	site-specific DNA-methyltransferase (adenine-specific) [EC:2.1.1.72]	KEGG	false	high	6000.0	1002.0	NaN	NaN
vRhyme_unbinned_2__MGr3G3H3I_000000004931_20	vRhyme_unbinned_2__MGr3G3H3I_000000004931	vRhyme_unbinned_2__MGr3G3H3I_000000004931		0.03										PF09853.15	Putative transposon-encoded protein (DUF2080)	32.791798	0.587													PF09853.15	Putative transposon-encoded protein (DUF2080)	Pfam	false	medium	813.0	189.0	NaN	NaN
vRhyme_unbinned_2__MGr3G3H3I_000000004931_21	vRhyme_unbinned_2__MGr3G3H3I_000000004931	vRhyme_unbinned_2__MGr3G3H3I_000000004931	10.0	10.0	10.0	K07496	putative transposase	172.285126	0.923					PF07282.19	Putative transposase DNA-binding domain	74.787445	0.178									phrog_12300	transposase	147.428299	0.538	K07496	putative transposase	KEGG	false	high	1002.0	NaN	NaN	NaN
vRhyme_unbinned_2__MGr3G3H3I_000000004931_22	vRhyme_unbinned_2__MGr3G3H3I_000000004931	vRhyme_unbinned_2__MGr3G3H3I_000000004931																														KEGG	false	medium	1131.0	NaN	NaN	NaN
vRhyme_unbinned_2__MGr3G3H3I_000000004931_23	vRhyme_unbinned_2__MGr3G3H3I_000000004931	vRhyme_unbinned_2__MGr3G3H3I_000000004931																														KEGG	false	medium	1272.0	NaN	NaN	NaN
vRhyme_unbinned_2__MGr3G3H3I_000000004931_24	vRhyme_unbinned_2__MGr3G3H3I_000000004931	vRhyme_unbinned_2__MGr3G3H3I_000000004931																														KEGG	false	medium	1563.0	NaN	NaN	NaN
vRhyme_unbinned_2__MGr3G3H3I_000000004931_25	vRhyme_unbinned_2__MGr3G3H3I_000000004931	vRhyme_unbinned_2__MGr3G3H3I_000000004931		10.0										PF12961.14	Domain of unknown function (DUF3850)	59.327194	0.775													PF12961.14	Domain of unknown function (DUF3850)	Pfam	false	medium	1881.0	NaN	NaN	NaN
vRhyme_unbinned_2__MGr3G3H3I_000000004931_26	vRhyme_unbinned_2__MGr3G3H3I_000000004931	vRhyme_unbinned_2__MGr3G3H3I_000000004931																														KEGG	false	medium	306.0	NaN	NaN	NaN
vRhyme_unbinned_2__MGr3G3H3I_000000004931_27	vRhyme_unbinned_2__MGr3G3H3I_000000004931	vRhyme_unbinned_2__MGr3G3H3I_000000004931																														KEGG	false	medium	1290.0	NaN	NaN	NaN
vRhyme_unbinned_2__MGr3G3H3I_000000004931_28	vRhyme_unbinned_2__MGr3G3H3I_000000004931	vRhyme_unbinned_2__MGr3G3H3I_000000004931																														KEGG	false	medium	1587.0	NaN	NaN	NaN
vRhyme_unbinned_2__MGr3G3H3I_000000004931_29	vRhyme_unbinned_2__MGr3G3H3I_000000004931	vRhyme_unbinned_2__MGr3G3H3I_000000004931																														KEGG	false	medium	3282.0	NaN	NaN	NaN
vRhyme_unbinned_2__MGr3G3H3I_000000004931_30	vRhyme_unbinned_2__MGr3G3H3I_000000004931	vRhyme_unbinned_2__MGr3G3H3I_000000004931																														KEGG	false	medium	3474.0	NaN	NaN	NaN
vRhyme_unbinned_2__MGr3G3H3I_000000004931_31	vRhyme_unbinned_2__MGr3G3H3I_000000004931	vRhyme_unbinned_2__MGr3G3H3I_000000004931																														KEGG	false	medium	3663.0	NaN	NaN	NaN
vRhyme_unbinned_30__MGr3G3H3I_000000102693_1	vRhyme_unbinned_30__MGr3G3H3I_000000102693	vRhyme_unbinned_30__MGr3G3H3I_000000102693																														KEGG	false	medium	NaN	825.0	NaN	NaN
vRhyme_unbinned_30__MGr3G3H3I_000000102693_2	vRhyme_unbinned_30__MGr3G3H3I_000000102693	vRhyme_unbinned_30__MGr3G3H3I_000000102693																														KEGG	false	medium	NaN	588.0	NaN	NaN
vRhyme_unbinned_30__MGr3G3H3I_000000102693_3	vRhyme_unbinned_30__MGr3G3H3I_000000102693	vRhyme_unbinned_30__MGr3G3H3I_000000102693																														KEGG	false	medium	NaN	228.0	NaN	NaN
vRhyme_unbinned_30__MGr3G3H3I_000000102693_4	vRhyme_unbinned_30__MGr3G3H3I_000000102693	vRhyme_unbinned_30__MGr3G3H3I_000000102693	10.0	10.0	10.0	K08309	soluble lytic murein transglycosylase [EC:4.2.2.-]	94.318718	0.67					PF01464.26	Transglycosylase SLT domain	73.303665	0.54	GH23	lysozyme type G (EC 3.2.1.17); peptidoglycan lyase (EC 4.2.2.n1) also known in the literature as peptidoglycan lytic transglycosylase; chitinase (EC 3.2.1.14)	66.55011	0.6					phrog_669	endolysin	73.460663	0.68	K08309	soluble lytic murein transglycosylase [EC:4.2.2.-]	KEGG	false	high	NaN	4329.0	NaN	NaN
vRhyme_unbinned_30__MGr3G3H3I_000000102693_5	vRhyme_unbinned_30__MGr3G3H3I_000000102693	vRhyme_unbinned_30__MGr3G3H3I_000000102693																														KEGG	false	high	600.0	3729.0	NaN	NaN
vRhyme_unbinned_30__MGr3G3H3I_000000102693_6	vRhyme_unbinned_30__MGr3G3H3I_000000102693	vRhyme_unbinned_30__MGr3G3H3I_000000102693																														KEGG	false	high	1710.0	2619.0	NaN	NaN
vRhyme_unbinned_30__MGr3G3H3I_000000102693_7	vRhyme_unbinned_30__MGr3G3H3I_000000102693	vRhyme_unbinned_30__MGr3G3H3I_000000102693																														KEGG	false	high	2028.0	2301.0	NaN	2802.0
vRhyme_unbinned_30__MGr3G3H3I_000000102693_8	vRhyme_unbinned_30__MGr3G3H3I_000000102693	vRhyme_unbinned_30__MGr3G3H3I_000000102693																														KEGG	false	high	2544.0	1785.0	NaN	2169.0
vRhyme_unbinned_30__MGr3G3H3I_000000102693_9	vRhyme_unbinned_30__MGr3G3H3I_000000102693	vRhyme_unbinned_30__MGr3G3H3I_000000102693								HMMsoil46113	E3.2.1.17; lysozyme EC:3.2.1.17	22.234873	0.53													phrog_33534		61.312172	0.53	phrog_33534		PHROG	false	high	3876.0	453.0	NaN	1410.0
vRhyme_unbinned_30__MGr3G3H3I_000000102693_10	vRhyme_unbinned_30__MGr3G3H3I_000000102693	vRhyme_unbinned_30__MGr3G3H3I_000000102693		10.0	10.0									PF07087.17	Protein of unknown function (DUF1353)	75.715088	0.563									phrog_1158	tail assembly chaperone	88.269089	0.709	phrog_1158	tail assembly chaperone	PHROG	false	high	4329.0	NaN	NaN	1206.0
vRhyme_unbinned_30__MGr3G3H3I_000000102693_11	vRhyme_unbinned_30__MGr3G3H3I_000000102693	vRhyme_unbinned_30__MGr3G3H3I_000000102693																														KEGG	false	high	474.0	NaN	NaN	942.0
vRhyme_unbinned_30__MGr3G3H3I_000000102693_12	vRhyme_unbinned_30__MGr3G3H3I_000000102693	vRhyme_unbinned_30__MGr3G3H3I_000000102693																														KEGG	false	high	735.0	NaN	NaN	780.0
vRhyme_unbinned_30__MGr3G3H3I_000000102693_13	vRhyme_unbinned_30__MGr3G3H3I_000000102693	vRhyme_unbinned_30__MGr3G3H3I_000000102693																														KEGG	false	high	1041.0	NaN	NaN	546.0
vRhyme_unbinned_30__MGr3G3H3I_000000102693_14	vRhyme_unbinned_30__MGr3G3H3I_000000102693	vRhyme_unbinned_30__MGr3G3H3I_000000102693																														KEGG	false	high	1455.0	NaN	NaN	NaN
vRhyme_unbinned_30__MGr3G3H3I_000000102693_15	vRhyme_unbinned_30__MGr3G3H3I_000000102693	vRhyme_unbinned_30__MGr3G3H3I_000000102693																														KEGG	false	high	1956.0	NaN	630.0	NaN
vRhyme_unbinned_30__MGr3G3H3I_000000102693_16	vRhyme_unbinned_30__MGr3G3H3I_000000102693	vRhyme_unbinned_30__MGr3G3H3I_000000102693																														KEGG	false	high	2109.0	NaN	1296.0	NaN
vRhyme_unbinned_30__MGr3G3H3I_000000102693_17	vRhyme_unbinned_30__MGr3G3H3I_000000102693	vRhyme_unbinned_30__MGr3G3H3I_000000102693																														KEGG	false	high	2397.0	NaN	3858.0	NaN
vRhyme_unbinned_30__MGr3G3H3I_000000102693_18	vRhyme_unbinned_30__MGr3G3H3I_000000102693	vRhyme_unbinned_30__MGr3G3H3I_000000102693																														KEGG	false	high	3495.0	NaN	7089.0	NaN
vRhyme_unbinned_30__MGr3G3H3I_000000102693_19	vRhyme_unbinned_30__MGr3G3H3I_000000102693	vRhyme_unbinned_30__MGr3G3H3I_000000102693																														KEGG	false	high	3750.0	NaN	7284.0	NaN
vRhyme_unbinned_30__MGr3G3H3I_000000102693_20	vRhyme_unbinned_30__MGr3G3H3I_000000102693	vRhyme_unbinned_30__MGr3G3H3I_000000102693																														KEGG	false	high	4077.0	NaN	NaN	NaN
vRhyme_unbinned_30__MGr3G3H3I_000000102693_21	vRhyme_unbinned_30__MGr3G3H3I_000000102693	vRhyme_unbinned_30__MGr3G3H3I_000000102693																														KEGG	false	high	4317.0	NaN	NaN	NaN
vRhyme_unbinned_30__MGr3G3H3I_000000102693_22	vRhyme_unbinned_30__MGr3G3H3I_000000102693	vRhyme_unbinned_30__MGr3G3H3I_000000102693																														KEGG	false	high	4587.0	NaN	NaN	NaN
vRhyme_unbinned_30__MGr3G3H3I_000000102693_23	vRhyme_unbinned_30__MGr3G3H3I_000000102693	vRhyme_unbinned_30__MGr3G3H3I_000000102693								HMMsoil125549		16.044058	0.217																	HMMsoil125549		FOAM	false	high	5301.0	NaN	NaN	NaN
vRhyme_unbinned_30__MGr3G3H3I_000000102693_24	vRhyme_unbinned_30__MGr3G3H3I_000000102693	vRhyme_unbinned_30__MGr3G3H3I_000000102693																														KEGG	false	high	6228.0	NaN	NaN	NaN
vRhyme_unbinned_30__MGr3G3H3I_000000102693_25	vRhyme_unbinned_30__MGr3G3H3I_000000102693	vRhyme_unbinned_30__MGr3G3H3I_000000102693																														KEGG	false	high	7011.0	NaN	NaN	NaN
vRhyme_unbinned_30__MGr3G3H3I_000000102693_26	vRhyme_unbinned_30__MGr3G3H3I_000000102693	vRhyme_unbinned_30__MGr3G3H3I_000000102693																														KEGG	false	high	7848.0	NaN	NaN	NaN
vRhyme_unbinned_31__MGr3G3H3I_000000103998_1	vRhyme_unbinned_31__MGr3G3H3I_000000103998	vRhyme_unbinned_31__MGr3G3H3I_000000103998	10.0	10.0	2.93	K11527	two-component system, sensor histidine kinase and response regulator [EC:2.7.13.3]	624.203918	0.857	HMMsoil470	hk1; two-component system, glycerol uptake and utilization sensor kinase EC:2.7.13.3	161.134201	0.18	PF02518.32	Histidine kinase-, DNA gyrase B-, and HSP90-like ATPase	109.541382	0.185									phrog_20458		437.849792	0.654	K11527	two-component system, sensor histidine kinase and response regulator [EC:2.7.13.3]	KEGG	false	low	NaN	2445.0	NaN	16809.0
vRhyme_unbinned_31__MGr3G3H3I_000000103998_2	vRhyme_unbinned_31__MGr3G3H3I_000000103998	vRhyme_unbinned_31__MGr3G3H3I_000000103998	0.04	0.06		K06024	segregation and condensation protein B	105.684944	0.807					PF04079.23	Segregation and condensation complex subunit ScpB	83.151115	0.781													K06024	segregation and condensation protein B	KEGG	false	low	NaN	561.0	NaN	16191.0
vRhyme_unbinned_31__MGr3G3H3I_000000103998_3	vRhyme_unbinned_31__MGr3G3H3I_000000103998	vRhyme_unbinned_31__MGr3G3H3I_000000103998	10.0	10.0	10.0	K04763	integrase/recombinase XerD	105.707031	0.702					PF00589.28	Phage integrase family	63.613274	0.317									phrog_1	integrase	184.678635	0.928	phrog_1	integrase	PHROG	false	low	NaN	2886.0	NaN	15729.0
vRhyme_unbinned_31__MGr3G3H3I_000000103998_4	vRhyme_unbinned_31__MGr3G3H3I_000000103998	vRhyme_unbinned_31__MGr3G3H3I_000000103998																														KEGG	false	medium	1287.0	1599.0	NaN	15498.0
vRhyme_unbinned_31__MGr3G3H3I_000000103998_5	vRhyme_unbinned_31__MGr3G3H3I_000000103998	vRhyme_unbinned_31__MGr3G3H3I_000000103998																														KEGG	false	medium	1938.0	948.0	NaN	15279.0
vRhyme_unbinned_31__MGr3G3H3I_000000103998_6	vRhyme_unbinned_31__MGr3G3H3I_000000103998	vRhyme_unbinned_31__MGr3G3H3I_000000103998																														KEGG	false	medium	2163.0	723.0	NaN	14970.0
vRhyme_unbinned_31__MGr3G3H3I_000000103998_7	vRhyme_unbinned_31__MGr3G3H3I_000000103998	vRhyme_unbinned_31__MGr3G3H3I_000000103998	10.0	10.0	10.0	K07505	regulatory protein RepA	70.713699	0.506					PF13481.13	AAA domain	111.382187	0.405									phrog_2850		149.563004	0.613	phrog_2850		PHROG	false	medium	2886.0	NaN	NaN	14646.0
vRhyme_unbinned_31__MGr3G3H3I_000000103998_8	vRhyme_unbinned_31__MGr3G3H3I_000000103998	vRhyme_unbinned_31__MGr3G3H3I_000000103998																														KEGG	false	medium	1179.0	NaN	NaN	14310.0
vRhyme_unbinned_31__MGr3G3H3I_000000103998_9	vRhyme_unbinned_31__MGr3G3H3I_000000103998	vRhyme_unbinned_31__MGr3G3H3I_000000103998																														KEGG	false	medium	1542.0	NaN	NaN	11286.0
vRhyme_unbinned_31__MGr3G3H3I_000000103998_10	vRhyme_unbinned_31__MGr3G3H3I_000000103998	vRhyme_unbinned_31__MGr3G3H3I_000000103998																														KEGG	false	medium	1671.0	NaN	NaN	11004.0
vRhyme_unbinned_31__MGr3G3H3I_000000103998_11	vRhyme_unbinned_31__MGr3G3H3I_000000103998	vRhyme_unbinned_31__MGr3G3H3I_000000103998																														KEGG	false	medium	1920.0	NaN	NaN	10623.0
vRhyme_unbinned_31__MGr3G3H3I_000000103998_12	vRhyme_unbinned_31__MGr3G3H3I_000000103998	vRhyme_unbinned_31__MGr3G3H3I_000000103998																														KEGG	false	medium	2142.0	NaN	NaN	9129.0
vRhyme_unbinned_31__MGr3G3H3I_000000103998_13	vRhyme_unbinned_31__MGr3G3H3I_000000103998	vRhyme_unbinned_31__MGr3G3H3I_000000103998																														KEGG	false	medium	2367.0	NaN	NaN	8688.0
vRhyme_unbinned_31__MGr3G3H3I_000000103998_14	vRhyme_unbinned_31__MGr3G3H3I_000000103998	vRhyme_unbinned_31__MGr3G3H3I_000000103998																														KEGG	false	medium	2745.0	NaN	NaN	8217.0
vRhyme_unbinned_31__MGr3G3H3I_000000103998_15	vRhyme_unbinned_31__MGr3G3H3I_000000103998	vRhyme_unbinned_31__MGr3G3H3I_000000103998																														KEGG	false	medium	3009.0	NaN	NaN	7794.0
vRhyme_unbinned_31__MGr3G3H3I_000000103998_16	vRhyme_unbinned_31__MGr3G3H3I_000000103998	vRhyme_unbinned_31__MGr3G3H3I_000000103998																														KEGG	false	medium	3327.0	NaN	NaN	7572.0
vRhyme_unbinned_31__MGr3G3H3I_000000103998_17	vRhyme_unbinned_31__MGr3G3H3I_000000103998	vRhyme_unbinned_31__MGr3G3H3I_000000103998																														KEGG	false	medium	3774.0	NaN	NaN	6978.0
vRhyme_unbinned_31__MGr3G3H3I_000000103998_18	vRhyme_unbinned_31__MGr3G3H3I_000000103998	vRhyme_unbinned_31__MGr3G3H3I_000000103998																														KEGG	false	medium	4425.0	NaN	NaN	6759.0
vRhyme_unbinned_31__MGr3G3H3I_000000103998_19	vRhyme_unbinned_31__MGr3G3H3I_000000103998	vRhyme_unbinned_31__MGr3G3H3I_000000103998																														KEGG	false	medium	4830.0	NaN	NaN	6273.0
vRhyme_unbinned_31__MGr3G3H3I_000000103998_20	vRhyme_unbinned_31__MGr3G3H3I_000000103998	vRhyme_unbinned_31__MGr3G3H3I_000000103998																														KEGG	false	medium	4974.0	NaN	NaN	3996.0
vRhyme_unbinned_31__MGr3G3H3I_000000103998_21	vRhyme_unbinned_31__MGr3G3H3I_000000103998	vRhyme_unbinned_31__MGr3G3H3I_000000103998																														KEGG	false	medium	5166.0	NaN	NaN	3597.0
vRhyme_unbinned_31__MGr3G3H3I_000000103998_22	vRhyme_unbinned_31__MGr3G3H3I_000000103998	vRhyme_unbinned_31__MGr3G3H3I_000000103998																														KEGG	false	medium	5529.0	NaN	NaN	3387.0
vRhyme_unbinned_31__MGr3G3H3I_000000103998_23	vRhyme_unbinned_31__MGr3G3H3I_000000103998	vRhyme_unbinned_31__MGr3G3H3I_000000103998	0.52	0.52		K03937	NADH dehydrogenase (ubiquinone) Fe-S protein 4	99.533287	0.913	HMMsoil4371	NDUFS4; NADH dehydrogenase (ubiquinone) Fe-S protein 4	114.705902	0.981	PF04800.18	NADH dehydrogenase ubiquinone Fe-S protein 4	108.952316	0.923													HMMsoil4371	NDUFS4; NADH dehydrogenase (ubiquinone) Fe-S protein 4	FOAM	false	low	5949.0	NaN	NaN	2028.0
vRhyme_unbinned_31__MGr3G3H3I_000000103998_24	vRhyme_unbinned_31__MGr3G3H3I_000000103998	vRhyme_unbinned_31__MGr3G3H3I_000000103998	6.01	5.59		K09005	uncharacterized protein	156.313126	0.873					PF02643.21	Uncharacterized ACR, COG1430	116.37252	0.669													K09005	uncharacterized protein	KEGG	false	medium	6261.0	NaN	NaN	1650.0
vRhyme_unbinned_31__MGr3G3H3I_000000103998_25	vRhyme_unbinned_31__MGr3G3H3I_000000103998	vRhyme_unbinned_31__MGr3G3H3I_000000103998		10.0										PF00313.29	Cold-shock' DNA-binding domain	55.575245	0.344													PF00313.29	Cold-shock' DNA-binding domain	Pfam	false	medium	6732.0	NaN	NaN	1248.0
vRhyme_unbinned_31__MGr3G3H3I_000000103998_26	vRhyme_unbinned_31__MGr3G3H3I_000000103998	vRhyme_unbinned_31__MGr3G3H3I_000000103998	4.42	4.46	1.22	K09251	putrescine aminotransferase [EC:2.6.1.82]	410.980804	0.883	HMMsoil34373	rocD, OAT; ornithine--oxo-acid transaminase EC:2.6.1.13	500.89801	0.654	PF00202.28	Aminotransferase class-III	299.407043	0.809									phrog_2736	aminotransferase	105.835152	0.79	HMMsoil34373	rocD, OAT; ornithine--oxo-acid transaminase EC:2.6.1.13	FOAM	false	low	549.0	NaN	NaN	1029.0
vRhyme_unbinned_31__MGr3G3H3I_000000103998_27	vRhyme_unbinned_31__MGr3G3H3I_000000103998	vRhyme_unbinned_31__MGr3G3H3I_000000103998																														KEGG	false	medium	2007.0	NaN	NaN	648.0
vRhyme_unbinned_31__MGr3G3H3I_000000103998_28	vRhyme_unbinned_31__MGr3G3H3I_000000103998	vRhyme_unbinned_31__MGr3G3H3I_000000103998																														KEGG	false	medium	2550.0	NaN	NaN	438.0
vRhyme_unbinned_32__MGr3G3H3I_000000112980_1	vRhyme_unbinned_32__MGr3G3H3I_000000112980	vRhyme_unbinned_32__MGr3G3H3I_000000112980																														KEGG	false	high	NaN	1377.0	NaN	NaN
vRhyme_unbinned_32__MGr3G3H3I_000000112980_2	vRhyme_unbinned_32__MGr3G3H3I_000000112980	vRhyme_unbinned_32__MGr3G3H3I_000000112980																														KEGG	false	high	NaN	1263.0	NaN	NaN
vRhyme_unbinned_32__MGr3G3H3I_000000112980_3	vRhyme_unbinned_32__MGr3G3H3I_000000112980	vRhyme_unbinned_32__MGr3G3H3I_000000112980																														KEGG	false	high	NaN	318.0	NaN	NaN
vRhyme_unbinned_32__MGr3G3H3I_000000112980_4	vRhyme_unbinned_32__MGr3G3H3I_000000112980	vRhyme_unbinned_32__MGr3G3H3I_000000112980	10.0	10.0		K01156	type III restriction enzyme [EC:3.1.21.5]	411.691956	0.922					PF04851.22	Type III restriction enzyme, res subunit	53.710175	0.261													K01156	type III restriction enzyme [EC:3.1.21.5]	KEGG	false	medium	NaN	2619.0	NaN	NaN
vRhyme_unbinned_32__MGr3G3H3I_000000112980_5	vRhyme_unbinned_32__MGr3G3H3I_000000112980	vRhyme_unbinned_32__MGr3G3H3I_000000112980	10.0	10.0	10.0	K07316	adenine-specific DNA-methyltransferase [EC:2.1.1.72]	307.087677	0.749					PF01555.25	DNA methylase	143.16507	0.476									phrog_67	DNA methyltransferase	173.929291	0.54	K07316	adenine-specific DNA-methyltransferase [EC:2.1.1.72]	KEGG	false	medium	NaN	1911.0	NaN	NaN
vRhyme_unbinned_32__MGr3G3H3I_000000112980_6	vRhyme_unbinned_32__MGr3G3H3I_000000112980	vRhyme_unbinned_32__MGr3G3H3I_000000112980	10.0	10.0		K07459	putative ATP-dependent endonuclease of the OLD family	263.344116	0.964					PF13175.13	AAA ATPase domain	38.582256	0.085													K07459	putative ATP-dependent endonuclease of the OLD family	KEGG	false	medium	1911.0	1833.0	NaN	NaN
vRhyme_unbinned_32__MGr3G3H3I_000000112980_7	vRhyme_unbinned_32__MGr3G3H3I_000000112980	vRhyme_unbinned_32__MGr3G3H3I_000000112980	10.0	10.0		K03657	ATP-dependent DNA helicase UvrD/PcrA [EC:5.6.2.4]	171.680969	0.962					PF00580.28	UvrD/REP helicase N-terminal domain	43.122936	0.189													K03657	ATP-dependent DNA helicase UvrD/PcrA [EC:5.6.2.4]	KEGG	false	high	1833.0	2370.0	NaN	NaN
vRhyme_unbinned_32__MGr3G3H3I_000000112980_8	vRhyme_unbinned_32__MGr3G3H3I_000000112980	vRhyme_unbinned_32__MGr3G3H3I_000000112980																														KEGG	false	high	1716.0	654.0	NaN	NaN
vRhyme_unbinned_32__MGr3G3H3I_000000112980_9	vRhyme_unbinned_32__MGr3G3H3I_000000112980	vRhyme_unbinned_32__MGr3G3H3I_000000112980		10.0	10.0					HMMsoil126373	ade; adenine deaminase EC:3.5.4.2	65.850212	0.142	PF06114.20	IrrE N-terminal-like domain	67.776894	0.317									phrog_2439	transcriptional regulator	270.702271	0.902	phrog_2439	transcriptional regulator	PHROG	false	high	2370.0	1830.0	NaN	NaN
vRhyme_unbinned_32__MGr3G3H3I_000000112980_10	vRhyme_unbinned_32__MGr3G3H3I_000000112980	vRhyme_unbinned_32__MGr3G3H3I_000000112980		1.38										PF09509.16	Protein of unknown function (Hypoth_ymh)	79.592636	0.471													PF09509.16	Protein of unknown function (Hypoth_ymh)	Pfam	false	high	1098.0	732.0	NaN	NaN
vRhyme_unbinned_32__MGr3G3H3I_000000112980_11	vRhyme_unbinned_32__MGr3G3H3I_000000112980	vRhyme_unbinned_32__MGr3G3H3I_000000112980	10.0	10.0	10.0	K14059	integrase	159.242828	0.92					PF00589.28	Phage integrase family	59.818901	0.426									phrog_1	integrase	177.177536	0.947	phrog_1	integrase	PHROG	false	high	1830.0	NaN	NaN	NaN
vRhyme_unbinned_33__MGr3G3H3I_000000117414_1	vRhyme_unbinned_33__MGr3G3H3I_000000117414	vRhyme_unbinned_33__MGr3G3H3I_000000117414																														KEGG	false	high	NaN	768.0	NaN	NaN
vRhyme_unbinned_33__MGr3G3H3I_000000117414_2	vRhyme_unbinned_33__MGr3G3H3I_000000117414	vRhyme_unbinned_33__MGr3G3H3I_000000117414	10.0	10.0	10.0	K14059	integrase	179.172455	0.854					PF00589.28	Phage integrase family	75.210884	0.424									phrog_1	integrase	200.219818	0.904	phrog_1	integrase	PHROG	false	medium	NaN	NaN	NaN	NaN
vRhyme_unbinned_33__MGr3G3H3I_000000117414_3	vRhyme_unbinned_33__MGr3G3H3I_000000117414	vRhyme_unbinned_33__MGr3G3H3I_000000117414																														KEGG	false	high	1188.0	NaN	NaN	NaN
vRhyme_unbinned_33__MGr3G3H3I_000000117414_4	vRhyme_unbinned_33__MGr3G3H3I_000000117414	vRhyme_unbinned_33__MGr3G3H3I_000000117414																														KEGG	false	high	4263.0	NaN	NaN	NaN
vRhyme_unbinned_33__MGr3G3H3I_000000117414_5	vRhyme_unbinned_33__MGr3G3H3I_000000117414	vRhyme_unbinned_33__MGr3G3H3I_000000117414																														KEGG	false	high	7842.0	NaN	NaN	NaN
vRhyme_unbinned_34__MGr3G3H3I_000000119619_1	vRhyme_unbinned_34__MGr3G3H3I_000000119619	vRhyme_unbinned_34__MGr3G3H3I_000000119619																														KEGG	false	high	NaN	2301.0	NaN	NaN
vRhyme_unbinned_34__MGr3G3H3I_000000119619_2	vRhyme_unbinned_34__MGr3G3H3I_000000119619	vRhyme_unbinned_34__MGr3G3H3I_000000119619																														KEGG	false	high	NaN	1890.0	NaN	NaN
vRhyme_unbinned_34__MGr3G3H3I_000000119619_3	vRhyme_unbinned_34__MGr3G3H3I_000000119619	vRhyme_unbinned_34__MGr3G3H3I_000000119619																								phrog_7162	glycosyltransferase	50.224373	0.671	phrog_7162	glycosyltransferase	PHROG	false	high	NaN	1569.0	NaN	NaN
vRhyme_unbinned_34__MGr3G3H3I_000000119619_4	vRhyme_unbinned_34__MGr3G3H3I_000000119619	vRhyme_unbinned_34__MGr3G3H3I_000000119619																														KEGG	false	high	NaN	540.0	NaN	NaN
vRhyme_unbinned_34__MGr3G3H3I_000000119619_5	vRhyme_unbinned_34__MGr3G3H3I_000000119619	vRhyme_unbinned_34__MGr3G3H3I_000000119619		10.0	10.0									PF05876.19	Phage terminase large subunit gpA, ATPase domain	41.971172	0.334									phrog_675	terminase large subunit	306.492889	0.935	phrog_675	terminase large subunit	PHROG	false	high	NaN	4128.0	NaN	NaN
vRhyme_unbinned_34__MGr3G3H3I_000000119619_6	vRhyme_unbinned_34__MGr3G3H3I_000000119619	vRhyme_unbinned_34__MGr3G3H3I_000000119619																														KEGG	false	high	1581.0	2547.0	NaN	NaN
vRhyme_unbinned_34__MGr3G3H3I_000000119619_7	vRhyme_unbinned_34__MGr3G3H3I_000000119619	vRhyme_unbinned_34__MGr3G3H3I_000000119619																														KEGG	false	high	1836.0	2292.0	NaN	NaN
vRhyme_unbinned_34__MGr3G3H3I_000000119619_8	vRhyme_unbinned_34__MGr3G3H3I_000000119619	vRhyme_unbinned_34__MGr3G3H3I_000000119619		10.0	10.0									PF04233.20	Phage Mu protein F like protein	38.388496	0.376									phrog_115	minor head protein	130.860046	0.781	phrog_115	minor head protein	PHROG	false	high	4128.0	NaN	NaN	NaN
vRhyme_unbinned_34__MGr3G3H3I_000000119619_9	vRhyme_unbinned_34__MGr3G3H3I_000000119619	vRhyme_unbinned_34__MGr3G3H3I_000000119619																														KEGG	false	high	918.0	NaN	NaN	NaN
vRhyme_unbinned_34__MGr3G3H3I_000000119619_10	vRhyme_unbinned_34__MGr3G3H3I_000000119619	vRhyme_unbinned_34__MGr3G3H3I_000000119619																														KEGG	false	high	1032.0	NaN	NaN	NaN
vRhyme_unbinned_34__MGr3G3H3I_000000119619_11	vRhyme_unbinned_34__MGr3G3H3I_000000119619	vRhyme_unbinned_34__MGr3G3H3I_000000119619																														KEGG	false	high	1317.0	NaN	NaN	NaN
vRhyme_unbinned_34__MGr3G3H3I_000000119619_12	vRhyme_unbinned_34__MGr3G3H3I_000000119619	vRhyme_unbinned_34__MGr3G3H3I_000000119619																														KEGG	false	high	1542.0	NaN	NaN	NaN
vRhyme_unbinned_34__MGr3G3H3I_000000119619_13	vRhyme_unbinned_34__MGr3G3H3I_000000119619	vRhyme_unbinned_34__MGr3G3H3I_000000119619																														KEGG	false	high	1731.0	NaN	NaN	NaN
vRhyme_unbinned_34__MGr3G3H3I_000000119619_14	vRhyme_unbinned_34__MGr3G3H3I_000000119619	vRhyme_unbinned_34__MGr3G3H3I_000000119619																														KEGG	false	high	3171.0	NaN	NaN	NaN
vRhyme_unbinned_34__MGr3G3H3I_000000119619_15	vRhyme_unbinned_34__MGr3G3H3I_000000119619	vRhyme_unbinned_34__MGr3G3H3I_000000119619												PF25209.2		35.311256	0.557													PF25209.2		Pfam	false	high	3636.0	NaN	NaN	NaN
vRhyme_unbinned_34__MGr3G3H3I_000000119619_16	vRhyme_unbinned_34__MGr3G3H3I_000000119619	vRhyme_unbinned_34__MGr3G3H3I_000000119619																														KEGG	false	high	4944.0	NaN	NaN	NaN
vRhyme_unbinned_34__MGr3G3H3I_000000119619_17	vRhyme_unbinned_34__MGr3G3H3I_000000119619	vRhyme_unbinned_34__MGr3G3H3I_000000119619																														KEGG	false	high	5574.0	NaN	NaN	NaN
vRhyme_unbinned_34__MGr3G3H3I_000000119619_18	vRhyme_unbinned_34__MGr3G3H3I_000000119619	vRhyme_unbinned_34__MGr3G3H3I_000000119619																														KEGG	false	high	5943.0	NaN	NaN	NaN
vRhyme_unbinned_34__MGr3G3H3I_000000119619_19	vRhyme_unbinned_34__MGr3G3H3I_000000119619	vRhyme_unbinned_34__MGr3G3H3I_000000119619																														KEGG	false	high	6633.0	NaN	NaN	NaN
vRhyme_unbinned_34__MGr3G3H3I_000000119619_20	vRhyme_unbinned_34__MGr3G3H3I_000000119619	vRhyme_unbinned_34__MGr3G3H3I_000000119619																														KEGG	false	high	7017.0	NaN	NaN	NaN
vRhyme_unbinned_34__MGr3G3H3I_000000119619_21	vRhyme_unbinned_34__MGr3G3H3I_000000119619	vRhyme_unbinned_34__MGr3G3H3I_000000119619																														KEGG	false	high	7599.0	NaN	NaN	NaN
vRhyme_unbinned_34__MGr3G3H3I_000000119619_22	vRhyme_unbinned_34__MGr3G3H3I_000000119619	vRhyme_unbinned_34__MGr3G3H3I_000000119619																														KEGG	false	high	8211.0	NaN	NaN	NaN
vRhyme_unbinned_35__MGr3G3H3I_000000124827_1	vRhyme_unbinned_35__MGr3G3H3I_000000124827	vRhyme_unbinned_35__MGr3G3H3I_000000124827																														KEGG	false	medium	NaN	NaN	NaN	18228.0
vRhyme_unbinned_35__MGr3G3H3I_000000124827_2	vRhyme_unbinned_35__MGr3G3H3I_000000124827	vRhyme_unbinned_35__MGr3G3H3I_000000124827																														KEGG	false	medium	NaN	NaN	NaN	17709.0
vRhyme_unbinned_35__MGr3G3H3I_000000124827_3	vRhyme_unbinned_35__MGr3G3H3I_000000124827	vRhyme_unbinned_35__MGr3G3H3I_000000124827																														KEGG	false	medium	NaN	NaN	NaN	17514.0
vRhyme_unbinned_35__MGr3G3H3I_000000124827_4	vRhyme_unbinned_35__MGr3G3H3I_000000124827	vRhyme_unbinned_35__MGr3G3H3I_000000124827																														KEGG	false	medium	NaN	NaN	NaN	16515.0
vRhyme_unbinned_35__MGr3G3H3I_000000124827_5	vRhyme_unbinned_35__MGr3G3H3I_000000124827	vRhyme_unbinned_35__MGr3G3H3I_000000124827																														KEGG	false	medium	NaN	NaN	NaN	16326.0
vRhyme_unbinned_35__MGr3G3H3I_000000124827_6	vRhyme_unbinned_35__MGr3G3H3I_000000124827	vRhyme_unbinned_35__MGr3G3H3I_000000124827																														KEGG	false	medium	NaN	NaN	NaN	16173.0
vRhyme_unbinned_35__MGr3G3H3I_000000124827_7	vRhyme_unbinned_35__MGr3G3H3I_000000124827	vRhyme_unbinned_35__MGr3G3H3I_000000124827																														KEGG	false	medium	NaN	NaN	NaN	16041.0
vRhyme_unbinned_35__MGr3G3H3I_000000124827_8	vRhyme_unbinned_35__MGr3G3H3I_000000124827	vRhyme_unbinned_35__MGr3G3H3I_000000124827																														KEGG	false	medium	NaN	NaN	NaN	14847.0
vRhyme_unbinned_35__MGr3G3H3I_000000124827_9	vRhyme_unbinned_35__MGr3G3H3I_000000124827	vRhyme_unbinned_35__MGr3G3H3I_000000124827																														KEGG	false	medium	NaN	NaN	NaN	14673.0
vRhyme_unbinned_35__MGr3G3H3I_000000124827_10	vRhyme_unbinned_35__MGr3G3H3I_000000124827	vRhyme_unbinned_35__MGr3G3H3I_000000124827																														KEGG	false	medium	NaN	NaN	NaN	13608.0
vRhyme_unbinned_35__MGr3G3H3I_000000124827_11	vRhyme_unbinned_35__MGr3G3H3I_000000124827	vRhyme_unbinned_35__MGr3G3H3I_000000124827																														KEGG	false	medium	NaN	NaN	NaN	13374.0
vRhyme_unbinned_35__MGr3G3H3I_000000124827_12	vRhyme_unbinned_35__MGr3G3H3I_000000124827	vRhyme_unbinned_35__MGr3G3H3I_000000124827																														KEGG	false	medium	NaN	NaN	NaN	13125.0
vRhyme_unbinned_35__MGr3G3H3I_000000124827_13	vRhyme_unbinned_35__MGr3G3H3I_000000124827	vRhyme_unbinned_35__MGr3G3H3I_000000124827																														KEGG	false	medium	NaN	NaN	NaN	12888.0
vRhyme_unbinned_35__MGr3G3H3I_000000124827_14	vRhyme_unbinned_35__MGr3G3H3I_000000124827	vRhyme_unbinned_35__MGr3G3H3I_000000124827																														KEGG	false	medium	NaN	NaN	NaN	12660.0
vRhyme_unbinned_35__MGr3G3H3I_000000124827_15	vRhyme_unbinned_35__MGr3G3H3I_000000124827	vRhyme_unbinned_35__MGr3G3H3I_000000124827																														KEGG	false	medium	NaN	NaN	NaN	12456.0
vRhyme_unbinned_35__MGr3G3H3I_000000124827_16	vRhyme_unbinned_35__MGr3G3H3I_000000124827	vRhyme_unbinned_35__MGr3G3H3I_000000124827		1.46	1.53									PF09018.17	P3 major capsid protein	34.770813	0.397									phrog_5863	minor head protein	52.906857	0.546	phrog_5863	minor head protein	PHROG	false	medium	NaN	NaN	NaN	12099.0
vRhyme_unbinned_35__MGr3G3H3I_000000124827_17	vRhyme_unbinned_35__MGr3G3H3I_000000124827	vRhyme_unbinned_35__MGr3G3H3I_000000124827																														KEGG	false	medium	NaN	NaN	NaN	11883.0
vRhyme_unbinned_35__MGr3G3H3I_000000124827_18	vRhyme_unbinned_35__MGr3G3H3I_000000124827	vRhyme_unbinned_35__MGr3G3H3I_000000124827																														KEGG	false	medium	NaN	NaN	NaN	11691.0
vRhyme_unbinned_35__MGr3G3H3I_000000124827_19	vRhyme_unbinned_35__MGr3G3H3I_000000124827	vRhyme_unbinned_35__MGr3G3H3I_000000124827																								phrog_2666	terminase large subunit	78.278816	0.939	phrog_2666	terminase large subunit	PHROG	false	medium	NaN	NaN	NaN	11508.0
vRhyme_unbinned_35__MGr3G3H3I_000000124827_20	vRhyme_unbinned_35__MGr3G3H3I_000000124827	vRhyme_unbinned_35__MGr3G3H3I_000000124827																														KEGG	false	medium	NaN	NaN	NaN	11337.0
vRhyme_unbinned_35__MGr3G3H3I_000000124827_21	vRhyme_unbinned_35__MGr3G3H3I_000000124827	vRhyme_unbinned_35__MGr3G3H3I_000000124827																														KEGG	false	medium	NaN	NaN	NaN	11202.0
vRhyme_unbinned_35__MGr3G3H3I_000000124827_22	vRhyme_unbinned_35__MGr3G3H3I_000000124827	vRhyme_unbinned_35__MGr3G3H3I_000000124827																														KEGG	false	medium	NaN	NaN	NaN	10959.0
vRhyme_unbinned_35__MGr3G3H3I_000000124827_23	vRhyme_unbinned_35__MGr3G3H3I_000000124827	vRhyme_unbinned_35__MGr3G3H3I_000000124827																														KEGG	false	medium	NaN	NaN	NaN	10788.0
vRhyme_unbinned_35__MGr3G3H3I_000000124827_24	vRhyme_unbinned_35__MGr3G3H3I_000000124827	vRhyme_unbinned_35__MGr3G3H3I_000000124827		10.0						HMMsoil57449	amiABC; N-acetylmuramoyl-L-alanine amidase EC:3.5.1.28	27.048857	0.342	PF01832.26	Mannosyl-glycoprotein endo-beta-N-acetylglucosaminidase	31.57082	0.357													PF01832.26	Mannosyl-glycoprotein endo-beta-N-acetylglucosaminidase	Pfam	false	medium	NaN	NaN	NaN	10653.0
vRhyme_unbinned_35__MGr3G3H3I_000000124827_25	vRhyme_unbinned_35__MGr3G3H3I_000000124827	vRhyme_unbinned_35__MGr3G3H3I_000000124827												PF24729.3		63.85659	0.778									phrog_1454		87.207359	0.815	phrog_1454		PHROG	false	medium	NaN	NaN	NaN	10179.0
vRhyme_unbinned_35__MGr3G3H3I_000000124827_26	vRhyme_unbinned_35__MGr3G3H3I_000000124827	vRhyme_unbinned_35__MGr3G3H3I_000000124827																														KEGG	false	medium	NaN	NaN	NaN	9948.0
vRhyme_unbinned_35__MGr3G3H3I_000000124827_27	vRhyme_unbinned_35__MGr3G3H3I_000000124827	vRhyme_unbinned_35__MGr3G3H3I_000000124827																														KEGG	false	medium	NaN	NaN	NaN	9711.0
vRhyme_unbinned_35__MGr3G3H3I_000000124827_28	vRhyme_unbinned_35__MGr3G3H3I_000000124827	vRhyme_unbinned_35__MGr3G3H3I_000000124827																														KEGG	false	medium	NaN	NaN	NaN	7824.0
vRhyme_unbinned_35__MGr3G3H3I_000000124827_29	vRhyme_unbinned_35__MGr3G3H3I_000000124827	vRhyme_unbinned_35__MGr3G3H3I_000000124827																														KEGG	false	medium	NaN	NaN	NaN	7467.0
vRhyme_unbinned_36__MGr3G3H3I_000000133197_1	vRhyme_unbinned_36__MGr3G3H3I_000000133197	vRhyme_unbinned_36__MGr3G3H3I_000000133197																														KEGG	false	high	NaN	3606.0	NaN	3474.0
vRhyme_unbinned_36__MGr3G3H3I_000000133197_2	vRhyme_unbinned_36__MGr3G3H3I_000000133197	vRhyme_unbinned_36__MGr3G3H3I_000000133197																														KEGG	false	high	NaN	3069.0	NaN	3309.0
vRhyme_unbinned_36__MGr3G3H3I_000000133197_3	vRhyme_unbinned_36__MGr3G3H3I_000000133197	vRhyme_unbinned_36__MGr3G3H3I_000000133197																								phrog_19005		120.018494	0.535	phrog_19005		PHROG	false	high	NaN	2547.0	NaN	2472.0
vRhyme_unbinned_36__MGr3G3H3I_000000133197_4	vRhyme_unbinned_36__MGr3G3H3I_000000133197	vRhyme_unbinned_36__MGr3G3H3I_000000133197																														KEGG	false	medium	NaN	1173.0	NaN	1458.0
vRhyme_unbinned_36__MGr3G3H3I_000000133197_5	vRhyme_unbinned_36__MGr3G3H3I_000000133197	vRhyme_unbinned_36__MGr3G3H3I_000000133197																														KEGG	false	high	NaN	876.0	NaN	1047.0
vRhyme_unbinned_36__MGr3G3H3I_000000133197_6	vRhyme_unbinned_36__MGr3G3H3I_000000133197	vRhyme_unbinned_36__MGr3G3H3I_000000133197	10.0	10.0		K11066	N-acetylmuramoyl-L-alanine amidase [EC:3.5.1.28]	56.011711	0.57	HMMsoil7603	E3.5.1.28D, amiD; N-acetylmuramoyl-L-alanine amidase EC:3.5.1.28	54.593811	0.508	PF01510.31	N-acetylmuramoyl-L-alanine amidase	78.0765	0.658													PF01510.31	N-acetylmuramoyl-L-alanine amidase	Pfam	false	high	NaN	4200.0	NaN	681.0
vRhyme_unbinned_36__MGr3G3H3I_000000133197_7	vRhyme_unbinned_36__MGr3G3H3I_000000133197	vRhyme_unbinned_36__MGr3G3H3I_000000133197																														KEGG	false	high	NaN	3621.0	NaN	393.0
vRhyme_unbinned_36__MGr3G3H3I_000000133197_8	vRhyme_unbinned_36__MGr3G3H3I_000000133197	vRhyme_unbinned_36__MGr3G3H3I_000000133197																								phrog_11518	tail fiber protein	77.195717	0.578	phrog_11518	tail fiber protein	PHROG	false	high	NaN	3246.0	393.0	2865.0
vRhyme_unbinned_36__MGr3G3H3I_000000133197_9	vRhyme_unbinned_36__MGr3G3H3I_000000133197	vRhyme_unbinned_36__MGr3G3H3I_000000133197																								phrog_11303	tail fiber protein	91.438683	0.628	phrog_11303	tail fiber protein	PHROG	false	high	NaN	2259.0	1779.0	1086.0
vRhyme_unbinned_36__MGr3G3H3I_000000133197_10	vRhyme_unbinned_36__MGr3G3H3I_000000133197	vRhyme_unbinned_36__MGr3G3H3I_000000133197																														KEGG	false	high	NaN	1581.0	2649.0	216.0
vRhyme_unbinned_36__MGr3G3H3I_000000133197_11	vRhyme_unbinned_36__MGr3G3H3I_000000133197	vRhyme_unbinned_36__MGr3G3H3I_000000133197		10.0	10.0									PF11041.14	Protein of unknown function (DUF2612)	123.328453	0.523									phrog_587	structural protein	145.456299	0.85	phrog_587	structural protein	PHROG	false	high	NaN	2130.0	2865.0	NaN
vRhyme_unbinned_36__MGr3G3H3I_000000133197_12	vRhyme_unbinned_36__MGr3G3H3I_000000133197	vRhyme_unbinned_36__MGr3G3H3I_000000133197																								phrog_6	baseplate wedge subunit	130.543686	0.967	phrog_6	baseplate wedge subunit	PHROG	false	high	861.0	1269.0	1155.0	NaN
vRhyme_unbinned_36__MGr3G3H3I_000000133197_13	vRhyme_unbinned_36__MGr3G3H3I_000000133197	vRhyme_unbinned_36__MGr3G3H3I_000000133197		10.0	10.0									PF10934.15	Protein of unknown function (DUF2634)	69.463417	0.898									phrog_120	baseplate wedge subunit	72.042694	0.941	phrog_120	baseplate wedge subunit	PHROG	false	high	2130.0	354.0	NaN	NaN
vRhyme_unbinned_36__MGr3G3H3I_000000133197_14	vRhyme_unbinned_36__MGr3G3H3I_000000133197	vRhyme_unbinned_36__MGr3G3H3I_000000133197		10.0										PF18352.8	Phage protein Gp138 N-terminal domain	62.255276	0.182													PF18352.8	Phage protein Gp138 N-terminal domain	Pfam	false	high	354.0	2739.0	NaN	NaN
vRhyme_unbinned_36__MGr3G3H3I_000000133197_15	vRhyme_unbinned_36__MGr3G3H3I_000000133197	vRhyme_unbinned_36__MGr3G3H3I_000000133197																								phrog_196	baseplate hub	210.306732	0.968	phrog_196	baseplate hub	PHROG	false	high	1464.0	1275.0	NaN	NaN
vRhyme_unbinned_36__MGr3G3H3I_000000133197_16	vRhyme_unbinned_36__MGr3G3H3I_000000133197	vRhyme_unbinned_36__MGr3G3H3I_000000133197												PF22479.3		67.549225	0.917									phrog_349	virion structural protein	66.851379	0.945	PF22479.3		Pfam	false	high	2412.0	327.0	NaN	NaN
vRhyme_unbinned_36__MGr3G3H3I_000000133197_17	vRhyme_unbinned_36__MGr3G3H3I_000000133197	vRhyme_unbinned_36__MGr3G3H3I_000000133197		10.0	10.0									PF21821.4	Dit-like phage tail protein	100.820877	0.467									phrog_817	tail fiber protein	145.641617	0.642	phrog_817	tail fiber protein	PHROG	false	high	2739.0	NaN	NaN	NaN
vRhyme_unbinned_36__MGr3G3H3I_000000133197_18	vRhyme_unbinned_36__MGr3G3H3I_000000133197	vRhyme_unbinned_36__MGr3G3H3I_000000133197																														KEGG	false	high	738.0	NaN	NaN	NaN
vRhyme_unbinned_37__MGr3G3H3I_000000135683_1	vRhyme_unbinned_37__MGr3G3H3I_000000135683	vRhyme_unbinned_37__MGr3G3H3I_000000135683																														KEGG	false	medium	NaN	597.0	NaN	NaN
vRhyme_unbinned_37__MGr3G3H3I_000000135683_2	vRhyme_unbinned_37__MGr3G3H3I_000000135683	vRhyme_unbinned_37__MGr3G3H3I_000000135683																														KEGG	false	medium	NaN	255.0	NaN	NaN
vRhyme_unbinned_37__MGr3G3H3I_000000135683_3	vRhyme_unbinned_37__MGr3G3H3I_000000135683	vRhyme_unbinned_37__MGr3G3H3I_000000135683	10.0	10.0		K07501	3'-5' exonuclease	202.210281	0.935					PF10108.16	Predicted 3'-5' exonuclease related to the exonuclease domain of PolB	132.893646	0.795													K07501	3'-5' exonuclease	KEGG	false	medium	NaN	1323.0	NaN	NaN
vRhyme_unbinned_37__MGr3G3H3I_000000135683_4	vRhyme_unbinned_37__MGr3G3H3I_000000135683	vRhyme_unbinned_37__MGr3G3H3I_000000135683																														KEGG	false	medium	NaN	534.0	NaN	NaN
vRhyme_unbinned_37__MGr3G3H3I_000000135683_5	vRhyme_unbinned_37__MGr3G3H3I_000000135683	vRhyme_unbinned_37__MGr3G3H3I_000000135683		5.4										PF02954.26	Bacterial regulatory protein, Fis family	45.324574	0.539													PF02954.26	Bacterial regulatory protein, Fis family	Pfam	false	medium	NaN	228.0	NaN	NaN
vRhyme_unbinned_37__MGr3G3H3I_000000135683_6	vRhyme_unbinned_37__MGr3G3H3I_000000135683	vRhyme_unbinned_37__MGr3G3H3I_000000135683	10.0	10.0	10.0	K26723	Bacillus phage DNA polymerase	81.592133	0.569					PF03175.19	DNA polymerase type B, organellar and viral	114.948265	0.44									phrog_1907	DNA polymerase	143.958389	0.764	phrog_1907	DNA polymerase	PHROG	false	high	NaN	5592.0	NaN	NaN
vRhyme_unbinned_37__MGr3G3H3I_000000135683_7	vRhyme_unbinned_37__MGr3G3H3I_000000135683	vRhyme_unbinned_37__MGr3G3H3I_000000135683																														KEGG	false	high	2010.0	3582.0	NaN	NaN
vRhyme_unbinned_37__MGr3G3H3I_000000135683_8	vRhyme_unbinned_37__MGr3G3H3I_000000135683	vRhyme_unbinned_37__MGr3G3H3I_000000135683																														KEGG	false	high	3054.0	2538.0	NaN	NaN
vRhyme_unbinned_37__MGr3G3H3I_000000135683_9	vRhyme_unbinned_37__MGr3G3H3I_000000135683	vRhyme_unbinned_37__MGr3G3H3I_000000135683																														KEGG	false	high	4425.0	1167.0	NaN	NaN
vRhyme_unbinned_37__MGr3G3H3I_000000135683_10	vRhyme_unbinned_37__MGr3G3H3I_000000135683	vRhyme_unbinned_37__MGr3G3H3I_000000135683																														KEGG	false	high	4833.0	759.0	NaN	NaN
vRhyme_unbinned_37__MGr3G3H3I_000000135683_11	vRhyme_unbinned_37__MGr3G3H3I_000000135683	vRhyme_unbinned_37__MGr3G3H3I_000000135683																														KEGG	false	high	5076.0	516.0	NaN	NaN
vRhyme_unbinned_37__MGr3G3H3I_000000135683_12	vRhyme_unbinned_37__MGr3G3H3I_000000135683	vRhyme_unbinned_37__MGr3G3H3I_000000135683	10.0	10.0	10.0	K14440	SWI/SNF-related matrix-associated actin-dependent regulator of chromatin subfamily A-like protein 1 [EC:5.6.2.-]	372.47934	0.78	HMMsoil50354	ENTPD2; adenosinetriphosphatase EC:3.6.1.-	87.353844	0.401	PF00176.30	SNF2-related domain	89.109909	0.416									phrog_62	DNA helicase	293.251617	0.811	K14440	SWI/SNF-related matrix-associated actin-dependent regulator of chromatin subfamily A-like protein 1 [EC:5.6.2.-]	KEGG	false	high	5592.0	NaN	NaN	NaN
vRhyme_unbinned_37__MGr3G3H3I_000000135683_13	vRhyme_unbinned_37__MGr3G3H3I_000000135683	vRhyme_unbinned_37__MGr3G3H3I_000000135683	10.0	10.0		K03497	ParB family transcriptional regulator, chromosome partitioning protein	99.846603	0.634					PF02195.26	ParB/Sulfiredoxin domain	42.439468	0.217													K03497	ParB family transcriptional regulator, chromosome partitioning protein	KEGG	false	high	1824.0	NaN	NaN	NaN
vRhyme_unbinned_37__MGr3G3H3I_000000135683_14	vRhyme_unbinned_37__MGr3G3H3I_000000135683	vRhyme_unbinned_37__MGr3G3H3I_000000135683																								phrog_21825	endolysin	68.477104	0.558	phrog_21825	endolysin	PHROG	false	high	1173.0	NaN	NaN	NaN
vRhyme_unbinned_37__MGr3G3H3I_000000135683_15	vRhyme_unbinned_37__MGr3G3H3I_000000135683	vRhyme_unbinned_37__MGr3G3H3I_000000135683		8.55	1.12									PF14239.12	RRXRR protein	119.239594	0.376									phrog_32617		159.522598	0.775	phrog_32617		PHROG	false	medium	1866.0	NaN	NaN	NaN
vRhyme_unbinned_37__MGr3G3H3I_000000135683_16	vRhyme_unbinned_37__MGr3G3H3I_000000135683	vRhyme_unbinned_37__MGr3G3H3I_000000135683		10.0										PF10979.14	Protein of unknown function (DUF2786)	29.135384	0.264													PF10979.14	Protein of unknown function (DUF2786)	Pfam	false	high	3078.0	NaN	NaN	NaN
vRhyme_unbinned_37__MGr3G3H3I_000000135683_17	vRhyme_unbinned_37__MGr3G3H3I_000000135683	vRhyme_unbinned_37__MGr3G3H3I_000000135683																														KEGG	false	high	432.0	NaN	NaN	NaN
vRhyme_unbinned_37__MGr3G3H3I_000000135683_18	vRhyme_unbinned_37__MGr3G3H3I_000000135683	vRhyme_unbinned_37__MGr3G3H3I_000000135683																														KEGG	false	high	777.0	NaN	NaN	NaN
vRhyme_unbinned_37__MGr3G3H3I_000000135683_19	vRhyme_unbinned_37__MGr3G3H3I_000000135683	vRhyme_unbinned_37__MGr3G3H3I_000000135683																														KEGG	false	high	1080.0	NaN	NaN	NaN
vRhyme_unbinned_37__MGr3G3H3I_000000135683_20	vRhyme_unbinned_37__MGr3G3H3I_000000135683	vRhyme_unbinned_37__MGr3G3H3I_000000135683																														KEGG	false	high	1233.0	NaN	NaN	NaN
vRhyme_unbinned_37__MGr3G3H3I_000000135683_21	vRhyme_unbinned_37__MGr3G3H3I_000000135683	vRhyme_unbinned_37__MGr3G3H3I_000000135683																														KEGG	false	high	1581.0	NaN	NaN	NaN
vRhyme_unbinned_37__MGr3G3H3I_000000135683_22	vRhyme_unbinned_37__MGr3G3H3I_000000135683	vRhyme_unbinned_37__MGr3G3H3I_000000135683																														KEGG	false	high	1827.0	NaN	NaN	NaN
vRhyme_unbinned_38__MGr3G3H3I_000000137840_1	vRhyme_unbinned_38__MGr3G3H3I_000000137840	vRhyme_unbinned_38__MGr3G3H3I_000000137840																								phrog_1745	DNA transfer protein	321.253998	0.994	phrog_1745	DNA transfer protein	PHROG	false	high	NaN	1623.0	NaN	NaN
vRhyme_unbinned_38__MGr3G3H3I_000000137840_2	vRhyme_unbinned_38__MGr3G3H3I_000000137840	vRhyme_unbinned_38__MGr3G3H3I_000000137840																														KEGG	false	high	NaN	666.0	NaN	NaN
vRhyme_unbinned_38__MGr3G3H3I_000000137840_3	vRhyme_unbinned_38__MGr3G3H3I_000000137840	vRhyme_unbinned_38__MGr3G3H3I_000000137840																														KEGG	false	high	NaN	375.0	NaN	NaN
vRhyme_unbinned_38__MGr3G3H3I_000000137840_4	vRhyme_unbinned_38__MGr3G3H3I_000000137840	vRhyme_unbinned_38__MGr3G3H3I_000000137840		10.0	10.0									PF18909.6	dATP/dGTP diphosphohydrolase, N-terminal	33.098442	0.757									phrog_27780		158.561676	0.93	phrog_27780		PHROG	false	high	NaN	2082.0	NaN	NaN
vRhyme_unbinned_38__MGr3G3H3I_000000137840_5	vRhyme_unbinned_38__MGr3G3H3I_000000137840	vRhyme_unbinned_38__MGr3G3H3I_000000137840																														KEGG	false	high	345.0	1737.0	NaN	NaN
vRhyme_unbinned_38__MGr3G3H3I_000000137840_6	vRhyme_unbinned_38__MGr3G3H3I_000000137840	vRhyme_unbinned_38__MGr3G3H3I_000000137840																														KEGG	false	high	558.0	1524.0	NaN	NaN
vRhyme_unbinned_38__MGr3G3H3I_000000137840_7	vRhyme_unbinned_38__MGr3G3H3I_000000137840	vRhyme_unbinned_38__MGr3G3H3I_000000137840																														KEGG	false	high	906.0	1176.0	NaN	NaN
vRhyme_unbinned_38__MGr3G3H3I_000000137840_8	vRhyme_unbinned_38__MGr3G3H3I_000000137840	vRhyme_unbinned_38__MGr3G3H3I_000000137840																														KEGG	false	high	1506.0	576.0	NaN	NaN
vRhyme_unbinned_38__MGr3G3H3I_000000137840_9	vRhyme_unbinned_38__MGr3G3H3I_000000137840	vRhyme_unbinned_38__MGr3G3H3I_000000137840																														KEGG	false	high	1737.0	345.0	NaN	NaN
vRhyme_unbinned_38__MGr3G3H3I_000000137840_10	vRhyme_unbinned_38__MGr3G3H3I_000000137840	vRhyme_unbinned_38__MGr3G3H3I_000000137840		10.0										PF13884.12	Chaperone of endosialidase	46.538021	0.106													PF13884.12	Chaperone of endosialidase	Pfam	false	high	2082.0	3384.0	NaN	NaN
vRhyme_unbinned_38__MGr3G3H3I_000000137840_11	vRhyme_unbinned_38__MGr3G3H3I_000000137840	vRhyme_unbinned_38__MGr3G3H3I_000000137840																														KEGG	false	high	1674.0	1710.0	NaN	NaN
vRhyme_unbinned_38__MGr3G3H3I_000000137840_12	vRhyme_unbinned_38__MGr3G3H3I_000000137840	vRhyme_unbinned_38__MGr3G3H3I_000000137840																														KEGG	false	high	2226.0	1158.0	NaN	NaN
vRhyme_unbinned_38__MGr3G3H3I_000000137840_13	vRhyme_unbinned_38__MGr3G3H3I_000000137840	vRhyme_unbinned_38__MGr3G3H3I_000000137840																														KEGG	false	high	2505.0	879.0	NaN	NaN
vRhyme_unbinned_38__MGr3G3H3I_000000137840_14	vRhyme_unbinned_38__MGr3G3H3I_000000137840	vRhyme_unbinned_38__MGr3G3H3I_000000137840																														KEGG	false	high	2664.0	720.0	NaN	NaN
vRhyme_unbinned_38__MGr3G3H3I_000000137840_15	vRhyme_unbinned_38__MGr3G3H3I_000000137840	vRhyme_unbinned_38__MGr3G3H3I_000000137840																														KEGG	false	high	3132.0	252.0	NaN	NaN
vRhyme_unbinned_38__MGr3G3H3I_000000137840_16	vRhyme_unbinned_38__MGr3G3H3I_000000137840	vRhyme_unbinned_38__MGr3G3H3I_000000137840		10.0	10.0									PF05838.18	Glycosyl hydrolase 108	80.424759	0.478									phrog_315	endolysin	151.979706	0.962	phrog_315	endolysin	PHROG	false	high	3384.0	477.0	NaN	NaN
vRhyme_unbinned_38__MGr3G3H3I_000000137840_17	vRhyme_unbinned_38__MGr3G3H3I_000000137840	vRhyme_unbinned_38__MGr3G3H3I_000000137840	10.0	10.0	10.0	K03553	recombination protein RecA	367.210693	0.853					PF00154.28	recA bacterial DNA recombination protein	336.471924	0.67									phrog_97	UvsX-like recombinase	205.137146	0.59	K03553	recombination protein RecA	KEGG	false	high	477.0	3390.0	NaN	NaN
vRhyme_unbinned_38__MGr3G3H3I_000000137840_18	vRhyme_unbinned_38__MGr3G3H3I_000000137840	vRhyme_unbinned_38__MGr3G3H3I_000000137840																														KEGG	false	high	1164.0	2226.0	NaN	NaN
vRhyme_unbinned_38__MGr3G3H3I_000000137840_19	vRhyme_unbinned_38__MGr3G3H3I_000000137840	vRhyme_unbinned_38__MGr3G3H3I_000000137840																														KEGG	false	high	1305.0	2085.0	NaN	NaN
vRhyme_unbinned_38__MGr3G3H3I_000000137840_20	vRhyme_unbinned_38__MGr3G3H3I_000000137840	vRhyme_unbinned_38__MGr3G3H3I_000000137840																														KEGG	false	high	1773.0	1617.0	NaN	NaN
vRhyme_unbinned_38__MGr3G3H3I_000000137840_21	vRhyme_unbinned_38__MGr3G3H3I_000000137840	vRhyme_unbinned_38__MGr3G3H3I_000000137840																														KEGG	false	high	1953.0	1437.0	NaN	NaN
vRhyme_unbinned_38__MGr3G3H3I_000000137840_22	vRhyme_unbinned_38__MGr3G3H3I_000000137840	vRhyme_unbinned_38__MGr3G3H3I_000000137840																														KEGG	false	high	2115.0	1275.0	NaN	NaN
vRhyme_unbinned_38__MGr3G3H3I_000000137840_23	vRhyme_unbinned_38__MGr3G3H3I_000000137840	vRhyme_unbinned_38__MGr3G3H3I_000000137840																														KEGG	false	high	2520.0	870.0	NaN	NaN
vRhyme_unbinned_38__MGr3G3H3I_000000137840_24	vRhyme_unbinned_38__MGr3G3H3I_000000137840	vRhyme_unbinned_38__MGr3G3H3I_000000137840																														KEGG	false	high	2937.0	453.0	NaN	NaN
vRhyme_unbinned_38__MGr3G3H3I_000000137840_25	vRhyme_unbinned_38__MGr3G3H3I_000000137840	vRhyme_unbinned_38__MGr3G3H3I_000000137840																														KEGG	false	high	3084.0	306.0	NaN	NaN
vRhyme_unbinned_38__MGr3G3H3I_000000137840_26	vRhyme_unbinned_38__MGr3G3H3I_000000137840	vRhyme_unbinned_38__MGr3G3H3I_000000137840		10.0	7.42									PF04447.18	dATP/dGTP pyrophosphohydrolase	63.894531	0.654									phrog_6144		72.140236	0.904	phrog_6144		PHROG	false	high	3390.0	468.0	NaN	19323.0
vRhyme_unbinned_38__MGr3G3H3I_000000137840_27	vRhyme_unbinned_38__MGr3G3H3I_000000137840	vRhyme_unbinned_38__MGr3G3H3I_000000137840	10.0	10.0	10.0	K02342	DNA polymerase III subunit epsilon [EC:2.7.7.7]	69.566231	0.708	HMMsoil94024	dnaQ; DNA polymerase III subunit epsilon EC:2.7.7.7	59.864414	0.667	PF00929.32	Exonuclease	48.417091	0.667									phrog_192	DNA polymerase exonuclease subunit	99.982018	0.708	phrog_192	DNA polymerase exonuclease subunit	PHROG	false	high	468.0	NaN	NaN	17733.0
vRhyme_unbinned_39__MGr3G3H3I_000000139510_1	vRhyme_unbinned_39__MGr3G3H3I_000000139510	vRhyme_unbinned_39__MGr3G3H3I_000000139510																														KEGG	false	high	NaN	4845.0	NaN	NaN
vRhyme_unbinned_39__MGr3G3H3I_000000139510_2	vRhyme_unbinned_39__MGr3G3H3I_000000139510	vRhyme_unbinned_39__MGr3G3H3I_000000139510																								phrog_10477	exonuclease	55.465645	0.857	phrog_10477	exonuclease	PHROG	false	high	NaN	4785.0	NaN	NaN
vRhyme_unbinned_39__MGr3G3H3I_000000139510_3	vRhyme_unbinned_39__MGr3G3H3I_000000139510	vRhyme_unbinned_39__MGr3G3H3I_000000139510																														KEGG	false	high	NaN	4011.0	NaN	NaN
vRhyme_unbinned_39__MGr3G3H3I_000000139510_4	vRhyme_unbinned_39__MGr3G3H3I_000000139510	vRhyme_unbinned_39__MGr3G3H3I_000000139510																														KEGG	false	high	NaN	3510.0	NaN	NaN
vRhyme_unbinned_39__MGr3G3H3I_000000139510_5	vRhyme_unbinned_39__MGr3G3H3I_000000139510	vRhyme_unbinned_39__MGr3G3H3I_000000139510																														KEGG	false	medium	NaN	3315.0	NaN	NaN
vRhyme_unbinned_39__MGr3G3H3I_000000139510_6	vRhyme_unbinned_39__MGr3G3H3I_000000139510	vRhyme_unbinned_39__MGr3G3H3I_000000139510																														KEGG	false	medium	NaN	2772.0	NaN	NaN
vRhyme_unbinned_39__MGr3G3H3I_000000139510_7	vRhyme_unbinned_39__MGr3G3H3I_000000139510	vRhyme_unbinned_39__MGr3G3H3I_000000139510																														KEGG	false	medium	NaN	2475.0	NaN	NaN
vRhyme_unbinned_39__MGr3G3H3I_000000139510_8	vRhyme_unbinned_39__MGr3G3H3I_000000139510	vRhyme_unbinned_39__MGr3G3H3I_000000139510																														KEGG	false	medium	NaN	1767.0	NaN	NaN
vRhyme_unbinned_39__MGr3G3H3I_000000139510_9	vRhyme_unbinned_39__MGr3G3H3I_000000139510	vRhyme_unbinned_39__MGr3G3H3I_000000139510																														KEGG	false	medium	NaN	1236.0	NaN	NaN
vRhyme_unbinned_39__MGr3G3H3I_000000139510_10	vRhyme_unbinned_39__MGr3G3H3I_000000139510	vRhyme_unbinned_39__MGr3G3H3I_000000139510																														KEGG	false	medium	NaN	192.0	NaN	NaN
vRhyme_unbinned_39__MGr3G3H3I_000000139510_11	vRhyme_unbinned_39__MGr3G3H3I_000000139510	vRhyme_unbinned_39__MGr3G3H3I_000000139510	10.0	10.0		K13583	GcrA cell cycle regulator	61.110294	0.716					PF07750.18	GcrA cell cycle regulator	48.681503	0.703													K13583	GcrA cell cycle regulator	KEGG	false	medium	NaN	222.0	NaN	NaN
vRhyme_unbinned_39__MGr3G3H3I_000000139510_12	vRhyme_unbinned_39__MGr3G3H3I_000000139510	vRhyme_unbinned_39__MGr3G3H3I_000000139510		10.0	10.0									PF13730.13	Helix-turn-helix domain	49.221558	0.227									phrog_1032	replication initiation protein	69.782875	0.898	phrog_1032	replication initiation protein	PHROG	false	high	NaN	NaN	NaN	NaN
vRhyme_unbinned_39__MGr3G3H3I_000000139510_13	vRhyme_unbinned_39__MGr3G3H3I_000000139510	vRhyme_unbinned_39__MGr3G3H3I_000000139510																														KEGG	false	medium	675.0	NaN	NaN	NaN
vRhyme_unbinned_39__MGr3G3H3I_000000139510_14	vRhyme_unbinned_39__MGr3G3H3I_000000139510	vRhyme_unbinned_39__MGr3G3H3I_000000139510																														KEGG	false	medium	1056.0	NaN	NaN	NaN
vRhyme_unbinned_39__MGr3G3H3I_000000139510_15	vRhyme_unbinned_39__MGr3G3H3I_000000139510	vRhyme_unbinned_39__MGr3G3H3I_000000139510																														KEGG	false	medium	3390.0	NaN	NaN	NaN
vRhyme_unbinned_39__MGr3G3H3I_000000139510_16	vRhyme_unbinned_39__MGr3G3H3I_000000139510	vRhyme_unbinned_39__MGr3G3H3I_000000139510	9.86	10.0	3.23	K00769	xanthine phosphoribosyltransferase [EC:2.4.2.22]	173.731323	0.89	HMMsoil15564	gpt; xanthine phosphoribosyltransferase EC:2.4.2.22	96.421257	0.6	PF00156.34	Phosphoribosyl transferase domain	44.091068	0.626									phrog_8995	phosphoribosyl transferase	102.60405	0.897	K00769	xanthine phosphoribosyltransferase [EC:2.4.2.22]	KEGG	false	medium	3543.0	NaN	NaN	4791.0
vRhyme_unbinned_39__MGr3G3H3I_000000139510_17	vRhyme_unbinned_39__MGr3G3H3I_000000139510	vRhyme_unbinned_39__MGr3G3H3I_000000139510	10.0	10.0		K15711	SWI/SNF-related matrix-associated actin-dependent regulator of chromatin subfamily A3 [EC:5.6.2. 2.3.2.27]	74.463371	0.602	HMMsoil69886	E2.7.11.1; non-specific serine/threonine protein kinase EC:2.7.11.1	73.103989	0.219	PF00176.30	SNF2-related domain	96.021286	0.607													PF00176.30	SNF2-related domain	Pfam	false	medium	465.0	NaN	NaN	4302.0
vRhyme_unbinned_3__MGr3G3H3I_000000009885_1	vRhyme_unbinned_3__MGr3G3H3I_000000009885	vRhyme_unbinned_3__MGr3G3H3I_000000009885																								phrog_5070		102.07074	0.682	phrog_5070		PHROG	false	high	NaN	1167.0	NaN	NaN
vRhyme_unbinned_3__MGr3G3H3I_000000009885_2	vRhyme_unbinned_3__MGr3G3H3I_000000009885	vRhyme_unbinned_3__MGr3G3H3I_000000009885																														KEGG	false	high	NaN	780.0	NaN	NaN
vRhyme_unbinned_3__MGr3G3H3I_000000009885_3	vRhyme_unbinned_3__MGr3G3H3I_000000009885	vRhyme_unbinned_3__MGr3G3H3I_000000009885																														KEGG	false	high	NaN	561.0	NaN	NaN
vRhyme_unbinned_3__MGr3G3H3I_000000009885_4	vRhyme_unbinned_3__MGr3G3H3I_000000009885	vRhyme_unbinned_3__MGr3G3H3I_000000009885																														KEGG	false	high	NaN	213.0	NaN	10308.0
vRhyme_unbinned_3__MGr3G3H3I_000000009885_5	vRhyme_unbinned_3__MGr3G3H3I_000000009885	vRhyme_unbinned_3__MGr3G3H3I_000000009885	10.0	10.0		K03497	ParB family transcriptional regulator, chromosome partitioning protein	172.501114	0.674					PF02195.26	ParB/Sulfiredoxin domain	84.539757	0.166													K03497	ParB family transcriptional regulator, chromosome partitioning protein	KEGG	false	high	NaN	3162.0	NaN	9993.0
vRhyme_unbinned_3__MGr3G3H3I_000000009885_6	vRhyme_unbinned_3__MGr3G3H3I_000000009885	vRhyme_unbinned_3__MGr3G3H3I_000000009885																														KEGG	false	high	NaN	1485.0	NaN	8886.0
vRhyme_unbinned_3__MGr3G3H3I_000000009885_7	vRhyme_unbinned_3__MGr3G3H3I_000000009885	vRhyme_unbinned_3__MGr3G3H3I_000000009885		1.13						HMMsoil69860	glsA, GLS; glutaminase EC:3.5.1.2	24.112686	0.713	PF01740.27	STAS domain	46.995689	0.861													PF01740.27	STAS domain	Pfam	false	high	NaN	1260.0	NaN	7413.0
vRhyme_unbinned_3__MGr3G3H3I_000000009885_8	vRhyme_unbinned_3__MGr3G3H3I_000000009885	vRhyme_unbinned_3__MGr3G3H3I_000000009885																														KEGG	false	high	NaN	915.0	NaN	4155.0
vRhyme_unbinned_3__MGr3G3H3I_000000009885_9	vRhyme_unbinned_3__MGr3G3H3I_000000009885	vRhyme_unbinned_3__MGr3G3H3I_000000009885																														KEGG	false	high	NaN	660.0	NaN	3498.0
vRhyme_unbinned_3__MGr3G3H3I_000000009885_10	vRhyme_unbinned_3__MGr3G3H3I_000000009885	vRhyme_unbinned_3__MGr3G3H3I_000000009885		10.0	10.0									PF10926.15	Protein of unknown function (DUF2800)	26.227001	0.424									phrog_69	exonuclease	79.646011	0.973	phrog_69	exonuclease	PHROG	false	high	NaN	2751.0	NaN	3327.0
vRhyme_unbinned_3__MGr3G3H3I_000000009885_11	vRhyme_unbinned_3__MGr3G3H3I_000000009885	vRhyme_unbinned_3__MGr3G3H3I_000000009885																														KEGG	false	high	1245.0	1506.0	NaN	2124.0
vRhyme_unbinned_3__MGr3G3H3I_000000009885_12	vRhyme_unbinned_3__MGr3G3H3I_000000009885	vRhyme_unbinned_3__MGr3G3H3I_000000009885																														KEGG	false	high	2160.0	591.0	NaN	1626.0
vRhyme_unbinned_3__MGr3G3H3I_000000009885_13	vRhyme_unbinned_3__MGr3G3H3I_000000009885	vRhyme_unbinned_3__MGr3G3H3I_000000009885																														KEGG	false	high	2487.0	264.0	NaN	NaN
vRhyme_unbinned_3__MGr3G3H3I_000000009885_14	vRhyme_unbinned_3__MGr3G3H3I_000000009885	vRhyme_unbinned_3__MGr3G3H3I_000000009885	10.0	10.0	10.0	K02314	replicative DNA helicase [EC:5.6.2.3]	334.608459	0.877					PF03796.22	DnaB-like helicase C terminal domain	191.342712	0.52									phrog_19	DnaB-like replicative helicase	273.798065	0.871	K02314	replicative DNA helicase [EC:5.6.2.3]	KEGG	false	high	2751.0	1461.0	393.0	NaN
vRhyme_unbinned_3__MGr3G3H3I_000000009885_15	vRhyme_unbinned_3__MGr3G3H3I_000000009885	vRhyme_unbinned_3__MGr3G3H3I_000000009885		10.0	10.0									PF12961.14	Domain of unknown function (DUF3850)	69.416321	0.453									phrog_986	RNA-binding protein	78.391136	0.72	phrog_986	RNA-binding protein	PHROG	false	high	1461.0	726.0	798.0	NaN
vRhyme_unbinned_3__MGr3G3H3I_000000009885_16	vRhyme_unbinned_3__MGr3G3H3I_000000009885	vRhyme_unbinned_3__MGr3G3H3I_000000009885																														KEGG	false	high	483.0	243.0	1512.0	NaN
vRhyme_unbinned_3__MGr3G3H3I_000000009885_17	vRhyme_unbinned_3__MGr3G3H3I_000000009885	vRhyme_unbinned_3__MGr3G3H3I_000000009885		10.0						HMMsoil3470	UGDH, ugd; UDPglucose 6-dehydrogenase EC:1.1.1.22	39.413616	0.686	PF01381.29	Helix-turn-helix	30.637749	0.7													HMMsoil3470	UGDH, ugd; UDPglucose 6-dehydrogenase EC:1.1.1.22	FOAM	false	high	726.0	939.0	3762.0	NaN
vRhyme_unbinned_3__MGr3G3H3I_000000009885_18	vRhyme_unbinned_3__MGr3G3H3I_000000009885	vRhyme_unbinned_3__MGr3G3H3I_000000009885																														KEGG	false	high	210.0	729.0	NaN	NaN
vRhyme_unbinned_3__MGr3G3H3I_000000009885_19	vRhyme_unbinned_3__MGr3G3H3I_000000009885	vRhyme_unbinned_3__MGr3G3H3I_000000009885																														KEGG	false	high	567.0	372.0	NaN	NaN
vRhyme_unbinned_3__MGr3G3H3I_000000009885_20	vRhyme_unbinned_3__MGr3G3H3I_000000009885	vRhyme_unbinned_3__MGr3G3H3I_000000009885		10.0	10.0									PF06356.18	Protein of unknown function (DUF1064)	30.273252	0.662									phrog_190	Holliday junction resolvase	65.900909	0.711	phrog_190	Holliday junction resolvase	PHROG	false	high	939.0	4818.0	NaN	NaN
vRhyme_unbinned_3__MGr3G3H3I_000000009885_21	vRhyme_unbinned_3__MGr3G3H3I_000000009885	vRhyme_unbinned_3__MGr3G3H3I_000000009885																														KEGG	false	high	426.0	4392.0	NaN	NaN
vRhyme_unbinned_3__MGr3G3H3I_000000009885_22	vRhyme_unbinned_3__MGr3G3H3I_000000009885	vRhyme_unbinned_3__MGr3G3H3I_000000009885																														KEGG	false	high	738.0	4080.0	NaN	NaN
vRhyme_unbinned_3__MGr3G3H3I_000000009885_23	vRhyme_unbinned_3__MGr3G3H3I_000000009885	vRhyme_unbinned_3__MGr3G3H3I_000000009885																														KEGG	false	high	933.0	3885.0	NaN	NaN
vRhyme_unbinned_3__MGr3G3H3I_000000009885_24	vRhyme_unbinned_3__MGr3G3H3I_000000009885	vRhyme_unbinned_3__MGr3G3H3I_000000009885																														KEGG	false	high	1194.0	3624.0	NaN	NaN
vRhyme_unbinned_3__MGr3G3H3I_000000009885_25	vRhyme_unbinned_3__MGr3G3H3I_000000009885	vRhyme_unbinned_3__MGr3G3H3I_000000009885																														KEGG	false	high	1542.0	3276.0	NaN	NaN
vRhyme_unbinned_3__MGr3G3H3I_000000009885_26	vRhyme_unbinned_3__MGr3G3H3I_000000009885	vRhyme_unbinned_3__MGr3G3H3I_000000009885																														KEGG	false	high	2148.0	2670.0	NaN	NaN
vRhyme_unbinned_3__MGr3G3H3I_000000009885_27	vRhyme_unbinned_3__MGr3G3H3I_000000009885	vRhyme_unbinned_3__MGr3G3H3I_000000009885																														KEGG	false	high	2799.0	2019.0	NaN	NaN
vRhyme_unbinned_3__MGr3G3H3I_000000009885_28	vRhyme_unbinned_3__MGr3G3H3I_000000009885	vRhyme_unbinned_3__MGr3G3H3I_000000009885																								phrog_979	terminase large subunit	134.04306	0.873	phrog_979	terminase large subunit	PHROG	false	high	2973.0	1845.0	NaN	NaN
vRhyme_unbinned_3__MGr3G3H3I_000000009885_29	vRhyme_unbinned_3__MGr3G3H3I_000000009885	vRhyme_unbinned_3__MGr3G3H3I_000000009885																														KEGG	false	high	4503.0	315.0	NaN	NaN
vRhyme_unbinned_3__MGr3G3H3I_000000009885_30	vRhyme_unbinned_3__MGr3G3H3I_000000009885	vRhyme_unbinned_3__MGr3G3H3I_000000009885		10.0	10.0									PF04860.18	Phage portal protein	39.91003	0.477									phrog_2662	portal protein	174.231827	0.775	phrog_2662	portal protein	PHROG	false	high	4818.0	NaN	NaN	NaN
vRhyme_unbinned_3__MGr3G3H3I_000000009885_31	vRhyme_unbinned_3__MGr3G3H3I_000000009885	vRhyme_unbinned_3__MGr3G3H3I_000000009885																														KEGG	false	high	1722.0	NaN	NaN	11940.0
vRhyme_unbinned_3__MGr3G3H3I_000000009885_32	vRhyme_unbinned_3__MGr3G3H3I_000000009885	vRhyme_unbinned_3__MGr3G3H3I_000000009885																														KEGG	false	high	2631.0	NaN	NaN	11826.0
vRhyme_unbinned_3__MGr3G3H3I_000000009885_33	vRhyme_unbinned_3__MGr3G3H3I_000000009885	vRhyme_unbinned_3__MGr3G3H3I_000000009885		4.78										PF20223.4	Family of unknown function (DUF6582)	57.077213	0.147													PF20223.4	Family of unknown function (DUF6582)	Pfam	false	high	2859.0	NaN	NaN	10881.0
vRhyme_unbinned_3__MGr3G3H3I_000000009885_34	vRhyme_unbinned_3__MGr3G3H3I_000000009885	vRhyme_unbinned_3__MGr3G3H3I_000000009885																														KEGG	false	high	3984.0	NaN	NaN	10563.0
vRhyme_unbinned_3__MGr3G3H3I_000000009885_35	vRhyme_unbinned_3__MGr3G3H3I_000000009885	vRhyme_unbinned_3__MGr3G3H3I_000000009885																								phrog_13692		331.938965	0.944	phrog_13692		PHROG	false	high	4572.0	NaN	NaN	7944.0
vRhyme_unbinned_3__MGr3G3H3I_000000009885_36	vRhyme_unbinned_3__MGr3G3H3I_000000009885	vRhyme_unbinned_3__MGr3G3H3I_000000009885																														KEGG	false	high	6135.0	NaN	NaN	6033.0
vRhyme_unbinned_3__MGr3G3H3I_000000009885_37	vRhyme_unbinned_3__MGr3G3H3I_000000009885	vRhyme_unbinned_3__MGr3G3H3I_000000009885																														KEGG	false	high	6675.0	NaN	NaN	4200.0
vRhyme_unbinned_3__MGr3G3H3I_000000009885_38	vRhyme_unbinned_3__MGr3G3H3I_000000009885	vRhyme_unbinned_3__MGr3G3H3I_000000009885																								phrog_442	head-tail adaptor	60.418655	0.779	phrog_442	head-tail adaptor	PHROG	false	high	7098.0	NaN	NaN	2484.0
vRhyme_unbinned_3__MGr3G3H3I_000000009885_39	vRhyme_unbinned_3__MGr3G3H3I_000000009885	vRhyme_unbinned_3__MGr3G3H3I_000000009885																														KEGG	false	high	7749.0	NaN	NaN	1830.0
vRhyme_unbinned_3__MGr3G3H3I_000000009885_40	vRhyme_unbinned_3__MGr3G3H3I_000000009885	vRhyme_unbinned_3__MGr3G3H3I_000000009885																														KEGG	false	high	8259.0	NaN	NaN	732.0
vRhyme_unbinned_3__MGr3G3H3I_000000009885_41	vRhyme_unbinned_3__MGr3G3H3I_000000009885	vRhyme_unbinned_3__MGr3G3H3I_000000009885																														KEGG	false	high	8655.0	NaN	NaN	NaN
vRhyme_unbinned_3__MGr3G3H3I_000000009885_42	vRhyme_unbinned_3__MGr3G3H3I_000000009885	vRhyme_unbinned_3__MGr3G3H3I_000000009885		10.0	4.1									PF18906.6	Phage tail tube protein	87.369339	0.908									phrog_290	minor tail protein	126.179756	0.979	phrog_290	minor tail protein	PHROG	false	high	9255.0	NaN	NaN	53175.0
vRhyme_unbinned_3__MGr3G3H3I_000000009885_43	vRhyme_unbinned_3__MGr3G3H3I_000000009885	vRhyme_unbinned_3__MGr3G3H3I_000000009885																														KEGG	false	high	978.0	NaN	NaN	52770.0
vRhyme_unbinned_3__MGr3G3H3I_000000009885_44	vRhyme_unbinned_3__MGr3G3H3I_000000009885	vRhyme_unbinned_3__MGr3G3H3I_000000009885																														KEGG	false	high	1455.0	NaN	NaN	52515.0
vRhyme_unbinned_3__MGr3G3H3I_000000009885_45	vRhyme_unbinned_3__MGr3G3H3I_000000009885	vRhyme_unbinned_3__MGr3G3H3I_000000009885																														KEGG	false	high	1767.0	NaN	NaN	52095.0
vRhyme_unbinned_3__MGr3G3H3I_000000009885_46	vRhyme_unbinned_3__MGr3G3H3I_000000009885	vRhyme_unbinned_3__MGr3G3H3I_000000009885																														KEGG	false	high	4086.0	NaN	NaN	51759.0
vRhyme_unbinned_3__MGr3G3H3I_000000009885_47	vRhyme_unbinned_3__MGr3G3H3I_000000009885	vRhyme_unbinned_3__MGr3G3H3I_000000009885																								phrog_8917		64.554993	0.518	phrog_8917		PHROG	false	high	5019.0	NaN	NaN	50073.0
vRhyme_unbinned_3__MGr3G3H3I_000000009885_48	vRhyme_unbinned_3__MGr3G3H3I_000000009885	vRhyme_unbinned_3__MGr3G3H3I_000000009885																														KEGG	false	high	7062.0	NaN	NaN	49755.0
vRhyme_unbinned_3__MGr3G3H3I_000000009885_49	vRhyme_unbinned_3__MGr3G3H3I_000000009885	vRhyme_unbinned_3__MGr3G3H3I_000000009885																														KEGG	false	high	8217.0	NaN	NaN	49518.0
vRhyme_unbinned_3__MGr3G3H3I_000000009885_50	vRhyme_unbinned_3__MGr3G3H3I_000000009885	vRhyme_unbinned_3__MGr3G3H3I_000000009885		10.0										PF13385.14	Concanavalin A-like lectin/glucanases superfamily	71.912125	0.614													PF13385.14	Concanavalin A-like lectin/glucanases superfamily	Pfam	false	high	8583.0	NaN	NaN	49299.0
vRhyme_unbinned_40__MGr3G3H3I_000000139685_1	vRhyme_unbinned_40__MGr3G3H3I_000000139685	vRhyme_unbinned_40__MGr3G3H3I_000000139685																														KEGG	false	high	NaN	4401.0	NaN	NaN
vRhyme_unbinned_40__MGr3G3H3I_000000139685_2	vRhyme_unbinned_40__MGr3G3H3I_000000139685	vRhyme_unbinned_40__MGr3G3H3I_000000139685																														KEGG	false	high	NaN	4146.0	NaN	NaN
vRhyme_unbinned_40__MGr3G3H3I_000000139685_3	vRhyme_unbinned_40__MGr3G3H3I_000000139685	vRhyme_unbinned_40__MGr3G3H3I_000000139685																														KEGG	false	high	NaN	3783.0	NaN	NaN
vRhyme_unbinned_40__MGr3G3H3I_000000139685_4	vRhyme_unbinned_40__MGr3G3H3I_000000139685	vRhyme_unbinned_40__MGr3G3H3I_000000139685																														KEGG	false	high	NaN	3579.0	NaN	NaN
vRhyme_unbinned_40__MGr3G3H3I_000000139685_5	vRhyme_unbinned_40__MGr3G3H3I_000000139685	vRhyme_unbinned_40__MGr3G3H3I_000000139685																														KEGG	false	high	NaN	2541.0	NaN	NaN
vRhyme_unbinned_40__MGr3G3H3I_000000139685_6	vRhyme_unbinned_40__MGr3G3H3I_000000139685	vRhyme_unbinned_40__MGr3G3H3I_000000139685																														KEGG	false	high	NaN	2187.0	NaN	NaN
vRhyme_unbinned_40__MGr3G3H3I_000000139685_7	vRhyme_unbinned_40__MGr3G3H3I_000000139685	vRhyme_unbinned_40__MGr3G3H3I_000000139685																														KEGG	false	high	NaN	1668.0	NaN	NaN
vRhyme_unbinned_40__MGr3G3H3I_000000139685_8	vRhyme_unbinned_40__MGr3G3H3I_000000139685	vRhyme_unbinned_40__MGr3G3H3I_000000139685																								phrog_9298	radical SAM domain protein	214.172913	0.967	phrog_9298	radical SAM domain protein	PHROG	false	high	NaN	1473.0	NaN	NaN
vRhyme_unbinned_40__MGr3G3H3I_000000139685_9	vRhyme_unbinned_40__MGr3G3H3I_000000139685	vRhyme_unbinned_40__MGr3G3H3I_000000139685																														KEGG	false	high	NaN	474.0	NaN	NaN
vRhyme_unbinned_40__MGr3G3H3I_000000139685_10	vRhyme_unbinned_40__MGr3G3H3I_000000139685	vRhyme_unbinned_40__MGr3G3H3I_000000139685																														KEGG	false	high	NaN	285.0	NaN	NaN
vRhyme_unbinned_40__MGr3G3H3I_000000139685_11	vRhyme_unbinned_40__MGr3G3H3I_000000139685	vRhyme_unbinned_40__MGr3G3H3I_000000139685																														KEGG	false	high	NaN	132.0	NaN	NaN
vRhyme_unbinned_40__MGr3G3H3I_000000139685_12	vRhyme_unbinned_40__MGr3G3H3I_000000139685	vRhyme_unbinned_40__MGr3G3H3I_000000139685	10.0	10.0	10.0	K07319	adenine-specific DNA-methyltransferase [EC:2.1.1.72]	90.645447	0.701					PF01555.25	DNA methylase	93.149445	0.638									phrog_67	DNA methyltransferase	74.40139	0.663	PF01555.25	DNA methylase	Pfam	false	high	NaN	6330.0	NaN	NaN
vRhyme_unbinned_40__MGr3G3H3I_000000139685_13	vRhyme_unbinned_40__MGr3G3H3I_000000139685	vRhyme_unbinned_40__MGr3G3H3I_000000139685																														KEGG	false	high	1194.0	5136.0	NaN	NaN
vRhyme_unbinned_40__MGr3G3H3I_000000139685_14	vRhyme_unbinned_40__MGr3G3H3I_000000139685	vRhyme_unbinned_40__MGr3G3H3I_000000139685																														KEGG	false	high	1368.0	4962.0	NaN	NaN
vRhyme_unbinned_40__MGr3G3H3I_000000139685_15	vRhyme_unbinned_40__MGr3G3H3I_000000139685	vRhyme_unbinned_40__MGr3G3H3I_000000139685																														KEGG	false	high	2433.0	3897.0	NaN	NaN
vRhyme_unbinned_40__MGr3G3H3I_000000139685_16	vRhyme_unbinned_40__MGr3G3H3I_000000139685	vRhyme_unbinned_40__MGr3G3H3I_000000139685																														KEGG	false	high	2667.0	3663.0	NaN	NaN
vRhyme_unbinned_40__MGr3G3H3I_000000139685_17	vRhyme_unbinned_40__MGr3G3H3I_000000139685	vRhyme_unbinned_40__MGr3G3H3I_000000139685																														KEGG	false	high	2916.0	3414.0	NaN	NaN
vRhyme_unbinned_40__MGr3G3H3I_000000139685_18	vRhyme_unbinned_40__MGr3G3H3I_000000139685	vRhyme_unbinned_40__MGr3G3H3I_000000139685																														KEGG	false	high	3153.0	3177.0	NaN	NaN
vRhyme_unbinned_40__MGr3G3H3I_000000139685_19	vRhyme_unbinned_40__MGr3G3H3I_000000139685	vRhyme_unbinned_40__MGr3G3H3I_000000139685																														KEGG	false	high	3381.0	2949.0	NaN	NaN
vRhyme_unbinned_40__MGr3G3H3I_000000139685_20	vRhyme_unbinned_40__MGr3G3H3I_000000139685	vRhyme_unbinned_40__MGr3G3H3I_000000139685																														KEGG	false	high	3585.0	2745.0	NaN	NaN
vRhyme_unbinned_40__MGr3G3H3I_000000139685_21	vRhyme_unbinned_40__MGr3G3H3I_000000139685	vRhyme_unbinned_40__MGr3G3H3I_000000139685																														KEGG	false	high	3942.0	2388.0	NaN	NaN
vRhyme_unbinned_40__MGr3G3H3I_000000139685_22	vRhyme_unbinned_40__MGr3G3H3I_000000139685	vRhyme_unbinned_40__MGr3G3H3I_000000139685																														KEGG	false	high	4158.0	2172.0	NaN	NaN
vRhyme_unbinned_40__MGr3G3H3I_000000139685_23	vRhyme_unbinned_40__MGr3G3H3I_000000139685	vRhyme_unbinned_40__MGr3G3H3I_000000139685																														KEGG	false	high	4350.0	1980.0	NaN	NaN
vRhyme_unbinned_40__MGr3G3H3I_000000139685_24	vRhyme_unbinned_40__MGr3G3H3I_000000139685	vRhyme_unbinned_40__MGr3G3H3I_000000139685																														KEGG	false	high	4533.0	1797.0	NaN	NaN
vRhyme_unbinned_40__MGr3G3H3I_000000139685_25	vRhyme_unbinned_40__MGr3G3H3I_000000139685	vRhyme_unbinned_40__MGr3G3H3I_000000139685																														KEGG	false	high	4704.0	1626.0	NaN	NaN
vRhyme_unbinned_40__MGr3G3H3I_000000139685_26	vRhyme_unbinned_40__MGr3G3H3I_000000139685	vRhyme_unbinned_40__MGr3G3H3I_000000139685																														KEGG	false	high	4839.0	1491.0	NaN	NaN
vRhyme_unbinned_40__MGr3G3H3I_000000139685_27	vRhyme_unbinned_40__MGr3G3H3I_000000139685	vRhyme_unbinned_40__MGr3G3H3I_000000139685																														KEGG	false	high	5082.0	1248.0	NaN	NaN
vRhyme_unbinned_40__MGr3G3H3I_000000139685_28	vRhyme_unbinned_40__MGr3G3H3I_000000139685	vRhyme_unbinned_40__MGr3G3H3I_000000139685																														KEGG	false	high	5253.0	1077.0	NaN	NaN
vRhyme_unbinned_40__MGr3G3H3I_000000139685_29	vRhyme_unbinned_40__MGr3G3H3I_000000139685	vRhyme_unbinned_40__MGr3G3H3I_000000139685																														KEGG	false	high	5388.0	942.0	NaN	NaN
vRhyme_unbinned_40__MGr3G3H3I_000000139685_30	vRhyme_unbinned_40__MGr3G3H3I_000000139685	vRhyme_unbinned_40__MGr3G3H3I_000000139685																														KEGG	false	high	5862.0	468.0	NaN	NaN
vRhyme_unbinned_40__MGr3G3H3I_000000139685_31	vRhyme_unbinned_40__MGr3G3H3I_000000139685	vRhyme_unbinned_40__MGr3G3H3I_000000139685																														KEGG	false	high	6093.0	237.0	NaN	NaN
vRhyme_unbinned_40__MGr3G3H3I_000000139685_32	vRhyme_unbinned_40__MGr3G3H3I_000000139685	vRhyme_unbinned_40__MGr3G3H3I_000000139685		9.98	10.0									PF18796.7	Large polyvalent protein-associated domain 1	63.825497	0.132									phrog_30335		386.864258	0.933	phrog_30335		PHROG	false	high	6330.0	5562.0	NaN	NaN
vRhyme_unbinned_40__MGr3G3H3I_000000139685_33	vRhyme_unbinned_40__MGr3G3H3I_000000139685	vRhyme_unbinned_40__MGr3G3H3I_000000139685		0.2										PF19419.6	Family of unknown function (DUF5983)	67.481293	0.84													PF19419.6	Family of unknown function (DUF5983)	Pfam	false	high	1887.0	3675.0	NaN	NaN
vRhyme_unbinned_40__MGr3G3H3I_000000139685_34	vRhyme_unbinned_40__MGr3G3H3I_000000139685	vRhyme_unbinned_40__MGr3G3H3I_000000139685																														KEGG	false	high	2244.0	3318.0	NaN	NaN
vRhyme_unbinned_40__MGr3G3H3I_000000139685_35	vRhyme_unbinned_40__MGr3G3H3I_000000139685	vRhyme_unbinned_40__MGr3G3H3I_000000139685																														KEGG	false	high	2421.0	3141.0	NaN	NaN
vRhyme_unbinned_40__MGr3G3H3I_000000139685_36	vRhyme_unbinned_40__MGr3G3H3I_000000139685	vRhyme_unbinned_40__MGr3G3H3I_000000139685																														KEGG	false	high	2577.0	2985.0	NaN	NaN
vRhyme_unbinned_40__MGr3G3H3I_000000139685_37	vRhyme_unbinned_40__MGr3G3H3I_000000139685	vRhyme_unbinned_40__MGr3G3H3I_000000139685																								phrog_8538		77.494789	0.851	phrog_8538		PHROG	false	high	2895.0	2667.0	NaN	NaN
vRhyme_unbinned_40__MGr3G3H3I_000000139685_38	vRhyme_unbinned_40__MGr3G3H3I_000000139685	vRhyme_unbinned_40__MGr3G3H3I_000000139685																														KEGG	false	high	3297.0	2265.0	NaN	NaN
vRhyme_unbinned_40__MGr3G3H3I_000000139685_39	vRhyme_unbinned_40__MGr3G3H3I_000000139685	vRhyme_unbinned_40__MGr3G3H3I_000000139685																														KEGG	false	high	3702.0	1860.0	NaN	NaN
vRhyme_unbinned_40__MGr3G3H3I_000000139685_40	vRhyme_unbinned_40__MGr3G3H3I_000000139685	vRhyme_unbinned_40__MGr3G3H3I_000000139685																														KEGG	false	high	4041.0	1521.0	NaN	NaN
vRhyme_unbinned_40__MGr3G3H3I_000000139685_41	vRhyme_unbinned_40__MGr3G3H3I_000000139685	vRhyme_unbinned_40__MGr3G3H3I_000000139685																														KEGG	false	high	4416.0	1146.0	NaN	NaN
vRhyme_unbinned_40__MGr3G3H3I_000000139685_42	vRhyme_unbinned_40__MGr3G3H3I_000000139685	vRhyme_unbinned_40__MGr3G3H3I_000000139685																														KEGG	false	high	4896.0	666.0	NaN	NaN
vRhyme_unbinned_40__MGr3G3H3I_000000139685_43	vRhyme_unbinned_40__MGr3G3H3I_000000139685	vRhyme_unbinned_40__MGr3G3H3I_000000139685	10.0	10.0	10.0	K06223	DNA adenine methylase [EC:2.1.1.72]	109.092102	0.796					PF02086.22	D12 class N6 adenine-specific DNA methyltransferase	59.374626	0.654									phrog_56	DNA methyltransferase	107.164345	0.673	K06223	DNA adenine methylase [EC:2.1.1.72]	KEGG	false	high	5562.0	3918.0	NaN	NaN
vRhyme_unbinned_40__MGr3G3H3I_000000139685_44	vRhyme_unbinned_40__MGr3G3H3I_000000139685	vRhyme_unbinned_40__MGr3G3H3I_000000139685																														KEGG	false	high	486.0	3432.0	NaN	NaN
vRhyme_unbinned_40__MGr3G3H3I_000000139685_45	vRhyme_unbinned_40__MGr3G3H3I_000000139685	vRhyme_unbinned_40__MGr3G3H3I_000000139685																														KEGG	false	high	717.0	3201.0	NaN	NaN
vRhyme_unbinned_40__MGr3G3H3I_000000139685_46	vRhyme_unbinned_40__MGr3G3H3I_000000139685	vRhyme_unbinned_40__MGr3G3H3I_000000139685																														KEGG	false	high	912.0	3006.0	NaN	NaN
vRhyme_unbinned_40__MGr3G3H3I_000000139685_47	vRhyme_unbinned_40__MGr3G3H3I_000000139685	vRhyme_unbinned_40__MGr3G3H3I_000000139685																														KEGG	false	high	1122.0	2796.0	NaN	NaN
vRhyme_unbinned_40__MGr3G3H3I_000000139685_48	vRhyme_unbinned_40__MGr3G3H3I_000000139685	vRhyme_unbinned_40__MGr3G3H3I_000000139685																														KEGG	false	high	1503.0	2415.0	NaN	NaN
vRhyme_unbinned_40__MGr3G3H3I_000000139685_49	vRhyme_unbinned_40__MGr3G3H3I_000000139685	vRhyme_unbinned_40__MGr3G3H3I_000000139685																														KEGG	false	high	1671.0	2247.0	NaN	NaN
vRhyme_unbinned_40__MGr3G3H3I_000000139685_50	vRhyme_unbinned_40__MGr3G3H3I_000000139685	vRhyme_unbinned_40__MGr3G3H3I_000000139685		1.94										PF08378.18	Nuclease-related domain	58.783829	0.381													PF08378.18	Nuclease-related domain	Pfam	false	high	1893.0	2025.0	NaN	NaN
vRhyme_unbinned_40__MGr3G3H3I_000000139685_51	vRhyme_unbinned_40__MGr3G3H3I_000000139685	vRhyme_unbinned_40__MGr3G3H3I_000000139685																														KEGG	false	high	2838.0	1080.0	NaN	NaN
vRhyme_unbinned_40__MGr3G3H3I_000000139685_52	vRhyme_unbinned_40__MGr3G3H3I_000000139685	vRhyme_unbinned_40__MGr3G3H3I_000000139685																														KEGG	false	high	3579.0	339.0	NaN	NaN
vRhyme_unbinned_40__MGr3G3H3I_000000139685_53	vRhyme_unbinned_40__MGr3G3H3I_000000139685	vRhyme_unbinned_40__MGr3G3H3I_000000139685	10.0	10.0	10.0	K10300	F-box DNA helicase 1 [EC:5.6.2.4]	95.788757	0.909					PF04851.22	Type III restriction enzyme, res subunit	25.246164	0.727									phrog_1967	DNA helicase	77.474838	0.922	K10300	F-box DNA helicase 1 [EC:5.6.2.4]	KEGG	false	high	3918.0	1749.0	NaN	NaN
vRhyme_unbinned_40__MGr3G3H3I_000000139685_54	vRhyme_unbinned_40__MGr3G3H3I_000000139685	vRhyme_unbinned_40__MGr3G3H3I_000000139685				K07496	putative transposase	92.930145	0.802																	phrog_506	transposase	139.516602	0.798	phrog_506	transposase	PHROG	false	high	231.0	1518.0	NaN	NaN
vRhyme_unbinned_40__MGr3G3H3I_000000139685_55	vRhyme_unbinned_40__MGr3G3H3I_000000139685	vRhyme_unbinned_40__MGr3G3H3I_000000139685		10.0										PF13361.13	UvrD-like helicase C-terminal domain	31.133566	0.382													PF13361.13	UvrD-like helicase C-terminal domain	Pfam	false	high	1749.0	489.0	NaN	NaN
vRhyme_unbinned_40__MGr3G3H3I_000000139685_56	vRhyme_unbinned_40__MGr3G3H3I_000000139685	vRhyme_unbinned_40__MGr3G3H3I_000000139685																														KEGG	false	high	204.0	285.0	NaN	NaN
vRhyme_unbinned_40__MGr3G3H3I_000000139685_57	vRhyme_unbinned_40__MGr3G3H3I_000000139685	vRhyme_unbinned_40__MGr3G3H3I_000000139685		10.0	10.0					HMMsoil67791	dbpA; ATP-dependent RNA helicase DbpA EC:3.6.4.13	26.175142	0.222	PF00270.36	DEAD/DEAH box helicase	42.985546	0.214									phrog_16	DNA helicase	71.023933	0.506	phrog_16	DNA helicase	PHROG	false	high	489.0	2403.0	NaN	NaN
vRhyme_unbinned_40__MGr3G3H3I_000000139685_58	vRhyme_unbinned_40__MGr3G3H3I_000000139685	vRhyme_unbinned_40__MGr3G3H3I_000000139685																														KEGG	false	high	1896.0	507.0	NaN	NaN
vRhyme_unbinned_40__MGr3G3H3I_000000139685_59	vRhyme_unbinned_40__MGr3G3H3I_000000139685	vRhyme_unbinned_40__MGr3G3H3I_000000139685																														KEGG	false	high	2148.0	255.0	NaN	NaN
vRhyme_unbinned_40__MGr3G3H3I_000000139685_60	vRhyme_unbinned_40__MGr3G3H3I_000000139685	vRhyme_unbinned_40__MGr3G3H3I_000000139685	10.0	10.0	10.0	K03091	RNA polymerase sigma-E/F/G factor	81.617844	0.651					PF04542.21	Sigma-70 region 2	40.781742	0.215									phrog_351	RNA polymerase sigma factor	73.113594	0.715	K03091	RNA polymerase sigma-E/F/G factor	KEGG	false	high	2403.0	852.0	NaN	NaN
vRhyme_unbinned_40__MGr3G3H3I_000000139685_61	vRhyme_unbinned_40__MGr3G3H3I_000000139685	vRhyme_unbinned_40__MGr3G3H3I_000000139685	10.0	10.0	10.0	K02338	DNA polymerase III subunit beta [EC:2.7.7.7]	266.936218	0.995	HMMsoil6395	dnaN; DNA polymerase III subunit beta EC:2.7.7.7	239.854614	0.995	PF02768.21	DNA polymerase III beta subunit, C-terminal domain	77.255234	0.337									phrog_947	DNA polymerase processivity factor	182.275055	0.995	K02338	DNA polymerase III subunit beta [EC:2.7.7.7]	KEGG	false	medium	852.0	1113.0	NaN	NaN
vRhyme_unbinned_40__MGr3G3H3I_000000139685_62	vRhyme_unbinned_40__MGr3G3H3I_000000139685	vRhyme_unbinned_40__MGr3G3H3I_000000139685	10.0	10.0	10.0	K01520	dUTP diphosphatase [EC:3.6.1.23]	107.084015	0.834	HMMsoil16663	dut, DUT; dUTP pyrophosphatase EC:3.6.1.23	103.705231	0.822	PF00692.25	dUTPase	73.096321	0.72									phrog_135	dUTPase	136.051178	0.86	phrog_135	dUTPase	PHROG	false	high	1113.0	471.0	NaN	NaN
vRhyme_unbinned_40__MGr3G3H3I_000000139685_63	vRhyme_unbinned_40__MGr3G3H3I_000000139685	vRhyme_unbinned_40__MGr3G3H3I_000000139685	10.0	10.0	10.0	K00525	ribonucleoside-diphosphate reductase alpha chain [EC:1.17.4.1]	602.319031	0.98	HMMsoil129049	E1.17.4.1A, nrdA, nrdE; ribonucleoside-diphosphate reductase alpha chain EC:1.17.4.1	597.782959	0.71	PF02867.21	Ribonucleotide reductase, barrel domain	386.178406	0.623									phrog_84	ribonucleoside-diphosphate reductase large subunit	473.226257	0.972	K00525	ribonucleoside-diphosphate reductase alpha chain [EC:1.17.4.1]	KEGG	false	high	471.0	NaN	NaN	NaN
vRhyme_unbinned_40__MGr3G3H3I_000000139685_64	vRhyme_unbinned_40__MGr3G3H3I_000000139685	vRhyme_unbinned_40__MGr3G3H3I_000000139685																														KEGG	false	high	2289.0	NaN	NaN	NaN
vRhyme_unbinned_40__MGr3G3H3I_000000139685_65	vRhyme_unbinned_40__MGr3G3H3I_000000139685	vRhyme_unbinned_40__MGr3G3H3I_000000139685																														KEGG	false	high	2511.0	NaN	NaN	NaN
vRhyme_unbinned_41__MGr3G3H3I_000000142568_1	vRhyme_unbinned_41__MGr3G3H3I_000000142568	vRhyme_unbinned_41__MGr3G3H3I_000000142568																														KEGG	false	high	NaN	372.0	NaN	2823.0
vRhyme_unbinned_41__MGr3G3H3I_000000142568_2	vRhyme_unbinned_41__MGr3G3H3I_000000142568	vRhyme_unbinned_41__MGr3G3H3I_000000142568																														KEGG	false	high	NaN	123.0	NaN	534.0
vRhyme_unbinned_41__MGr3G3H3I_000000142568_3	vRhyme_unbinned_41__MGr3G3H3I_000000142568	vRhyme_unbinned_41__MGr3G3H3I_000000142568		10.0	10.0									PF18818.8	Zincin-like metallopeptidase	164.364899	0.707									phrog_7245	anti-restriction protein	177.32959	0.96	phrog_7245	anti-restriction protein	PHROG	false	high	NaN	1617.0	NaN	4176.0
vRhyme_unbinned_41__MGr3G3H3I_000000142568_4	vRhyme_unbinned_41__MGr3G3H3I_000000142568	vRhyme_unbinned_41__MGr3G3H3I_000000142568																														KEGG	false	high	522.0	1095.0	NaN	3561.0
vRhyme_unbinned_41__MGr3G3H3I_000000142568_5	vRhyme_unbinned_41__MGr3G3H3I_000000142568	vRhyme_unbinned_41__MGr3G3H3I_000000142568																														KEGG	false	high	780.0	837.0	NaN	696.0
vRhyme_unbinned_41__MGr3G3H3I_000000142568_6	vRhyme_unbinned_41__MGr3G3H3I_000000142568	vRhyme_unbinned_41__MGr3G3H3I_000000142568																														KEGG	false	high	1020.0	597.0	NaN	396.0
vRhyme_unbinned_41__MGr3G3H3I_000000142568_7	vRhyme_unbinned_41__MGr3G3H3I_000000142568	vRhyme_unbinned_41__MGr3G3H3I_000000142568																														KEGG	false	high	1335.0	282.0	NaN	198.0
vRhyme_unbinned_41__MGr3G3H3I_000000142568_8	vRhyme_unbinned_41__MGr3G3H3I_000000142568	vRhyme_unbinned_41__MGr3G3H3I_000000142568		10.0	10.0									PF17289.9	Terminase RNaseH-like domain	62.9305	0.399									phrog_979	terminase large subunit	125.612068	0.601	phrog_979	terminase large subunit	PHROG	false	high	1617.0	1083.0	NaN	NaN
vRhyme_unbinned_41__MGr3G3H3I_000000142568_9	vRhyme_unbinned_41__MGr3G3H3I_000000142568	vRhyme_unbinned_41__MGr3G3H3I_000000142568		10.0										PF03237.22	Terminase large subunit, T4likevirus-type, N-terminal	30.903818	0.7													PF03237.22	Terminase large subunit, T4likevirus-type, N-terminal	Pfam	false	high	1083.0	2871.0	624.0	NaN
vRhyme_unbinned_41__MGr3G3H3I_000000142568_10	vRhyme_unbinned_41__MGr3G3H3I_000000142568	vRhyme_unbinned_41__MGr3G3H3I_000000142568																														KEGG	false	high	420.0	2451.0	873.0	NaN
vRhyme_unbinned_41__MGr3G3H3I_000000142568_11	vRhyme_unbinned_41__MGr3G3H3I_000000142568	vRhyme_unbinned_41__MGr3G3H3I_000000142568																														KEGG	false	high	1023.0	1848.0	1254.0	NaN
vRhyme_unbinned_41__MGr3G3H3I_000000142568_12	vRhyme_unbinned_41__MGr3G3H3I_000000142568	vRhyme_unbinned_41__MGr3G3H3I_000000142568																														KEGG	false	high	1323.0	1548.0	1692.0	NaN
vRhyme_unbinned_41__MGr3G3H3I_000000142568_13	vRhyme_unbinned_41__MGr3G3H3I_000000142568	vRhyme_unbinned_41__MGr3G3H3I_000000142568																														KEGG	false	high	1920.0	951.0	1791.0	NaN
vRhyme_unbinned_41__MGr3G3H3I_000000142568_14	vRhyme_unbinned_41__MGr3G3H3I_000000142568	vRhyme_unbinned_41__MGr3G3H3I_000000142568																														KEGG	false	high	2187.0	684.0	2346.0	NaN
vRhyme_unbinned_41__MGr3G3H3I_000000142568_15	vRhyme_unbinned_41__MGr3G3H3I_000000142568	vRhyme_unbinned_41__MGr3G3H3I_000000142568	10.0	10.0	7.79	K07505	regulatory protein RepA	117.195251	0.543					PF13481.13	AAA domain	107.011711	0.454									phrog_25693		172.670898	0.785	phrog_25693		PHROG	false	high	2871.0	2136.0	3015.0	NaN
vRhyme_unbinned_41__MGr3G3H3I_000000142568_16	vRhyme_unbinned_41__MGr3G3H3I_000000142568	vRhyme_unbinned_41__MGr3G3H3I_000000142568												PF23639.2		84.815582	0.346									phrog_510	DNA primase	97.577408	0.674	phrog_510	DNA primase	PHROG	false	high	1242.0	894.0	3573.0	NaN
vRhyme_unbinned_41__MGr3G3H3I_000000142568_17	vRhyme_unbinned_41__MGr3G3H3I_000000142568	vRhyme_unbinned_41__MGr3G3H3I_000000142568		10.0	10.0									PF08774.18	VRR-NUC domain	25.934614	0.379									phrog_824		83.410576	0.807	phrog_824		PHROG	false	high	2136.0	924.0	3954.0	NaN
vRhyme_unbinned_41__MGr3G3H3I_000000142568_18	vRhyme_unbinned_41__MGr3G3H3I_000000142568	vRhyme_unbinned_41__MGr3G3H3I_000000142568		3.33										PF02229.23	Transcriptional Coactivator p15 (PC4)	32.738842	0.595													PF02229.23	Transcriptional Coactivator p15 (PC4)	Pfam	false	high	435.0	489.0	NaN	NaN
vRhyme_unbinned_41__MGr3G3H3I_000000142568_19	vRhyme_unbinned_41__MGr3G3H3I_000000142568	vRhyme_unbinned_41__MGr3G3H3I_000000142568																														KEGG	false	high	687.0	237.0	NaN	NaN
vRhyme_unbinned_41__MGr3G3H3I_000000142568_20	vRhyme_unbinned_41__MGr3G3H3I_000000142568	vRhyme_unbinned_41__MGr3G3H3I_000000142568		10.0										PF05930.19	Prophage CP4-57 regulatory protein (AlpA)	26.20392	0.342													PF05930.19	Prophage CP4-57 regulatory protein (AlpA)	Pfam	false	high	924.0	228.0	NaN	NaN
vRhyme_unbinned_41__MGr3G3H3I_000000142568_21	vRhyme_unbinned_41__MGr3G3H3I_000000142568	vRhyme_unbinned_41__MGr3G3H3I_000000142568	10.0	10.0	9.03	K21498	antitoxin HigA-1	131.738892	0.888	HMMsoil68357	alaA; alanine-synthesizing transaminase EC:2.6.1.66 2.6.1.2	24.558365	0.469	PF01381.29	Helix-turn-helix	29.137779	0.52									phrog_1381	plasmid antitoxin with HTH domain	84.137978	0.847	K21498	antitoxin HigA-1	KEGG	false	high	228.0	294.0	NaN	NaN
vRhyme_unbinned_41__MGr3G3H3I_000000142568_22	vRhyme_unbinned_41__MGr3G3H3I_000000142568	vRhyme_unbinned_41__MGr3G3H3I_000000142568	10.0	4.7	4.17	K07334	toxin HigB-1	130.51239	0.99					PF05015.19	RelE-like toxin of type II toxin-antitoxin system HigB	71.605835	0.823									phrog_3066	toxin of TA system	105.176003	0.99	K07334	toxin HigB-1	KEGG	false	medium	294.0	537.0	NaN	NaN
vRhyme_unbinned_41__MGr3G3H3I_000000142568_23	vRhyme_unbinned_41__MGr3G3H3I_000000142568	vRhyme_unbinned_41__MGr3G3H3I_000000142568																														KEGG	false	high	288.0	249.0	NaN	NaN
vRhyme_unbinned_41__MGr3G3H3I_000000142568_24	vRhyme_unbinned_41__MGr3G3H3I_000000142568	vRhyme_unbinned_41__MGr3G3H3I_000000142568	10.0	10.0	10.0	K04763	integrase/recombinase XerD	51.954967	0.732					PF00589.28	Phage integrase family	43.365685	0.367									phrog_1	integrase	171.426224	0.964	phrog_1	integrase	PHROG	false	medium	537.0	NaN	NaN	NaN
vRhyme_unbinned_42__MGr3G3H3I_000000144901_1	vRhyme_unbinned_42__MGr3G3H3I_000000144901	vRhyme_unbinned_42__MGr3G3H3I_000000144901																														KEGG	false	medium	NaN	5463.0	NaN	NaN
vRhyme_unbinned_42__MGr3G3H3I_000000144901_2	vRhyme_unbinned_42__MGr3G3H3I_000000144901	vRhyme_unbinned_42__MGr3G3H3I_000000144901																								phrog_2	terminase large subunit	101.187317	0.863	phrog_2	terminase large subunit	PHROG	false	medium	NaN	3723.0	NaN	NaN
vRhyme_unbinned_42__MGr3G3H3I_000000144901_3	vRhyme_unbinned_42__MGr3G3H3I_000000144901	vRhyme_unbinned_42__MGr3G3H3I_000000144901																														KEGG	false	medium	NaN	2142.0	NaN	NaN
vRhyme_unbinned_42__MGr3G3H3I_000000144901_4	vRhyme_unbinned_42__MGr3G3H3I_000000144901	vRhyme_unbinned_42__MGr3G3H3I_000000144901		2.73	2.3									PF20613.5	HipA-like kinase	43.613979	0.484									phrog_3162		57.668407	0.819	phrog_3162		PHROG	false	medium	NaN	1932.0	NaN	NaN
vRhyme_unbinned_42__MGr3G3H3I_000000144901_5	vRhyme_unbinned_42__MGr3G3H3I_000000144901	vRhyme_unbinned_42__MGr3G3H3I_000000144901		6.37										PF05635.18	23S rRNA-intervening sequence protein	127.664124	0.813													PF05635.18	23S rRNA-intervening sequence protein	Pfam	false	medium	NaN	1188.0	NaN	NaN
vRhyme_unbinned_42__MGr3G3H3I_000000144901_6	vRhyme_unbinned_42__MGr3G3H3I_000000144901	vRhyme_unbinned_42__MGr3G3H3I_000000144901		1.86										PF11236.14	Protein of unknown function (DUF3037)	38.84919	0.392													PF11236.14	Protein of unknown function (DUF3037)	Pfam	false	medium	NaN	819.0	NaN	NaN
vRhyme_unbinned_42__MGr3G3H3I_000000144901_7	vRhyme_unbinned_42__MGr3G3H3I_000000144901	vRhyme_unbinned_42__MGr3G3H3I_000000144901		10.0	10.0									PF04860.18	Phage portal protein	137.080811	0.82									phrog_2662	portal protein	111.998787	0.858	PF04860.18	Phage portal protein	Pfam	false	medium	NaN	NaN	NaN	NaN
vRhyme_unbinned_42__MGr3G3H3I_000000144901_8	vRhyme_unbinned_42__MGr3G3H3I_000000144901	vRhyme_unbinned_42__MGr3G3H3I_000000144901																														KEGG	false	medium	1248.0	NaN	NaN	NaN
vRhyme_unbinned_42__MGr3G3H3I_000000144901_9	vRhyme_unbinned_42__MGr3G3H3I_000000144901	vRhyme_unbinned_42__MGr3G3H3I_000000144901																														KEGG	false	medium	1788.0	NaN	NaN	NaN
vRhyme_unbinned_42__MGr3G3H3I_000000144901_10	vRhyme_unbinned_42__MGr3G3H3I_000000144901	vRhyme_unbinned_42__MGr3G3H3I_000000144901																														KEGG	false	medium	2220.0	NaN	NaN	NaN
vRhyme_unbinned_43__MGr3G3H3I_000000145042_1	vRhyme_unbinned_43__MGr3G3H3I_000000145042	vRhyme_unbinned_43__MGr3G3H3I_000000145042		1.46										PF18864.7	AbiTii	45.287365	0.651													PF18864.7	AbiTii	Pfam	false	low	NaN	3945.0	NaN	NaN
vRhyme_unbinned_43__MGr3G3H3I_000000145042_2	vRhyme_unbinned_43__MGr3G3H3I_000000145042	vRhyme_unbinned_43__MGr3G3H3I_000000145042		1.49										PF18135.8	Type ISP C-terminal specificity domain	265.896149	0.313													PF18135.8	Type ISP C-terminal specificity domain	Pfam	false	low	NaN	3507.0	NaN	NaN
vRhyme_unbinned_43__MGr3G3H3I_000000145042_3	vRhyme_unbinned_43__MGr3G3H3I_000000145042	vRhyme_unbinned_43__MGr3G3H3I_000000145042		5.82										PF02604.27	Antitoxin Phd_YefM, type II toxin-antitoxin system	35.988178	0.623													PF02604.27	Antitoxin Phd_YefM, type II toxin-antitoxin system	Pfam	false	low	NaN	183.0	NaN	NaN
vRhyme_unbinned_43__MGr3G3H3I_000000145042_4	vRhyme_unbinned_43__MGr3G3H3I_000000145042	vRhyme_unbinned_43__MGr3G3H3I_000000145042	10.0	10.0	10.0	K04763	integrase/recombinase XerD	178.701981	0.915					PF00589.28	Phage integrase family	125.841835	0.891									phrog_216	integrase	135.628494	0.962	K04763	integrase/recombinase XerD	KEGG	false	low	NaN	633.0	NaN	NaN
vRhyme_unbinned_43__MGr3G3H3I_000000145042_5	vRhyme_unbinned_43__MGr3G3H3I_000000145042	vRhyme_unbinned_43__MGr3G3H3I_000000145042		10.0										PF13365.13	Trypsin-like peptidase domain	34.233898	0.71													PF13365.13	Trypsin-like peptidase domain	Pfam	false	medium	633.0	3732.0	NaN	NaN
vRhyme_unbinned_43__MGr3G3H3I_000000145042_6	vRhyme_unbinned_43__MGr3G3H3I_000000145042	vRhyme_unbinned_43__MGr3G3H3I_000000145042																														KEGG	false	low	642.0	3090.0	NaN	NaN
vRhyme_unbinned_43__MGr3G3H3I_000000145042_7	vRhyme_unbinned_43__MGr3G3H3I_000000145042	vRhyme_unbinned_43__MGr3G3H3I_000000145042		4.17	1.86									PF18602.7	Rap1a immunity proteins	77.295372	0.772									phrog_3870		65.047989	0.984	PF18602.7	Rap1a immunity proteins	Pfam	false	low	1626.0	2106.0	NaN	NaN
vRhyme_unbinned_43__MGr3G3H3I_000000145042_8	vRhyme_unbinned_43__MGr3G3H3I_000000145042	vRhyme_unbinned_43__MGr3G3H3I_000000145042																														KEGG	false	medium	2007.0	1725.0	NaN	NaN
vRhyme_unbinned_43__MGr3G3H3I_000000145042_9	vRhyme_unbinned_43__MGr3G3H3I_000000145042	vRhyme_unbinned_43__MGr3G3H3I_000000145042																														KEGG	false	low	3483.0	249.0	NaN	NaN
vRhyme_unbinned_43__MGr3G3H3I_000000145042_10	vRhyme_unbinned_43__MGr3G3H3I_000000145042	vRhyme_unbinned_43__MGr3G3H3I_000000145042		10.0	4.19									PF13148.12	Protein of unknown function (DUF3987)	290.52063	0.451									phrog_2373	DNA helicase	197.840591	0.539	PF13148.12	Protein of unknown function (DUF3987)	Pfam	false	medium	3732.0	6279.0	NaN	NaN
vRhyme_unbinned_43__MGr3G3H3I_000000145042_11	vRhyme_unbinned_43__MGr3G3H3I_000000145042	vRhyme_unbinned_43__MGr3G3H3I_000000145042																														KEGG	false	medium	2406.0	3873.0	NaN	NaN
vRhyme_unbinned_43__MGr3G3H3I_000000145042_12	vRhyme_unbinned_43__MGr3G3H3I_000000145042	vRhyme_unbinned_43__MGr3G3H3I_000000145042																														KEGG	false	medium	2844.0	3435.0	NaN	NaN
vRhyme_unbinned_43__MGr3G3H3I_000000145042_13	vRhyme_unbinned_43__MGr3G3H3I_000000145042	vRhyme_unbinned_43__MGr3G3H3I_000000145042																														KEGG	false	medium	3096.0	3183.0	NaN	NaN
vRhyme_unbinned_43__MGr3G3H3I_000000145042_14	vRhyme_unbinned_43__MGr3G3H3I_000000145042	vRhyme_unbinned_43__MGr3G3H3I_000000145042				K06909	phage terminase large subunit	69.005196	0.905																	phrog_2	terminase large subunit	74.637474	0.907	phrog_2	terminase large subunit	PHROG	false	medium	3483.0	2796.0	NaN	NaN
vRhyme_unbinned_43__MGr3G3H3I_000000145042_15	vRhyme_unbinned_43__MGr3G3H3I_000000145042	vRhyme_unbinned_43__MGr3G3H3I_000000145042																														KEGG	false	medium	4902.0	1377.0	NaN	NaN
vRhyme_unbinned_43__MGr3G3H3I_000000145042_16	vRhyme_unbinned_43__MGr3G3H3I_000000145042	vRhyme_unbinned_43__MGr3G3H3I_000000145042																														KEGG	false	medium	5067.0	1212.0	NaN	NaN
vRhyme_unbinned_43__MGr3G3H3I_000000145042_17	vRhyme_unbinned_43__MGr3G3H3I_000000145042	vRhyme_unbinned_43__MGr3G3H3I_000000145042																														KEGG	false	medium	6159.0	120.0	NaN	NaN
vRhyme_unbinned_43__MGr3G3H3I_000000145042_18	vRhyme_unbinned_43__MGr3G3H3I_000000145042	vRhyme_unbinned_43__MGr3G3H3I_000000145042	10.0	10.0	10.0	K14059	integrase	156.880814	0.836					PF00589.28	Phage integrase family	63.865253	0.395									phrog_1	integrase	130.661209	0.838	K14059	integrase	KEGG	false	medium	6279.0	NaN	NaN	NaN
vRhyme_unbinned_43__MGr3G3H3I_000000145042_19	vRhyme_unbinned_43__MGr3G3H3I_000000145042	vRhyme_unbinned_43__MGr3G3H3I_000000145042																														KEGG	false	medium	1170.0	NaN	NaN	NaN
vRhyme_unbinned_43__MGr3G3H3I_000000145042_20	vRhyme_unbinned_43__MGr3G3H3I_000000145042	vRhyme_unbinned_43__MGr3G3H3I_000000145042												PF26567.1		127.978424	0.463									phrog_6287	BstA abortive infection system, replication inhibitor	204.460663	0.953	phrog_6287	BstA abortive infection system, replication inhibitor	PHROG	false	medium	1713.0	NaN	NaN	NaN
vRhyme_unbinned_43__MGr3G3H3I_000000145042_21	vRhyme_unbinned_43__MGr3G3H3I_000000145042	vRhyme_unbinned_43__MGr3G3H3I_000000145042																														KEGG	false	medium	2478.0	NaN	NaN	NaN
vRhyme_unbinned_44__MGr3G3H3I_000000146975_1	vRhyme_unbinned_44__MGr3G3H3I_000000146975	vRhyme_unbinned_44__MGr3G3H3I_000000146975																														KEGG	false	medium	NaN	420.0	NaN	NaN
vRhyme_unbinned_44__MGr3G3H3I_000000146975_2	vRhyme_unbinned_44__MGr3G3H3I_000000146975	vRhyme_unbinned_44__MGr3G3H3I_000000146975																														KEGG	false	medium	NaN	327.0	NaN	NaN
vRhyme_unbinned_44__MGr3G3H3I_000000146975_3	vRhyme_unbinned_44__MGr3G3H3I_000000146975	vRhyme_unbinned_44__MGr3G3H3I_000000146975																														KEGG	false	medium	NaN	186.0	NaN	NaN
vRhyme_unbinned_44__MGr3G3H3I_000000146975_4	vRhyme_unbinned_44__MGr3G3H3I_000000146975	vRhyme_unbinned_44__MGr3G3H3I_000000146975	10.0	10.0	10.0	K21402	2-O-methyltransferase [EC:2.1.1.-]	56.740482	0.819					PF05050.20	Methyltransferase FkbM domain	58.857792	0.643									phrog_8156	methyltransferase	101.10672	0.71	phrog_8156	methyltransferase	PHROG	false	medium	NaN	NaN	NaN	NaN
vRhyme_unbinned_44__MGr3G3H3I_000000146975_5	vRhyme_unbinned_44__MGr3G3H3I_000000146975	vRhyme_unbinned_44__MGr3G3H3I_000000146975																														KEGG	false	medium	714.0	NaN	NaN	NaN
vRhyme_unbinned_44__MGr3G3H3I_000000146975_6	vRhyme_unbinned_44__MGr3G3H3I_000000146975	vRhyme_unbinned_44__MGr3G3H3I_000000146975																														KEGG	false	medium	1122.0	NaN	NaN	NaN
vRhyme_unbinned_44__MGr3G3H3I_000000146975_7	vRhyme_unbinned_44__MGr3G3H3I_000000146975	vRhyme_unbinned_44__MGr3G3H3I_000000146975																														KEGG	false	medium	1329.0	NaN	NaN	NaN
vRhyme_unbinned_44__MGr3G3H3I_000000146975_8	vRhyme_unbinned_44__MGr3G3H3I_000000146975	vRhyme_unbinned_44__MGr3G3H3I_000000146975																								phrog_1962	glycosyltransferase	81.711052	0.779	phrog_1962	glycosyltransferase	PHROG	false	medium	1485.0	NaN	NaN	NaN
vRhyme_unbinned_44__MGr3G3H3I_000000146975_9	vRhyme_unbinned_44__MGr3G3H3I_000000146975	vRhyme_unbinned_44__MGr3G3H3I_000000146975																														KEGG	false	medium	2271.0	NaN	NaN	NaN
vRhyme_unbinned_44__MGr3G3H3I_000000146975_10	vRhyme_unbinned_44__MGr3G3H3I_000000146975	vRhyme_unbinned_44__MGr3G3H3I_000000146975																								phrog_38	terminase large subunit	242.243103	0.941	phrog_38	terminase large subunit	PHROG	false	medium	2643.0	NaN	NaN	NaN
vRhyme_unbinned_44__MGr3G3H3I_000000146975_11	vRhyme_unbinned_44__MGr3G3H3I_000000146975	vRhyme_unbinned_44__MGr3G3H3I_000000146975																														KEGG	false	medium	4281.0	NaN	NaN	NaN
vRhyme_unbinned_44__MGr3G3H3I_000000146975_12	vRhyme_unbinned_44__MGr3G3H3I_000000146975	vRhyme_unbinned_44__MGr3G3H3I_000000146975																														KEGG	false	medium	4611.0	NaN	NaN	NaN
vRhyme_unbinned_44__MGr3G3H3I_000000146975_13	vRhyme_unbinned_44__MGr3G3H3I_000000146975	vRhyme_unbinned_44__MGr3G3H3I_000000146975																														KEGG	false	medium	4968.0	NaN	NaN	NaN
vRhyme_unbinned_44__MGr3G3H3I_000000146975_14	vRhyme_unbinned_44__MGr3G3H3I_000000146975	vRhyme_unbinned_44__MGr3G3H3I_000000146975																														KEGG	false	medium	7248.0	NaN	NaN	NaN
vRhyme_unbinned_44__MGr3G3H3I_000000146975_15	vRhyme_unbinned_44__MGr3G3H3I_000000146975	vRhyme_unbinned_44__MGr3G3H3I_000000146975																														KEGG	false	medium	8400.0	NaN	NaN	NaN
vRhyme_unbinned_44__MGr3G3H3I_000000146975_16	vRhyme_unbinned_44__MGr3G3H3I_000000146975	vRhyme_unbinned_44__MGr3G3H3I_000000146975																														KEGG	false	medium	9144.0	NaN	NaN	NaN
vRhyme_unbinned_44__MGr3G3H3I_000000146975_17	vRhyme_unbinned_44__MGr3G3H3I_000000146975	vRhyme_unbinned_44__MGr3G3H3I_000000146975		0.11										PF01982.23	Domain of unknown function DUF120	47.9342	0.325													PF01982.23	Domain of unknown function DUF120	Pfam	false	medium	9675.0	NaN	NaN	NaN
vRhyme_unbinned_44__MGr3G3H3I_000000146975_18	vRhyme_unbinned_44__MGr3G3H3I_000000146975	vRhyme_unbinned_44__MGr3G3H3I_000000146975																														KEGG	false	medium	10635.0	NaN	NaN	NaN
vRhyme_unbinned_45__MGr3G3H3I_000000148917_1	vRhyme_unbinned_45__MGr3G3H3I_000000148917	vRhyme_unbinned_45__MGr3G3H3I_000000148917	10.0	1.33	0.73	K03497	ParB family transcriptional regulator, chromosome partitioning protein	57.079094	0.65					PF07506.18	RepB plasmid partitioning protein	158.399796	0.613									phrog_31451		145.464249	0.956	PF07506.18	RepB plasmid partitioning protein	Pfam	false	medium	NaN	891.0	NaN	NaN
vRhyme_unbinned_45__MGr3G3H3I_000000148917_2	vRhyme_unbinned_45__MGr3G3H3I_000000148917	vRhyme_unbinned_45__MGr3G3H3I_000000148917	10.0	1.33	5.41	K03497	ParB family transcriptional regulator, chromosome partitioning protein	90.751945	0.733					PF07506.18	RepB plasmid partitioning protein	71.130959	0.564									phrog_3951		113.147438	0.959	phrog_3951		PHROG	false	medium	NaN	888.0	NaN	NaN
vRhyme_unbinned_45__MGr3G3H3I_000000148917_3	vRhyme_unbinned_45__MGr3G3H3I_000000148917	vRhyme_unbinned_45__MGr3G3H3I_000000148917	10.0	10.0	10.0	K06400	site-specific DNA recombinase	203.551483	0.606					PF00239.27	Resolvase, N terminal domain	86.97863	0.266									phrog_95	integrase	204.853622	0.618	phrog_95	integrase	PHROG	false	medium	NaN	NaN	NaN	NaN
vRhyme_unbinned_45__MGr3G3H3I_000000148917_4	vRhyme_unbinned_45__MGr3G3H3I_000000148917	vRhyme_unbinned_45__MGr3G3H3I_000000148917		10.0										PF00486.35	Transcriptional regulatory protein, C terminal	34.843361	0.327													PF00486.35	Transcriptional regulatory protein, C terminal	Pfam	false	medium	1569.0	NaN	NaN	NaN
vRhyme_unbinned_45__MGr3G3H3I_000000148917_5	vRhyme_unbinned_45__MGr3G3H3I_000000148917	vRhyme_unbinned_45__MGr3G3H3I_000000148917																														KEGG	false	medium	459.0	NaN	NaN	NaN
vRhyme_unbinned_45__MGr3G3H3I_000000148917_6	vRhyme_unbinned_45__MGr3G3H3I_000000148917	vRhyme_unbinned_45__MGr3G3H3I_000000148917																														KEGG	false	medium	561.0	NaN	NaN	NaN
vRhyme_unbinned_45__MGr3G3H3I_000000148917_7	vRhyme_unbinned_45__MGr3G3H3I_000000148917	vRhyme_unbinned_45__MGr3G3H3I_000000148917		3.6										PF04193.20	PQ loop repeat	39.640739	0.455													PF04193.20	PQ loop repeat	Pfam	false	medium	1506.0	NaN	NaN	NaN
vRhyme_unbinned_45__MGr3G3H3I_000000148917_8	vRhyme_unbinned_45__MGr3G3H3I_000000148917	vRhyme_unbinned_45__MGr3G3H3I_000000148917																														KEGG	false	medium	1875.0	NaN	NaN	NaN
vRhyme_unbinned_45__MGr3G3H3I_000000148917_9	vRhyme_unbinned_45__MGr3G3H3I_000000148917	vRhyme_unbinned_45__MGr3G3H3I_000000148917																														KEGG	false	medium	2196.0	NaN	NaN	NaN
vRhyme_unbinned_45__MGr3G3H3I_000000148917_10	vRhyme_unbinned_45__MGr3G3H3I_000000148917	vRhyme_unbinned_45__MGr3G3H3I_000000148917																														KEGG	false	medium	3099.0	NaN	NaN	NaN
vRhyme_unbinned_45__MGr3G3H3I_000000148917_11	vRhyme_unbinned_45__MGr3G3H3I_000000148917	vRhyme_unbinned_45__MGr3G3H3I_000000148917		10.0						HMMsoil52190	aroK, aroL; shikimate kinase EC:2.7.1.71	48.852577	0.557	PF01381.29	Helix-turn-helix	35.570305	0.557													HMMsoil52190	aroK, aroL; shikimate kinase EC:2.7.1.71	FOAM	false	medium	3618.0	NaN	NaN	NaN
vRhyme_unbinned_45__MGr3G3H3I_000000148917_12	vRhyme_unbinned_45__MGr3G3H3I_000000148917	vRhyme_unbinned_45__MGr3G3H3I_000000148917																														KEGG	false	medium	264.0	NaN	NaN	NaN
vRhyme_unbinned_46__MGr3G3H3I_000000153998_1	vRhyme_unbinned_46__MGr3G3H3I_000000153998	vRhyme_unbinned_46__MGr3G3H3I_000000153998																														KEGG	false	high	NaN	5178.0	7278.0	20871.0
vRhyme_unbinned_46__MGr3G3H3I_000000153998_2	vRhyme_unbinned_46__MGr3G3H3I_000000153998	vRhyme_unbinned_46__MGr3G3H3I_000000153998																														KEGG	false	high	NaN	4983.0	7566.0	20583.0
vRhyme_unbinned_46__MGr3G3H3I_000000153998_3	vRhyme_unbinned_46__MGr3G3H3I_000000153998	vRhyme_unbinned_46__MGr3G3H3I_000000153998																														KEGG	false	high	NaN	4056.0	9060.0	19089.0
vRhyme_unbinned_46__MGr3G3H3I_000000153998_4	vRhyme_unbinned_46__MGr3G3H3I_000000153998	vRhyme_unbinned_46__MGr3G3H3I_000000153998																														KEGG	false	high	NaN	3657.0	9684.0	18465.0
vRhyme_unbinned_46__MGr3G3H3I_000000153998_5	vRhyme_unbinned_46__MGr3G3H3I_000000153998	vRhyme_unbinned_46__MGr3G3H3I_000000153998																								phrog_6359		250.714157	0.936	phrog_6359		PHROG	false	high	NaN	2682.0	12324.0	15825.0
vRhyme_unbinned_46__MGr3G3H3I_000000153998_6	vRhyme_unbinned_46__MGr3G3H3I_000000153998	vRhyme_unbinned_46__MGr3G3H3I_000000153998																														KEGG	false	high	NaN	1740.0	12789.0	15360.0
vRhyme_unbinned_46__MGr3G3H3I_000000153998_7	vRhyme_unbinned_46__MGr3G3H3I_000000153998	vRhyme_unbinned_46__MGr3G3H3I_000000153998																								phrog_6560		86.708344	0.955	phrog_6560		PHROG	false	high	NaN	1527.0	13146.0	15003.0
vRhyme_unbinned_46__MGr3G3H3I_000000153998_8	vRhyme_unbinned_46__MGr3G3H3I_000000153998	vRhyme_unbinned_46__MGr3G3H3I_000000153998																														KEGG	false	high	NaN	1194.0	13353.0	14796.0
vRhyme_unbinned_46__MGr3G3H3I_000000153998_9	vRhyme_unbinned_46__MGr3G3H3I_000000153998	vRhyme_unbinned_46__MGr3G3H3I_000000153998																								phrog_6356		117.068947	0.918	phrog_6356		PHROG	false	high	NaN	1035.0	13587.0	14562.0
vRhyme_unbinned_46__MGr3G3H3I_000000153998_10	vRhyme_unbinned_46__MGr3G3H3I_000000153998	vRhyme_unbinned_46__MGr3G3H3I_000000153998																								phrog_6737		66.385178	0.802	phrog_6737		PHROG	false	high	NaN	561.0	14004.0	14145.0
vRhyme_unbinned_46__MGr3G3H3I_000000153998_11	vRhyme_unbinned_46__MGr3G3H3I_000000153998	vRhyme_unbinned_46__MGr3G3H3I_000000153998		10.0										PF01844.30	HNH endonuclease	32.01825	0.162													PF01844.30	HNH endonuclease	Pfam	false	high	NaN	5643.0	14457.0	13692.0
vRhyme_unbinned_46__MGr3G3H3I_000000153998_12	vRhyme_unbinned_46__MGr3G3H3I_000000153998	vRhyme_unbinned_46__MGr3G3H3I_000000153998																								phrog_6671		433.106537	0.997	phrog_6671		PHROG	false	high	NaN	4845.0	14694.0	13455.0
vRhyme_unbinned_46__MGr3G3H3I_000000153998_13	vRhyme_unbinned_46__MGr3G3H3I_000000153998	vRhyme_unbinned_46__MGr3G3H3I_000000153998																								phrog_6268		192.294846	0.992	phrog_6268		PHROG	false	high	NaN	3822.0	14898.0	13251.0
vRhyme_unbinned_46__MGr3G3H3I_000000153998_14	vRhyme_unbinned_46__MGr3G3H3I_000000153998	vRhyme_unbinned_46__MGr3G3H3I_000000153998																								phrog_6216		303.946838	0.595	phrog_6216		PHROG	false	high	NaN	2739.0	15309.0	12840.0
vRhyme_unbinned_46__MGr3G3H3I_000000153998_15	vRhyme_unbinned_46__MGr3G3H3I_000000153998	vRhyme_unbinned_46__MGr3G3H3I_000000153998																														KEGG	false	high	NaN	1044.0	17001.0	11148.0
vRhyme_unbinned_46__MGr3G3H3I_000000153998_16	vRhyme_unbinned_46__MGr3G3H3I_000000153998	vRhyme_unbinned_46__MGr3G3H3I_000000153998																								phrog_498	DNA methyltransferase	182.452713	0.771	phrog_498	DNA methyltransferase	PHROG	false	high	NaN	693.0	17577.0	10572.0
vRhyme_unbinned_46__MGr3G3H3I_000000153998_17	vRhyme_unbinned_46__MGr3G3H3I_000000153998	vRhyme_unbinned_46__MGr3G3H3I_000000153998	10.0	10.0		K03574	8-oxo-dGTP diphosphatase [EC:3.6.1.55]	65.999992	0.638	HMMsoil21710	mutT, NUDT15, MTH2; 8-oxo-dGTP diphosphatase EC:3.6.1.55	52.062103	0.319	PF00293.35	NUDIX domain	57.942894	0.372													K03574	8-oxo-dGTP diphosphatase [EC:3.6.1.55]	KEGG	false	medium	NaN	2583.0	18132.0	10017.0
vRhyme_unbinned_46__MGr3G3H3I_000000153998_18	vRhyme_unbinned_46__MGr3G3H3I_000000153998	vRhyme_unbinned_46__MGr3G3H3I_000000153998																														KEGG	false	medium	NaN	1737.0	18450.0	9699.0
vRhyme_unbinned_46__MGr3G3H3I_000000153998_19	vRhyme_unbinned_46__MGr3G3H3I_000000153998	vRhyme_unbinned_46__MGr3G3H3I_000000153998																														KEGG	false	medium	NaN	105.0	18621.0	9528.0
vRhyme_unbinned_46__MGr3G3H3I_000000153998_20	vRhyme_unbinned_46__MGr3G3H3I_000000153998	vRhyme_unbinned_46__MGr3G3H3I_000000153998		10.0	10.0									PF06381.17	Anti-CBASS protein Acb1-like	46.509083	0.579									phrog_146	portal protein	155.329102	0.855	phrog_146	portal protein	PHROG	false	high	NaN	2451.0	18795.0	9354.0
vRhyme_unbinned_46__MGr3G3H3I_000000153998_21	vRhyme_unbinned_46__MGr3G3H3I_000000153998	vRhyme_unbinned_46__MGr3G3H3I_000000153998																														KEGG	false	high	1569.0	882.0	18966.0	9183.0
vRhyme_unbinned_46__MGr3G3H3I_000000153998_22	vRhyme_unbinned_46__MGr3G3H3I_000000153998	vRhyme_unbinned_46__MGr3G3H3I_000000153998																														KEGG	false	high	2172.0	279.0	19227.0	8922.0
vRhyme_unbinned_46__MGr3G3H3I_000000153998_23	vRhyme_unbinned_46__MGr3G3H3I_000000153998	vRhyme_unbinned_46__MGr3G3H3I_000000153998																														KEGG	false	high	2277.0	174.0	21678.0	6471.0
vRhyme_unbinned_46__MGr3G3H3I_000000153998_24	vRhyme_unbinned_46__MGr3G3H3I_000000153998	vRhyme_unbinned_46__MGr3G3H3I_000000153998		10.0	10.0									PF03237.22	Terminase large subunit, T4likevirus-type, N-terminal	51.945732	0.36									phrog_38	terminase large subunit	311.048309	0.929	phrog_38	terminase large subunit	PHROG	false	high	2451.0	NaN	23313.0	4836.0
vRhyme_unbinned_46__MGr3G3H3I_000000153998_25	vRhyme_unbinned_46__MGr3G3H3I_000000153998	vRhyme_unbinned_46__MGr3G3H3I_000000153998																								phrog_309	terminase small subunit	84.193077	0.724	phrog_309	terminase small subunit	PHROG	false	high	1566.0	NaN	23847.0	4302.0
vRhyme_unbinned_47__MGr3G3H3I_000000154348_1	vRhyme_unbinned_47__MGr3G3H3I_000000154348	vRhyme_unbinned_47__MGr3G3H3I_000000154348																								phrog_1005	major head protein	229.841095	0.934	phrog_1005	major head protein	PHROG	false	high	NaN	1749.0	NaN	NaN
vRhyme_unbinned_47__MGr3G3H3I_000000154348_2	vRhyme_unbinned_47__MGr3G3H3I_000000154348	vRhyme_unbinned_47__MGr3G3H3I_000000154348																														KEGG	false	high	NaN	879.0	NaN	NaN
vRhyme_unbinned_47__MGr3G3H3I_000000154348_3	vRhyme_unbinned_47__MGr3G3H3I_000000154348	vRhyme_unbinned_47__MGr3G3H3I_000000154348																														KEGG	false	high	NaN	399.0	NaN	192.0
vRhyme_unbinned_47__MGr3G3H3I_000000154348_4	vRhyme_unbinned_47__MGr3G3H3I_000000154348	vRhyme_unbinned_47__MGr3G3H3I_000000154348		10.0	10.0									PF10123.15	Mu-like prophage I protein	33.284855	0.115									phrog_328	head maturation protease	73.110054	0.544	phrog_328	head maturation protease	PHROG	false	high	NaN	3894.0	NaN	NaN
vRhyme_unbinned_47__MGr3G3H3I_000000154348_5	vRhyme_unbinned_47__MGr3G3H3I_000000154348	vRhyme_unbinned_47__MGr3G3H3I_000000154348												PF23148.2		34.972481	0.91													PF23148.2		Pfam	false	high	1722.0	2172.0	1869.0	NaN
vRhyme_unbinned_47__MGr3G3H3I_000000154348_6	vRhyme_unbinned_47__MGr3G3H3I_000000154348	vRhyme_unbinned_47__MGr3G3H3I_000000154348																														KEGG	false	high	2022.0	1872.0	2124.0	NaN
vRhyme_unbinned_47__MGr3G3H3I_000000154348_7	vRhyme_unbinned_47__MGr3G3H3I_000000154348	vRhyme_unbinned_47__MGr3G3H3I_000000154348		10.0										PF01844.30	HNH endonuclease	49.765472	0.17													PF01844.30	HNH endonuclease	Pfam	false	high	3894.0	2013.0	2319.0	NaN
vRhyme_unbinned_47__MGr3G3H3I_000000154348_8	vRhyme_unbinned_47__MGr3G3H3I_000000154348	vRhyme_unbinned_47__MGr3G3H3I_000000154348																														KEGG	false	high	741.0	1272.0	4965.0	NaN
vRhyme_unbinned_47__MGr3G3H3I_000000154348_9	vRhyme_unbinned_47__MGr3G3H3I_000000154348	vRhyme_unbinned_47__MGr3G3H3I_000000154348																														KEGG	false	high	1482.0	531.0	1425.0	NaN
vRhyme_unbinned_47__MGr3G3H3I_000000154348_10	vRhyme_unbinned_47__MGr3G3H3I_000000154348	vRhyme_unbinned_47__MGr3G3H3I_000000154348		10.0	10.0									PF06074.19	Protein of unknown function (DUF935)	131.071335	0.593									phrog_113	portal protein	190.289612	0.602	phrog_113	portal protein	PHROG	false	high	2013.0	1680.0	1644.0	NaN
vRhyme_unbinned_47__MGr3G3H3I_000000154348_11	vRhyme_unbinned_47__MGr3G3H3I_000000154348	vRhyme_unbinned_47__MGr3G3H3I_000000154348		10.0	10.0									PF17289.9	Terminase RNaseH-like domain	30.455334	0.498									phrog_5909	terminase large subunit	66.666397	0.591	phrog_5909	terminase large subunit	PHROG	false	high	1680.0	NaN	2568.0	NaN
vRhyme_unbinned_48__MGr3G3H3I_000000154912_1	vRhyme_unbinned_48__MGr3G3H3I_000000154912	vRhyme_unbinned_48__MGr3G3H3I_000000154912				K01619	deoxyribose-phosphate aldolase [EC:4.1.2.4]	118.270683	0.89	HMMsoil133058	deoC, DERA; deoxyribose-phosphate aldolase EC:4.1.2.4	103.245834	0.75																	K01619	deoxyribose-phosphate aldolase [EC:4.1.2.4]	KEGG	false	high	NaN	492.0	5025.0	966.0
vRhyme_unbinned_48__MGr3G3H3I_000000154912_2	vRhyme_unbinned_48__MGr3G3H3I_000000154912	vRhyme_unbinned_48__MGr3G3H3I_000000154912	10.0	10.0	10.0	K00590	site-specific DNA-methyltransferase (cytosine-N4-specific) [EC:2.1.1.113]	217.674408	0.95					PF01555.25	DNA methylase	144.495316	0.865									phrog_67	DNA methyltransferase	173.222473	0.979	K00590	site-specific DNA-methyltransferase (cytosine-N4-specific) [EC:2.1.1.113]	KEGG	false	high	NaN	1314.0	5406.0	585.0
vRhyme_unbinned_48__MGr3G3H3I_000000154912_3	vRhyme_unbinned_48__MGr3G3H3I_000000154912	vRhyme_unbinned_48__MGr3G3H3I_000000154912																														KEGG	false	high	846.0	468.0	5991.0	NaN
vRhyme_unbinned_48__MGr3G3H3I_000000154912_4	vRhyme_unbinned_48__MGr3G3H3I_000000154912	vRhyme_unbinned_48__MGr3G3H3I_000000154912		10.0	10.0									PF09414.16	RNA ligase	75.549026	0.488									phrog_968	RNA ligase	130.214935	0.962	phrog_968	RNA ligase	PHROG	false	high	1314.0	3156.0	567.0	NaN
vRhyme_unbinned_48__MGr3G3H3I_000000154912_5	vRhyme_unbinned_48__MGr3G3H3I_000000154912	vRhyme_unbinned_48__MGr3G3H3I_000000154912																														KEGG	false	high	1113.0	2043.0	960.0	NaN
vRhyme_unbinned_48__MGr3G3H3I_000000154912_6	vRhyme_unbinned_48__MGr3G3H3I_000000154912	vRhyme_unbinned_48__MGr3G3H3I_000000154912																														KEGG	false	high	2073.0	1083.0	1779.0	NaN
vRhyme_unbinned_48__MGr3G3H3I_000000154912_7	vRhyme_unbinned_48__MGr3G3H3I_000000154912	vRhyme_unbinned_48__MGr3G3H3I_000000154912																														KEGG	false	high	2301.0	855.0	2238.0	NaN
vRhyme_unbinned_48__MGr3G3H3I_000000154912_8	vRhyme_unbinned_48__MGr3G3H3I_000000154912	vRhyme_unbinned_48__MGr3G3H3I_000000154912		10.0	5.23									PF13521.13	AAA domain	52.739952	0.575									phrog_2107	thymidylate kinase	50.232677	0.543	PF13521.13	AAA domain	Pfam	false	high	3156.0	2178.0	3621.0	NaN
vRhyme_unbinned_48__MGr3G3H3I_000000154912_9	vRhyme_unbinned_48__MGr3G3H3I_000000154912	vRhyme_unbinned_48__MGr3G3H3I_000000154912																														KEGG	false	high	840.0	1338.0	3987.0	NaN
vRhyme_unbinned_48__MGr3G3H3I_000000154912_10	vRhyme_unbinned_48__MGr3G3H3I_000000154912	vRhyme_unbinned_48__MGr3G3H3I_000000154912																														KEGG	false	high	1575.0	603.0	4206.0	NaN
vRhyme_unbinned_48__MGr3G3H3I_000000154912_11	vRhyme_unbinned_48__MGr3G3H3I_000000154912	vRhyme_unbinned_48__MGr3G3H3I_000000154912																														KEGG	false	high	1935.0	243.0	4410.0	NaN
vRhyme_unbinned_48__MGr3G3H3I_000000154912_12	vRhyme_unbinned_48__MGr3G3H3I_000000154912	vRhyme_unbinned_48__MGr3G3H3I_000000154912		10.0	10.0									PF14743.13	DNA ligase OB-like domain	37.57552	0.222									phrog_114	ATP-dependent DNA ligase	100.511436	0.892	phrog_114	ATP-dependent DNA ligase	PHROG	false	high	2178.0	1305.0	5703.0	NaN
vRhyme_unbinned_48__MGr3G3H3I_000000154912_13	vRhyme_unbinned_48__MGr3G3H3I_000000154912	vRhyme_unbinned_48__MGr3G3H3I_000000154912																														KEGG	false	high	1137.0	168.0	6258.0	NaN
vRhyme_unbinned_48__MGr3G3H3I_000000154912_14	vRhyme_unbinned_48__MGr3G3H3I_000000154912	vRhyme_unbinned_48__MGr3G3H3I_000000154912		10.0	10.0									PF06941.18	5' nucleotidase, deoxy (Pyrimidine), cytosolic type C protein (NT5C)	32.625919	0.852									phrog_2643	5'-3' deoxyribonucleotidase	52.977394	0.847	phrog_2643	5'-3' deoxyribonucleotidase	PHROG	false	high	1305.0	NaN	6633.0	NaN
vRhyme_unbinned_48__MGr3G3H3I_000000154912_15	vRhyme_unbinned_48__MGr3G3H3I_000000154912	vRhyme_unbinned_48__MGr3G3H3I_000000154912																														KEGG	false	high	609.0	NaN	7320.0	NaN
vRhyme_unbinned_48__MGr3G3H3I_000000154912_16	vRhyme_unbinned_48__MGr3G3H3I_000000154912	vRhyme_unbinned_48__MGr3G3H3I_000000154912																														KEGG	false	high	1293.0	NaN	7509.0	NaN
vRhyme_unbinned_48__MGr3G3H3I_000000154912_17	vRhyme_unbinned_48__MGr3G3H3I_000000154912	vRhyme_unbinned_48__MGr3G3H3I_000000154912																														KEGG	false	high	1779.0	NaN	7989.0	NaN
vRhyme_unbinned_48__MGr3G3H3I_000000154912_18	vRhyme_unbinned_48__MGr3G3H3I_000000154912	vRhyme_unbinned_48__MGr3G3H3I_000000154912																														KEGG	false	high	2202.0	NaN	8661.0	NaN
vRhyme_unbinned_48__MGr3G3H3I_000000154912_19	vRhyme_unbinned_48__MGr3G3H3I_000000154912	vRhyme_unbinned_48__MGr3G3H3I_000000154912																														KEGG	false	high	2499.0	NaN	9510.0	NaN
vRhyme_unbinned_48__MGr3G3H3I_000000154912_20	vRhyme_unbinned_48__MGr3G3H3I_000000154912	vRhyme_unbinned_48__MGr3G3H3I_000000154912																														KEGG	false	high	2742.0	NaN	957.0	NaN
vRhyme_unbinned_49__MGr3G3H3I_000000157758_1	vRhyme_unbinned_49__MGr3G3H3I_000000157758	vRhyme_unbinned_49__MGr3G3H3I_000000157758																														KEGG	false	medium	NaN	426.0	NaN	NaN
vRhyme_unbinned_49__MGr3G3H3I_000000157758_2	vRhyme_unbinned_49__MGr3G3H3I_000000157758	vRhyme_unbinned_49__MGr3G3H3I_000000157758	10.0	10.0	4.03	K06907	Bacteriophage tail sheath protein	290.781006	0.979					PF17482.8	Phage tail sheath C-terminal domain	36.594383	0.147									phrog_15814		123.951126	0.529	K06907	Bacteriophage tail sheath protein	KEGG	false	high	NaN	2100.0	NaN	NaN
vRhyme_unbinned_49__MGr3G3H3I_000000157758_3	vRhyme_unbinned_49__MGr3G3H3I_000000157758	vRhyme_unbinned_49__MGr3G3H3I_000000157758		10.0										PF06841.19	T4-like virus tail tube protein gp19	61.135414	0.897													PF06841.19	T4-like virus tail tube protein gp19	Pfam	false	medium	NaN	468.0	NaN	NaN
vRhyme_unbinned_49__MGr3G3H3I_000000157758_4	vRhyme_unbinned_49__MGr3G3H3I_000000157758	vRhyme_unbinned_49__MGr3G3H3I_000000157758		10.0	10.0									PF12322.15	T4 bacteriophage base plate protein	59.144295	0.873									phrog_150	baseplate hub	63.297115	0.915	phrog_150	baseplate hub	PHROG	false	medium	NaN	NaN	NaN	NaN
vRhyme_unbinned_49__MGr3G3H3I_000000157758_5	vRhyme_unbinned_49__MGr3G3H3I_000000157758	vRhyme_unbinned_49__MGr3G3H3I_000000157758																														KEGG	false	high	777.0	NaN	NaN	NaN
vRhyme_unbinned_49__MGr3G3H3I_000000157758_6	vRhyme_unbinned_49__MGr3G3H3I_000000157758	vRhyme_unbinned_49__MGr3G3H3I_000000157758																														KEGG	false	high	2574.0	NaN	NaN	NaN
vRhyme_unbinned_49__MGr3G3H3I_000000157758_7	vRhyme_unbinned_49__MGr3G3H3I_000000157758	vRhyme_unbinned_49__MGr3G3H3I_000000157758																														KEGG	false	high	4518.0	NaN	NaN	NaN
vRhyme_unbinned_49__MGr3G3H3I_000000157758_8	vRhyme_unbinned_49__MGr3G3H3I_000000157758	vRhyme_unbinned_49__MGr3G3H3I_000000157758																														KEGG	false	high	6348.0	NaN	NaN	NaN
vRhyme_unbinned_4__MGr3G3H3I_000000010128_1	vRhyme_unbinned_4__MGr3G3H3I_000000010128	vRhyme_unbinned_4__MGr3G3H3I_000000010128		2.58										PF07963.18	Prokaryotic N-terminal methylation motif	35.211445	0.519													PF07963.18	Prokaryotic N-terminal methylation motif	Pfam	false	medium	NaN	NaN	NaN	NaN
vRhyme_unbinned_4__MGr3G3H3I_000000010128_2	vRhyme_unbinned_4__MGr3G3H3I_000000010128	vRhyme_unbinned_4__MGr3G3H3I_000000010128		0.51						HMMsoil49706	B3GALTL; UDP-glucose:O-linked fucose beta-1,3-glucosyltransferase EC:2.4.1.-	61.748325	0.635	PF02434.23	Fringe-like	22.452272	0.647													HMMsoil49706	B3GALTL; UDP-glucose:O-linked fucose beta-1,3-glucosyltransferase EC:2.4.1.-	FOAM	false	medium	NaN	NaN	NaN	NaN
vRhyme_unbinned_4__MGr3G3H3I_000000010128_3	vRhyme_unbinned_4__MGr3G3H3I_000000010128	vRhyme_unbinned_4__MGr3G3H3I_000000010128																														KEGG	false	medium	NaN	NaN	NaN	NaN
vRhyme_unbinned_4__MGr3G3H3I_000000010128_4	vRhyme_unbinned_4__MGr3G3H3I_000000010128	vRhyme_unbinned_4__MGr3G3H3I_000000010128																														KEGG	false	medium	NaN	NaN	NaN	NaN
vRhyme_unbinned_4__MGr3G3H3I_000000010128_5	vRhyme_unbinned_4__MGr3G3H3I_000000010128	vRhyme_unbinned_4__MGr3G3H3I_000000010128																														KEGG	false	medium	NaN	NaN	NaN	NaN
vRhyme_unbinned_4__MGr3G3H3I_000000010128_6	vRhyme_unbinned_4__MGr3G3H3I_000000010128	vRhyme_unbinned_4__MGr3G3H3I_000000010128		10.0						HMMsoil27143	E3.2.1.14; chitinase EC:3.2.1.14	34.608898	0.08	PF02839.20	Carbohydrate-binding module family 5/12	33.561031	0.115													HMMsoil27143	E3.2.1.14; chitinase EC:3.2.1.14	FOAM	false	medium	NaN	NaN	NaN	NaN
vRhyme_unbinned_4__MGr3G3H3I_000000010128_7	vRhyme_unbinned_4__MGr3G3H3I_000000010128	vRhyme_unbinned_4__MGr3G3H3I_000000010128																														KEGG	false	medium	NaN	NaN	NaN	NaN
vRhyme_unbinned_4__MGr3G3H3I_000000010128_8	vRhyme_unbinned_4__MGr3G3H3I_000000010128	vRhyme_unbinned_4__MGr3G3H3I_000000010128																														KEGG	false	medium	NaN	NaN	NaN	NaN
vRhyme_unbinned_4__MGr3G3H3I_000000010128_9	vRhyme_unbinned_4__MGr3G3H3I_000000010128	vRhyme_unbinned_4__MGr3G3H3I_000000010128																														KEGG	false	medium	NaN	NaN	NaN	NaN
vRhyme_unbinned_4__MGr3G3H3I_000000010128_10	vRhyme_unbinned_4__MGr3G3H3I_000000010128	vRhyme_unbinned_4__MGr3G3H3I_000000010128																														KEGG	false	medium	NaN	NaN	NaN	NaN
vRhyme_unbinned_4__MGr3G3H3I_000000010128_11	vRhyme_unbinned_4__MGr3G3H3I_000000010128	vRhyme_unbinned_4__MGr3G3H3I_000000010128																														KEGG	false	medium	NaN	NaN	NaN	NaN
vRhyme_unbinned_4__MGr3G3H3I_000000010128_12	vRhyme_unbinned_4__MGr3G3H3I_000000010128	vRhyme_unbinned_4__MGr3G3H3I_000000010128																														KEGG	false	medium	NaN	NaN	NaN	NaN
vRhyme_unbinned_4__MGr3G3H3I_000000010128_13	vRhyme_unbinned_4__MGr3G3H3I_000000010128	vRhyme_unbinned_4__MGr3G3H3I_000000010128																														KEGG	false	medium	NaN	NaN	NaN	NaN
vRhyme_unbinned_50__MGr3G3H3I_000000159176_1	vRhyme_unbinned_50__MGr3G3H3I_000000159176	vRhyme_unbinned_50__MGr3G3H3I_000000159176																														KEGG	false	high	NaN	1140.0	NaN	NaN
vRhyme_unbinned_50__MGr3G3H3I_000000159176_2	vRhyme_unbinned_50__MGr3G3H3I_000000159176	vRhyme_unbinned_50__MGr3G3H3I_000000159176																														KEGG	false	high	NaN	1053.0	NaN	NaN
vRhyme_unbinned_50__MGr3G3H3I_000000159176_3	vRhyme_unbinned_50__MGr3G3H3I_000000159176	vRhyme_unbinned_50__MGr3G3H3I_000000159176																														KEGG	false	high	NaN	714.0	NaN	NaN
vRhyme_unbinned_50__MGr3G3H3I_000000159176_4	vRhyme_unbinned_50__MGr3G3H3I_000000159176	vRhyme_unbinned_50__MGr3G3H3I_000000159176																														KEGG	false	high	NaN	546.0	NaN	NaN
vRhyme_unbinned_50__MGr3G3H3I_000000159176_5	vRhyme_unbinned_50__MGr3G3H3I_000000159176	vRhyme_unbinned_50__MGr3G3H3I_000000159176																														KEGG	false	high	NaN	252.0	NaN	NaN
vRhyme_unbinned_50__MGr3G3H3I_000000159176_6	vRhyme_unbinned_50__MGr3G3H3I_000000159176	vRhyme_unbinned_50__MGr3G3H3I_000000159176	10.0	10.0	10.0	K06400	site-specific DNA recombinase	150.251724	0.71					PF00239.27	Resolvase, N terminal domain	144.456635	0.659									phrog_125	DNA invertase	158.319366	0.883	phrog_125	DNA invertase	PHROG	false	medium	NaN	2442.0	NaN	NaN
vRhyme_unbinned_50__MGr3G3H3I_000000159176_7	vRhyme_unbinned_50__MGr3G3H3I_000000159176	vRhyme_unbinned_50__MGr3G3H3I_000000159176																														KEGG	false	high	642.0	1800.0	NaN	NaN
vRhyme_unbinned_50__MGr3G3H3I_000000159176_8	vRhyme_unbinned_50__MGr3G3H3I_000000159176	vRhyme_unbinned_50__MGr3G3H3I_000000159176																														KEGG	false	high	1500.0	942.0	NaN	NaN
vRhyme_unbinned_50__MGr3G3H3I_000000159176_9	vRhyme_unbinned_50__MGr3G3H3I_000000159176	vRhyme_unbinned_50__MGr3G3H3I_000000159176																														KEGG	false	high	1743.0	699.0	NaN	NaN
vRhyme_unbinned_50__MGr3G3H3I_000000159176_10	vRhyme_unbinned_50__MGr3G3H3I_000000159176	vRhyme_unbinned_50__MGr3G3H3I_000000159176	10.0	10.0	9.16	K03427	type I restriction enzyme M protein [EC:2.1.1.72]	359.801025	0.716					PF02384.23	N-6 DNA Methylase	203.574844	0.408									phrog_34860		532.235596	0.743	phrog_34860		PHROG	false	medium	2442.0	2046.0	NaN	NaN
vRhyme_unbinned_50__MGr3G3H3I_000000159176_11	vRhyme_unbinned_50__MGr3G3H3I_000000159176	vRhyme_unbinned_50__MGr3G3H3I_000000159176	10.0	10.0	0.28	K01154	type I restriction enzyme, S subunit [EC:3.1.21.3]	144.164658	0.923					PF01420.26	Type I restriction modification DNA specificity domain	43.451283	0.265									phrog_2668		117.300423	0.936	K01154	type I restriction enzyme, S subunit [EC:3.1.21.3]	KEGG	false	medium	2046.0	1368.0	NaN	NaN
vRhyme_unbinned_50__MGr3G3H3I_000000159176_12	vRhyme_unbinned_50__MGr3G3H3I_000000159176	vRhyme_unbinned_50__MGr3G3H3I_000000159176	10.0	10.0	6.84	K01153	type I restriction enzyme, R subunit [EC:3.1.21.3]	498.255035	0.971					PF18766.8	SWI2/SNF2 ATPase	80.2854	0.238									phrog_3830		398.912018	0.836	K01153	type I restriction enzyme, R subunit [EC:3.1.21.3]	KEGG	false	high	1368.0	4203.0	NaN	NaN
vRhyme_unbinned_50__MGr3G3H3I_000000159176_13	vRhyme_unbinned_50__MGr3G3H3I_000000159176	vRhyme_unbinned_50__MGr3G3H3I_000000159176																														KEGG	false	high	2985.0	1218.0	NaN	NaN
vRhyme_unbinned_50__MGr3G3H3I_000000159176_14	vRhyme_unbinned_50__MGr3G3H3I_000000159176	vRhyme_unbinned_50__MGr3G3H3I_000000159176																														KEGG	false	high	3984.0	219.0	NaN	NaN
vRhyme_unbinned_50__MGr3G3H3I_000000159176_15	vRhyme_unbinned_50__MGr3G3H3I_000000159176	vRhyme_unbinned_50__MGr3G3H3I_000000159176		10.0										PF13482.13	RNase_H superfamily	38.244606	0.366													PF13482.13	RNase_H superfamily	Pfam	false	high	4203.0	3048.0	NaN	NaN
vRhyme_unbinned_50__MGr3G3H3I_000000159176_16	vRhyme_unbinned_50__MGr3G3H3I_000000159176	vRhyme_unbinned_50__MGr3G3H3I_000000159176																														KEGG	false	high	1476.0	1572.0	NaN	NaN
vRhyme_unbinned_50__MGr3G3H3I_000000159176_17	vRhyme_unbinned_50__MGr3G3H3I_000000159176	vRhyme_unbinned_50__MGr3G3H3I_000000159176																														KEGG	false	high	1704.0	1344.0	NaN	NaN
vRhyme_unbinned_50__MGr3G3H3I_000000159176_18	vRhyme_unbinned_50__MGr3G3H3I_000000159176	vRhyme_unbinned_50__MGr3G3H3I_000000159176																														KEGG	false	high	1869.0	1179.0	NaN	NaN
vRhyme_unbinned_50__MGr3G3H3I_000000159176_19	vRhyme_unbinned_50__MGr3G3H3I_000000159176	vRhyme_unbinned_50__MGr3G3H3I_000000159176																														KEGG	false	high	2034.0	1014.0	NaN	NaN
vRhyme_unbinned_50__MGr3G3H3I_000000159176_20	vRhyme_unbinned_50__MGr3G3H3I_000000159176	vRhyme_unbinned_50__MGr3G3H3I_000000159176																														KEGG	false	high	2262.0	786.0	NaN	NaN
vRhyme_unbinned_50__MGr3G3H3I_000000159176_21	vRhyme_unbinned_50__MGr3G3H3I_000000159176	vRhyme_unbinned_50__MGr3G3H3I_000000159176	10.0	10.0	10.0	K00558	DNA (cytosine-5)-methyltransferase 1 [EC:2.1.1.37]	188.649796	0.615					PF00145.24	C-5 cytosine-specific DNA methylase	146.193878	0.463									phrog_363	DNA methyltransferase	228.52005	0.566	phrog_363	DNA methyltransferase	PHROG	false	high	3048.0	NaN	NaN	NaN
vRhyme_unbinned_50__MGr3G3H3I_000000159176_22	vRhyme_unbinned_50__MGr3G3H3I_000000159176	vRhyme_unbinned_50__MGr3G3H3I_000000159176																														KEGG	false	high	1860.0	NaN	NaN	NaN
vRhyme_unbinned_50__MGr3G3H3I_000000159176_23	vRhyme_unbinned_50__MGr3G3H3I_000000159176	vRhyme_unbinned_50__MGr3G3H3I_000000159176																														KEGG	false	high	2901.0	NaN	NaN	NaN
vRhyme_unbinned_50__MGr3G3H3I_000000159176_24	vRhyme_unbinned_50__MGr3G3H3I_000000159176	vRhyme_unbinned_50__MGr3G3H3I_000000159176																														KEGG	false	high	4464.0	NaN	NaN	NaN
vRhyme_unbinned_50__MGr3G3H3I_000000159176_25	vRhyme_unbinned_50__MGr3G3H3I_000000159176	vRhyme_unbinned_50__MGr3G3H3I_000000159176																														KEGG	false	high	4665.0	NaN	NaN	NaN
vRhyme_unbinned_51__MGr3G3H3I_000000159918_1	vRhyme_unbinned_51__MGr3G3H3I_000000159918	vRhyme_unbinned_51__MGr3G3H3I_000000159918																														KEGG	false	medium	NaN	1989.0	NaN	NaN
vRhyme_unbinned_51__MGr3G3H3I_000000159918_2	vRhyme_unbinned_51__MGr3G3H3I_000000159918	vRhyme_unbinned_51__MGr3G3H3I_000000159918		0.52										PF07589.17	PEP-CTERM motif	21.525347	0.14													PF07589.17	PEP-CTERM motif	Pfam	false	medium	NaN	1929.0	NaN	NaN
vRhyme_unbinned_51__MGr3G3H3I_000000159918_3	vRhyme_unbinned_51__MGr3G3H3I_000000159918	vRhyme_unbinned_51__MGr3G3H3I_000000159918																														KEGG	false	medium	NaN	1371.0	NaN	NaN
vRhyme_unbinned_51__MGr3G3H3I_000000159918_4	vRhyme_unbinned_51__MGr3G3H3I_000000159918	vRhyme_unbinned_51__MGr3G3H3I_000000159918																														KEGG	false	medium	NaN	1152.0	NaN	NaN
vRhyme_unbinned_51__MGr3G3H3I_000000159918_5	vRhyme_unbinned_51__MGr3G3H3I_000000159918	vRhyme_unbinned_51__MGr3G3H3I_000000159918																														KEGG	false	medium	NaN	471.0	NaN	NaN
vRhyme_unbinned_51__MGr3G3H3I_000000159918_6	vRhyme_unbinned_51__MGr3G3H3I_000000159918	vRhyme_unbinned_51__MGr3G3H3I_000000159918	10.0	10.0	10.0	K09960	uncharacterized protein	71.586876	0.828					PF09979.15	Uncharacterized protein conserved in bacteria (DUF2213)	56.955128	0.812									phrog_530	head maturation protease	54.767456	0.785	K09960	uncharacterized protein	KEGG	false	high	NaN	1875.0	NaN	NaN
vRhyme_unbinned_51__MGr3G3H3I_000000159918_7	vRhyme_unbinned_51__MGr3G3H3I_000000159918	vRhyme_unbinned_51__MGr3G3H3I_000000159918																														KEGG	false	high	558.0	1317.0	NaN	NaN
vRhyme_unbinned_51__MGr3G3H3I_000000159918_8	vRhyme_unbinned_51__MGr3G3H3I_000000159918	vRhyme_unbinned_51__MGr3G3H3I_000000159918																														KEGG	false	high	1302.0	573.0	NaN	NaN
vRhyme_unbinned_51__MGr3G3H3I_000000159918_9	vRhyme_unbinned_51__MGr3G3H3I_000000159918	vRhyme_unbinned_51__MGr3G3H3I_000000159918		10.0	10.0									PF03354.22	Terminase large subunit, ATPase domain	35.472153	0.279									phrog_9	terminase large subunit	208.464386	0.902	phrog_9	terminase large subunit	PHROG	false	high	1875.0	2679.0	NaN	NaN
vRhyme_unbinned_51__MGr3G3H3I_000000159918_10	vRhyme_unbinned_51__MGr3G3H3I_000000159918	vRhyme_unbinned_51__MGr3G3H3I_000000159918																														KEGG	false	high	1503.0	1176.0	NaN	NaN
vRhyme_unbinned_51__MGr3G3H3I_000000159918_11	vRhyme_unbinned_51__MGr3G3H3I_000000159918	vRhyme_unbinned_51__MGr3G3H3I_000000159918																														KEGG	false	high	1809.0	870.0	NaN	NaN
vRhyme_unbinned_51__MGr3G3H3I_000000159918_12	vRhyme_unbinned_51__MGr3G3H3I_000000159918	vRhyme_unbinned_51__MGr3G3H3I_000000159918																														KEGG	false	high	2316.0	363.0	NaN	NaN
vRhyme_unbinned_51__MGr3G3H3I_000000159918_13	vRhyme_unbinned_51__MGr3G3H3I_000000159918	vRhyme_unbinned_51__MGr3G3H3I_000000159918		10.0										PF13730.13	Helix-turn-helix domain	31.476395	0.197													PF13730.13	Helix-turn-helix domain	Pfam	false	medium	2679.0	1299.0	NaN	NaN
vRhyme_unbinned_51__MGr3G3H3I_000000159918_14	vRhyme_unbinned_51__MGr3G3H3I_000000159918	vRhyme_unbinned_51__MGr3G3H3I_000000159918																														KEGG	false	high	669.0	630.0	NaN	NaN
vRhyme_unbinned_51__MGr3G3H3I_000000159918_15	vRhyme_unbinned_51__MGr3G3H3I_000000159918	vRhyme_unbinned_51__MGr3G3H3I_000000159918																														KEGG	false	high	891.0	408.0	NaN	NaN
vRhyme_unbinned_51__MGr3G3H3I_000000159918_16	vRhyme_unbinned_51__MGr3G3H3I_000000159918	vRhyme_unbinned_51__MGr3G3H3I_000000159918		10.0										PF12728.14	Helix-turn-helix domain	29.544104	0.535													PF12728.14	Helix-turn-helix domain	Pfam	false	medium	1299.0	903.0	NaN	NaN
vRhyme_unbinned_51__MGr3G3H3I_000000159918_17	vRhyme_unbinned_51__MGr3G3H3I_000000159918	vRhyme_unbinned_51__MGr3G3H3I_000000159918																														KEGG	false	high	213.0	690.0	NaN	NaN
vRhyme_unbinned_51__MGr3G3H3I_000000159918_18	vRhyme_unbinned_51__MGr3G3H3I_000000159918	vRhyme_unbinned_51__MGr3G3H3I_000000159918	10.0	10.0	10.0	K14059	integrase	115.199272	0.811					PF13356.13	Arm DNA-binding domain	59.151295	0.145									phrog_1	integrase	196.172012	0.923	phrog_1	integrase	PHROG	false	high	903.0	NaN	NaN	NaN
vRhyme_unbinned_52__MGr3G3H3I_000000162741_1	vRhyme_unbinned_52__MGr3G3H3I_000000162741	vRhyme_unbinned_52__MGr3G3H3I_000000162741																														KEGG	false	high	NaN	3249.0	NaN	NaN
vRhyme_unbinned_52__MGr3G3H3I_000000162741_2	vRhyme_unbinned_52__MGr3G3H3I_000000162741	vRhyme_unbinned_52__MGr3G3H3I_000000162741																														KEGG	false	medium	NaN	1962.0	NaN	NaN
vRhyme_unbinned_52__MGr3G3H3I_000000162741_3	vRhyme_unbinned_52__MGr3G3H3I_000000162741	vRhyme_unbinned_52__MGr3G3H3I_000000162741																														KEGG	false	medium	NaN	1779.0	NaN	NaN
vRhyme_unbinned_52__MGr3G3H3I_000000162741_4	vRhyme_unbinned_52__MGr3G3H3I_000000162741	vRhyme_unbinned_52__MGr3G3H3I_000000162741	10.0	10.0		K05695	receptor-type tyrosine-protein phosphatase F [EC:3.1.3.48]	173.510986	0.619	HMMsoil46410	E3.2.1.14; chitinase EC:3.2.1.14	36.307404	0.079	PF00041.28	Fibronectin type III domain	36.987926	0.086													K05695	receptor-type tyrosine-protein phosphatase F [EC:3.1.3.48]	KEGG	false	medium	NaN	8562.0	NaN	NaN
vRhyme_unbinned_52__MGr3G3H3I_000000162741_5	vRhyme_unbinned_52__MGr3G3H3I_000000162741	vRhyme_unbinned_52__MGr3G3H3I_000000162741																														KEGG	false	high	NaN	5697.0	NaN	NaN
vRhyme_unbinned_52__MGr3G3H3I_000000162741_6	vRhyme_unbinned_52__MGr3G3H3I_000000162741	vRhyme_unbinned_52__MGr3G3H3I_000000162741																														KEGG	false	high	NaN	5478.0	NaN	NaN
vRhyme_unbinned_52__MGr3G3H3I_000000162741_7	vRhyme_unbinned_52__MGr3G3H3I_000000162741	vRhyme_unbinned_52__MGr3G3H3I_000000162741																														KEGG	false	high	NaN	2904.0	NaN	NaN
vRhyme_unbinned_52__MGr3G3H3I_000000162741_8	vRhyme_unbinned_52__MGr3G3H3I_000000162741	vRhyme_unbinned_52__MGr3G3H3I_000000162741																														KEGG	false	high	NaN	2604.0	NaN	NaN
vRhyme_unbinned_52__MGr3G3H3I_000000162741_9	vRhyme_unbinned_52__MGr3G3H3I_000000162741	vRhyme_unbinned_52__MGr3G3H3I_000000162741																														KEGG	false	high	NaN	2418.0	NaN	NaN
vRhyme_unbinned_52__MGr3G3H3I_000000162741_10	vRhyme_unbinned_52__MGr3G3H3I_000000162741	vRhyme_unbinned_52__MGr3G3H3I_000000162741																														KEGG	false	high	NaN	2019.0	NaN	NaN
vRhyme_unbinned_52__MGr3G3H3I_000000162741_11	vRhyme_unbinned_52__MGr3G3H3I_000000162741	vRhyme_unbinned_52__MGr3G3H3I_000000162741																														KEGG	false	high	NaN	1524.0	NaN	NaN
vRhyme_unbinned_52__MGr3G3H3I_000000162741_12	vRhyme_unbinned_52__MGr3G3H3I_000000162741	vRhyme_unbinned_52__MGr3G3H3I_000000162741																														KEGG	false	high	NaN	1041.0	NaN	NaN
vRhyme_unbinned_52__MGr3G3H3I_000000162741_13	vRhyme_unbinned_52__MGr3G3H3I_000000162741	vRhyme_unbinned_52__MGr3G3H3I_000000162741																														KEGG	false	high	NaN	504.0	NaN	NaN
vRhyme_unbinned_52__MGr3G3H3I_000000162741_14	vRhyme_unbinned_52__MGr3G3H3I_000000162741	vRhyme_unbinned_52__MGr3G3H3I_000000162741		10.0	10.0									PF03175.19	DNA polymerase type B, organellar and viral	38.369209	0.388									phrog_1907	DNA polymerase	93.850288	0.798	phrog_1907	DNA polymerase	PHROG	false	high	NaN	NaN	NaN	NaN
vRhyme_unbinned_52__MGr3G3H3I_000000162741_15	vRhyme_unbinned_52__MGr3G3H3I_000000162741	vRhyme_unbinned_52__MGr3G3H3I_000000162741																														KEGG	false	high	1995.0	NaN	NaN	NaN
vRhyme_unbinned_52__MGr3G3H3I_000000162741_16	vRhyme_unbinned_52__MGr3G3H3I_000000162741	vRhyme_unbinned_52__MGr3G3H3I_000000162741		10.0										PF02945.22	Recombination endonuclease VII	26.544121	0.283													PF02945.22	Recombination endonuclease VII	Pfam	false	high	2541.0	NaN	NaN	NaN
vRhyme_unbinned_52__MGr3G3H3I_000000162741_17	vRhyme_unbinned_52__MGr3G3H3I_000000162741	vRhyme_unbinned_52__MGr3G3H3I_000000162741																														KEGG	false	high	615.0	NaN	NaN	NaN
vRhyme_unbinned_52__MGr3G3H3I_000000162741_18	vRhyme_unbinned_52__MGr3G3H3I_000000162741	vRhyme_unbinned_52__MGr3G3H3I_000000162741																														KEGG	false	high	1047.0	NaN	NaN	NaN
vRhyme_unbinned_52__MGr3G3H3I_000000162741_19	vRhyme_unbinned_52__MGr3G3H3I_000000162741	vRhyme_unbinned_52__MGr3G3H3I_000000162741																														KEGG	false	high	1353.0	NaN	NaN	NaN
vRhyme_unbinned_52__MGr3G3H3I_000000162741_20	vRhyme_unbinned_52__MGr3G3H3I_000000162741	vRhyme_unbinned_52__MGr3G3H3I_000000162741																														KEGG	false	high	1731.0	NaN	NaN	NaN
vRhyme_unbinned_52__MGr3G3H3I_000000162741_21	vRhyme_unbinned_52__MGr3G3H3I_000000162741	vRhyme_unbinned_52__MGr3G3H3I_000000162741								HMMsoil76645	METTL6; tRNA N(3)-methylcytidine methyltransferase METTL6 EC:2.1.1.-	23.787205	0.166																	HMMsoil76645	METTL6; tRNA N(3)-methylcytidine methyltransferase METTL6 EC:2.1.1.-	FOAM	false	high	2181.0	NaN	NaN	NaN
vRhyme_unbinned_53__MGr3G3H3I_000000162938_1	vRhyme_unbinned_53__MGr3G3H3I_000000162938	vRhyme_unbinned_53__MGr3G3H3I_000000162938	10.0	10.0		K07448	restriction system protein	70.239334	0.601					PF04471.19	Restriction endonuclease	56.996174	0.331													K07448	restriction system protein	KEGG	false	medium	NaN	2412.0	NaN	NaN
vRhyme_unbinned_53__MGr3G3H3I_000000162938_2	vRhyme_unbinned_53__MGr3G3H3I_000000162938	vRhyme_unbinned_53__MGr3G3H3I_000000162938																														KEGG	false	medium	NaN	1398.0	NaN	NaN
vRhyme_unbinned_53__MGr3G3H3I_000000162938_3	vRhyme_unbinned_53__MGr3G3H3I_000000162938	vRhyme_unbinned_53__MGr3G3H3I_000000162938	10.0	10.0	9.94	K07658	two-component system, OmpR family, alkaline phosphatase synthesis response regulator PhoP	170.31517	0.97	HMMsoil16700	vicK; two-component system, OmpR family, sensor histidine kinase VicK EC:2.7.13.3	42.440716	0.515	PF00486.35	Transcriptional regulatory protein, C terminal	75.283859	0.315									phrog_731		135.557693	0.966	K07658	two-component system, OmpR family, alkaline phosphatase synthesis response regulator PhoP	KEGG	false	medium	NaN	705.0	NaN	NaN
vRhyme_unbinned_53__MGr3G3H3I_000000162938_4	vRhyme_unbinned_53__MGr3G3H3I_000000162938	vRhyme_unbinned_53__MGr3G3H3I_000000162938		10.0										PF04545.23	Sigma-70, region 4	30.461813	0.277													PF04545.23	Sigma-70, region 4	Pfam	false	medium	NaN	660.0	NaN	NaN
vRhyme_unbinned_53__MGr3G3H3I_000000162938_5	vRhyme_unbinned_53__MGr3G3H3I_000000162938	vRhyme_unbinned_53__MGr3G3H3I_000000162938																														KEGG	false	high	NaN	270.0	NaN	NaN
vRhyme_unbinned_53__MGr3G3H3I_000000162938_6	vRhyme_unbinned_53__MGr3G3H3I_000000162938	vRhyme_unbinned_53__MGr3G3H3I_000000162938		10.0						HMMsoil73877	aroK, aroL; shikimate kinase EC:2.7.1.71	74.640709	0.675	PF01381.29	Helix-turn-helix	47.525295	0.675													HMMsoil73877	aroK, aroL; shikimate kinase EC:2.7.1.71	FOAM	false	high	NaN	7746.0	NaN	NaN
vRhyme_unbinned_53__MGr3G3H3I_000000162938_7	vRhyme_unbinned_53__MGr3G3H3I_000000162938	vRhyme_unbinned_53__MGr3G3H3I_000000162938																														KEGG	false	high	NaN	7515.0	NaN	NaN
vRhyme_unbinned_53__MGr3G3H3I_000000162938_8	vRhyme_unbinned_53__MGr3G3H3I_000000162938	vRhyme_unbinned_53__MGr3G3H3I_000000162938																														KEGG	false	high	NaN	6321.0	NaN	NaN
vRhyme_unbinned_53__MGr3G3H3I_000000162938_9	vRhyme_unbinned_53__MGr3G3H3I_000000162938	vRhyme_unbinned_53__MGr3G3H3I_000000162938																														KEGG	false	high	NaN	5592.0	NaN	NaN
vRhyme_unbinned_53__MGr3G3H3I_000000162938_10	vRhyme_unbinned_53__MGr3G3H3I_000000162938	vRhyme_unbinned_53__MGr3G3H3I_000000162938																														KEGG	false	high	NaN	4188.0	NaN	NaN
vRhyme_unbinned_53__MGr3G3H3I_000000162938_11	vRhyme_unbinned_53__MGr3G3H3I_000000162938	vRhyme_unbinned_53__MGr3G3H3I_000000162938																														KEGG	false	high	NaN	3891.0	NaN	NaN
vRhyme_unbinned_53__MGr3G3H3I_000000162938_12	vRhyme_unbinned_53__MGr3G3H3I_000000162938	vRhyme_unbinned_53__MGr3G3H3I_000000162938																														KEGG	false	high	NaN	3636.0	NaN	NaN
vRhyme_unbinned_53__MGr3G3H3I_000000162938_13	vRhyme_unbinned_53__MGr3G3H3I_000000162938	vRhyme_unbinned_53__MGr3G3H3I_000000162938																														KEGG	false	high	NaN	3465.0	NaN	NaN
vRhyme_unbinned_53__MGr3G3H3I_000000162938_14	vRhyme_unbinned_53__MGr3G3H3I_000000162938	vRhyme_unbinned_53__MGr3G3H3I_000000162938																								phrog_5156		114.705132	0.513	phrog_5156		PHROG	false	high	NaN	3243.0	NaN	NaN
vRhyme_unbinned_53__MGr3G3H3I_000000162938_15	vRhyme_unbinned_53__MGr3G3H3I_000000162938	vRhyme_unbinned_53__MGr3G3H3I_000000162938																														KEGG	false	high	NaN	1002.0	NaN	NaN
vRhyme_unbinned_53__MGr3G3H3I_000000162938_16	vRhyme_unbinned_53__MGr3G3H3I_000000162938	vRhyme_unbinned_53__MGr3G3H3I_000000162938		4.44	0.34									PF13814.13	Replication-relaxation	132.917343	0.71									phrog_9381	replication initiation by nicking	55.896484	0.789	PF13814.13	Replication-relaxation	Pfam	false	medium	NaN	837.0	NaN	NaN
vRhyme_unbinned_53__MGr3G3H3I_000000162938_17	vRhyme_unbinned_53__MGr3G3H3I_000000162938	vRhyme_unbinned_53__MGr3G3H3I_000000162938	10.0	10.0	10.0	K00571	site-specific DNA-methyltransferase (adenine-specific) [EC:2.1.1.72]	213.26593	0.908					PF01555.25	DNA methylase	117.890549	0.84									phrog_67	DNA methyltransferase	244.049927	0.914	phrog_67	DNA methyltransferase	PHROG	false	medium	NaN	1425.0	NaN	NaN
vRhyme_unbinned_53__MGr3G3H3I_000000162938_18	vRhyme_unbinned_53__MGr3G3H3I_000000162938	vRhyme_unbinned_53__MGr3G3H3I_000000162938																														KEGG	false	high	1014.0	411.0	NaN	NaN
vRhyme_unbinned_53__MGr3G3H3I_000000162938_19	vRhyme_unbinned_53__MGr3G3H3I_000000162938	vRhyme_unbinned_53__MGr3G3H3I_000000162938	10.0	10.0		K22299	HTH-type transcriptional regulator, competence development regulator	54.102242	0.869	HMMsoil35586	CYP81F; indol-3-yl-methylglucosinolate hydroxylase EC:1.14.-.-	40.171021	0.426	PF13560.13	Helix-turn-helix domain	40.379528	0.508													K22299	HTH-type transcriptional regulator, competence development regulator	KEGG	false	medium	1425.0	366.0	NaN	NaN
vRhyme_unbinned_53__MGr3G3H3I_000000162938_20	vRhyme_unbinned_53__MGr3G3H3I_000000162938	vRhyme_unbinned_53__MGr3G3H3I_000000162938		10.0										PF06114.20	IrrE N-terminal-like domain	48.251484	0.502													PF06114.20	IrrE N-terminal-like domain	Pfam	false	medium	366.0	681.0	NaN	NaN
vRhyme_unbinned_53__MGr3G3H3I_000000162938_21	vRhyme_unbinned_53__MGr3G3H3I_000000162938	vRhyme_unbinned_53__MGr3G3H3I_000000162938	10.0	10.0	10.0	K06400	site-specific DNA recombinase	89.278847	0.908					PF00239.27	Resolvase, N terminal domain	75.14257	0.824									phrog_95	integrase	69.349808	0.939	K06400	site-specific DNA recombinase	KEGG	false	medium	681.0	393.0	NaN	NaN
vRhyme_unbinned_53__MGr3G3H3I_000000162938_22	vRhyme_unbinned_53__MGr3G3H3I_000000162938	vRhyme_unbinned_53__MGr3G3H3I_000000162938	10.0	10.0	10.0	K06400	site-specific DNA recombinase	323.138489	0.835					PF00239.27	Resolvase, N terminal domain	98.606873	0.26									phrog_95	integrase	284.631348	0.826	K06400	site-specific DNA recombinase	KEGG	false	medium	393.0	NaN	NaN	NaN
vRhyme_unbinned_53__MGr3G3H3I_000000162938_23	vRhyme_unbinned_53__MGr3G3H3I_000000162938	vRhyme_unbinned_53__MGr3G3H3I_000000162938																														KEGG	false	medium	1779.0	NaN	NaN	NaN
vRhyme_unbinned_53__MGr3G3H3I_000000162938_24	vRhyme_unbinned_53__MGr3G3H3I_000000162938	vRhyme_unbinned_53__MGr3G3H3I_000000162938		2.96										PF08843.18	Nucleotidyl transferase AbiEii toxin, Type IV TA system	25.938229	0.403													PF08843.18	Nucleotidyl transferase AbiEii toxin, Type IV TA system	Pfam	false	medium	2649.0	NaN	NaN	NaN
vRhyme_unbinned_53__MGr3G3H3I_000000162938_25	vRhyme_unbinned_53__MGr3G3H3I_000000162938	vRhyme_unbinned_53__MGr3G3H3I_000000162938		1.08	0.67									PF13701.13	Transposase DDE domain group 1	75.121162	0.756									phrog_11704	transposase	71.096794	0.938	PF13701.13	Transposase DDE domain group 1	Pfam	false	medium	2865.0	NaN	NaN	NaN
vRhyme_unbinned_53__MGr3G3H3I_000000162938_26	vRhyme_unbinned_53__MGr3G3H3I_000000162938	vRhyme_unbinned_53__MGr3G3H3I_000000162938																														KEGG	false	medium	4020.0	NaN	NaN	NaN
vRhyme_unbinned_54__MGr3G3H3I_000000165910_1	vRhyme_unbinned_54__MGr3G3H3I_000000165910	vRhyme_unbinned_54__MGr3G3H3I_000000165910		10.0	10.0									PF09299.18	Mu transposase, C-terminal	26.573116	0.115									phrog_310	transposase	236.79599	0.945	phrog_310	transposase	PHROG	false	high	NaN	2088.0	NaN	477.0
vRhyme_unbinned_54__MGr3G3H3I_000000165910_2	vRhyme_unbinned_54__MGr3G3H3I_000000165910	vRhyme_unbinned_54__MGr3G3H3I_000000165910																														KEGG	false	high	1650.0	438.0	NaN	NaN
vRhyme_unbinned_54__MGr3G3H3I_000000165910_3	vRhyme_unbinned_54__MGr3G3H3I_000000165910	vRhyme_unbinned_54__MGr3G3H3I_000000165910																														KEGG	false	high	1740.0	348.0	1164.0	NaN
vRhyme_unbinned_54__MGr3G3H3I_000000165910_4	vRhyme_unbinned_54__MGr3G3H3I_000000165910	vRhyme_unbinned_54__MGr3G3H3I_000000165910																														KEGG	false	high	1893.0	195.0	1305.0	NaN
vRhyme_unbinned_54__MGr3G3H3I_000000165910_5	vRhyme_unbinned_54__MGr3G3H3I_000000165910	vRhyme_unbinned_54__MGr3G3H3I_000000165910	10.0	10.0	10.0	K02395	peptidoglycan hydrolase FlgJ	75.969818	0.828	HMMsoil81804	E3.2.1.17; lysozyme EC:3.2.1.17	82.588364	0.799	PF01832.26	Mannosyl-glycoprotein endo-beta-N-acetylglucosaminidase	111.561333	0.805	GH73	lysozyme (EC 3.2.1.17); mannosyl-glycoprotein endo-beta-N-acetylglucosaminidase (EC 3.2.1.96); peptidoglycan hydrolase with endo-beta-N-acetylglucosaminidase specificity  (EC 3.2.1.-)	107.803566	0.811					phrog_3513	endolysin	154.17308	0.917	phrog_3513	endolysin	PHROG	false	high	2088.0	4059.0	1773.0	NaN
vRhyme_unbinned_54__MGr3G3H3I_000000165910_6	vRhyme_unbinned_54__MGr3G3H3I_000000165910	vRhyme_unbinned_54__MGr3G3H3I_000000165910																														KEGG	false	high	507.0	3552.0	1953.0	NaN
vRhyme_unbinned_54__MGr3G3H3I_000000165910_7	vRhyme_unbinned_54__MGr3G3H3I_000000165910	vRhyme_unbinned_54__MGr3G3H3I_000000165910																														KEGG	false	high	1179.0	2880.0	2115.0	NaN
vRhyme_unbinned_54__MGr3G3H3I_000000165910_8	vRhyme_unbinned_54__MGr3G3H3I_000000165910	vRhyme_unbinned_54__MGr3G3H3I_000000165910	8.29	8.74	6.22	K01173	endonuclease G, mitochondrial	163.098663	0.725					PF01223.30	DNA/RNA non-specific endonuclease	123.125359	0.702									phrog_14168	nuclease	113.137428	0.702	K01173	endonuclease G, mitochondrial	KEGG	false	high	1458.0	2601.0	2520.0	NaN
vRhyme_unbinned_54__MGr3G3H3I_000000165910_9	vRhyme_unbinned_54__MGr3G3H3I_000000165910	vRhyme_unbinned_54__MGr3G3H3I_000000165910																														KEGG	false	high	2253.0	1806.0	2937.0	NaN
vRhyme_unbinned_54__MGr3G3H3I_000000165910_10	vRhyme_unbinned_54__MGr3G3H3I_000000165910	vRhyme_unbinned_54__MGr3G3H3I_000000165910																														KEGG	false	high	2595.0	1464.0	3084.0	NaN
vRhyme_unbinned_54__MGr3G3H3I_000000165910_11	vRhyme_unbinned_54__MGr3G3H3I_000000165910	vRhyme_unbinned_54__MGr3G3H3I_000000165910																														KEGG	false	high	3039.0	1020.0	3390.0	NaN
vRhyme_unbinned_54__MGr3G3H3I_000000165910_12	vRhyme_unbinned_54__MGr3G3H3I_000000165910	vRhyme_unbinned_54__MGr3G3H3I_000000165910																														KEGG	false	high	3354.0	705.0	3858.0	NaN
vRhyme_unbinned_54__MGr3G3H3I_000000165910_13	vRhyme_unbinned_54__MGr3G3H3I_000000165910	vRhyme_unbinned_54__MGr3G3H3I_000000165910		10.0	10.0									PF17289.9	Terminase RNaseH-like domain	38.761818	0.331									phrog_2	terminase large subunit	112.063377	0.81	phrog_2	terminase large subunit	PHROG	false	high	4059.0	1467.0	NaN	NaN
vRhyme_unbinned_54__MGr3G3H3I_000000165910_14	vRhyme_unbinned_54__MGr3G3H3I_000000165910	vRhyme_unbinned_54__MGr3G3H3I_000000165910		10.0	10.0									PF06074.19	Protein of unknown function (DUF935)	243.257629	0.708									phrog_113	portal protein	233.789459	0.825	PF06074.19	Protein of unknown function (DUF935)	Pfam	false	high	1467.0	1461.0	NaN	NaN
vRhyme_unbinned_54__MGr3G3H3I_000000165910_15	vRhyme_unbinned_54__MGr3G3H3I_000000165910	vRhyme_unbinned_54__MGr3G3H3I_000000165910		10.0	10.0									PF04233.20	Phage Mu protein F like protein	76.985054	0.419									phrog_220	minor head protein and DNA pilot	151.945496	0.631	phrog_220	minor head protein and DNA pilot	PHROG	false	high	1461.0	NaN	NaN	NaN
vRhyme_unbinned_54__MGr3G3H3I_000000165910_16	vRhyme_unbinned_54__MGr3G3H3I_000000165910	vRhyme_unbinned_54__MGr3G3H3I_000000165910																								phrog_976	head maturation protease	175.979553	0.778	phrog_976	head maturation protease	PHROG	false	high	837.0	NaN	NaN	NaN
vRhyme_unbinned_55__MGr3G3H3I_000000165953_1	vRhyme_unbinned_55__MGr3G3H3I_000000165953	vRhyme_unbinned_55__MGr3G3H3I_000000165953																														KEGG	false	medium	NaN	1128.0	NaN	NaN
vRhyme_unbinned_55__MGr3G3H3I_000000165953_2	vRhyme_unbinned_55__MGr3G3H3I_000000165953	vRhyme_unbinned_55__MGr3G3H3I_000000165953																														KEGG	false	medium	NaN	348.0	NaN	NaN
vRhyme_unbinned_55__MGr3G3H3I_000000165953_3	vRhyme_unbinned_55__MGr3G3H3I_000000165953	vRhyme_unbinned_55__MGr3G3H3I_000000165953	10.0	10.0	10.0	K26901	Mesyanzhinovviridae DNA helicase	239.005722	0.902	HMMsoil69886	E2.7.11.1; non-specific serine/threonine protein kinase EC:2.7.11.1	98.040085	0.542	PF00176.30	SNF2-related domain	90.867676	0.542									phrog_62	DNA helicase	294.828247	0.912	phrog_62	DNA helicase	PHROG	false	medium	NaN	NaN	NaN	NaN
vRhyme_unbinned_55__MGr3G3H3I_000000165953_4	vRhyme_unbinned_55__MGr3G3H3I_000000165953	vRhyme_unbinned_55__MGr3G3H3I_000000165953																								phrog_3694		51.554157	0.525	phrog_3694		PHROG	false	medium	1494.0	NaN	NaN	NaN
vRhyme_unbinned_55__MGr3G3H3I_000000165953_5	vRhyme_unbinned_55__MGr3G3H3I_000000165953	vRhyme_unbinned_55__MGr3G3H3I_000000165953		10.0										PF13589.13	Histidine kinase-, DNA gyrase B-, and HSP90-like ATPase	34.051434	0.149													PF13589.13	Histidine kinase-, DNA gyrase B-, and HSP90-like ATPase	Pfam	false	medium	2448.0	NaN	NaN	NaN
vRhyme_unbinned_55__MGr3G3H3I_000000165953_6	vRhyme_unbinned_55__MGr3G3H3I_000000165953	vRhyme_unbinned_55__MGr3G3H3I_000000165953																								phrog_9298	radical SAM domain protein	129.745422	0.715	phrog_9298	radical SAM domain protein	PHROG	false	medium	1590.0	NaN	NaN	NaN
vRhyme_unbinned_55__MGr3G3H3I_000000165953_7	vRhyme_unbinned_55__MGr3G3H3I_000000165953	vRhyme_unbinned_55__MGr3G3H3I_000000165953				K19169	DNA sulfur modification protein DndB	53.225311	0.777																					K19169	DNA sulfur modification protein DndB	KEGG	false	medium	3177.0	NaN	NaN	NaN
vRhyme_unbinned_55__MGr3G3H3I_000000165953_8	vRhyme_unbinned_55__MGr3G3H3I_000000165953	vRhyme_unbinned_55__MGr3G3H3I_000000165953		0.64										PF07929.17	Plasmid pRiA4b ORF-3-like protein	77.88707	0.659													PF07929.17	Plasmid pRiA4b ORF-3-like protein	Pfam	false	medium	4374.0	NaN	NaN	NaN
vRhyme_unbinned_55__MGr3G3H3I_000000165953_9	vRhyme_unbinned_55__MGr3G3H3I_000000165953	vRhyme_unbinned_55__MGr3G3H3I_000000165953																														KEGG	false	medium	4629.0	NaN	NaN	NaN
vRhyme_unbinned_55__MGr3G3H3I_000000165953_10	vRhyme_unbinned_55__MGr3G3H3I_000000165953	vRhyme_unbinned_55__MGr3G3H3I_000000165953																								phrog_12094		53.88625	0.714	phrog_12094		PHROG	false	medium	4902.0	NaN	NaN	NaN
vRhyme_unbinned_56__MGr3G3H3I_000000166676_1	vRhyme_unbinned_56__MGr3G3H3I_000000166676	vRhyme_unbinned_56__MGr3G3H3I_000000166676																														KEGG	false	high	NaN	1197.0	NaN	NaN
vRhyme_unbinned_56__MGr3G3H3I_000000166676_2	vRhyme_unbinned_56__MGr3G3H3I_000000166676	vRhyme_unbinned_56__MGr3G3H3I_000000166676																														KEGG	false	high	NaN	993.0	NaN	NaN
vRhyme_unbinned_56__MGr3G3H3I_000000166676_3	vRhyme_unbinned_56__MGr3G3H3I_000000166676	vRhyme_unbinned_56__MGr3G3H3I_000000166676																														KEGG	false	high	NaN	612.0	NaN	NaN
vRhyme_unbinned_56__MGr3G3H3I_000000166676_4	vRhyme_unbinned_56__MGr3G3H3I_000000166676	vRhyme_unbinned_56__MGr3G3H3I_000000166676																														KEGG	false	high	NaN	399.0	NaN	NaN
vRhyme_unbinned_56__MGr3G3H3I_000000166676_5	vRhyme_unbinned_56__MGr3G3H3I_000000166676	vRhyme_unbinned_56__MGr3G3H3I_000000166676																														KEGG	false	high	NaN	198.0	NaN	NaN
vRhyme_unbinned_56__MGr3G3H3I_000000166676_6	vRhyme_unbinned_56__MGr3G3H3I_000000166676	vRhyme_unbinned_56__MGr3G3H3I_000000166676		10.0	10.0									PF00149.34	Calcineurin-like phosphoesterase	24.936224	0.779									phrog_547	phosphoesterase	156.974075	0.954	phrog_547	phosphoesterase	PHROG	false	high	NaN	NaN	NaN	NaN
vRhyme_unbinned_56__MGr3G3H3I_000000166676_7	vRhyme_unbinned_56__MGr3G3H3I_000000166676	vRhyme_unbinned_56__MGr3G3H3I_000000166676																														KEGG	false	high	585.0	NaN	NaN	NaN
vRhyme_unbinned_56__MGr3G3H3I_000000166676_8	vRhyme_unbinned_56__MGr3G3H3I_000000166676	vRhyme_unbinned_56__MGr3G3H3I_000000166676																														KEGG	false	high	753.0	NaN	NaN	NaN
vRhyme_unbinned_56__MGr3G3H3I_000000166676_9	vRhyme_unbinned_56__MGr3G3H3I_000000166676	vRhyme_unbinned_56__MGr3G3H3I_000000166676																														KEGG	false	high	927.0	NaN	NaN	NaN
vRhyme_unbinned_56__MGr3G3H3I_000000166676_10	vRhyme_unbinned_56__MGr3G3H3I_000000166676	vRhyme_unbinned_56__MGr3G3H3I_000000166676																														KEGG	false	high	1260.0	NaN	NaN	NaN
vRhyme_unbinned_56__MGr3G3H3I_000000166676_11	vRhyme_unbinned_56__MGr3G3H3I_000000166676	vRhyme_unbinned_56__MGr3G3H3I_000000166676																														KEGG	false	high	1467.0	NaN	NaN	10923.0
vRhyme_unbinned_56__MGr3G3H3I_000000166676_12	vRhyme_unbinned_56__MGr3G3H3I_000000166676	vRhyme_unbinned_56__MGr3G3H3I_000000166676																														KEGG	false	high	1596.0	NaN	NaN	10626.0
vRhyme_unbinned_56__MGr3G3H3I_000000166676_13	vRhyme_unbinned_56__MGr3G3H3I_000000166676	vRhyme_unbinned_56__MGr3G3H3I_000000166676																														KEGG	false	high	1833.0	NaN	NaN	10059.0
vRhyme_unbinned_56__MGr3G3H3I_000000166676_14	vRhyme_unbinned_56__MGr3G3H3I_000000166676	vRhyme_unbinned_56__MGr3G3H3I_000000166676																														KEGG	false	high	1971.0	NaN	NaN	7968.0
vRhyme_unbinned_56__MGr3G3H3I_000000166676_15	vRhyme_unbinned_56__MGr3G3H3I_000000166676	vRhyme_unbinned_56__MGr3G3H3I_000000166676																														KEGG	false	high	2202.0	NaN	NaN	7692.0
vRhyme_unbinned_56__MGr3G3H3I_000000166676_16	vRhyme_unbinned_56__MGr3G3H3I_000000166676	vRhyme_unbinned_56__MGr3G3H3I_000000166676																														KEGG	false	high	2703.0	NaN	NaN	6267.0
vRhyme_unbinned_56__MGr3G3H3I_000000166676_17	vRhyme_unbinned_56__MGr3G3H3I_000000166676	vRhyme_unbinned_56__MGr3G3H3I_000000166676																														KEGG	false	high	3042.0	NaN	NaN	6066.0
vRhyme_unbinned_56__MGr3G3H3I_000000166676_18	vRhyme_unbinned_56__MGr3G3H3I_000000166676	vRhyme_unbinned_56__MGr3G3H3I_000000166676																														KEGG	false	high	3267.0	NaN	NaN	5748.0
vRhyme_unbinned_56__MGr3G3H3I_000000166676_19	vRhyme_unbinned_56__MGr3G3H3I_000000166676	vRhyme_unbinned_56__MGr3G3H3I_000000166676																														KEGG	false	high	3462.0	NaN	NaN	5328.0
vRhyme_unbinned_56__MGr3G3H3I_000000166676_20	vRhyme_unbinned_56__MGr3G3H3I_000000166676	vRhyme_unbinned_56__MGr3G3H3I_000000166676																														KEGG	false	high	3726.0	NaN	NaN	4752.0
vRhyme_unbinned_56__MGr3G3H3I_000000166676_21	vRhyme_unbinned_56__MGr3G3H3I_000000166676	vRhyme_unbinned_56__MGr3G3H3I_000000166676																														KEGG	false	high	3990.0	NaN	NaN	4500.0
vRhyme_unbinned_56__MGr3G3H3I_000000166676_22	vRhyme_unbinned_56__MGr3G3H3I_000000166676	vRhyme_unbinned_56__MGr3G3H3I_000000166676																														KEGG	false	high	4245.0	NaN	NaN	3294.0
vRhyme_unbinned_56__MGr3G3H3I_000000166676_23	vRhyme_unbinned_56__MGr3G3H3I_000000166676	vRhyme_unbinned_56__MGr3G3H3I_000000166676																														KEGG	false	high	4422.0	NaN	NaN	2976.0
vRhyme_unbinned_56__MGr3G3H3I_000000166676_24	vRhyme_unbinned_56__MGr3G3H3I_000000166676	vRhyme_unbinned_56__MGr3G3H3I_000000166676																														KEGG	false	high	4614.0	NaN	NaN	2751.0
vRhyme_unbinned_56__MGr3G3H3I_000000166676_25	vRhyme_unbinned_56__MGr3G3H3I_000000166676	vRhyme_unbinned_56__MGr3G3H3I_000000166676																														KEGG	false	high	4995.0	NaN	NaN	2562.0
vRhyme_unbinned_56__MGr3G3H3I_000000166676_26	vRhyme_unbinned_56__MGr3G3H3I_000000166676	vRhyme_unbinned_56__MGr3G3H3I_000000166676																														KEGG	false	high	5343.0	NaN	NaN	2244.0
vRhyme_unbinned_56__MGr3G3H3I_000000166676_27	vRhyme_unbinned_56__MGr3G3H3I_000000166676	vRhyme_unbinned_56__MGr3G3H3I_000000166676																														KEGG	false	high	5535.0	NaN	NaN	807.0
vRhyme_unbinned_56__MGr3G3H3I_000000166676_28	vRhyme_unbinned_56__MGr3G3H3I_000000166676	vRhyme_unbinned_56__MGr3G3H3I_000000166676																														KEGG	false	high	5688.0	NaN	NaN	612.0
vRhyme_unbinned_56__MGr3G3H3I_000000166676_29	vRhyme_unbinned_56__MGr3G3H3I_000000166676	vRhyme_unbinned_56__MGr3G3H3I_000000166676																														KEGG	false	high	5907.0	NaN	NaN	414.0
vRhyme_unbinned_56__MGr3G3H3I_000000166676_30	vRhyme_unbinned_56__MGr3G3H3I_000000166676	vRhyme_unbinned_56__MGr3G3H3I_000000166676																														KEGG	false	high	6408.0	NaN	NaN	NaN
vRhyme_unbinned_56__MGr3G3H3I_000000166676_31	vRhyme_unbinned_56__MGr3G3H3I_000000166676	vRhyme_unbinned_56__MGr3G3H3I_000000166676																														KEGG	false	high	6831.0	NaN	1314.0	NaN
vRhyme_unbinned_56__MGr3G3H3I_000000166676_32	vRhyme_unbinned_56__MGr3G3H3I_000000166676	vRhyme_unbinned_56__MGr3G3H3I_000000166676																														KEGG	false	high	7080.0	NaN	NaN	NaN
vRhyme_unbinned_57__MGr3G3H3I_000000170145_1	vRhyme_unbinned_57__MGr3G3H3I_000000170145	vRhyme_unbinned_57__MGr3G3H3I_000000170145																														KEGG	false	medium	NaN	NaN	NaN	NaN
vRhyme_unbinned_57__MGr3G3H3I_000000170145_2	vRhyme_unbinned_57__MGr3G3H3I_000000170145	vRhyme_unbinned_57__MGr3G3H3I_000000170145																														KEGG	false	medium	NaN	NaN	NaN	NaN
vRhyme_unbinned_57__MGr3G3H3I_000000170145_3	vRhyme_unbinned_57__MGr3G3H3I_000000170145	vRhyme_unbinned_57__MGr3G3H3I_000000170145																														KEGG	false	medium	NaN	NaN	NaN	NaN
vRhyme_unbinned_57__MGr3G3H3I_000000170145_4	vRhyme_unbinned_57__MGr3G3H3I_000000170145	vRhyme_unbinned_57__MGr3G3H3I_000000170145		2.6										PF16640.12	Bacterial Ig-like domain (group 3)	36.604568	0.135													PF16640.12	Bacterial Ig-like domain (group 3)	Pfam	false	medium	NaN	NaN	NaN	10350.0
vRhyme_unbinned_57__MGr3G3H3I_000000170145_5	vRhyme_unbinned_57__MGr3G3H3I_000000170145	vRhyme_unbinned_57__MGr3G3H3I_000000170145																														KEGG	false	medium	NaN	NaN	1182.0	9168.0
vRhyme_unbinned_57__MGr3G3H3I_000000170145_6	vRhyme_unbinned_57__MGr3G3H3I_000000170145	vRhyme_unbinned_57__MGr3G3H3I_000000170145																								phrog_8462	tail length tape measure protein	83.50296	0.91	phrog_8462	tail length tape measure protein	PHROG	false	medium	NaN	NaN	1368.0	8982.0
vRhyme_unbinned_57__MGr3G3H3I_000000170145_7	vRhyme_unbinned_57__MGr3G3H3I_000000170145	vRhyme_unbinned_57__MGr3G3H3I_000000170145																														KEGG	false	medium	NaN	NaN	1803.0	8547.0
vRhyme_unbinned_57__MGr3G3H3I_000000170145_8	vRhyme_unbinned_57__MGr3G3H3I_000000170145	vRhyme_unbinned_57__MGr3G3H3I_000000170145																														KEGG	false	medium	NaN	NaN	2358.0	7992.0
vRhyme_unbinned_57__MGr3G3H3I_000000170145_9	vRhyme_unbinned_57__MGr3G3H3I_000000170145	vRhyme_unbinned_57__MGr3G3H3I_000000170145																														KEGG	false	medium	NaN	NaN	3504.0	6846.0
vRhyme_unbinned_57__MGr3G3H3I_000000170145_10	vRhyme_unbinned_57__MGr3G3H3I_000000170145	vRhyme_unbinned_57__MGr3G3H3I_000000170145																														KEGG	false	medium	NaN	NaN	3714.0	6636.0
vRhyme_unbinned_57__MGr3G3H3I_000000170145_11	vRhyme_unbinned_57__MGr3G3H3I_000000170145	vRhyme_unbinned_57__MGr3G3H3I_000000170145																														KEGG	false	medium	NaN	NaN	3963.0	6387.0
vRhyme_unbinned_57__MGr3G3H3I_000000170145_12	vRhyme_unbinned_57__MGr3G3H3I_000000170145	vRhyme_unbinned_57__MGr3G3H3I_000000170145																														KEGG	false	medium	NaN	NaN	4305.0	6045.0
vRhyme_unbinned_57__MGr3G3H3I_000000170145_13	vRhyme_unbinned_57__MGr3G3H3I_000000170145	vRhyme_unbinned_57__MGr3G3H3I_000000170145												PF25138.2		39.649429	0.594													PF25138.2		Pfam	false	medium	NaN	NaN	4575.0	5775.0
vRhyme_unbinned_57__MGr3G3H3I_000000170145_14	vRhyme_unbinned_57__MGr3G3H3I_000000170145	vRhyme_unbinned_57__MGr3G3H3I_000000170145		10.0										PF09956.16	Uncharacterized conserved protein (DUF2190)	32.458179	0.369													PF09956.16	Uncharacterized conserved protein (DUF2190)	Pfam	false	medium	NaN	NaN	6534.0	3816.0
vRhyme_unbinned_58__MGr3G3H3I_000000175243_1	vRhyme_unbinned_58__MGr3G3H3I_000000175243	vRhyme_unbinned_58__MGr3G3H3I_000000175243																														KEGG	false	medium	NaN	864.0	NaN	NaN
vRhyme_unbinned_58__MGr3G3H3I_000000175243_2	vRhyme_unbinned_58__MGr3G3H3I_000000175243	vRhyme_unbinned_58__MGr3G3H3I_000000175243																														KEGG	false	medium	NaN	567.0	NaN	NaN
vRhyme_unbinned_58__MGr3G3H3I_000000175243_3	vRhyme_unbinned_58__MGr3G3H3I_000000175243	vRhyme_unbinned_58__MGr3G3H3I_000000175243		10.0										PF00805.29	Pentapeptide repeats (8 copies)	42.10989	0.055													PF00805.29	Pentapeptide repeats (8 copies)	Pfam	false	medium	NaN	2367.0	NaN	NaN
vRhyme_unbinned_58__MGr3G3H3I_000000175243_4	vRhyme_unbinned_58__MGr3G3H3I_000000175243	vRhyme_unbinned_58__MGr3G3H3I_000000175243																														KEGG	false	medium	NaN	276.0	NaN	NaN
vRhyme_unbinned_58__MGr3G3H3I_000000175243_5	vRhyme_unbinned_58__MGr3G3H3I_000000175243	vRhyme_unbinned_58__MGr3G3H3I_000000175243		10.0	10.0									PF03237.22	Terminase large subunit, T4likevirus-type, N-terminal	93.919266	0.472									phrog_2	terminase large subunit	98.433273	0.882	phrog_2	terminase large subunit	PHROG	false	medium	NaN	4716.0	NaN	NaN
vRhyme_unbinned_58__MGr3G3H3I_000000175243_6	vRhyme_unbinned_58__MGr3G3H3I_000000175243	vRhyme_unbinned_58__MGr3G3H3I_000000175243																														KEGG	false	medium	1425.0	3291.0	NaN	NaN
vRhyme_unbinned_58__MGr3G3H3I_000000175243_7	vRhyme_unbinned_58__MGr3G3H3I_000000175243	vRhyme_unbinned_58__MGr3G3H3I_000000175243																														KEGG	false	medium	1626.0	3090.0	NaN	NaN
vRhyme_unbinned_58__MGr3G3H3I_000000175243_8	vRhyme_unbinned_58__MGr3G3H3I_000000175243	vRhyme_unbinned_58__MGr3G3H3I_000000175243																														KEGG	false	medium	1944.0	2772.0	NaN	NaN
vRhyme_unbinned_58__MGr3G3H3I_000000175243_9	vRhyme_unbinned_58__MGr3G3H3I_000000175243	vRhyme_unbinned_58__MGr3G3H3I_000000175243																														KEGG	false	medium	2364.0	2352.0	NaN	NaN
vRhyme_unbinned_58__MGr3G3H3I_000000175243_10	vRhyme_unbinned_58__MGr3G3H3I_000000175243	vRhyme_unbinned_58__MGr3G3H3I_000000175243																														KEGG	false	medium	2940.0	1776.0	NaN	NaN
vRhyme_unbinned_58__MGr3G3H3I_000000175243_11	vRhyme_unbinned_58__MGr3G3H3I_000000175243	vRhyme_unbinned_58__MGr3G3H3I_000000175243																														KEGG	false	medium	3192.0	1524.0	NaN	NaN
vRhyme_unbinned_58__MGr3G3H3I_000000175243_12	vRhyme_unbinned_58__MGr3G3H3I_000000175243	vRhyme_unbinned_58__MGr3G3H3I_000000175243																														KEGG	false	medium	4398.0	318.0	NaN	NaN
vRhyme_unbinned_58__MGr3G3H3I_000000175243_13	vRhyme_unbinned_58__MGr3G3H3I_000000175243	vRhyme_unbinned_58__MGr3G3H3I_000000175243		10.0										PF12728.14	Helix-turn-helix domain	31.521145	0.68													PF12728.14	Helix-turn-helix domain	Pfam	false	medium	4716.0	2364.0	NaN	NaN
vRhyme_unbinned_58__MGr3G3H3I_000000175243_14	vRhyme_unbinned_58__MGr3G3H3I_000000175243	vRhyme_unbinned_58__MGr3G3H3I_000000175243																														KEGG	false	medium	225.0	2139.0	NaN	NaN
vRhyme_unbinned_58__MGr3G3H3I_000000175243_15	vRhyme_unbinned_58__MGr3G3H3I_000000175243	vRhyme_unbinned_58__MGr3G3H3I_000000175243																														KEGG	false	medium	414.0	1950.0	NaN	NaN
vRhyme_unbinned_58__MGr3G3H3I_000000175243_16	vRhyme_unbinned_58__MGr3G3H3I_000000175243	vRhyme_unbinned_58__MGr3G3H3I_000000175243		1.22										PF12307.14	Protein of unknown function (DUF3631)	197.904266	0.374													PF12307.14	Protein of unknown function (DUF3631)	Pfam	false	medium	732.0	1632.0	NaN	NaN
vRhyme_unbinned_58__MGr3G3H3I_000000175243_17	vRhyme_unbinned_58__MGr3G3H3I_000000175243	vRhyme_unbinned_58__MGr3G3H3I_000000175243																														KEGG	false	medium	2169.0	195.0	NaN	NaN
vRhyme_unbinned_58__MGr3G3H3I_000000175243_18	vRhyme_unbinned_58__MGr3G3H3I_000000175243	vRhyme_unbinned_58__MGr3G3H3I_000000175243	10.0	10.0		K07733	prophage regulatory protein	53.426704	0.742					PF05930.19	Prophage CP4-57 regulatory protein (AlpA)	39.642193	0.545													K07733	prophage regulatory protein	KEGG	false	medium	2364.0	612.0	NaN	NaN
vRhyme_unbinned_58__MGr3G3H3I_000000175243_19	vRhyme_unbinned_58__MGr3G3H3I_000000175243	vRhyme_unbinned_58__MGr3G3H3I_000000175243																														KEGG	false	medium	198.0	414.0	NaN	NaN
vRhyme_unbinned_58__MGr3G3H3I_000000175243_20	vRhyme_unbinned_58__MGr3G3H3I_000000175243	vRhyme_unbinned_58__MGr3G3H3I_000000175243	10.0	10.0	10.0	K04763	integrase/recombinase XerD	74.25161	0.614					PF13356.13	Arm DNA-binding domain	62.118168	0.203									phrog_1	integrase	199.059662	0.97	phrog_1	integrase	PHROG	false	medium	612.0	NaN	NaN	NaN
vRhyme_unbinned_58__MGr3G3H3I_000000175243_21	vRhyme_unbinned_58__MGr3G3H3I_000000175243	vRhyme_unbinned_58__MGr3G3H3I_000000175243																														KEGG	false	medium	1314.0	NaN	NaN	NaN
vRhyme_unbinned_59__MGr3G3H3I_000000178285_1	vRhyme_unbinned_59__MGr3G3H3I_000000178285	vRhyme_unbinned_59__MGr3G3H3I_000000178285		10.0	10.0									PF05063.21	MT-A70	88.052292	0.448									phrog_359	DNA methyltransferase	234.318237	0.579	phrog_359	DNA methyltransferase	PHROG	false	high	NaN	6702.0	NaN	NaN
vRhyme_unbinned_59__MGr3G3H3I_000000178285_2	vRhyme_unbinned_59__MGr3G3H3I_000000178285	vRhyme_unbinned_59__MGr3G3H3I_000000178285																														KEGG	false	high	1119.0	5583.0	567.0	NaN
vRhyme_unbinned_59__MGr3G3H3I_000000178285_3	vRhyme_unbinned_59__MGr3G3H3I_000000178285	vRhyme_unbinned_59__MGr3G3H3I_000000178285																														KEGG	false	high	1428.0	5274.0	1860.0	NaN
vRhyme_unbinned_59__MGr3G3H3I_000000178285_4	vRhyme_unbinned_59__MGr3G3H3I_000000178285	vRhyme_unbinned_59__MGr3G3H3I_000000178285																														KEGG	false	high	3063.0	3639.0	NaN	669.0
vRhyme_unbinned_59__MGr3G3H3I_000000178285_5	vRhyme_unbinned_59__MGr3G3H3I_000000178285	vRhyme_unbinned_59__MGr3G3H3I_000000178285																														KEGG	false	high	3624.0	3078.0	NaN	591.0
vRhyme_unbinned_59__MGr3G3H3I_000000178285_6	vRhyme_unbinned_59__MGr3G3H3I_000000178285	vRhyme_unbinned_59__MGr3G3H3I_000000178285																														KEGG	false	high	4410.0	2292.0	NaN	303.0
vRhyme_unbinned_59__MGr3G3H3I_000000178285_7	vRhyme_unbinned_59__MGr3G3H3I_000000178285	vRhyme_unbinned_59__MGr3G3H3I_000000178285																														KEGG	false	high	4839.0	1863.0	NaN	12246.0
vRhyme_unbinned_59__MGr3G3H3I_000000178285_8	vRhyme_unbinned_59__MGr3G3H3I_000000178285	vRhyme_unbinned_59__MGr3G3H3I_000000178285																														KEGG	false	high	5217.0	1485.0	1251.0	10995.0
vRhyme_unbinned_59__MGr3G3H3I_000000178285_9	vRhyme_unbinned_59__MGr3G3H3I_000000178285	vRhyme_unbinned_59__MGr3G3H3I_000000178285																														KEGG	false	high	5604.0	1098.0	2349.0	9897.0
vRhyme_unbinned_59__MGr3G3H3I_000000178285_10	vRhyme_unbinned_59__MGr3G3H3I_000000178285	vRhyme_unbinned_59__MGr3G3H3I_000000178285																														KEGG	false	high	6495.0	207.0	3237.0	9009.0
vRhyme_unbinned_59__MGr3G3H3I_000000178285_11	vRhyme_unbinned_59__MGr3G3H3I_000000178285	vRhyme_unbinned_59__MGr3G3H3I_000000178285		10.0										PF12728.14	Helix-turn-helix domain	27.246384	0.471													PF12728.14	Helix-turn-helix domain	Pfam	false	high	6702.0	936.0	3549.0	8697.0
vRhyme_unbinned_59__MGr3G3H3I_000000178285_12	vRhyme_unbinned_59__MGr3G3H3I_000000178285	vRhyme_unbinned_59__MGr3G3H3I_000000178285																														KEGG	false	high	312.0	624.0	3786.0	8460.0
vRhyme_unbinned_59__MGr3G3H3I_000000178285_13	vRhyme_unbinned_59__MGr3G3H3I_000000178285	vRhyme_unbinned_59__MGr3G3H3I_000000178285	10.0	10.0	10.0	K14059	integrase	137.604599	0.897					PF00589.28	Phage integrase family	87.466797	0.388									phrog_1	integrase	197.857941	0.974	phrog_1	integrase	PHROG	false	high	936.0	NaN	3981.0	8265.0
vRhyme_unbinned_5__MGr3G3H3I_000000011984_1	vRhyme_unbinned_5__MGr3G3H3I_000000011984	vRhyme_unbinned_5__MGr3G3H3I_000000011984																														KEGG	false	medium	NaN	999.0	NaN	NaN
vRhyme_unbinned_5__MGr3G3H3I_000000011984_2	vRhyme_unbinned_5__MGr3G3H3I_000000011984	vRhyme_unbinned_5__MGr3G3H3I_000000011984																														KEGG	false	medium	NaN	678.0	NaN	NaN
vRhyme_unbinned_5__MGr3G3H3I_000000011984_3	vRhyme_unbinned_5__MGr3G3H3I_000000011984	vRhyme_unbinned_5__MGr3G3H3I_000000011984	10.0	6.55		K06940	uncharacterized protein	51.424858	0.548					PF03692.21	Putative zinc- or iron-chelating domain	33.590103	0.477													K06940	uncharacterized protein	KEGG	false	medium	NaN	3522.0	NaN	NaN
vRhyme_unbinned_5__MGr3G3H3I_000000011984_4	vRhyme_unbinned_5__MGr3G3H3I_000000011984	vRhyme_unbinned_5__MGr3G3H3I_000000011984																														KEGG	false	medium	NaN	2925.0	NaN	NaN
vRhyme_unbinned_5__MGr3G3H3I_000000011984_5	vRhyme_unbinned_5__MGr3G3H3I_000000011984	vRhyme_unbinned_5__MGr3G3H3I_000000011984																														KEGG	false	medium	NaN	2169.0	NaN	NaN
vRhyme_unbinned_5__MGr3G3H3I_000000011984_6	vRhyme_unbinned_5__MGr3G3H3I_000000011984	vRhyme_unbinned_5__MGr3G3H3I_000000011984																														KEGG	false	medium	NaN	1299.0	NaN	6918.0
vRhyme_unbinned_5__MGr3G3H3I_000000011984_7	vRhyme_unbinned_5__MGr3G3H3I_000000011984	vRhyme_unbinned_5__MGr3G3H3I_000000011984												PF25311.2		120.707085	0.678									phrog_3392		130.447342	0.719	phrog_3392		PHROG	false	medium	NaN	969.0	NaN	5025.0
vRhyme_unbinned_5__MGr3G3H3I_000000011984_8	vRhyme_unbinned_5__MGr3G3H3I_000000011984	vRhyme_unbinned_5__MGr3G3H3I_000000011984																														KEGG	false	medium	NaN	531.0	NaN	4422.0
vRhyme_unbinned_5__MGr3G3H3I_000000011984_9	vRhyme_unbinned_5__MGr3G3H3I_000000011984	vRhyme_unbinned_5__MGr3G3H3I_000000011984	10.0	10.0	10.0	K14059	integrase	83.170776	0.642					PF00589.28	Phage integrase family	29.957647	0.323									phrog_1	integrase	96.363533	0.753	phrog_1	integrase	PHROG	false	medium	NaN	NaN	NaN	4116.0
vRhyme_unbinned_5__MGr3G3H3I_000000011984_10	vRhyme_unbinned_5__MGr3G3H3I_000000011984	vRhyme_unbinned_5__MGr3G3H3I_000000011984																														KEGG	false	medium	1215.0	NaN	NaN	2853.0
vRhyme_unbinned_5__MGr3G3H3I_000000011984_11	vRhyme_unbinned_5__MGr3G3H3I_000000011984	vRhyme_unbinned_5__MGr3G3H3I_000000011984																														KEGG	false	medium	1551.0	NaN	NaN	2409.0
vRhyme_unbinned_5__MGr3G3H3I_000000011984_12	vRhyme_unbinned_5__MGr3G3H3I_000000011984	vRhyme_unbinned_5__MGr3G3H3I_000000011984																														KEGG	false	high	2346.0	NaN	NaN	2160.0
vRhyme_unbinned_5__MGr3G3H3I_000000011984_13	vRhyme_unbinned_5__MGr3G3H3I_000000011984	vRhyme_unbinned_5__MGr3G3H3I_000000011984																														KEGG	false	high	2589.0	NaN	NaN	1884.0
vRhyme_unbinned_5__MGr3G3H3I_000000011984_14	vRhyme_unbinned_5__MGr3G3H3I_000000011984	vRhyme_unbinned_5__MGr3G3H3I_000000011984		10.0										PF01381.29	Helix-turn-helix	24.213512	0.672													PF01381.29	Helix-turn-helix	Pfam	false	medium	2814.0	NaN	NaN	1149.0
vRhyme_unbinned_5__MGr3G3H3I_000000011984_15	vRhyme_unbinned_5__MGr3G3H3I_000000011984	vRhyme_unbinned_5__MGr3G3H3I_000000011984																														KEGG	false	medium	192.0	NaN	NaN	945.0
vRhyme_unbinned_5__MGr3G3H3I_000000011984_16	vRhyme_unbinned_5__MGr3G3H3I_000000011984	vRhyme_unbinned_5__MGr3G3H3I_000000011984																														KEGG	false	medium	720.0	NaN	NaN	477.0
vRhyme_unbinned_60__MGr3G3H3I_000000180455_1	vRhyme_unbinned_60__MGr3G3H3I_000000180455	vRhyme_unbinned_60__MGr3G3H3I_000000180455																														KEGG	false	high	NaN	780.0	NaN	48765.0
vRhyme_unbinned_60__MGr3G3H3I_000000180455_2	vRhyme_unbinned_60__MGr3G3H3I_000000180455	vRhyme_unbinned_60__MGr3G3H3I_000000180455																														KEGG	false	high	NaN	594.0	NaN	48501.0
vRhyme_unbinned_60__MGr3G3H3I_000000180455_3	vRhyme_unbinned_60__MGr3G3H3I_000000180455	vRhyme_unbinned_60__MGr3G3H3I_000000180455																														KEGG	false	high	NaN	279.0	NaN	47496.0
vRhyme_unbinned_60__MGr3G3H3I_000000180455_4	vRhyme_unbinned_60__MGr3G3H3I_000000180455	vRhyme_unbinned_60__MGr3G3H3I_000000180455		10.0	10.0									PF08401.17	N-terminal domain of anti-restriction factor ArdC	47.860802	0.265									phrog_7245	anti-restriction protein	64.377373	0.725	phrog_7245	anti-restriction protein	PHROG	false	medium	NaN	2937.0	NaN	46200.0
vRhyme_unbinned_60__MGr3G3H3I_000000180455_5	vRhyme_unbinned_60__MGr3G3H3I_000000180455	vRhyme_unbinned_60__MGr3G3H3I_000000180455		0.58										PF20126.5	Family of unknown function (DUF6516)	32.831921	0.835													PF20126.5	Family of unknown function (DUF6516)	Pfam	false	high	861.0	2076.0	NaN	45708.0
vRhyme_unbinned_60__MGr3G3H3I_000000180455_6	vRhyme_unbinned_60__MGr3G3H3I_000000180455	vRhyme_unbinned_60__MGr3G3H3I_000000180455																														KEGG	false	high	1206.0	1731.0	NaN	45168.0
vRhyme_unbinned_60__MGr3G3H3I_000000180455_7	vRhyme_unbinned_60__MGr3G3H3I_000000180455	vRhyme_unbinned_60__MGr3G3H3I_000000180455		4.9										PF14337.14	Abortive infection alpha	46.420292	0.66													PF14337.14	Abortive infection alpha	Pfam	false	high	1464.0	1473.0	NaN	43485.0
vRhyme_unbinned_60__MGr3G3H3I_000000180455_8	vRhyme_unbinned_60__MGr3G3H3I_000000180455	vRhyme_unbinned_60__MGr3G3H3I_000000180455																														KEGG	false	high	2100.0	837.0	NaN	39135.0
vRhyme_unbinned_60__MGr3G3H3I_000000180455_9	vRhyme_unbinned_60__MGr3G3H3I_000000180455	vRhyme_unbinned_60__MGr3G3H3I_000000180455																														KEGG	false	high	2580.0	357.0	NaN	38382.0
vRhyme_unbinned_60__MGr3G3H3I_000000180455_10	vRhyme_unbinned_60__MGr3G3H3I_000000180455	vRhyme_unbinned_60__MGr3G3H3I_000000180455		10.0						HMMsoil73877	aroK, aroL; shikimate kinase EC:2.7.1.71	52.333981	0.679	PF13560.13	Helix-turn-helix domain	50.234722	0.753													HMMsoil73877	aroK, aroL; shikimate kinase EC:2.7.1.71	FOAM	false	high	2937.0	1971.0	NaN	37500.0
vRhyme_unbinned_60__MGr3G3H3I_000000180455_11	vRhyme_unbinned_60__MGr3G3H3I_000000180455	vRhyme_unbinned_60__MGr3G3H3I_000000180455																														KEGG	false	high	243.0	1728.0	NaN	36960.0
vRhyme_unbinned_60__MGr3G3H3I_000000180455_12	vRhyme_unbinned_60__MGr3G3H3I_000000180455	vRhyme_unbinned_60__MGr3G3H3I_000000180455																														KEGG	false	high	1230.0	741.0	NaN	36696.0
vRhyme_unbinned_60__MGr3G3H3I_000000180455_13	vRhyme_unbinned_60__MGr3G3H3I_000000180455	vRhyme_unbinned_60__MGr3G3H3I_000000180455																														KEGG	false	high	1446.0	525.0	NaN	36456.0
vRhyme_unbinned_60__MGr3G3H3I_000000180455_14	vRhyme_unbinned_60__MGr3G3H3I_000000180455	vRhyme_unbinned_60__MGr3G3H3I_000000180455		10.0										PF21722.5	Glycine-rich domain	39.934448	0.333													PF21722.5	Glycine-rich domain	Pfam	false	high	1971.0	4380.0	NaN	33084.0
vRhyme_unbinned_60__MGr3G3H3I_000000180455_15	vRhyme_unbinned_60__MGr3G3H3I_000000180455	vRhyme_unbinned_60__MGr3G3H3I_000000180455																														KEGG	false	high	2172.0	2208.0	NaN	32886.0
vRhyme_unbinned_60__MGr3G3H3I_000000180455_16	vRhyme_unbinned_60__MGr3G3H3I_000000180455	vRhyme_unbinned_60__MGr3G3H3I_000000180455																														KEGG	false	high	2538.0	1842.0	NaN	32436.0
vRhyme_unbinned_60__MGr3G3H3I_000000180455_17	vRhyme_unbinned_60__MGr3G3H3I_000000180455	vRhyme_unbinned_60__MGr3G3H3I_000000180455																														KEGG	false	high	3114.0	1266.0	NaN	32166.0
vRhyme_unbinned_60__MGr3G3H3I_000000180455_18	vRhyme_unbinned_60__MGr3G3H3I_000000180455	vRhyme_unbinned_60__MGr3G3H3I_000000180455																														KEGG	false	high	3741.0	639.0	NaN	31986.0
vRhyme_unbinned_60__MGr3G3H3I_000000180455_19	vRhyme_unbinned_60__MGr3G3H3I_000000180455	vRhyme_unbinned_60__MGr3G3H3I_000000180455		10.0	10.0					HMMsoil66649	dnaG; DNA primase EC:2.7.7.101	15.19658	0.094	PF13362.13	Toprim domain	31.561405	0.272									phrog_239	DNA primase/helicase	81.201744	0.516	phrog_239	DNA primase/helicase	PHROG	false	high	4380.0	NaN	NaN	31383.0
vRhyme_unbinned_62__MGr3G3H3I_000000188077_1	vRhyme_unbinned_62__MGr3G3H3I_000000188077	vRhyme_unbinned_62__MGr3G3H3I_000000188077																								phrog_165	tail sheath	154.115601	0.956	phrog_165	tail sheath	PHROG	false	high	NaN	1584.0	2502.0	NaN
vRhyme_unbinned_62__MGr3G3H3I_000000188077_2	vRhyme_unbinned_62__MGr3G3H3I_000000188077	vRhyme_unbinned_62__MGr3G3H3I_000000188077																														KEGG	false	high	NaN	906.0	2961.0	NaN
vRhyme_unbinned_62__MGr3G3H3I_000000188077_3	vRhyme_unbinned_62__MGr3G3H3I_000000188077	vRhyme_unbinned_62__MGr3G3H3I_000000188077		9.35	9.81									PF08873.18	Bacteriophage Mu, Gp37	29.671658	0.549									phrog_490	portal protein	66.569824	0.882	phrog_490	portal protein	PHROG	false	high	NaN	612.0	3282.0	NaN
vRhyme_unbinned_62__MGr3G3H3I_000000188077_4	vRhyme_unbinned_62__MGr3G3H3I_000000188077	vRhyme_unbinned_62__MGr3G3H3I_000000188077		10.0	10.0									PF07030.18	Bacteriophage Mu, Gp36	102.639221	0.83									phrog_195	head-tail adaptor	127.226372	0.915	phrog_195	head-tail adaptor	PHROG	false	high	NaN	654.0	3462.0	NaN
vRhyme_unbinned_62__MGr3G3H3I_000000188077_5	vRhyme_unbinned_62__MGr3G3H3I_000000188077	vRhyme_unbinned_62__MGr3G3H3I_000000188077																														KEGG	false	high	423.0	231.0	4344.0	NaN
vRhyme_unbinned_62__MGr3G3H3I_000000188077_6	vRhyme_unbinned_62__MGr3G3H3I_000000188077	vRhyme_unbinned_62__MGr3G3H3I_000000188077		10.0	10.0									PF10124.16	Mu-like prophage major head subunit gpT	261.562927	0.894									phrog_371	major head protein	256.177399	0.916	PF10124.16	Mu-like prophage major head subunit gpT	Pfam	false	high	654.0	1620.0	4683.0	NaN
vRhyme_unbinned_62__MGr3G3H3I_000000188077_7	vRhyme_unbinned_62__MGr3G3H3I_000000188077	vRhyme_unbinned_62__MGr3G3H3I_000000188077																														KEGG	false	high	933.0	687.0	5700.0	NaN
vRhyme_unbinned_62__MGr3G3H3I_000000188077_8	vRhyme_unbinned_62__MGr3G3H3I_000000188077	vRhyme_unbinned_62__MGr3G3H3I_000000188077		10.0	10.0									PF10123.15	Mu-like prophage I protein	131.82489	0.88									phrog_328	head maturation protease	218.883133	0.932	phrog_328	head maturation protease	PHROG	false	high	1620.0	1053.0	6051.0	NaN
vRhyme_unbinned_62__MGr3G3H3I_000000188077_9	vRhyme_unbinned_62__MGr3G3H3I_000000188077	vRhyme_unbinned_62__MGr3G3H3I_000000188077		10.0						HMMsoil126373	ade; adenine deaminase EC:3.5.4.2	39.208401	0.245	PF01381.29	Helix-turn-helix	36.932083	0.23													HMMsoil126373	ade; adenine deaminase EC:3.5.4.2	FOAM	false	high	1053.0	825.0	6696.0	NaN
vRhyme_unbinned_62__MGr3G3H3I_000000188077_10	vRhyme_unbinned_62__MGr3G3H3I_000000188077	vRhyme_unbinned_62__MGr3G3H3I_000000188077																														KEGG	false	high	612.0	213.0	7434.0	NaN
vRhyme_unbinned_62__MGr3G3H3I_000000188077_11	vRhyme_unbinned_62__MGr3G3H3I_000000188077	vRhyme_unbinned_62__MGr3G3H3I_000000188077		10.0	10.0									PF05069.19	Phage virion morphogenesis family	99.495193	0.874									phrog_26	tail completion or Neck1 protein	114.994537	0.977	phrog_26	tail completion or Neck1 protein	PHROG	false	high	825.0	525.0	8913.0	NaN
vRhyme_unbinned_62__MGr3G3H3I_000000188077_12	vRhyme_unbinned_62__MGr3G3H3I_000000188077	vRhyme_unbinned_62__MGr3G3H3I_000000188077		10.0	10.0									PF04233.20	Phage Mu protein F like protein	58.60516	0.437									phrog_220	minor head protein and DNA pilot	291.875793	0.837	phrog_220	minor head protein and DNA pilot	PHROG	false	high	525.0	810.0	10560.0	NaN
vRhyme_unbinned_62__MGr3G3H3I_000000188077_13	vRhyme_unbinned_62__MGr3G3H3I_000000188077	vRhyme_unbinned_62__MGr3G3H3I_000000188077		10.0	10.0									PF06074.19	Protein of unknown function (DUF935)	268.430695	0.534									phrog_113	portal protein	346.966827	0.876	phrog_113	portal protein	PHROG	false	high	810.0	4692.0	10848.0	NaN
vRhyme_unbinned_62__MGr3G3H3I_000000188077_14	vRhyme_unbinned_62__MGr3G3H3I_000000188077	vRhyme_unbinned_62__MGr3G3H3I_000000188077																														KEGG	false	high	1887.0	2805.0	11697.0	NaN
vRhyme_unbinned_62__MGr3G3H3I_000000188077_15	vRhyme_unbinned_62__MGr3G3H3I_000000188077	vRhyme_unbinned_62__MGr3G3H3I_000000188077																								phrog_2	terminase large subunit	109.02018	0.912	phrog_2	terminase large subunit	PHROG	false	high	2187.0	2505.0	12987.0	NaN
vRhyme_unbinned_62__MGr3G3H3I_000000188077_16	vRhyme_unbinned_62__MGr3G3H3I_000000188077	vRhyme_unbinned_62__MGr3G3H3I_000000188077																														KEGG	false	high	3762.0	930.0	NaN	NaN
vRhyme_unbinned_62__MGr3G3H3I_000000188077_17	vRhyme_unbinned_62__MGr3G3H3I_000000188077	vRhyme_unbinned_62__MGr3G3H3I_000000188077		6.07										PF06689.20	ClpX C4-type zinc finger	49.315956	0.507													PF06689.20	ClpX C4-type zinc finger	Pfam	false	high	4224.0	468.0	NaN	NaN
vRhyme_unbinned_62__MGr3G3H3I_000000188077_18	vRhyme_unbinned_62__MGr3G3H3I_000000188077	vRhyme_unbinned_62__MGr3G3H3I_000000188077																								phrog_8231		52.486904	0.943	phrog_8231		PHROG	false	high	4431.0	261.0	NaN	NaN
vRhyme_unbinned_62__MGr3G3H3I_000000188077_19	vRhyme_unbinned_62__MGr3G3H3I_000000188077	vRhyme_unbinned_62__MGr3G3H3I_000000188077		10.0	10.0									PF11985.14	Bacteriophage Mu, Gp27	121.63903	0.944									phrog_426	terminase small subunit	134.220779	0.979	phrog_426	terminase small subunit	PHROG	false	high	4692.0	NaN	NaN	NaN
vRhyme_unbinned_62__MGr3G3H3I_000000188077_20	vRhyme_unbinned_62__MGr3G3H3I_000000188077	vRhyme_unbinned_62__MGr3G3H3I_000000188077																								phrog_436		98.884605	0.98	phrog_436		PHROG	false	high	585.0	NaN	NaN	NaN
vRhyme_unbinned_62__MGr3G3H3I_000000188077_21	vRhyme_unbinned_62__MGr3G3H3I_000000188077	vRhyme_unbinned_62__MGr3G3H3I_000000188077		6.25	4.82									PF10805.14	Protein of unknown function (DUF2730)	31.772947	0.802									phrog_736		52.463757	0.928	phrog_736		PHROG	false	high	891.0	NaN	NaN	NaN
vRhyme_unbinned_62__MGr3G3H3I_000000188077_22	vRhyme_unbinned_62__MGr3G3H3I_000000188077	vRhyme_unbinned_62__MGr3G3H3I_000000188077		10.0										PF01258.24	Prokaryotic dksA/traR C4-type zinc finger	26.510162	0.419													PF01258.24	Prokaryotic dksA/traR C4-type zinc finger	Pfam	false	high	1224.0	NaN	NaN	NaN
vRhyme_unbinned_62__MGr3G3H3I_000000188077_23	vRhyme_unbinned_62__MGr3G3H3I_000000188077	vRhyme_unbinned_62__MGr3G3H3I_000000188077																														KEGG	false	high	222.0	NaN	NaN	NaN
vRhyme_unbinned_62__MGr3G3H3I_000000188077_24	vRhyme_unbinned_62__MGr3G3H3I_000000188077	vRhyme_unbinned_62__MGr3G3H3I_000000188077																														KEGG	false	high	930.0	NaN	NaN	NaN
vRhyme_unbinned_62__MGr3G3H3I_000000188077_25	vRhyme_unbinned_62__MGr3G3H3I_000000188077	vRhyme_unbinned_62__MGr3G3H3I_000000188077																								phrog_836	late transcriptional activator	78.482498	0.961	phrog_836	late transcriptional activator	PHROG	false	high	1785.0	NaN	NaN	NaN
vRhyme_unbinned_62__MGr3G3H3I_000000188077_26	vRhyme_unbinned_62__MGr3G3H3I_000000188077	vRhyme_unbinned_62__MGr3G3H3I_000000188077																														KEGG	false	high	2166.0	NaN	NaN	NaN
vRhyme_unbinned_62__MGr3G3H3I_000000188077_27	vRhyme_unbinned_62__MGr3G3H3I_000000188077	vRhyme_unbinned_62__MGr3G3H3I_000000188077																														KEGG	false	high	2412.0	NaN	NaN	NaN
vRhyme_unbinned_62__MGr3G3H3I_000000188077_28	vRhyme_unbinned_62__MGr3G3H3I_000000188077	vRhyme_unbinned_62__MGr3G3H3I_000000188077																														KEGG	false	high	2631.0	NaN	NaN	NaN
vRhyme_unbinned_62__MGr3G3H3I_000000188077_29	vRhyme_unbinned_62__MGr3G3H3I_000000188077	vRhyme_unbinned_62__MGr3G3H3I_000000188077																														KEGG	false	high	2898.0	NaN	NaN	NaN
vRhyme_unbinned_63__MGr3G3H3I_000000188717_1	vRhyme_unbinned_63__MGr3G3H3I_000000188717	vRhyme_unbinned_63__MGr3G3H3I_000000188717																														KEGG	false	high	NaN	864.0	NaN	NaN
vRhyme_unbinned_63__MGr3G3H3I_000000188717_2	vRhyme_unbinned_63__MGr3G3H3I_000000188717	vRhyme_unbinned_63__MGr3G3H3I_000000188717																														KEGG	false	high	NaN	702.0	NaN	NaN
vRhyme_unbinned_63__MGr3G3H3I_000000188717_3	vRhyme_unbinned_63__MGr3G3H3I_000000188717	vRhyme_unbinned_63__MGr3G3H3I_000000188717																								phrog_1731	virion structural protein	85.90892	0.795	phrog_1731	virion structural protein	PHROG	false	high	NaN	483.0	NaN	NaN
vRhyme_unbinned_63__MGr3G3H3I_000000188717_4	vRhyme_unbinned_63__MGr3G3H3I_000000188717	vRhyme_unbinned_63__MGr3G3H3I_000000188717	10.0	10.0	10.0	K21511	Enterobacteria phage capsid assembly protease [EC:3.4.21.-]	223.823364	0.531					PF01343.24	Peptidase family S49	107.209824	0.207									phrog_53	head maturation protease	232.148727	0.686	phrog_53	head maturation protease	PHROG	false	high	NaN	2130.0	NaN	NaN
vRhyme_unbinned_63__MGr3G3H3I_000000188717_5	vRhyme_unbinned_63__MGr3G3H3I_000000188717	vRhyme_unbinned_63__MGr3G3H3I_000000188717		10.0	10.0									PF06074.19	Protein of unknown function (DUF935)	186.303497	0.628									phrog_113	portal protein	143.648514	0.779	PF06074.19	Protein of unknown function (DUF935)	Pfam	false	high	2130.0	4467.0	NaN	NaN
vRhyme_unbinned_63__MGr3G3H3I_000000188717_6	vRhyme_unbinned_63__MGr3G3H3I_000000188717	vRhyme_unbinned_63__MGr3G3H3I_000000188717																														KEGG	false	high	1548.0	2919.0	NaN	NaN
vRhyme_unbinned_63__MGr3G3H3I_000000188717_7	vRhyme_unbinned_63__MGr3G3H3I_000000188717	vRhyme_unbinned_63__MGr3G3H3I_000000188717																														KEGG	false	high	2103.0	2364.0	NaN	NaN
vRhyme_unbinned_63__MGr3G3H3I_000000188717_8	vRhyme_unbinned_63__MGr3G3H3I_000000188717	vRhyme_unbinned_63__MGr3G3H3I_000000188717																														KEGG	false	high	2469.0	1998.0	NaN	NaN
vRhyme_unbinned_63__MGr3G3H3I_000000188717_9	vRhyme_unbinned_63__MGr3G3H3I_000000188717	vRhyme_unbinned_63__MGr3G3H3I_000000188717																														KEGG	false	high	2724.0	1743.0	NaN	NaN
vRhyme_unbinned_63__MGr3G3H3I_000000188717_10	vRhyme_unbinned_63__MGr3G3H3I_000000188717	vRhyme_unbinned_63__MGr3G3H3I_000000188717																								phrog_2	terminase large subunit	64.123848	0.836	phrog_2	terminase large subunit	PHROG	false	high	2988.0	1479.0	NaN	NaN
vRhyme_unbinned_63__MGr3G3H3I_000000188717_11	vRhyme_unbinned_63__MGr3G3H3I_000000188717	vRhyme_unbinned_63__MGr3G3H3I_000000188717		10.0	10.0	K27336		159.900406	0.917					PF08706.17	D5 N terminal like	103.855698	0.339									phrog_1156	DNA primase	375.087952	0.937	phrog_1156	DNA primase	PHROG	false	high	4467.0	1866.0	NaN	NaN
vRhyme_unbinned_63__MGr3G3H3I_000000188717_12	vRhyme_unbinned_63__MGr3G3H3I_000000188717	vRhyme_unbinned_63__MGr3G3H3I_000000188717																														KEGG	false	high	1521.0	345.0	NaN	NaN
vRhyme_unbinned_63__MGr3G3H3I_000000188717_13	vRhyme_unbinned_63__MGr3G3H3I_000000188717	vRhyme_unbinned_63__MGr3G3H3I_000000188717	10.0	10.0	10.0	K19789	DNA repair protein RadD	360.267242	0.916					PF04851.22	Type III restriction enzyme, res subunit	88.080185	0.297									phrog_16	DNA helicase	328.233521	0.866	K19789	DNA repair protein RadD	KEGG	false	high	1866.0	NaN	NaN	NaN
vRhyme_unbinned_63__MGr3G3H3I_000000188717_14	vRhyme_unbinned_63__MGr3G3H3I_000000188717	vRhyme_unbinned_63__MGr3G3H3I_000000188717																														KEGG	false	high	1473.0	NaN	NaN	NaN
vRhyme_unbinned_63__MGr3G3H3I_000000188717_15	vRhyme_unbinned_63__MGr3G3H3I_000000188717	vRhyme_unbinned_63__MGr3G3H3I_000000188717																														KEGG	false	high	2322.0	NaN	NaN	NaN
vRhyme_unbinned_63__MGr3G3H3I_000000188717_16	vRhyme_unbinned_63__MGr3G3H3I_000000188717	vRhyme_unbinned_63__MGr3G3H3I_000000188717																														KEGG	false	high	2523.0	NaN	NaN	NaN
vRhyme_unbinned_63__MGr3G3H3I_000000188717_17	vRhyme_unbinned_63__MGr3G3H3I_000000188717	vRhyme_unbinned_63__MGr3G3H3I_000000188717																														KEGG	false	high	2721.0	NaN	NaN	NaN
vRhyme_unbinned_63__MGr3G3H3I_000000188717_18	vRhyme_unbinned_63__MGr3G3H3I_000000188717	vRhyme_unbinned_63__MGr3G3H3I_000000188717																														KEGG	false	high	3426.0	NaN	NaN	NaN
vRhyme_unbinned_63__MGr3G3H3I_000000188717_19	vRhyme_unbinned_63__MGr3G3H3I_000000188717	vRhyme_unbinned_63__MGr3G3H3I_000000188717																														KEGG	false	high	4254.0	NaN	NaN	NaN
vRhyme_unbinned_63__MGr3G3H3I_000000188717_20	vRhyme_unbinned_63__MGr3G3H3I_000000188717	vRhyme_unbinned_63__MGr3G3H3I_000000188717																														KEGG	false	high	4995.0	NaN	NaN	NaN
vRhyme_unbinned_63__MGr3G3H3I_000000188717_21	vRhyme_unbinned_63__MGr3G3H3I_000000188717	vRhyme_unbinned_63__MGr3G3H3I_000000188717																														KEGG	false	high	5616.0	NaN	NaN	NaN
vRhyme_unbinned_63__MGr3G3H3I_000000188717_22	vRhyme_unbinned_63__MGr3G3H3I_000000188717	vRhyme_unbinned_63__MGr3G3H3I_000000188717																														KEGG	false	high	6522.0	NaN	NaN	NaN
vRhyme_unbinned_63__MGr3G3H3I_000000188717_23	vRhyme_unbinned_63__MGr3G3H3I_000000188717	vRhyme_unbinned_63__MGr3G3H3I_000000188717																														KEGG	false	high	6984.0	NaN	NaN	NaN
vRhyme_unbinned_63__MGr3G3H3I_000000188717_24	vRhyme_unbinned_63__MGr3G3H3I_000000188717	vRhyme_unbinned_63__MGr3G3H3I_000000188717		2.31										PF10685.15	Stress-induced bacterial acidophilic repeat motif	30.584553	0.31													PF10685.15	Stress-induced bacterial acidophilic repeat motif	Pfam	false	medium	7350.0	NaN	NaN	NaN
vRhyme_unbinned_64__MGr3G3H3I_000000189417_1	vRhyme_unbinned_64__MGr3G3H3I_000000189417	vRhyme_unbinned_64__MGr3G3H3I_000000189417		10.0						HMMsoil59556	NEU1; sialidase-1 EC:3.2.1.18	38.197571	0.131	PF13385.14	Concanavalin A-like lectin/glucanases superfamily	45.94791	0.196													PF13385.14	Concanavalin A-like lectin/glucanases superfamily	Pfam	false	high	NaN	NaN	NaN	NaN
vRhyme_unbinned_64__MGr3G3H3I_000000189417_2	vRhyme_unbinned_64__MGr3G3H3I_000000189417	vRhyme_unbinned_64__MGr3G3H3I_000000189417																														KEGG	false	high	NaN	NaN	NaN	NaN
vRhyme_unbinned_64__MGr3G3H3I_000000189417_3	vRhyme_unbinned_64__MGr3G3H3I_000000189417	vRhyme_unbinned_64__MGr3G3H3I_000000189417																														KEGG	false	high	NaN	NaN	NaN	NaN
vRhyme_unbinned_64__MGr3G3H3I_000000189417_4	vRhyme_unbinned_64__MGr3G3H3I_000000189417	vRhyme_unbinned_64__MGr3G3H3I_000000189417																														KEGG	false	high	NaN	NaN	NaN	NaN
vRhyme_unbinned_64__MGr3G3H3I_000000189417_5	vRhyme_unbinned_64__MGr3G3H3I_000000189417	vRhyme_unbinned_64__MGr3G3H3I_000000189417		10.0										PF00535.33	Glycosyl transferase family 2	26.957832	0.513													PF00535.33	Glycosyl transferase family 2	Pfam	false	high	NaN	NaN	NaN	NaN
vRhyme_unbinned_64__MGr3G3H3I_000000189417_6	vRhyme_unbinned_64__MGr3G3H3I_000000189417	vRhyme_unbinned_64__MGr3G3H3I_000000189417																														KEGG	false	high	NaN	NaN	NaN	NaN
vRhyme_unbinned_64__MGr3G3H3I_000000189417_7	vRhyme_unbinned_64__MGr3G3H3I_000000189417	vRhyme_unbinned_64__MGr3G3H3I_000000189417																														KEGG	false	high	NaN	NaN	NaN	NaN
vRhyme_unbinned_64__MGr3G3H3I_000000189417_8	vRhyme_unbinned_64__MGr3G3H3I_000000189417	vRhyme_unbinned_64__MGr3G3H3I_000000189417																														KEGG	false	high	NaN	NaN	NaN	NaN
vRhyme_unbinned_64__MGr3G3H3I_000000189417_9	vRhyme_unbinned_64__MGr3G3H3I_000000189417	vRhyme_unbinned_64__MGr3G3H3I_000000189417																														KEGG	false	high	NaN	NaN	NaN	NaN
vRhyme_unbinned_64__MGr3G3H3I_000000189417_10	vRhyme_unbinned_64__MGr3G3H3I_000000189417	vRhyme_unbinned_64__MGr3G3H3I_000000189417																														KEGG	false	high	NaN	NaN	NaN	NaN
vRhyme_unbinned_64__MGr3G3H3I_000000189417_11	vRhyme_unbinned_64__MGr3G3H3I_000000189417	vRhyme_unbinned_64__MGr3G3H3I_000000189417																														KEGG	false	high	NaN	NaN	NaN	NaN
vRhyme_unbinned_64__MGr3G3H3I_000000189417_12	vRhyme_unbinned_64__MGr3G3H3I_000000189417	vRhyme_unbinned_64__MGr3G3H3I_000000189417																														KEGG	false	high	NaN	NaN	NaN	NaN
vRhyme_unbinned_65__MGr3G3H3I_000000190758_1	vRhyme_unbinned_65__MGr3G3H3I_000000190758	vRhyme_unbinned_65__MGr3G3H3I_000000190758																														KEGG	false	medium	NaN	NaN	NaN	NaN
vRhyme_unbinned_65__MGr3G3H3I_000000190758_2	vRhyme_unbinned_65__MGr3G3H3I_000000190758	vRhyme_unbinned_65__MGr3G3H3I_000000190758																														KEGG	false	medium	NaN	NaN	NaN	NaN
vRhyme_unbinned_65__MGr3G3H3I_000000190758_3	vRhyme_unbinned_65__MGr3G3H3I_000000190758	vRhyme_unbinned_65__MGr3G3H3I_000000190758																														KEGG	false	medium	NaN	NaN	NaN	NaN
vRhyme_unbinned_65__MGr3G3H3I_000000190758_4	vRhyme_unbinned_65__MGr3G3H3I_000000190758	vRhyme_unbinned_65__MGr3G3H3I_000000190758																								phrog_2666	terminase large subunit	64.047745	0.871	phrog_2666	terminase large subunit	PHROG	false	medium	NaN	NaN	NaN	NaN
vRhyme_unbinned_65__MGr3G3H3I_000000190758_5	vRhyme_unbinned_65__MGr3G3H3I_000000190758	vRhyme_unbinned_65__MGr3G3H3I_000000190758	10.0	10.0		K24288	MMP 1-O-methyltransferase [EC:2.1.1.365]	59.353828	0.698					PF13578.13	Methyltransferase domain	60.539665	0.532													PF13578.13	Methyltransferase domain	Pfam	false	medium	NaN	NaN	NaN	NaN
vRhyme_unbinned_65__MGr3G3H3I_000000190758_6	vRhyme_unbinned_65__MGr3G3H3I_000000190758	vRhyme_unbinned_65__MGr3G3H3I_000000190758																														KEGG	false	medium	NaN	NaN	NaN	NaN
vRhyme_unbinned_65__MGr3G3H3I_000000190758_7	vRhyme_unbinned_65__MGr3G3H3I_000000190758	vRhyme_unbinned_65__MGr3G3H3I_000000190758																														KEGG	false	medium	NaN	NaN	NaN	NaN
vRhyme_unbinned_65__MGr3G3H3I_000000190758_8	vRhyme_unbinned_65__MGr3G3H3I_000000190758	vRhyme_unbinned_65__MGr3G3H3I_000000190758																														KEGG	false	medium	NaN	NaN	NaN	NaN
vRhyme_unbinned_65__MGr3G3H3I_000000190758_9	vRhyme_unbinned_65__MGr3G3H3I_000000190758	vRhyme_unbinned_65__MGr3G3H3I_000000190758																														KEGG	false	medium	NaN	NaN	NaN	NaN
vRhyme_unbinned_65__MGr3G3H3I_000000190758_10	vRhyme_unbinned_65__MGr3G3H3I_000000190758	vRhyme_unbinned_65__MGr3G3H3I_000000190758																														KEGG	false	medium	NaN	NaN	NaN	NaN
vRhyme_unbinned_65__MGr3G3H3I_000000190758_11	vRhyme_unbinned_65__MGr3G3H3I_000000190758	vRhyme_unbinned_65__MGr3G3H3I_000000190758																														KEGG	false	medium	NaN	NaN	NaN	NaN
vRhyme_unbinned_65__MGr3G3H3I_000000190758_12	vRhyme_unbinned_65__MGr3G3H3I_000000190758	vRhyme_unbinned_65__MGr3G3H3I_000000190758																														KEGG	false	medium	NaN	NaN	NaN	NaN
vRhyme_unbinned_65__MGr3G3H3I_000000190758_13	vRhyme_unbinned_65__MGr3G3H3I_000000190758	vRhyme_unbinned_65__MGr3G3H3I_000000190758																														KEGG	false	medium	NaN	NaN	NaN	NaN
vRhyme_unbinned_65__MGr3G3H3I_000000190758_14	vRhyme_unbinned_65__MGr3G3H3I_000000190758	vRhyme_unbinned_65__MGr3G3H3I_000000190758																														KEGG	false	medium	NaN	NaN	NaN	NaN
vRhyme_unbinned_65__MGr3G3H3I_000000190758_15	vRhyme_unbinned_65__MGr3G3H3I_000000190758	vRhyme_unbinned_65__MGr3G3H3I_000000190758																														KEGG	false	medium	NaN	NaN	NaN	NaN
vRhyme_unbinned_65__MGr3G3H3I_000000190758_16	vRhyme_unbinned_65__MGr3G3H3I_000000190758	vRhyme_unbinned_65__MGr3G3H3I_000000190758																														KEGG	false	medium	NaN	NaN	NaN	NaN
vRhyme_unbinned_65__MGr3G3H3I_000000190758_17	vRhyme_unbinned_65__MGr3G3H3I_000000190758	vRhyme_unbinned_65__MGr3G3H3I_000000190758																														KEGG	false	medium	NaN	NaN	NaN	NaN
vRhyme_unbinned_65__MGr3G3H3I_000000190758_18	vRhyme_unbinned_65__MGr3G3H3I_000000190758	vRhyme_unbinned_65__MGr3G3H3I_000000190758																														KEGG	false	medium	NaN	NaN	NaN	NaN
vRhyme_unbinned_65__MGr3G3H3I_000000190758_19	vRhyme_unbinned_65__MGr3G3H3I_000000190758	vRhyme_unbinned_65__MGr3G3H3I_000000190758																														KEGG	false	medium	NaN	NaN	NaN	NaN
vRhyme_unbinned_65__MGr3G3H3I_000000190758_20	vRhyme_unbinned_65__MGr3G3H3I_000000190758	vRhyme_unbinned_65__MGr3G3H3I_000000190758																														KEGG	false	medium	NaN	NaN	NaN	NaN
vRhyme_unbinned_66__MGr3G3H3I_000000191734_1	vRhyme_unbinned_66__MGr3G3H3I_000000191734	vRhyme_unbinned_66__MGr3G3H3I_000000191734																														KEGG	false	high	NaN	6681.0	NaN	NaN
vRhyme_unbinned_66__MGr3G3H3I_000000191734_2	vRhyme_unbinned_66__MGr3G3H3I_000000191734	vRhyme_unbinned_66__MGr3G3H3I_000000191734																														KEGG	false	high	NaN	6594.0	NaN	NaN
vRhyme_unbinned_66__MGr3G3H3I_000000191734_3	vRhyme_unbinned_66__MGr3G3H3I_000000191734	vRhyme_unbinned_66__MGr3G3H3I_000000191734																								phrog_2666	terminase large subunit	69.762947	0.65	phrog_2666	terminase large subunit	PHROG	false	high	NaN	6246.0	NaN	NaN
vRhyme_unbinned_66__MGr3G3H3I_000000191734_4	vRhyme_unbinned_66__MGr3G3H3I_000000191734	vRhyme_unbinned_66__MGr3G3H3I_000000191734																														KEGG	false	high	NaN	5484.0	NaN	NaN
vRhyme_unbinned_66__MGr3G3H3I_000000191734_5	vRhyme_unbinned_66__MGr3G3H3I_000000191734	vRhyme_unbinned_66__MGr3G3H3I_000000191734																														KEGG	false	high	NaN	4878.0	NaN	NaN
vRhyme_unbinned_66__MGr3G3H3I_000000191734_6	vRhyme_unbinned_66__MGr3G3H3I_000000191734	vRhyme_unbinned_66__MGr3G3H3I_000000191734																														KEGG	false	high	NaN	4626.0	NaN	NaN
vRhyme_unbinned_66__MGr3G3H3I_000000191734_7	vRhyme_unbinned_66__MGr3G3H3I_000000191734	vRhyme_unbinned_66__MGr3G3H3I_000000191734																														KEGG	false	high	NaN	4401.0	NaN	NaN
vRhyme_unbinned_66__MGr3G3H3I_000000191734_8	vRhyme_unbinned_66__MGr3G3H3I_000000191734	vRhyme_unbinned_66__MGr3G3H3I_000000191734																														KEGG	false	high	NaN	3615.0	NaN	NaN
vRhyme_unbinned_66__MGr3G3H3I_000000191734_9	vRhyme_unbinned_66__MGr3G3H3I_000000191734	vRhyme_unbinned_66__MGr3G3H3I_000000191734																														KEGG	false	high	NaN	3408.0	NaN	NaN
vRhyme_unbinned_66__MGr3G3H3I_000000191734_10	vRhyme_unbinned_66__MGr3G3H3I_000000191734	vRhyme_unbinned_66__MGr3G3H3I_000000191734																														KEGG	false	high	NaN	2289.0	NaN	NaN
vRhyme_unbinned_66__MGr3G3H3I_000000191734_11	vRhyme_unbinned_66__MGr3G3H3I_000000191734	vRhyme_unbinned_66__MGr3G3H3I_000000191734																														KEGG	false	high	NaN	1971.0	NaN	NaN
vRhyme_unbinned_66__MGr3G3H3I_000000191734_12	vRhyme_unbinned_66__MGr3G3H3I_000000191734	vRhyme_unbinned_66__MGr3G3H3I_000000191734																														KEGG	false	high	NaN	1347.0	NaN	NaN
vRhyme_unbinned_66__MGr3G3H3I_000000191734_13	vRhyme_unbinned_66__MGr3G3H3I_000000191734	vRhyme_unbinned_66__MGr3G3H3I_000000191734																														KEGG	false	high	NaN	1248.0	NaN	NaN
vRhyme_unbinned_66__MGr3G3H3I_000000191734_14	vRhyme_unbinned_66__MGr3G3H3I_000000191734	vRhyme_unbinned_66__MGr3G3H3I_000000191734																														KEGG	false	high	NaN	915.0	NaN	NaN
vRhyme_unbinned_66__MGr3G3H3I_000000191734_15	vRhyme_unbinned_66__MGr3G3H3I_000000191734	vRhyme_unbinned_66__MGr3G3H3I_000000191734																														KEGG	false	high	NaN	678.0	NaN	NaN
vRhyme_unbinned_66__MGr3G3H3I_000000191734_16	vRhyme_unbinned_66__MGr3G3H3I_000000191734	vRhyme_unbinned_66__MGr3G3H3I_000000191734																														KEGG	false	high	NaN	474.0	NaN	NaN
vRhyme_unbinned_66__MGr3G3H3I_000000191734_17	vRhyme_unbinned_66__MGr3G3H3I_000000191734	vRhyme_unbinned_66__MGr3G3H3I_000000191734																														KEGG	false	high	NaN	216.0	NaN	NaN
vRhyme_unbinned_66__MGr3G3H3I_000000191734_18	vRhyme_unbinned_66__MGr3G3H3I_000000191734	vRhyme_unbinned_66__MGr3G3H3I_000000191734		10.0	10.0									PF11351.14	Holin of 3TMs, for gene-transfer release	69.014389	0.801									phrog_3427	holin	90.431725	0.861	phrog_3427	holin	PHROG	false	high	NaN	NaN	NaN	NaN
vRhyme_unbinned_66__MGr3G3H3I_000000191734_19	vRhyme_unbinned_66__MGr3G3H3I_000000191734	vRhyme_unbinned_66__MGr3G3H3I_000000191734																														KEGG	false	high	453.0	NaN	NaN	NaN
vRhyme_unbinned_66__MGr3G3H3I_000000191734_20	vRhyme_unbinned_66__MGr3G3H3I_000000191734	vRhyme_unbinned_66__MGr3G3H3I_000000191734																														KEGG	false	high	783.0	NaN	NaN	NaN
vRhyme_unbinned_66__MGr3G3H3I_000000191734_21	vRhyme_unbinned_66__MGr3G3H3I_000000191734	vRhyme_unbinned_66__MGr3G3H3I_000000191734																														KEGG	false	high	1560.0	NaN	NaN	NaN
vRhyme_unbinned_66__MGr3G3H3I_000000191734_22	vRhyme_unbinned_66__MGr3G3H3I_000000191734	vRhyme_unbinned_66__MGr3G3H3I_000000191734																														KEGG	false	high	2358.0	NaN	NaN	NaN
vRhyme_unbinned_67__MGr3G3H3I_000000195259_1	vRhyme_unbinned_67__MGr3G3H3I_000000195259	vRhyme_unbinned_67__MGr3G3H3I_000000195259																														KEGG	false	high	NaN	3858.0	NaN	NaN
vRhyme_unbinned_67__MGr3G3H3I_000000195259_2	vRhyme_unbinned_67__MGr3G3H3I_000000195259	vRhyme_unbinned_67__MGr3G3H3I_000000195259																														KEGG	false	high	NaN	1206.0	NaN	NaN
vRhyme_unbinned_67__MGr3G3H3I_000000195259_3	vRhyme_unbinned_67__MGr3G3H3I_000000195259	vRhyme_unbinned_67__MGr3G3H3I_000000195259		10.0										PF13385.14	Concanavalin A-like lectin/glucanases superfamily	53.855549	0.08													PF13385.14	Concanavalin A-like lectin/glucanases superfamily	Pfam	false	high	NaN	9966.0	NaN	NaN
vRhyme_unbinned_67__MGr3G3H3I_000000195259_4	vRhyme_unbinned_67__MGr3G3H3I_000000195259	vRhyme_unbinned_67__MGr3G3H3I_000000195259																														KEGG	false	high	NaN	4110.0	NaN	NaN
vRhyme_unbinned_67__MGr3G3H3I_000000195259_5	vRhyme_unbinned_67__MGr3G3H3I_000000195259	vRhyme_unbinned_67__MGr3G3H3I_000000195259																														KEGG	false	high	NaN	3630.0	NaN	2052.0
vRhyme_unbinned_67__MGr3G3H3I_000000195259_6	vRhyme_unbinned_67__MGr3G3H3I_000000195259	vRhyme_unbinned_67__MGr3G3H3I_000000195259																								phrog_645	Rnase E	65.21627	0.813	phrog_645	Rnase E	PHROG	false	high	NaN	2454.0	NaN	1506.0
vRhyme_unbinned_67__MGr3G3H3I_000000195259_7	vRhyme_unbinned_67__MGr3G3H3I_000000195259	vRhyme_unbinned_67__MGr3G3H3I_000000195259																								phrog_2	terminase large subunit	53.488007	0.863	phrog_2	terminase large subunit	PHROG	false	high	NaN	1875.0	NaN	1008.0
vRhyme_unbinned_67__MGr3G3H3I_000000195259_8	vRhyme_unbinned_67__MGr3G3H3I_000000195259	vRhyme_unbinned_67__MGr3G3H3I_000000195259																														KEGG	false	high	NaN	237.0	NaN	639.0
vRhyme_unbinned_67__MGr3G3H3I_000000195259_9	vRhyme_unbinned_67__MGr3G3H3I_000000195259	vRhyme_unbinned_67__MGr3G3H3I_000000195259		10.0										PF13619.12	KTSC domain	27.203398	0.144													PF13619.12	KTSC domain	Pfam	false	high	NaN	3276.0	NaN	NaN
vRhyme_unbinned_67__MGr3G3H3I_000000195259_10	vRhyme_unbinned_67__MGr3G3H3I_000000195259	vRhyme_unbinned_67__MGr3G3H3I_000000195259																														KEGG	false	high	NaN	2130.0	1155.0	NaN
vRhyme_unbinned_67__MGr3G3H3I_000000195259_11	vRhyme_unbinned_67__MGr3G3H3I_000000195259	vRhyme_unbinned_67__MGr3G3H3I_000000195259																														KEGG	false	high	NaN	1848.0	1365.0	NaN
vRhyme_unbinned_67__MGr3G3H3I_000000195259_12	vRhyme_unbinned_67__MGr3G3H3I_000000195259	vRhyme_unbinned_67__MGr3G3H3I_000000195259																														KEGG	false	high	NaN	1050.0	1554.0	NaN
vRhyme_unbinned_67__MGr3G3H3I_000000195259_13	vRhyme_unbinned_67__MGr3G3H3I_000000195259	vRhyme_unbinned_67__MGr3G3H3I_000000195259																														KEGG	false	high	NaN	267.0	2238.0	NaN
vRhyme_unbinned_67__MGr3G3H3I_000000195259_14	vRhyme_unbinned_67__MGr3G3H3I_000000195259	vRhyme_unbinned_67__MGr3G3H3I_000000195259		10.0	10.0									PF06074.19	Protein of unknown function (DUF935)	114.592651	0.711									phrog_113	portal protein	96.433624	0.853	PF06074.19	Protein of unknown function (DUF935)	Pfam	false	high	NaN	NaN	2634.0	NaN
vRhyme_unbinned_67__MGr3G3H3I_000000195259_15	vRhyme_unbinned_67__MGr3G3H3I_000000195259	vRhyme_unbinned_67__MGr3G3H3I_000000195259		10.0										PF18823.7	Inorganic Pyrophosphatase	162.48645	0.147													PF18823.7	Inorganic Pyrophosphatase	Pfam	false	high	1653.0	NaN	2973.0	NaN
vRhyme_unbinned_67__MGr3G3H3I_000000195259_16	vRhyme_unbinned_67__MGr3G3H3I_000000195259	vRhyme_unbinned_67__MGr3G3H3I_000000195259		10.0										PF18798.7	Large polyvalent protein-associated domain 3	46.149086	0.111													PF18798.7	Large polyvalent protein-associated domain 3	Pfam	false	high	2727.0	NaN	3933.0	NaN
vRhyme_unbinned_67__MGr3G3H3I_000000195259_17	vRhyme_unbinned_67__MGr3G3H3I_000000195259	vRhyme_unbinned_67__MGr3G3H3I_000000195259																														KEGG	false	high	2895.0	NaN	4146.0	NaN
vRhyme_unbinned_67__MGr3G3H3I_000000195259_18	vRhyme_unbinned_67__MGr3G3H3I_000000195259	vRhyme_unbinned_67__MGr3G3H3I_000000195259																														KEGG	false	high	3051.0	NaN	6075.0	NaN
vRhyme_unbinned_67__MGr3G3H3I_000000195259_19	vRhyme_unbinned_67__MGr3G3H3I_000000195259	vRhyme_unbinned_67__MGr3G3H3I_000000195259																														KEGG	false	high	4776.0	NaN	7335.0	NaN
vRhyme_unbinned_67__MGr3G3H3I_000000195259_20	vRhyme_unbinned_67__MGr3G3H3I_000000195259	vRhyme_unbinned_67__MGr3G3H3I_000000195259																														KEGG	false	high	5316.0	NaN	8646.0	NaN
vRhyme_unbinned_68__MGr3G3H3I_000000196642_1	vRhyme_unbinned_68__MGr3G3H3I_000000196642	vRhyme_unbinned_68__MGr3G3H3I_000000196642																														KEGG	false	medium	NaN	NaN	NaN	NaN
vRhyme_unbinned_68__MGr3G3H3I_000000196642_2	vRhyme_unbinned_68__MGr3G3H3I_000000196642	vRhyme_unbinned_68__MGr3G3H3I_000000196642																														KEGG	false	medium	NaN	NaN	NaN	NaN
vRhyme_unbinned_68__MGr3G3H3I_000000196642_3	vRhyme_unbinned_68__MGr3G3H3I_000000196642	vRhyme_unbinned_68__MGr3G3H3I_000000196642																														KEGG	false	medium	NaN	NaN	NaN	NaN
vRhyme_unbinned_68__MGr3G3H3I_000000196642_4	vRhyme_unbinned_68__MGr3G3H3I_000000196642	vRhyme_unbinned_68__MGr3G3H3I_000000196642																														KEGG	false	medium	NaN	NaN	NaN	NaN
vRhyme_unbinned_68__MGr3G3H3I_000000196642_5	vRhyme_unbinned_68__MGr3G3H3I_000000196642	vRhyme_unbinned_68__MGr3G3H3I_000000196642																														KEGG	false	medium	NaN	NaN	NaN	NaN
vRhyme_unbinned_68__MGr3G3H3I_000000196642_6	vRhyme_unbinned_68__MGr3G3H3I_000000196642	vRhyme_unbinned_68__MGr3G3H3I_000000196642																														KEGG	false	medium	NaN	NaN	NaN	NaN
vRhyme_unbinned_68__MGr3G3H3I_000000196642_7	vRhyme_unbinned_68__MGr3G3H3I_000000196642	vRhyme_unbinned_68__MGr3G3H3I_000000196642																														KEGG	false	medium	NaN	NaN	NaN	NaN
vRhyme_unbinned_68__MGr3G3H3I_000000196642_8	vRhyme_unbinned_68__MGr3G3H3I_000000196642	vRhyme_unbinned_68__MGr3G3H3I_000000196642																														KEGG	false	medium	NaN	NaN	NaN	NaN
vRhyme_unbinned_68__MGr3G3H3I_000000196642_9	vRhyme_unbinned_68__MGr3G3H3I_000000196642	vRhyme_unbinned_68__MGr3G3H3I_000000196642																														KEGG	false	medium	NaN	NaN	NaN	NaN
vRhyme_unbinned_68__MGr3G3H3I_000000196642_10	vRhyme_unbinned_68__MGr3G3H3I_000000196642	vRhyme_unbinned_68__MGr3G3H3I_000000196642																														KEGG	false	medium	NaN	NaN	NaN	NaN
vRhyme_unbinned_68__MGr3G3H3I_000000196642_11	vRhyme_unbinned_68__MGr3G3H3I_000000196642	vRhyme_unbinned_68__MGr3G3H3I_000000196642																														KEGG	false	medium	NaN	NaN	NaN	NaN
vRhyme_unbinned_68__MGr3G3H3I_000000196642_12	vRhyme_unbinned_68__MGr3G3H3I_000000196642	vRhyme_unbinned_68__MGr3G3H3I_000000196642																														KEGG	false	medium	NaN	NaN	NaN	NaN
vRhyme_unbinned_68__MGr3G3H3I_000000196642_13	vRhyme_unbinned_68__MGr3G3H3I_000000196642	vRhyme_unbinned_68__MGr3G3H3I_000000196642																														KEGG	false	medium	NaN	NaN	NaN	NaN
vRhyme_unbinned_68__MGr3G3H3I_000000196642_14	vRhyme_unbinned_68__MGr3G3H3I_000000196642	vRhyme_unbinned_68__MGr3G3H3I_000000196642																														KEGG	false	medium	NaN	NaN	NaN	NaN
vRhyme_unbinned_68__MGr3G3H3I_000000196642_15	vRhyme_unbinned_68__MGr3G3H3I_000000196642	vRhyme_unbinned_68__MGr3G3H3I_000000196642																														KEGG	false	medium	NaN	NaN	NaN	NaN
vRhyme_unbinned_68__MGr3G3H3I_000000196642_16	vRhyme_unbinned_68__MGr3G3H3I_000000196642	vRhyme_unbinned_68__MGr3G3H3I_000000196642																														KEGG	false	medium	NaN	NaN	NaN	NaN
vRhyme_unbinned_68__MGr3G3H3I_000000196642_17	vRhyme_unbinned_68__MGr3G3H3I_000000196642	vRhyme_unbinned_68__MGr3G3H3I_000000196642	10.0	10.0		K13006	UDP-perosamine 4-acetyltransferase [EC:2.3.1.-]	132.813782	0.807	HMMsoil57994	dapD; 2,3,4,5-tetrahydropyridine-2,6-dicarboxylate N-succinyltransferase EC:2.3.1.117	24.401293	0.07	PF00132.31	Bacterial transferase hexapeptide (six repeats)	35.797142	0.145													K13006	UDP-perosamine 4-acetyltransferase [EC:2.3.1.-]	KEGG	false	medium	NaN	NaN	NaN	NaN
vRhyme_unbinned_68__MGr3G3H3I_000000196642_18	vRhyme_unbinned_68__MGr3G3H3I_000000196642	vRhyme_unbinned_68__MGr3G3H3I_000000196642																														KEGG	false	medium	NaN	NaN	NaN	NaN
vRhyme_unbinned_68__MGr3G3H3I_000000196642_19	vRhyme_unbinned_68__MGr3G3H3I_000000196642	vRhyme_unbinned_68__MGr3G3H3I_000000196642																														KEGG	false	medium	NaN	NaN	NaN	NaN
vRhyme_unbinned_68__MGr3G3H3I_000000196642_20	vRhyme_unbinned_68__MGr3G3H3I_000000196642	vRhyme_unbinned_68__MGr3G3H3I_000000196642																								phrog_16160		70.858978	0.8	phrog_16160		PHROG	false	medium	NaN	NaN	NaN	NaN
vRhyme_unbinned_68__MGr3G3H3I_000000196642_21	vRhyme_unbinned_68__MGr3G3H3I_000000196642	vRhyme_unbinned_68__MGr3G3H3I_000000196642																														KEGG	false	medium	NaN	NaN	NaN	NaN
vRhyme_unbinned_69__MGr3G3H3I_000000199029_1	vRhyme_unbinned_69__MGr3G3H3I_000000199029	vRhyme_unbinned_69__MGr3G3H3I_000000199029		7.15										PF13205.13	Bacterial Ig-like domain	37.525631	0.134													PF13205.13	Bacterial Ig-like domain	Pfam	true	medium	NaN	NaN	NaN	NaN
vRhyme_unbinned_69__MGr3G3H3I_000000199029_2	vRhyme_unbinned_69__MGr3G3H3I_000000199029	vRhyme_unbinned_69__MGr3G3H3I_000000199029		3.75										PF05593.20	RHS Repeat	31.799307	0.014													PF05593.20	RHS Repeat	Pfam	true	medium	NaN	NaN	NaN	NaN
vRhyme_unbinned_69__MGr3G3H3I_000000199029_3	vRhyme_unbinned_69__MGr3G3H3I_000000199029	vRhyme_unbinned_69__MGr3G3H3I_000000199029		3.75										PF05593.20	RHS Repeat	31.799307	0.014													PF05593.20	RHS Repeat	Pfam	true	medium	NaN	NaN	NaN	NaN
vRhyme_unbinned_69__MGr3G3H3I_000000199029_4	vRhyme_unbinned_69__MGr3G3H3I_000000199029	vRhyme_unbinned_69__MGr3G3H3I_000000199029		7.15										PF13205.13	Bacterial Ig-like domain	37.525631	0.134													PF13205.13	Bacterial Ig-like domain	Pfam	true	medium	NaN	NaN	NaN	NaN
vRhyme_unbinned_6__MGr3G3H3I_000000012933_1	vRhyme_unbinned_6__MGr3G3H3I_000000012933	vRhyme_unbinned_6__MGr3G3H3I_000000012933																														KEGG	false	high	NaN	NaN	NaN	6162.0
vRhyme_unbinned_6__MGr3G3H3I_000000012933_2	vRhyme_unbinned_6__MGr3G3H3I_000000012933	vRhyme_unbinned_6__MGr3G3H3I_000000012933																														KEGG	false	high	NaN	NaN	NaN	5355.0
vRhyme_unbinned_6__MGr3G3H3I_000000012933_3	vRhyme_unbinned_6__MGr3G3H3I_000000012933	vRhyme_unbinned_6__MGr3G3H3I_000000012933																														KEGG	false	high	NaN	NaN	NaN	5091.0
vRhyme_unbinned_6__MGr3G3H3I_000000012933_4	vRhyme_unbinned_6__MGr3G3H3I_000000012933	vRhyme_unbinned_6__MGr3G3H3I_000000012933																														KEGG	false	high	NaN	NaN	NaN	4743.0
vRhyme_unbinned_6__MGr3G3H3I_000000012933_5	vRhyme_unbinned_6__MGr3G3H3I_000000012933	vRhyme_unbinned_6__MGr3G3H3I_000000012933																														KEGG	false	high	NaN	NaN	NaN	4368.0
vRhyme_unbinned_6__MGr3G3H3I_000000012933_6	vRhyme_unbinned_6__MGr3G3H3I_000000012933	vRhyme_unbinned_6__MGr3G3H3I_000000012933																														KEGG	false	high	NaN	NaN	NaN	4005.0
vRhyme_unbinned_6__MGr3G3H3I_000000012933_7	vRhyme_unbinned_6__MGr3G3H3I_000000012933	vRhyme_unbinned_6__MGr3G3H3I_000000012933																														KEGG	false	high	NaN	NaN	NaN	3276.0
vRhyme_unbinned_6__MGr3G3H3I_000000012933_8	vRhyme_unbinned_6__MGr3G3H3I_000000012933	vRhyme_unbinned_6__MGr3G3H3I_000000012933																														KEGG	false	high	NaN	NaN	NaN	2619.0
vRhyme_unbinned_6__MGr3G3H3I_000000012933_9	vRhyme_unbinned_6__MGr3G3H3I_000000012933	vRhyme_unbinned_6__MGr3G3H3I_000000012933		10.0										PF10979.14	Protein of unknown function (DUF2786)	29.540831	0.407													PF10979.14	Protein of unknown function (DUF2786)	Pfam	false	high	NaN	NaN	NaN	2433.0
vRhyme_unbinned_6__MGr3G3H3I_000000012933_10	vRhyme_unbinned_6__MGr3G3H3I_000000012933	vRhyme_unbinned_6__MGr3G3H3I_000000012933		10.0						HMMsoil122906	E2.7.11.1; non-specific serine/threonine protein kinase EC:2.7.11.1	45.611691	0.211	PF00176.30	SNF2-related domain	42.678539	0.646													HMMsoil122906	E2.7.11.1; non-specific serine/threonine protein kinase EC:2.7.11.1	FOAM	false	medium	NaN	NaN	NaN	285.0
vRhyme_unbinned_6__MGr3G3H3I_000000012933_11	vRhyme_unbinned_6__MGr3G3H3I_000000012933	vRhyme_unbinned_6__MGr3G3H3I_000000012933																														KEGG	false	high	NaN	NaN	NaN	1395.0
vRhyme_unbinned_6__MGr3G3H3I_000000012933_12	vRhyme_unbinned_6__MGr3G3H3I_000000012933	vRhyme_unbinned_6__MGr3G3H3I_000000012933																														KEGG	false	high	NaN	NaN	1116.0	279.0
vRhyme_unbinned_6__MGr3G3H3I_000000012933_13	vRhyme_unbinned_6__MGr3G3H3I_000000012933	vRhyme_unbinned_6__MGr3G3H3I_000000012933		10.0										PF03175.19	DNA polymerase type B, organellar and viral	50.551144	0.341													PF03175.19	DNA polymerase type B, organellar and viral	Pfam	false	high	NaN	NaN	1395.0	NaN
vRhyme_unbinned_6__MGr3G3H3I_000000012933_14	vRhyme_unbinned_6__MGr3G3H3I_000000012933	vRhyme_unbinned_6__MGr3G3H3I_000000012933																														KEGG	false	high	NaN	NaN	756.0	NaN
vRhyme_unbinned_6__MGr3G3H3I_000000012933_15	vRhyme_unbinned_6__MGr3G3H3I_000000012933	vRhyme_unbinned_6__MGr3G3H3I_000000012933		10.0										PF10979.14	Protein of unknown function (DUF2786)	27.708241	0.2													PF10979.14	Protein of unknown function (DUF2786)	Pfam	false	high	NaN	NaN	1338.0	NaN
vRhyme_unbinned_6__MGr3G3H3I_000000012933_16	vRhyme_unbinned_6__MGr3G3H3I_000000012933	vRhyme_unbinned_6__MGr3G3H3I_000000012933																														KEGG	false	high	NaN	NaN	1554.0	NaN
vRhyme_unbinned_6__MGr3G3H3I_000000012933_17	vRhyme_unbinned_6__MGr3G3H3I_000000012933	vRhyme_unbinned_6__MGr3G3H3I_000000012933																														KEGG	false	high	NaN	NaN	2172.0	NaN
vRhyme_unbinned_6__MGr3G3H3I_000000012933_18	vRhyme_unbinned_6__MGr3G3H3I_000000012933	vRhyme_unbinned_6__MGr3G3H3I_000000012933																														KEGG	false	high	NaN	NaN	2532.0	NaN
vRhyme_unbinned_6__MGr3G3H3I_000000012933_19	vRhyme_unbinned_6__MGr3G3H3I_000000012933	vRhyme_unbinned_6__MGr3G3H3I_000000012933																														KEGG	false	high	NaN	NaN	2670.0	NaN
vRhyme_unbinned_6__MGr3G3H3I_000000012933_20	vRhyme_unbinned_6__MGr3G3H3I_000000012933	vRhyme_unbinned_6__MGr3G3H3I_000000012933																														KEGG	false	high	NaN	NaN	3555.0	NaN
vRhyme_unbinned_6__MGr3G3H3I_000000012933_21	vRhyme_unbinned_6__MGr3G3H3I_000000012933	vRhyme_unbinned_6__MGr3G3H3I_000000012933																														KEGG	false	high	NaN	NaN	4788.0	NaN
vRhyme_unbinned_6__MGr3G3H3I_000000012933_22	vRhyme_unbinned_6__MGr3G3H3I_000000012933	vRhyme_unbinned_6__MGr3G3H3I_000000012933																														KEGG	false	high	NaN	NaN	5625.0	NaN
vRhyme_unbinned_6__MGr3G3H3I_000000012933_23	vRhyme_unbinned_6__MGr3G3H3I_000000012933	vRhyme_unbinned_6__MGr3G3H3I_000000012933																														KEGG	false	high	NaN	NaN	5898.0	NaN
vRhyme_unbinned_6__MGr3G3H3I_000000012933_24	vRhyme_unbinned_6__MGr3G3H3I_000000012933	vRhyme_unbinned_6__MGr3G3H3I_000000012933																														KEGG	false	medium	NaN	NaN	6141.0	NaN
vRhyme_unbinned_6__MGr3G3H3I_000000012933_25	vRhyme_unbinned_6__MGr3G3H3I_000000012933	vRhyme_unbinned_6__MGr3G3H3I_000000012933																														KEGG	false	high	NaN	NaN	NaN	NaN
vRhyme_unbinned_6__MGr3G3H3I_000000012933_26	vRhyme_unbinned_6__MGr3G3H3I_000000012933	vRhyme_unbinned_6__MGr3G3H3I_000000012933																														KEGG	false	high	NaN	NaN	NaN	NaN
vRhyme_unbinned_6__MGr3G3H3I_000000012933_27	vRhyme_unbinned_6__MGr3G3H3I_000000012933	vRhyme_unbinned_6__MGr3G3H3I_000000012933																														KEGG	false	high	NaN	NaN	NaN	NaN
vRhyme_unbinned_6__MGr3G3H3I_000000012933_28	vRhyme_unbinned_6__MGr3G3H3I_000000012933	vRhyme_unbinned_6__MGr3G3H3I_000000012933																								phrog_3301	pyrophosphatase	124.225586	0.978	phrog_3301	pyrophosphatase	PHROG	false	medium	NaN	NaN	NaN	NaN
vRhyme_unbinned_6__MGr3G3H3I_000000012933_29	vRhyme_unbinned_6__MGr3G3H3I_000000012933	vRhyme_unbinned_6__MGr3G3H3I_000000012933																														KEGG	false	medium	NaN	NaN	NaN	NaN
vRhyme_unbinned_6__MGr3G3H3I_000000012933_30	vRhyme_unbinned_6__MGr3G3H3I_000000012933	vRhyme_unbinned_6__MGr3G3H3I_000000012933																														KEGG	false	medium	NaN	NaN	NaN	NaN
vRhyme_unbinned_6__MGr3G3H3I_000000012933_31	vRhyme_unbinned_6__MGr3G3H3I_000000012933	vRhyme_unbinned_6__MGr3G3H3I_000000012933																														KEGG	false	medium	NaN	NaN	NaN	NaN
vRhyme_unbinned_6__MGr3G3H3I_000000012933_32	vRhyme_unbinned_6__MGr3G3H3I_000000012933	vRhyme_unbinned_6__MGr3G3H3I_000000012933																														KEGG	false	medium	NaN	NaN	NaN	NaN
vRhyme_unbinned_6__MGr3G3H3I_000000012933_33	vRhyme_unbinned_6__MGr3G3H3I_000000012933	vRhyme_unbinned_6__MGr3G3H3I_000000012933																														KEGG	false	medium	NaN	NaN	NaN	NaN
vRhyme_unbinned_6__MGr3G3H3I_000000012933_34	vRhyme_unbinned_6__MGr3G3H3I_000000012933	vRhyme_unbinned_6__MGr3G3H3I_000000012933	10.0	10.0	0.79	K04485	DNA repair protein RadA/Sms	125.086189	0.807					PF06745.20	KaiC	36.735584	0.227									phrog_26214		57.535736	0.624	K04485	DNA repair protein RadA/Sms	KEGG	false	medium	NaN	NaN	NaN	NaN
vRhyme_unbinned_6__MGr3G3H3I_000000012933_35	vRhyme_unbinned_6__MGr3G3H3I_000000012933	vRhyme_unbinned_6__MGr3G3H3I_000000012933																														KEGG	false	medium	NaN	NaN	NaN	NaN
vRhyme_unbinned_6__MGr3G3H3I_000000012933_36	vRhyme_unbinned_6__MGr3G3H3I_000000012933	vRhyme_unbinned_6__MGr3G3H3I_000000012933																														KEGG	false	medium	NaN	NaN	NaN	NaN
vRhyme_unbinned_6__MGr3G3H3I_000000012933_37	vRhyme_unbinned_6__MGr3G3H3I_000000012933	vRhyme_unbinned_6__MGr3G3H3I_000000012933																														KEGG	false	medium	NaN	NaN	NaN	NaN
vRhyme_unbinned_6__MGr3G3H3I_000000012933_38	vRhyme_unbinned_6__MGr3G3H3I_000000012933	vRhyme_unbinned_6__MGr3G3H3I_000000012933																														KEGG	false	medium	NaN	NaN	NaN	NaN
vRhyme_unbinned_6__MGr3G3H3I_000000012933_39	vRhyme_unbinned_6__MGr3G3H3I_000000012933	vRhyme_unbinned_6__MGr3G3H3I_000000012933																														KEGG	false	medium	NaN	NaN	NaN	NaN
vRhyme_unbinned_6__MGr3G3H3I_000000012933_40	vRhyme_unbinned_6__MGr3G3H3I_000000012933	vRhyme_unbinned_6__MGr3G3H3I_000000012933																														KEGG	false	medium	NaN	NaN	NaN	NaN
vRhyme_unbinned_6__MGr3G3H3I_000000012933_41	vRhyme_unbinned_6__MGr3G3H3I_000000012933	vRhyme_unbinned_6__MGr3G3H3I_000000012933																														KEGG	false	medium	NaN	NaN	NaN	NaN
vRhyme_unbinned_6__MGr3G3H3I_000000012933_42	vRhyme_unbinned_6__MGr3G3H3I_000000012933	vRhyme_unbinned_6__MGr3G3H3I_000000012933																														KEGG	false	medium	NaN	NaN	NaN	NaN
vRhyme_unbinned_6__MGr3G3H3I_000000012933_43	vRhyme_unbinned_6__MGr3G3H3I_000000012933	vRhyme_unbinned_6__MGr3G3H3I_000000012933																														KEGG	false	medium	NaN	NaN	NaN	NaN
vRhyme_unbinned_6__MGr3G3H3I_000000012933_44	vRhyme_unbinned_6__MGr3G3H3I_000000012933	vRhyme_unbinned_6__MGr3G3H3I_000000012933																														KEGG	false	medium	NaN	NaN	NaN	NaN
vRhyme_unbinned_71__MGr3G3H3I_000000200092_1	vRhyme_unbinned_71__MGr3G3H3I_000000200092	vRhyme_unbinned_71__MGr3G3H3I_000000200092																														KEGG	false	high	NaN	5265.0	3546.0	24603.0
vRhyme_unbinned_71__MGr3G3H3I_000000200092_2	vRhyme_unbinned_71__MGr3G3H3I_000000200092	vRhyme_unbinned_71__MGr3G3H3I_000000200092																														KEGG	false	high	NaN	5019.0	4257.0	23892.0
vRhyme_unbinned_71__MGr3G3H3I_000000200092_3	vRhyme_unbinned_71__MGr3G3H3I_000000200092	vRhyme_unbinned_71__MGr3G3H3I_000000200092																														KEGG	false	high	NaN	1560.0	4500.0	23649.0
vRhyme_unbinned_71__MGr3G3H3I_000000200092_4	vRhyme_unbinned_71__MGr3G3H3I_000000200092	vRhyme_unbinned_71__MGr3G3H3I_000000200092																														KEGG	false	high	NaN	498.0	4737.0	23412.0
vRhyme_unbinned_71__MGr3G3H3I_000000200092_5	vRhyme_unbinned_71__MGr3G3H3I_000000200092	vRhyme_unbinned_71__MGr3G3H3I_000000200092		10.0	10.0									PF13884.12	Chaperone of endosialidase	54.71909	0.188									phrog_1980	tail fiber protein	50.502899	0.62	PF13884.12	Chaperone of endosialidase	Pfam	false	high	NaN	NaN	4977.0	23172.0
vRhyme_unbinned_71__MGr3G3H3I_000000200092_6	vRhyme_unbinned_71__MGr3G3H3I_000000200092	vRhyme_unbinned_71__MGr3G3H3I_000000200092																														KEGG	false	high	909.0	NaN	5208.0	22941.0
vRhyme_unbinned_71__MGr3G3H3I_000000200092_7	vRhyme_unbinned_71__MGr3G3H3I_000000200092	vRhyme_unbinned_71__MGr3G3H3I_000000200092												PF23148.2		64.0121	0.181													PF23148.2		Pfam	false	high	1521.0	NaN	5367.0	22782.0
vRhyme_unbinned_71__MGr3G3H3I_000000200092_8	vRhyme_unbinned_71__MGr3G3H3I_000000200092	vRhyme_unbinned_71__MGr3G3H3I_000000200092																														KEGG	false	high	2811.0	NaN	5898.0	22251.0
vRhyme_unbinned_71__MGr3G3H3I_000000200092_9	vRhyme_unbinned_71__MGr3G3H3I_000000200092	vRhyme_unbinned_71__MGr3G3H3I_000000200092																														KEGG	false	high	4413.0	NaN	7158.0	20991.0
vRhyme_unbinned_72__MGr3G3H3I_000000211191_1	vRhyme_unbinned_72__MGr3G3H3I_000000211191	vRhyme_unbinned_72__MGr3G3H3I_000000211191																														KEGG	false	medium	NaN	669.0	27465.0	684.0
vRhyme_unbinned_72__MGr3G3H3I_000000211191_2	vRhyme_unbinned_72__MGr3G3H3I_000000211191	vRhyme_unbinned_72__MGr3G3H3I_000000211191																														KEGG	false	medium	NaN	591.0	28149.0	NaN
vRhyme_unbinned_72__MGr3G3H3I_000000211191_3	vRhyme_unbinned_72__MGr3G3H3I_000000211191	vRhyme_unbinned_72__MGr3G3H3I_000000211191																														KEGG	false	high	NaN	303.0	NaN	3945.0
vRhyme_unbinned_72__MGr3G3H3I_000000211191_4	vRhyme_unbinned_72__MGr3G3H3I_000000211191	vRhyme_unbinned_72__MGr3G3H3I_000000211191		10.0	10.0	K27576		181.367813	0.882					PF13203.13	Putative metallopeptidase domain	95.475662	0.588									phrog_1314	HNH endonuclease	236.69104	0.923	phrog_1314	HNH endonuclease	PHROG	false	medium	NaN	5724.0	NaN	3507.0
vRhyme_unbinned_72__MGr3G3H3I_000000211191_5	vRhyme_unbinned_72__MGr3G3H3I_000000211191	vRhyme_unbinned_72__MGr3G3H3I_000000211191																								phrog_1297	ATPase	179.905304	0.899	phrog_1297	ATPase	PHROG	false	high	1251.0	4473.0	NaN	183.0
vRhyme_unbinned_72__MGr3G3H3I_000000211191_6	vRhyme_unbinned_72__MGr3G3H3I_000000211191	vRhyme_unbinned_72__MGr3G3H3I_000000211191																														KEGG	false	high	2349.0	3375.0	NaN	10644.0
vRhyme_unbinned_72__MGr3G3H3I_000000211191_7	vRhyme_unbinned_72__MGr3G3H3I_000000211191	vRhyme_unbinned_72__MGr3G3H3I_000000211191																														KEGG	false	high	3237.0	2487.0	633.0	10011.0
vRhyme_unbinned_72__MGr3G3H3I_000000211191_8	vRhyme_unbinned_72__MGr3G3H3I_000000211191	vRhyme_unbinned_72__MGr3G3H3I_000000211191																														KEGG	false	high	3549.0	2175.0	1275.0	9369.0
vRhyme_unbinned_72__MGr3G3H3I_000000211191_9	vRhyme_unbinned_72__MGr3G3H3I_000000211191	vRhyme_unbinned_72__MGr3G3H3I_000000211191																														KEGG	false	high	3786.0	1938.0	2259.0	8385.0
vRhyme_unbinned_72__MGr3G3H3I_000000211191_10	vRhyme_unbinned_72__MGr3G3H3I_000000211191	vRhyme_unbinned_72__MGr3G3H3I_000000211191																														KEGG	false	high	3981.0	1743.0	2640.0	8004.0
vRhyme_unbinned_72__MGr3G3H3I_000000211191_11	vRhyme_unbinned_72__MGr3G3H3I_000000211191	vRhyme_unbinned_72__MGr3G3H3I_000000211191																														KEGG	false	high	4452.0	1272.0	4116.0	6528.0
vRhyme_unbinned_72__MGr3G3H3I_000000211191_12	vRhyme_unbinned_72__MGr3G3H3I_000000211191	vRhyme_unbinned_72__MGr3G3H3I_000000211191																														KEGG	false	high	4578.0	1146.0	4365.0	6279.0
vRhyme_unbinned_72__MGr3G3H3I_000000211191_13	vRhyme_unbinned_72__MGr3G3H3I_000000211191	vRhyme_unbinned_72__MGr3G3H3I_000000211191																														KEGG	false	high	5274.0	450.0	6771.0	3873.0
vRhyme_unbinned_72__MGr3G3H3I_000000211191_14	vRhyme_unbinned_72__MGr3G3H3I_000000211191	vRhyme_unbinned_72__MGr3G3H3I_000000211191																														KEGG	false	medium	5580.0	144.0	7209.0	3435.0
vRhyme_unbinned_72__MGr3G3H3I_000000211191_15	vRhyme_unbinned_72__MGr3G3H3I_000000211191	vRhyme_unbinned_72__MGr3G3H3I_000000211191		10.0	4.19									PF13148.12	Protein of unknown function (DUF3987)	211.133743	0.622									phrog_2373	DNA helicase	121.041161	0.744	PF13148.12	Protein of unknown function (DUF3987)	Pfam	false	high	5724.0	6522.0	7461.0	3183.0
vRhyme_unbinned_72__MGr3G3H3I_000000211191_16	vRhyme_unbinned_72__MGr3G3H3I_000000211191	vRhyme_unbinned_72__MGr3G3H3I_000000211191																														KEGG	false	high	1674.0	4848.0	7848.0	2796.0
vRhyme_unbinned_72__MGr3G3H3I_000000211191_17	vRhyme_unbinned_72__MGr3G3H3I_000000211191	vRhyme_unbinned_72__MGr3G3H3I_000000211191																														KEGG	false	medium	2709.0	3813.0	9267.0	1377.0
vRhyme_unbinned_72__MGr3G3H3I_000000211191_18	vRhyme_unbinned_72__MGr3G3H3I_000000211191	vRhyme_unbinned_72__MGr3G3H3I_000000211191																														KEGG	false	medium	3018.0	3504.0	9432.0	1212.0
vRhyme_unbinned_72__MGr3G3H3I_000000211191_19	vRhyme_unbinned_72__MGr3G3H3I_000000211191	vRhyme_unbinned_72__MGr3G3H3I_000000211191																														KEGG	false	medium	3240.0	3282.0	10524.0	120.0
vRhyme_unbinned_72__MGr3G3H3I_000000211191_20	vRhyme_unbinned_72__MGr3G3H3I_000000211191	vRhyme_unbinned_72__MGr3G3H3I_000000211191		1.28										PF12951.14	Passenger-associated-transport-repeat	36.609268	0.039													PF12951.14	Passenger-associated-transport-repeat	Pfam	false	medium	4095.0	2427.0	10644.0	NaN
vRhyme_unbinned_72__MGr3G3H3I_000000211191_21	vRhyme_unbinned_72__MGr3G3H3I_000000211191	vRhyme_unbinned_72__MGr3G3H3I_000000211191																														KEGG	false	medium	6327.0	195.0	1170.0	NaN
vRhyme_unbinned_72__MGr3G3H3I_000000211191_22	vRhyme_unbinned_72__MGr3G3H3I_000000211191	vRhyme_unbinned_72__MGr3G3H3I_000000211191	10.0	10.0	10.0	K04763	integrase/recombinase XerD	83.745338	0.634					PF00589.28	Phage integrase family	37.052933	0.351									phrog_1	integrase	102.987358	0.843	phrog_1	integrase	PHROG	false	medium	6522.0	NaN	1713.0	NaN
vRhyme_unbinned_72__MGr3G3H3I_000000211191_23	vRhyme_unbinned_72__MGr3G3H3I_000000211191	vRhyme_unbinned_72__MGr3G3H3I_000000211191																														KEGG	false	medium	1434.0	NaN	2478.0	NaN
vRhyme_unbinned_72__MGr3G3H3I_000000211191_24	vRhyme_unbinned_72__MGr3G3H3I_000000211191	vRhyme_unbinned_72__MGr3G3H3I_000000211191				K01214	isoamylase [EC:3.2.1.68]	197.165924	0.677	HMMsoil84266		25.067305	0.064																	K01214	isoamylase [EC:3.2.1.68]	KEGG	false	medium	1701.0	NaN	NaN	NaN
vRhyme_unbinned_73__MGr3G3H3I_000000214235_1	vRhyme_unbinned_73__MGr3G3H3I_000000214235	vRhyme_unbinned_73__MGr3G3H3I_000000214235																														KEGG	false	high	NaN	8082.0	NaN	NaN
vRhyme_unbinned_73__MGr3G3H3I_000000214235_2	vRhyme_unbinned_73__MGr3G3H3I_000000214235	vRhyme_unbinned_73__MGr3G3H3I_000000214235																														KEGG	false	high	NaN	7713.0	NaN	NaN
vRhyme_unbinned_73__MGr3G3H3I_000000214235_3	vRhyme_unbinned_73__MGr3G3H3I_000000214235	vRhyme_unbinned_73__MGr3G3H3I_000000214235																														KEGG	false	high	NaN	7578.0	NaN	NaN
vRhyme_unbinned_73__MGr3G3H3I_000000214235_4	vRhyme_unbinned_73__MGr3G3H3I_000000214235	vRhyme_unbinned_73__MGr3G3H3I_000000214235																														KEGG	false	high	NaN	7074.0	NaN	NaN
vRhyme_unbinned_73__MGr3G3H3I_000000214235_5	vRhyme_unbinned_73__MGr3G3H3I_000000214235	vRhyme_unbinned_73__MGr3G3H3I_000000214235																														KEGG	false	high	NaN	5991.0	NaN	NaN
vRhyme_unbinned_73__MGr3G3H3I_000000214235_6	vRhyme_unbinned_73__MGr3G3H3I_000000214235	vRhyme_unbinned_73__MGr3G3H3I_000000214235																														KEGG	false	high	NaN	2922.0	NaN	NaN
vRhyme_unbinned_73__MGr3G3H3I_000000214235_7	vRhyme_unbinned_73__MGr3G3H3I_000000214235	vRhyme_unbinned_73__MGr3G3H3I_000000214235																														KEGG	false	high	NaN	2574.0	NaN	NaN
vRhyme_unbinned_73__MGr3G3H3I_000000214235_8	vRhyme_unbinned_73__MGr3G3H3I_000000214235	vRhyme_unbinned_73__MGr3G3H3I_000000214235																														KEGG	false	high	NaN	1860.0	NaN	NaN
vRhyme_unbinned_73__MGr3G3H3I_000000214235_9	vRhyme_unbinned_73__MGr3G3H3I_000000214235	vRhyme_unbinned_73__MGr3G3H3I_000000214235																														KEGG	false	high	NaN	909.0	NaN	NaN
vRhyme_unbinned_73__MGr3G3H3I_000000214235_10	vRhyme_unbinned_73__MGr3G3H3I_000000214235	vRhyme_unbinned_73__MGr3G3H3I_000000214235																														KEGG	false	high	NaN	213.0	NaN	NaN
vRhyme_unbinned_73__MGr3G3H3I_000000214235_11	vRhyme_unbinned_73__MGr3G3H3I_000000214235	vRhyme_unbinned_73__MGr3G3H3I_000000214235		10.0	10.0	K27282		69.472328	0.635					PF13392.13	HNH endonuclease	51.109997	0.243									phrog_59	HNH endonuclease	64.209808	0.63	K27282		KEGG	false	high	NaN	NaN	NaN	NaN
vRhyme_unbinned_73__MGr3G3H3I_000000214235_12	vRhyme_unbinned_73__MGr3G3H3I_000000214235	vRhyme_unbinned_73__MGr3G3H3I_000000214235																														KEGG	false	high	567.0	NaN	NaN	NaN
vRhyme_unbinned_73__MGr3G3H3I_000000214235_13	vRhyme_unbinned_73__MGr3G3H3I_000000214235	vRhyme_unbinned_73__MGr3G3H3I_000000214235																														KEGG	false	high	1860.0	NaN	NaN	NaN
vRhyme_unbinned_74__MGr3G3H3I_000000216859_1	vRhyme_unbinned_74__MGr3G3H3I_000000216859	vRhyme_unbinned_74__MGr3G3H3I_000000216859																														KEGG	false	high	NaN	3153.0	NaN	NaN
vRhyme_unbinned_74__MGr3G3H3I_000000216859_2	vRhyme_unbinned_74__MGr3G3H3I_000000216859	vRhyme_unbinned_74__MGr3G3H3I_000000216859																														KEGG	false	high	NaN	2793.0	NaN	NaN
vRhyme_unbinned_74__MGr3G3H3I_000000216859_3	vRhyme_unbinned_74__MGr3G3H3I_000000216859	vRhyme_unbinned_74__MGr3G3H3I_000000216859																														KEGG	false	high	NaN	2349.0	NaN	NaN
vRhyme_unbinned_74__MGr3G3H3I_000000216859_4	vRhyme_unbinned_74__MGr3G3H3I_000000216859	vRhyme_unbinned_74__MGr3G3H3I_000000216859																														KEGG	false	high	NaN	1221.0	NaN	NaN
vRhyme_unbinned_74__MGr3G3H3I_000000216859_5	vRhyme_unbinned_74__MGr3G3H3I_000000216859	vRhyme_unbinned_74__MGr3G3H3I_000000216859		4.78										PF20223.4	Family of unknown function (DUF6582)	51.963341	0.493													PF20223.4	Family of unknown function (DUF6582)	Pfam	false	medium	NaN	1092.0	NaN	NaN
vRhyme_unbinned_74__MGr3G3H3I_000000216859_6	vRhyme_unbinned_74__MGr3G3H3I_000000216859	vRhyme_unbinned_74__MGr3G3H3I_000000216859																														KEGG	false	high	NaN	690.0	NaN	NaN
vRhyme_unbinned_74__MGr3G3H3I_000000216859_7	vRhyme_unbinned_74__MGr3G3H3I_000000216859	vRhyme_unbinned_74__MGr3G3H3I_000000216859																														KEGG	false	high	NaN	378.0	NaN	NaN
vRhyme_unbinned_74__MGr3G3H3I_000000216859_8	vRhyme_unbinned_74__MGr3G3H3I_000000216859	vRhyme_unbinned_74__MGr3G3H3I_000000216859		10.0	2.26									PF04860.18	Phage portal protein	56.786312	0.601									phrog_9232	portal protein	115.386589	0.724	phrog_9232	portal protein	PHROG	false	high	NaN	1422.0	NaN	NaN
vRhyme_unbinned_74__MGr3G3H3I_000000216859_9	vRhyme_unbinned_74__MGr3G3H3I_000000216859	vRhyme_unbinned_74__MGr3G3H3I_000000216859		10.0	10.0									PF03237.22	Terminase large subunit, T4likevirus-type, N-terminal	48.553158	0.45									phrog_2	terminase large subunit	126.376427	0.907	phrog_2	terminase large subunit	PHROG	false	high	NaN	5763.0	NaN	NaN
vRhyme_unbinned_74__MGr3G3H3I_000000216859_10	vRhyme_unbinned_74__MGr3G3H3I_000000216859	vRhyme_unbinned_74__MGr3G3H3I_000000216859																														KEGG	false	high	1326.0	4437.0	NaN	NaN
vRhyme_unbinned_74__MGr3G3H3I_000000216859_11	vRhyme_unbinned_74__MGr3G3H3I_000000216859	vRhyme_unbinned_74__MGr3G3H3I_000000216859																														KEGG	false	high	1752.0	4011.0	NaN	NaN
vRhyme_unbinned_74__MGr3G3H3I_000000216859_12	vRhyme_unbinned_74__MGr3G3H3I_000000216859	vRhyme_unbinned_74__MGr3G3H3I_000000216859																														KEGG	false	high	1929.0	3834.0	NaN	NaN
vRhyme_unbinned_74__MGr3G3H3I_000000216859_13	vRhyme_unbinned_74__MGr3G3H3I_000000216859	vRhyme_unbinned_74__MGr3G3H3I_000000216859																														KEGG	false	high	2172.0	3591.0	NaN	NaN
vRhyme_unbinned_74__MGr3G3H3I_000000216859_14	vRhyme_unbinned_74__MGr3G3H3I_000000216859	vRhyme_unbinned_74__MGr3G3H3I_000000216859																														KEGG	false	high	2601.0	3162.0	NaN	NaN
vRhyme_unbinned_74__MGr3G3H3I_000000216859_15	vRhyme_unbinned_74__MGr3G3H3I_000000216859	vRhyme_unbinned_74__MGr3G3H3I_000000216859																														KEGG	false	high	2904.0	2859.0	NaN	NaN
vRhyme_unbinned_74__MGr3G3H3I_000000216859_16	vRhyme_unbinned_74__MGr3G3H3I_000000216859	vRhyme_unbinned_74__MGr3G3H3I_000000216859																														KEGG	false	high	3483.0	2280.0	NaN	NaN
vRhyme_unbinned_74__MGr3G3H3I_000000216859_17	vRhyme_unbinned_74__MGr3G3H3I_000000216859	vRhyme_unbinned_74__MGr3G3H3I_000000216859		1.91										PF01402.28	Ribbon-helix-helix protein, copG family	25.11146	0.444													PF01402.28	Ribbon-helix-helix protein, copG family	Pfam	false	high	3672.0	2091.0	NaN	NaN
vRhyme_unbinned_74__MGr3G3H3I_000000216859_18	vRhyme_unbinned_74__MGr3G3H3I_000000216859	vRhyme_unbinned_74__MGr3G3H3I_000000216859																														KEGG	false	high	3915.0	1848.0	NaN	NaN
vRhyme_unbinned_74__MGr3G3H3I_000000216859_19	vRhyme_unbinned_74__MGr3G3H3I_000000216859	vRhyme_unbinned_74__MGr3G3H3I_000000216859																														KEGG	false	high	5136.0	627.0	NaN	NaN
vRhyme_unbinned_74__MGr3G3H3I_000000216859_20	vRhyme_unbinned_74__MGr3G3H3I_000000216859	vRhyme_unbinned_74__MGr3G3H3I_000000216859																														KEGG	false	high	5427.0	336.0	NaN	NaN
vRhyme_unbinned_74__MGr3G3H3I_000000216859_21	vRhyme_unbinned_74__MGr3G3H3I_000000216859	vRhyme_unbinned_74__MGr3G3H3I_000000216859																														KEGG	false	high	5532.0	231.0	NaN	NaN
vRhyme_unbinned_74__MGr3G3H3I_000000216859_22	vRhyme_unbinned_74__MGr3G3H3I_000000216859	vRhyme_unbinned_74__MGr3G3H3I_000000216859		10.0	10.0									PF07505.18	Protein of unknown function (DUF5131)	113.887245	0.897									phrog_2045		123.712036	0.917	phrog_2045		PHROG	false	high	5763.0	NaN	NaN	NaN
vRhyme_unbinned_74__MGr3G3H3I_000000216859_23	vRhyme_unbinned_74__MGr3G3H3I_000000216859	vRhyme_unbinned_74__MGr3G3H3I_000000216859																														KEGG	false	high	726.0	NaN	NaN	NaN
vRhyme_unbinned_74__MGr3G3H3I_000000216859_24	vRhyme_unbinned_74__MGr3G3H3I_000000216859	vRhyme_unbinned_74__MGr3G3H3I_000000216859																														KEGG	false	high	1176.0	NaN	NaN	NaN
vRhyme_unbinned_74__MGr3G3H3I_000000216859_25	vRhyme_unbinned_74__MGr3G3H3I_000000216859	vRhyme_unbinned_74__MGr3G3H3I_000000216859																														KEGG	false	high	1302.0	NaN	NaN	NaN
vRhyme_unbinned_74__MGr3G3H3I_000000216859_26	vRhyme_unbinned_74__MGr3G3H3I_000000216859	vRhyme_unbinned_74__MGr3G3H3I_000000216859																														KEGG	false	high	1863.0	NaN	NaN	NaN
vRhyme_unbinned_74__MGr3G3H3I_000000216859_27	vRhyme_unbinned_74__MGr3G3H3I_000000216859	vRhyme_unbinned_74__MGr3G3H3I_000000216859																														KEGG	false	high	2043.0	NaN	NaN	NaN
vRhyme_unbinned_75__MGr3G3H3I_000000218818_1	vRhyme_unbinned_75__MGr3G3H3I_000000218818	vRhyme_unbinned_75__MGr3G3H3I_000000218818		0.66										PF17248.8	Family of unknown function (DUF5317)	38.145855	0.654													PF17248.8	Family of unknown function (DUF5317)	Pfam	false	medium	NaN	390.0	NaN	NaN
vRhyme_unbinned_75__MGr3G3H3I_000000218818_2	vRhyme_unbinned_75__MGr3G3H3I_000000218818	vRhyme_unbinned_75__MGr3G3H3I_000000218818		10.0	10.0	K27287		70.658165	0.901					PF02945.22	Recombination endonuclease VII	64.594681	0.887									phrog_2914	endonuclease VII	78.49292	0.915	phrog_2914	endonuclease VII	PHROG	false	medium	NaN	NaN	NaN	NaN
vRhyme_unbinned_75__MGr3G3H3I_000000218818_3	vRhyme_unbinned_75__MGr3G3H3I_000000218818	vRhyme_unbinned_75__MGr3G3H3I_000000218818												PF24175.3		32.283379	0.487													PF24175.3		Pfam	false	medium	213.0	NaN	NaN	8883.0
vRhyme_unbinned_75__MGr3G3H3I_000000218818_4	vRhyme_unbinned_75__MGr3G3H3I_000000218818	vRhyme_unbinned_75__MGr3G3H3I_000000218818																								phrog_15526		71.187325	0.722	phrog_15526		PHROG	false	medium	1167.0	NaN	NaN	8535.0
vRhyme_unbinned_75__MGr3G3H3I_000000218818_5	vRhyme_unbinned_75__MGr3G3H3I_000000218818	vRhyme_unbinned_75__MGr3G3H3I_000000218818																														KEGG	false	medium	1641.0	NaN	NaN	8334.0
vRhyme_unbinned_75__MGr3G3H3I_000000218818_6	vRhyme_unbinned_75__MGr3G3H3I_000000218818	vRhyme_unbinned_75__MGr3G3H3I_000000218818																														KEGG	false	medium	1956.0	NaN	NaN	8034.0
vRhyme_unbinned_75__MGr3G3H3I_000000218818_7	vRhyme_unbinned_75__MGr3G3H3I_000000218818	vRhyme_unbinned_75__MGr3G3H3I_000000218818																														KEGG	false	medium	3108.0	NaN	NaN	7578.0
vRhyme_unbinned_75__MGr3G3H3I_000000218818_8	vRhyme_unbinned_75__MGr3G3H3I_000000218818	vRhyme_unbinned_75__MGr3G3H3I_000000218818																														KEGG	false	high	7158.0	NaN	NaN	7329.0
vRhyme_unbinned_75__MGr3G3H3I_000000218818_9	vRhyme_unbinned_75__MGr3G3H3I_000000218818	vRhyme_unbinned_75__MGr3G3H3I_000000218818																														KEGG	false	high	7875.0	NaN	NaN	7176.0
vRhyme_unbinned_75__MGr3G3H3I_000000218818_10	vRhyme_unbinned_75__MGr3G3H3I_000000218818	vRhyme_unbinned_75__MGr3G3H3I_000000218818																														KEGG	false	high	8205.0	NaN	NaN	7002.0
vRhyme_unbinned_75__MGr3G3H3I_000000218818_11	vRhyme_unbinned_75__MGr3G3H3I_000000218818	vRhyme_unbinned_75__MGr3G3H3I_000000218818																														KEGG	false	high	9120.0	NaN	NaN	6024.0
vRhyme_unbinned_75__MGr3G3H3I_000000218818_12	vRhyme_unbinned_75__MGr3G3H3I_000000218818	vRhyme_unbinned_75__MGr3G3H3I_000000218818																														KEGG	false	high	9528.0	NaN	NaN	5379.0
vRhyme_unbinned_75__MGr3G3H3I_000000218818_13	vRhyme_unbinned_75__MGr3G3H3I_000000218818	vRhyme_unbinned_75__MGr3G3H3I_000000218818																														KEGG	false	high	10353.0	NaN	NaN	4173.0
vRhyme_unbinned_76__MGr3G3H3I_000000223668_1	vRhyme_unbinned_76__MGr3G3H3I_000000223668	vRhyme_unbinned_76__MGr3G3H3I_000000223668																														KEGG	false	high	NaN	15801.0	NaN	3387.0
vRhyme_unbinned_76__MGr3G3H3I_000000223668_2	vRhyme_unbinned_76__MGr3G3H3I_000000223668	vRhyme_unbinned_76__MGr3G3H3I_000000223668																														KEGG	false	high	NaN	14037.0	NaN	3150.0
vRhyme_unbinned_76__MGr3G3H3I_000000223668_3	vRhyme_unbinned_76__MGr3G3H3I_000000223668	vRhyme_unbinned_76__MGr3G3H3I_000000223668																														KEGG	false	high	NaN	12903.0	NaN	2046.0
vRhyme_unbinned_76__MGr3G3H3I_000000223668_4	vRhyme_unbinned_76__MGr3G3H3I_000000223668	vRhyme_unbinned_76__MGr3G3H3I_000000223668																														KEGG	false	high	NaN	12702.0	NaN	1773.0
vRhyme_unbinned_76__MGr3G3H3I_000000223668_5	vRhyme_unbinned_76__MGr3G3H3I_000000223668	vRhyme_unbinned_76__MGr3G3H3I_000000223668																														KEGG	false	high	NaN	11826.0	NaN	1530.0
vRhyme_unbinned_76__MGr3G3H3I_000000223668_6	vRhyme_unbinned_76__MGr3G3H3I_000000223668	vRhyme_unbinned_76__MGr3G3H3I_000000223668																														KEGG	false	high	NaN	10821.0	NaN	1140.0
vRhyme_unbinned_76__MGr3G3H3I_000000223668_7	vRhyme_unbinned_76__MGr3G3H3I_000000223668	vRhyme_unbinned_76__MGr3G3H3I_000000223668																														KEGG	false	high	NaN	10368.0	NaN	639.0
vRhyme_unbinned_76__MGr3G3H3I_000000223668_8	vRhyme_unbinned_76__MGr3G3H3I_000000223668	vRhyme_unbinned_76__MGr3G3H3I_000000223668																														KEGG	false	high	NaN	8934.0	NaN	426.0
vRhyme_unbinned_76__MGr3G3H3I_000000223668_9	vRhyme_unbinned_76__MGr3G3H3I_000000223668	vRhyme_unbinned_76__MGr3G3H3I_000000223668																														KEGG	false	high	NaN	8568.0	NaN	240.0
vRhyme_unbinned_76__MGr3G3H3I_000000223668_10	vRhyme_unbinned_76__MGr3G3H3I_000000223668	vRhyme_unbinned_76__MGr3G3H3I_000000223668																														KEGG	false	high	NaN	8190.0	NaN	3852.0
vRhyme_unbinned_76__MGr3G3H3I_000000223668_11	vRhyme_unbinned_76__MGr3G3H3I_000000223668	vRhyme_unbinned_76__MGr3G3H3I_000000223668																														KEGG	false	high	NaN	7233.0	NaN	2550.0
vRhyme_unbinned_76__MGr3G3H3I_000000223668_12	vRhyme_unbinned_76__MGr3G3H3I_000000223668	vRhyme_unbinned_76__MGr3G3H3I_000000223668																														KEGG	false	high	NaN	6660.0	NaN	1884.0
vRhyme_unbinned_76__MGr3G3H3I_000000223668_13	vRhyme_unbinned_76__MGr3G3H3I_000000223668	vRhyme_unbinned_76__MGr3G3H3I_000000223668																														KEGG	false	high	NaN	5118.0	NaN	1284.0
vRhyme_unbinned_76__MGr3G3H3I_000000223668_14	vRhyme_unbinned_76__MGr3G3H3I_000000223668	vRhyme_unbinned_76__MGr3G3H3I_000000223668																														KEGG	false	high	NaN	4125.0	NaN	1086.0
vRhyme_unbinned_76__MGr3G3H3I_000000223668_15	vRhyme_unbinned_76__MGr3G3H3I_000000223668	vRhyme_unbinned_76__MGr3G3H3I_000000223668																														KEGG	false	high	NaN	3333.0	NaN	855.0
vRhyme_unbinned_76__MGr3G3H3I_000000223668_16	vRhyme_unbinned_76__MGr3G3H3I_000000223668	vRhyme_unbinned_76__MGr3G3H3I_000000223668																														KEGG	false	high	NaN	2613.0	NaN	564.0
vRhyme_unbinned_76__MGr3G3H3I_000000223668_17	vRhyme_unbinned_76__MGr3G3H3I_000000223668	vRhyme_unbinned_76__MGr3G3H3I_000000223668																														KEGG	false	high	NaN	1812.0	NaN	222.0
vRhyme_unbinned_76__MGr3G3H3I_000000223668_18	vRhyme_unbinned_76__MGr3G3H3I_000000223668	vRhyme_unbinned_76__MGr3G3H3I_000000223668																														KEGG	false	high	NaN	921.0	NaN	NaN
vRhyme_unbinned_76__MGr3G3H3I_000000223668_19	vRhyme_unbinned_76__MGr3G3H3I_000000223668	vRhyme_unbinned_76__MGr3G3H3I_000000223668																														KEGG	false	high	NaN	639.0	942.0	NaN
vRhyme_unbinned_76__MGr3G3H3I_000000223668_20	vRhyme_unbinned_76__MGr3G3H3I_000000223668	vRhyme_unbinned_76__MGr3G3H3I_000000223668																														KEGG	false	high	NaN	360.0	1188.0	NaN
vRhyme_unbinned_76__MGr3G3H3I_000000223668_21	vRhyme_unbinned_76__MGr3G3H3I_000000223668	vRhyme_unbinned_76__MGr3G3H3I_000000223668		10.0										PF01464.26	Transglycosylase SLT domain	28.457689	0.514													PF01464.26	Transglycosylase SLT domain	Pfam	false	high	NaN	1929.0	1887.0	NaN
vRhyme_unbinned_76__MGr3G3H3I_000000223668_22	vRhyme_unbinned_76__MGr3G3H3I_000000223668	vRhyme_unbinned_76__MGr3G3H3I_000000223668																														KEGG	false	high	NaN	1410.0	2556.0	NaN
vRhyme_unbinned_76__MGr3G3H3I_000000223668_23	vRhyme_unbinned_76__MGr3G3H3I_000000223668	vRhyme_unbinned_76__MGr3G3H3I_000000223668																														KEGG	false	high	NaN	1206.0	2754.0	NaN
vRhyme_unbinned_76__MGr3G3H3I_000000223668_24	vRhyme_unbinned_76__MGr3G3H3I_000000223668	vRhyme_unbinned_76__MGr3G3H3I_000000223668		10.0	10.0					HMMsoil52190	aroK, aroL; shikimate kinase EC:2.7.1.71	34.486713	0.238	PF11753.14	Protein of unknwon function (DUF3310)	46.885204	0.251									phrog_4943		51.560741	0.677	phrog_4943		PHROG	false	high	NaN	NaN	3096.0	NaN
vRhyme_unbinned_76__MGr3G3H3I_000000223668_25	vRhyme_unbinned_76__MGr3G3H3I_000000223668	vRhyme_unbinned_76__MGr3G3H3I_000000223668																														KEGG	false	high	669.0	NaN	3378.0	NaN
vRhyme_unbinned_76__MGr3G3H3I_000000223668_26	vRhyme_unbinned_76__MGr3G3H3I_000000223668	vRhyme_unbinned_76__MGr3G3H3I_000000223668																														KEGG	false	high	1074.0	NaN	3678.0	NaN
vRhyme_unbinned_76__MGr3G3H3I_000000223668_27	vRhyme_unbinned_76__MGr3G3H3I_000000223668	vRhyme_unbinned_76__MGr3G3H3I_000000223668																														KEGG	false	high	1443.0	NaN	5145.0	NaN
vRhyme_unbinned_76__MGr3G3H3I_000000223668_28	vRhyme_unbinned_76__MGr3G3H3I_000000223668	vRhyme_unbinned_76__MGr3G3H3I_000000223668																														KEGG	false	high	1629.0	NaN	5403.0	NaN
vRhyme_unbinned_76__MGr3G3H3I_000000223668_29	vRhyme_unbinned_76__MGr3G3H3I_000000223668	vRhyme_unbinned_76__MGr3G3H3I_000000223668																														KEGG	false	high	1872.0	NaN	NaN	NaN
vRhyme_unbinned_76__MGr3G3H3I_000000223668_30	vRhyme_unbinned_76__MGr3G3H3I_000000223668	vRhyme_unbinned_76__MGr3G3H3I_000000223668																														KEGG	false	high	2112.0	NaN	NaN	NaN
vRhyme_unbinned_76__MGr3G3H3I_000000223668_31	vRhyme_unbinned_76__MGr3G3H3I_000000223668	vRhyme_unbinned_76__MGr3G3H3I_000000223668																														KEGG	false	high	2796.0	NaN	NaN	NaN
vRhyme_unbinned_76__MGr3G3H3I_000000223668_32	vRhyme_unbinned_76__MGr3G3H3I_000000223668	vRhyme_unbinned_76__MGr3G3H3I_000000223668																														KEGG	false	high	3342.0	NaN	NaN	NaN
vRhyme_unbinned_77__MGr3G3H3I_000000224979_1	vRhyme_unbinned_77__MGr3G3H3I_000000224979	vRhyme_unbinned_77__MGr3G3H3I_000000224979																														KEGG	false	high	NaN	NaN	NaN	7242.0
vRhyme_unbinned_77__MGr3G3H3I_000000224979_2	vRhyme_unbinned_77__MGr3G3H3I_000000224979	vRhyme_unbinned_77__MGr3G3H3I_000000224979				K02335	DNA polymerase I [EC:2.7.7.7]	53.837124	0.971																	phrog_17	DNA polymerase	91.590027	0.984	phrog_17	DNA polymerase	PHROG	false	high	NaN	NaN	NaN	6159.0
vRhyme_unbinned_77__MGr3G3H3I_000000224979_3	vRhyme_unbinned_77__MGr3G3H3I_000000224979	vRhyme_unbinned_77__MGr3G3H3I_000000224979																								phrog_14296	DNA primase	99.005104	0.822	phrog_14296	DNA primase	PHROG	false	high	NaN	NaN	NaN	5739.0
vRhyme_unbinned_77__MGr3G3H3I_000000224979_4	vRhyme_unbinned_77__MGr3G3H3I_000000224979	vRhyme_unbinned_77__MGr3G3H3I_000000224979																														KEGG	false	high	NaN	NaN	NaN	5136.0
vRhyme_unbinned_77__MGr3G3H3I_000000224979_5	vRhyme_unbinned_77__MGr3G3H3I_000000224979	vRhyme_unbinned_77__MGr3G3H3I_000000224979																														KEGG	false	high	NaN	NaN	NaN	4836.0
vRhyme_unbinned_77__MGr3G3H3I_000000224979_6	vRhyme_unbinned_77__MGr3G3H3I_000000224979	vRhyme_unbinned_77__MGr3G3H3I_000000224979				K01945	phosphoribosylamine---glycine ligase [EC:6.3.4.13]	96.130775	0.78	HMMsoil47524	purD; phosphoribosylamine---glycine ligase EC:6.3.4.13	66.445663	0.461																	K01945	phosphoribosylamine---glycine ligase [EC:6.3.4.13]	KEGG	false	high	NaN	NaN	NaN	4239.0
vRhyme_unbinned_77__MGr3G3H3I_000000224979_7	vRhyme_unbinned_77__MGr3G3H3I_000000224979	vRhyme_unbinned_77__MGr3G3H3I_000000224979																														KEGG	false	high	NaN	NaN	NaN	3972.0
vRhyme_unbinned_77__MGr3G3H3I_000000224979_8	vRhyme_unbinned_77__MGr3G3H3I_000000224979	vRhyme_unbinned_77__MGr3G3H3I_000000224979																														KEGG	false	high	NaN	NaN	NaN	3288.0
vRhyme_unbinned_77__MGr3G3H3I_000000224979_9	vRhyme_unbinned_77__MGr3G3H3I_000000224979	vRhyme_unbinned_77__MGr3G3H3I_000000224979																														KEGG	false	high	NaN	NaN	NaN	2046.0
vRhyme_unbinned_77__MGr3G3H3I_000000224979_10	vRhyme_unbinned_77__MGr3G3H3I_000000224979	vRhyme_unbinned_77__MGr3G3H3I_000000224979																														KEGG	false	high	NaN	NaN	NaN	1152.0
vRhyme_unbinned_77__MGr3G3H3I_000000224979_11	vRhyme_unbinned_77__MGr3G3H3I_000000224979	vRhyme_unbinned_77__MGr3G3H3I_000000224979																														KEGG	false	high	NaN	NaN	NaN	717.0
vRhyme_unbinned_77__MGr3G3H3I_000000224979_12	vRhyme_unbinned_77__MGr3G3H3I_000000224979	vRhyme_unbinned_77__MGr3G3H3I_000000224979																														KEGG	false	high	NaN	NaN	NaN	465.0
vRhyme_unbinned_77__MGr3G3H3I_000000224979_13	vRhyme_unbinned_77__MGr3G3H3I_000000224979	vRhyme_unbinned_77__MGr3G3H3I_000000224979																														KEGG	false	high	NaN	NaN	NaN	228.0
vRhyme_unbinned_77__MGr3G3H3I_000000224979_14	vRhyme_unbinned_77__MGr3G3H3I_000000224979	vRhyme_unbinned_77__MGr3G3H3I_000000224979																														KEGG	false	medium	NaN	NaN	NaN	831.0
vRhyme_unbinned_77__MGr3G3H3I_000000224979_15	vRhyme_unbinned_77__MGr3G3H3I_000000224979	vRhyme_unbinned_77__MGr3G3H3I_000000224979																								phrog_19005		101.365234	0.759	phrog_19005		PHROG	false	medium	NaN	NaN	294.0	537.0
vRhyme_unbinned_77__MGr3G3H3I_000000224979_16	vRhyme_unbinned_77__MGr3G3H3I_000000224979	vRhyme_unbinned_77__MGr3G3H3I_000000224979																														KEGG	false	medium	NaN	NaN	582.0	249.0
vRhyme_unbinned_77__MGr3G3H3I_000000224979_17	vRhyme_unbinned_77__MGr3G3H3I_000000224979	vRhyme_unbinned_77__MGr3G3H3I_000000224979																														KEGG	false	medium	NaN	NaN	831.0	NaN
vRhyme_unbinned_77__MGr3G3H3I_000000224979_18	vRhyme_unbinned_77__MGr3G3H3I_000000224979	vRhyme_unbinned_77__MGr3G3H3I_000000224979																														KEGG	false	medium	NaN	NaN	NaN	NaN
vRhyme_unbinned_77__MGr3G3H3I_000000224979_19	vRhyme_unbinned_77__MGr3G3H3I_000000224979	vRhyme_unbinned_77__MGr3G3H3I_000000224979																														KEGG	false	medium	NaN	NaN	NaN	NaN
vRhyme_unbinned_77__MGr3G3H3I_000000224979_20	vRhyme_unbinned_77__MGr3G3H3I_000000224979	vRhyme_unbinned_77__MGr3G3H3I_000000224979																														KEGG	false	medium	NaN	NaN	NaN	NaN
vRhyme_unbinned_77__MGr3G3H3I_000000224979_21	vRhyme_unbinned_77__MGr3G3H3I_000000224979	vRhyme_unbinned_77__MGr3G3H3I_000000224979																														KEGG	false	medium	NaN	NaN	NaN	NaN
vRhyme_unbinned_77__MGr3G3H3I_000000224979_22	vRhyme_unbinned_77__MGr3G3H3I_000000224979	vRhyme_unbinned_77__MGr3G3H3I_000000224979																														KEGG	false	medium	NaN	NaN	NaN	NaN
vRhyme_unbinned_77__MGr3G3H3I_000000224979_23	vRhyme_unbinned_77__MGr3G3H3I_000000224979	vRhyme_unbinned_77__MGr3G3H3I_000000224979																														KEGG	false	medium	NaN	NaN	NaN	NaN
vRhyme_unbinned_77__MGr3G3H3I_000000224979_24	vRhyme_unbinned_77__MGr3G3H3I_000000224979	vRhyme_unbinned_77__MGr3G3H3I_000000224979		10.0										PF20106.5	Family of unknown function (DUF6496)	41.090157	0.754													PF20106.5	Family of unknown function (DUF6496)	Pfam	false	medium	NaN	NaN	NaN	NaN
vRhyme_unbinned_77__MGr3G3H3I_000000224979_25	vRhyme_unbinned_77__MGr3G3H3I_000000224979	vRhyme_unbinned_77__MGr3G3H3I_000000224979																														KEGG	false	medium	NaN	NaN	NaN	NaN
vRhyme_unbinned_77__MGr3G3H3I_000000224979_26	vRhyme_unbinned_77__MGr3G3H3I_000000224979	vRhyme_unbinned_77__MGr3G3H3I_000000224979																														KEGG	false	medium	NaN	NaN	NaN	NaN
vRhyme_unbinned_77__MGr3G3H3I_000000224979_27	vRhyme_unbinned_77__MGr3G3H3I_000000224979	vRhyme_unbinned_77__MGr3G3H3I_000000224979																														KEGG	false	medium	NaN	NaN	NaN	NaN
vRhyme_unbinned_77__MGr3G3H3I_000000224979_28	vRhyme_unbinned_77__MGr3G3H3I_000000224979	vRhyme_unbinned_77__MGr3G3H3I_000000224979												PF25209.2		36.00452	0.816													PF25209.2		Pfam	false	medium	NaN	NaN	NaN	NaN
vRhyme_unbinned_77__MGr3G3H3I_000000224979_29	vRhyme_unbinned_77__MGr3G3H3I_000000224979	vRhyme_unbinned_77__MGr3G3H3I_000000224979																														KEGG	false	medium	NaN	NaN	NaN	NaN
vRhyme_unbinned_78__MGr3G3H3I_000000231783_1	vRhyme_unbinned_78__MGr3G3H3I_000000231783	vRhyme_unbinned_78__MGr3G3H3I_000000231783																														KEGG	false	high	NaN	3912.0	2058.0	NaN
vRhyme_unbinned_78__MGr3G3H3I_000000231783_2	vRhyme_unbinned_78__MGr3G3H3I_000000231783	vRhyme_unbinned_78__MGr3G3H3I_000000231783																														KEGG	false	high	NaN	3459.0	2238.0	NaN
vRhyme_unbinned_78__MGr3G3H3I_000000231783_3	vRhyme_unbinned_78__MGr3G3H3I_000000231783	vRhyme_unbinned_78__MGr3G3H3I_000000231783																														KEGG	false	high	NaN	3216.0	NaN	NaN
vRhyme_unbinned_78__MGr3G3H3I_000000231783_4	vRhyme_unbinned_78__MGr3G3H3I_000000231783	vRhyme_unbinned_78__MGr3G3H3I_000000231783																														KEGG	false	high	NaN	2592.0	NaN	NaN
vRhyme_unbinned_78__MGr3G3H3I_000000231783_5	vRhyme_unbinned_78__MGr3G3H3I_000000231783	vRhyme_unbinned_78__MGr3G3H3I_000000231783																														KEGG	false	high	NaN	2331.0	NaN	NaN
vRhyme_unbinned_78__MGr3G3H3I_000000231783_6	vRhyme_unbinned_78__MGr3G3H3I_000000231783	vRhyme_unbinned_78__MGr3G3H3I_000000231783																														KEGG	false	medium	NaN	2160.0	NaN	NaN
vRhyme_unbinned_78__MGr3G3H3I_000000231783_7	vRhyme_unbinned_78__MGr3G3H3I_000000231783	vRhyme_unbinned_78__MGr3G3H3I_000000231783																														KEGG	false	medium	NaN	2043.0	NaN	NaN
vRhyme_unbinned_78__MGr3G3H3I_000000231783_8	vRhyme_unbinned_78__MGr3G3H3I_000000231783	vRhyme_unbinned_78__MGr3G3H3I_000000231783																														KEGG	false	medium	NaN	1509.0	NaN	NaN
vRhyme_unbinned_78__MGr3G3H3I_000000231783_9	vRhyme_unbinned_78__MGr3G3H3I_000000231783	vRhyme_unbinned_78__MGr3G3H3I_000000231783																														KEGG	false	medium	NaN	1218.0	NaN	NaN
vRhyme_unbinned_78__MGr3G3H3I_000000231783_10	vRhyme_unbinned_78__MGr3G3H3I_000000231783	vRhyme_unbinned_78__MGr3G3H3I_000000231783																														KEGG	false	medium	NaN	699.0	NaN	NaN
vRhyme_unbinned_78__MGr3G3H3I_000000231783_11	vRhyme_unbinned_78__MGr3G3H3I_000000231783	vRhyme_unbinned_78__MGr3G3H3I_000000231783																														KEGG	false	medium	NaN	219.0	NaN	NaN
vRhyme_unbinned_78__MGr3G3H3I_000000231783_12	vRhyme_unbinned_78__MGr3G3H3I_000000231783	vRhyme_unbinned_78__MGr3G3H3I_000000231783	10.0	10.0		K03704	cold shock protein	77.044754	0.959					PF00313.29	Cold-shock' DNA-binding domain	61.192268	0.946													K03704	cold shock protein	KEGG	false	medium	NaN	3768.0	NaN	NaN
vRhyme_unbinned_78__MGr3G3H3I_000000231783_13	vRhyme_unbinned_78__MGr3G3H3I_000000231783	vRhyme_unbinned_78__MGr3G3H3I_000000231783																														KEGG	false	high	NaN	3546.0	NaN	NaN
vRhyme_unbinned_78__MGr3G3H3I_000000231783_14	vRhyme_unbinned_78__MGr3G3H3I_000000231783	vRhyme_unbinned_78__MGr3G3H3I_000000231783																														KEGG	false	high	NaN	3234.0	NaN	NaN
vRhyme_unbinned_78__MGr3G3H3I_000000231783_15	vRhyme_unbinned_78__MGr3G3H3I_000000231783	vRhyme_unbinned_78__MGr3G3H3I_000000231783																														KEGG	false	high	NaN	2436.0	NaN	NaN
vRhyme_unbinned_78__MGr3G3H3I_000000231783_16	vRhyme_unbinned_78__MGr3G3H3I_000000231783	vRhyme_unbinned_78__MGr3G3H3I_000000231783																														KEGG	false	high	NaN	1692.0	NaN	NaN
vRhyme_unbinned_78__MGr3G3H3I_000000231783_17	vRhyme_unbinned_78__MGr3G3H3I_000000231783	vRhyme_unbinned_78__MGr3G3H3I_000000231783																														KEGG	false	high	NaN	1353.0	NaN	NaN
vRhyme_unbinned_78__MGr3G3H3I_000000231783_18	vRhyme_unbinned_78__MGr3G3H3I_000000231783	vRhyme_unbinned_78__MGr3G3H3I_000000231783																														KEGG	false	high	NaN	780.0	NaN	NaN
vRhyme_unbinned_78__MGr3G3H3I_000000231783_19	vRhyme_unbinned_78__MGr3G3H3I_000000231783	vRhyme_unbinned_78__MGr3G3H3I_000000231783																														KEGG	false	high	NaN	390.0	NaN	NaN
vRhyme_unbinned_78__MGr3G3H3I_000000231783_20	vRhyme_unbinned_78__MGr3G3H3I_000000231783	vRhyme_unbinned_78__MGr3G3H3I_000000231783		10.0	10.0									PF05272.18	Virulence-associated protein E-like domain	173.829666	0.447									phrog_256	DNA helicase	206.943665	0.686	phrog_256	DNA helicase	PHROG	false	medium	NaN	NaN	NaN	NaN
vRhyme_unbinned_79__MGr3G3H3I_000000232172_1	vRhyme_unbinned_79__MGr3G3H3I_000000232172	vRhyme_unbinned_79__MGr3G3H3I_000000232172																														KEGG	false	high	NaN	780.0	NaN	NaN
vRhyme_unbinned_79__MGr3G3H3I_000000232172_2	vRhyme_unbinned_79__MGr3G3H3I_000000232172	vRhyme_unbinned_79__MGr3G3H3I_000000232172		10.0										PF09956.16	Uncharacterized conserved protein (DUF2190)	26.11936	0.329													PF09956.16	Uncharacterized conserved protein (DUF2190)	Pfam	false	high	NaN	3165.0	NaN	NaN
vRhyme_unbinned_79__MGr3G3H3I_000000232172_3	vRhyme_unbinned_79__MGr3G3H3I_000000232172	vRhyme_unbinned_79__MGr3G3H3I_000000232172																														KEGG	false	high	NaN	2655.0	NaN	NaN
vRhyme_unbinned_79__MGr3G3H3I_000000232172_4	vRhyme_unbinned_79__MGr3G3H3I_000000232172	vRhyme_unbinned_79__MGr3G3H3I_000000232172																														KEGG	false	high	NaN	963.0	NaN	NaN
vRhyme_unbinned_79__MGr3G3H3I_000000232172_5	vRhyme_unbinned_79__MGr3G3H3I_000000232172	vRhyme_unbinned_79__MGr3G3H3I_000000232172																														KEGG	false	high	NaN	774.0	NaN	NaN
vRhyme_unbinned_79__MGr3G3H3I_000000232172_6	vRhyme_unbinned_79__MGr3G3H3I_000000232172	vRhyme_unbinned_79__MGr3G3H3I_000000232172																														KEGG	false	high	NaN	246.0	NaN	NaN
vRhyme_unbinned_79__MGr3G3H3I_000000232172_7	vRhyme_unbinned_79__MGr3G3H3I_000000232172	vRhyme_unbinned_79__MGr3G3H3I_000000232172		10.0	10.0									PF04233.20	Phage Mu protein F like protein	39.399078	0.369									phrog_115	minor head protein	105.913589	0.676	phrog_115	minor head protein	PHROG	false	high	NaN	1008.0	NaN	NaN
vRhyme_unbinned_79__MGr3G3H3I_000000232172_8	vRhyme_unbinned_79__MGr3G3H3I_000000232172	vRhyme_unbinned_79__MGr3G3H3I_000000232172		10.0										PF05136.19	Phage portal protein, lambda family	34.13512	0.322													PF05136.19	Phage portal protein, lambda family	Pfam	false	high	1008.0	1884.0	NaN	NaN
vRhyme_unbinned_79__MGr3G3H3I_000000232172_9	vRhyme_unbinned_79__MGr3G3H3I_000000232172	vRhyme_unbinned_79__MGr3G3H3I_000000232172	10.0	10.0	10.0	K06909	phage terminase large subunit	59.926956	0.697					PF03237.22	Terminase large subunit, T4likevirus-type, N-terminal	39.343586	0.478									phrog_2	terminase large subunit	169.070023	0.93	phrog_2	terminase large subunit	PHROG	false	high	1884.0	NaN	NaN	NaN
vRhyme_unbinned_79__MGr3G3H3I_000000232172_10	vRhyme_unbinned_79__MGr3G3H3I_000000232172	vRhyme_unbinned_79__MGr3G3H3I_000000232172																														KEGG	false	high	1248.0	NaN	NaN	NaN
vRhyme_unbinned_79__MGr3G3H3I_000000232172_11	vRhyme_unbinned_79__MGr3G3H3I_000000232172	vRhyme_unbinned_79__MGr3G3H3I_000000232172																														KEGG	false	high	1662.0	NaN	NaN	NaN
vRhyme_unbinned_79__MGr3G3H3I_000000232172_12	vRhyme_unbinned_79__MGr3G3H3I_000000232172	vRhyme_unbinned_79__MGr3G3H3I_000000232172																														KEGG	false	high	2043.0	NaN	NaN	NaN
vRhyme_unbinned_79__MGr3G3H3I_000000232172_13	vRhyme_unbinned_79__MGr3G3H3I_000000232172	vRhyme_unbinned_79__MGr3G3H3I_000000232172																														KEGG	false	high	2256.0	NaN	NaN	NaN
vRhyme_unbinned_79__MGr3G3H3I_000000232172_14	vRhyme_unbinned_79__MGr3G3H3I_000000232172	vRhyme_unbinned_79__MGr3G3H3I_000000232172		10.0						HMMsoil52190	aroK, aroL; shikimate kinase EC:2.7.1.71	35.988583	0.52	PF01381.29	Helix-turn-helix	29.149012	0.52													HMMsoil52190	aroK, aroL; shikimate kinase EC:2.7.1.71	FOAM	false	high	2502.0	NaN	NaN	NaN
vRhyme_unbinned_79__MGr3G3H3I_000000232172_15	vRhyme_unbinned_79__MGr3G3H3I_000000232172	vRhyme_unbinned_79__MGr3G3H3I_000000232172																														KEGG	false	high	306.0	NaN	NaN	NaN
vRhyme_unbinned_79__MGr3G3H3I_000000232172_16	vRhyme_unbinned_79__MGr3G3H3I_000000232172	vRhyme_unbinned_79__MGr3G3H3I_000000232172																														KEGG	false	high	696.0	NaN	NaN	NaN
vRhyme_unbinned_7__MGr3G3H3I_000000013374_1	vRhyme_unbinned_7__MGr3G3H3I_000000013374	vRhyme_unbinned_7__MGr3G3H3I_000000013374																														KEGG	false	medium	NaN	7392.0	24189.0	3960.0
vRhyme_unbinned_7__MGr3G3H3I_000000013374_2	vRhyme_unbinned_7__MGr3G3H3I_000000013374	vRhyme_unbinned_7__MGr3G3H3I_000000013374																														KEGG	false	medium	NaN	5841.0	24750.0	3399.0
vRhyme_unbinned_7__MGr3G3H3I_000000013374_3	vRhyme_unbinned_7__MGr3G3H3I_000000013374	vRhyme_unbinned_7__MGr3G3H3I_000000013374																								phrog_2	terminase large subunit	99.449699	0.852	phrog_2	terminase large subunit	PHROG	false	medium	NaN	3246.0	25005.0	3144.0
vRhyme_unbinned_7__MGr3G3H3I_000000013374_4	vRhyme_unbinned_7__MGr3G3H3I_000000013374	vRhyme_unbinned_7__MGr3G3H3I_000000013374		2.73	2.3									PF20613.5	HipA-like kinase	47.66534	0.491									phrog_3162		57.64756	0.595	phrog_3162		PHROG	false	medium	NaN	1728.0	25161.0	2988.0
vRhyme_unbinned_7__MGr3G3H3I_000000013374_5	vRhyme_unbinned_7__MGr3G3H3I_000000013374	vRhyme_unbinned_7__MGr3G3H3I_000000013374		1.86										PF11236.14	Protein of unknown function (DUF3037)	43.624969	0.399													PF11236.14	Protein of unknown function (DUF3037)	Pfam	false	medium	NaN	921.0	25872.0	2277.0
vRhyme_unbinned_7__MGr3G3H3I_000000013374_6	vRhyme_unbinned_7__MGr3G3H3I_000000013374	vRhyme_unbinned_7__MGr3G3H3I_000000013374																														KEGG	false	medium	NaN	117.0	26145.0	2004.0
vRhyme_unbinned_7__MGr3G3H3I_000000013374_7	vRhyme_unbinned_7__MGr3G3H3I_000000013374	vRhyme_unbinned_7__MGr3G3H3I_000000013374		10.0	10.0									PF04860.18	Phage portal protein	143.458969	0.803									phrog_2662	portal protein	114.794586	0.92	PF04860.18	Phage portal protein	Pfam	false	medium	NaN	NaN	26331.0	1818.0
vRhyme_unbinned_7__MGr3G3H3I_000000013374_8	vRhyme_unbinned_7__MGr3G3H3I_000000013374	vRhyme_unbinned_7__MGr3G3H3I_000000013374																														KEGG	false	medium	1278.0	NaN	26493.0	1656.0
vRhyme_unbinned_7__MGr3G3H3I_000000013374_9	vRhyme_unbinned_7__MGr3G3H3I_000000013374	vRhyme_unbinned_7__MGr3G3H3I_000000013374																														KEGG	false	medium	1842.0	NaN	26724.0	1425.0
vRhyme_unbinned_7__MGr3G3H3I_000000013374_10	vRhyme_unbinned_7__MGr3G3H3I_000000013374	vRhyme_unbinned_7__MGr3G3H3I_000000013374																														KEGG	false	medium	2274.0	NaN	26934.0	1215.0
vRhyme_unbinned_7__MGr3G3H3I_000000013374_11	vRhyme_unbinned_7__MGr3G3H3I_000000013374	vRhyme_unbinned_7__MGr3G3H3I_000000013374																														KEGG	false	medium	2598.0	NaN	27249.0	900.0
vRhyme_unbinned_80__MGr3G3H3I_000000240298_1	vRhyme_unbinned_80__MGr3G3H3I_000000240298	vRhyme_unbinned_80__MGr3G3H3I_000000240298																														KEGG	false	high	NaN	4257.0	NaN	NaN
vRhyme_unbinned_80__MGr3G3H3I_000000240298_2	vRhyme_unbinned_80__MGr3G3H3I_000000240298	vRhyme_unbinned_80__MGr3G3H3I_000000240298																														KEGG	false	high	NaN	3768.0	NaN	NaN
vRhyme_unbinned_80__MGr3G3H3I_000000240298_3	vRhyme_unbinned_80__MGr3G3H3I_000000240298	vRhyme_unbinned_80__MGr3G3H3I_000000240298																														KEGG	false	high	NaN	2289.0	NaN	NaN
vRhyme_unbinned_80__MGr3G3H3I_000000240298_4	vRhyme_unbinned_80__MGr3G3H3I_000000240298	vRhyme_unbinned_80__MGr3G3H3I_000000240298	10.0	10.0	10.0	K08309	soluble lytic murein transglycosylase [EC:4.2.2.-]	72.692451	0.635					PF01464.26	Transglycosylase SLT domain	76.322952	0.522	GH23	lysozyme type G (EC 3.2.1.17); peptidoglycan lyase (EC 4.2.2.n1) also known in the literature as peptidoglycan lytic transglycosylase; chitinase (EC 3.2.1.14)	78.513107	0.579					phrog_28504	lytic tail fiber protein	67.05703	0.657	GH23	lysozyme type G (EC 3.2.1.17); peptidoglycan lyase (EC 4.2.2.n1) also known in the literature as peptidoglycan lytic transglycosylase; chitinase (EC 3.2.1.14)	dbCAN	false	medium	NaN	534.0	NaN	NaN
vRhyme_unbinned_80__MGr3G3H3I_000000240298_5	vRhyme_unbinned_80__MGr3G3H3I_000000240298	vRhyme_unbinned_80__MGr3G3H3I_000000240298	10.0	10.0	10.0	K06400	site-specific DNA recombinase	159.001419	0.732					PF00239.27	Resolvase, N terminal domain	152.509186	0.693									phrog_125	DNA invertase	183.378326	0.966	phrog_125	DNA invertase	PHROG	false	high	534.0	615.0	NaN	NaN
vRhyme_unbinned_80__MGr3G3H3I_000000240298_6	vRhyme_unbinned_80__MGr3G3H3I_000000240298	vRhyme_unbinned_80__MGr3G3H3I_000000240298		10.0	10.0					HMMsoil50354	ENTPD2; adenosinetriphosphatase EC:3.6.1.-	30.591877	0.158	PF01555.25	DNA methylase	52.645786	0.423									phrog_16	DNA helicase	375.437561	0.974	phrog_16	DNA helicase	PHROG	false	high	615.0	3561.0	NaN	NaN
vRhyme_unbinned_80__MGr3G3H3I_000000240298_7	vRhyme_unbinned_80__MGr3G3H3I_000000240298	vRhyme_unbinned_80__MGr3G3H3I_000000240298																														KEGG	false	high	2865.0	696.0	NaN	NaN
vRhyme_unbinned_80__MGr3G3H3I_000000240298_8	vRhyme_unbinned_80__MGr3G3H3I_000000240298	vRhyme_unbinned_80__MGr3G3H3I_000000240298																														KEGG	false	high	3165.0	396.0	NaN	NaN
vRhyme_unbinned_80__MGr3G3H3I_000000240298_9	vRhyme_unbinned_80__MGr3G3H3I_000000240298	vRhyme_unbinned_80__MGr3G3H3I_000000240298																														KEGG	false	high	3363.0	198.0	NaN	1167.0
vRhyme_unbinned_80__MGr3G3H3I_000000240298_10	vRhyme_unbinned_80__MGr3G3H3I_000000240298	vRhyme_unbinned_80__MGr3G3H3I_000000240298		10.0	10.0									PF18894.7	Putative phage metallopeptidase	76.259087	0.649									phrog_513	transposase	55.379551	0.596	PF18894.7	Putative phage metallopeptidase	Pfam	false	high	3561.0	1791.0	NaN	780.0
vRhyme_unbinned_80__MGr3G3H3I_000000240298_11	vRhyme_unbinned_80__MGr3G3H3I_000000240298	vRhyme_unbinned_80__MGr3G3H3I_000000240298																														KEGG	false	high	624.0	1167.0	NaN	561.0
vRhyme_unbinned_80__MGr3G3H3I_000000240298_12	vRhyme_unbinned_80__MGr3G3H3I_000000240298	vRhyme_unbinned_80__MGr3G3H3I_000000240298																														KEGG	false	high	873.0	918.0	NaN	213.0
vRhyme_unbinned_80__MGr3G3H3I_000000240298_13	vRhyme_unbinned_80__MGr3G3H3I_000000240298	vRhyme_unbinned_80__MGr3G3H3I_000000240298																														KEGG	false	high	1254.0	537.0	NaN	9039.0
vRhyme_unbinned_80__MGr3G3H3I_000000240298_14	vRhyme_unbinned_80__MGr3G3H3I_000000240298	vRhyme_unbinned_80__MGr3G3H3I_000000240298																														KEGG	false	high	1692.0	99.0	NaN	7362.0
vRhyme_unbinned_80__MGr3G3H3I_000000240298_15	vRhyme_unbinned_80__MGr3G3H3I_000000240298	vRhyme_unbinned_80__MGr3G3H3I_000000240298		10.0	10.0									PF04404.18	ERF superfamily	47.11515	0.703									phrog_2324	Erf-like ssDNA annealing protein	101.618332	0.789	phrog_2324	Erf-like ssDNA annealing protein	PHROG	false	high	1791.0	NaN	NaN	7137.0
vRhyme_unbinned_80__MGr3G3H3I_000000240298_16	vRhyme_unbinned_80__MGr3G3H3I_000000240298	vRhyme_unbinned_80__MGr3G3H3I_000000240298																								phrog_9210		163.029663	0.973	phrog_9210		PHROG	false	high	555.0	NaN	NaN	6792.0
vRhyme_unbinned_80__MGr3G3H3I_000000240298_17	vRhyme_unbinned_80__MGr3G3H3I_000000240298	vRhyme_unbinned_80__MGr3G3H3I_000000240298																														KEGG	false	high	1224.0	NaN	NaN	6537.0
vRhyme_unbinned_80__MGr3G3H3I_000000240298_18	vRhyme_unbinned_80__MGr3G3H3I_000000240298	vRhyme_unbinned_80__MGr3G3H3I_000000240298																														KEGG	false	high	1782.0	NaN	NaN	5877.0
vRhyme_unbinned_80__MGr3G3H3I_000000240298_19	vRhyme_unbinned_80__MGr3G3H3I_000000240298	vRhyme_unbinned_80__MGr3G3H3I_000000240298																														KEGG	false	high	2163.0	NaN	NaN	4632.0
vRhyme_unbinned_81__MGr3G3H3I_000000246984_1	vRhyme_unbinned_81__MGr3G3H3I_000000246984	vRhyme_unbinned_81__MGr3G3H3I_000000246984																														KEGG	false	high	NaN	NaN	1782.0	NaN
vRhyme_unbinned_81__MGr3G3H3I_000000246984_2	vRhyme_unbinned_81__MGr3G3H3I_000000246984	vRhyme_unbinned_81__MGr3G3H3I_000000246984																														KEGG	false	high	NaN	NaN	2208.0	NaN
vRhyme_unbinned_81__MGr3G3H3I_000000246984_3	vRhyme_unbinned_81__MGr3G3H3I_000000246984	vRhyme_unbinned_81__MGr3G3H3I_000000246984																								phrog_1128	enoyl-CoA hydratase/carnithine racemase-like	50.17638	0.865	phrog_1128	enoyl-CoA hydratase/carnithine racemase-like	PHROG	false	high	NaN	NaN	2475.0	NaN
vRhyme_unbinned_81__MGr3G3H3I_000000246984_4	vRhyme_unbinned_81__MGr3G3H3I_000000246984	vRhyme_unbinned_81__MGr3G3H3I_000000246984	10.0	10.0	3.67	K04078	chaperonin GroES	88.064888	0.902					PF00166.27	Chaperonin 10 Kd subunit	82.093872	0.892									phrog_3188	co-chaperonin GroES	66.14962	0.892	K04078	chaperonin GroES	KEGG	false	high	NaN	NaN	2673.0	NaN
vRhyme_unbinned_81__MGr3G3H3I_000000246984_5	vRhyme_unbinned_81__MGr3G3H3I_000000246984	vRhyme_unbinned_81__MGr3G3H3I_000000246984																														KEGG	false	high	NaN	NaN	4434.0	NaN
vRhyme_unbinned_81__MGr3G3H3I_000000246984_6	vRhyme_unbinned_81__MGr3G3H3I_000000246984	vRhyme_unbinned_81__MGr3G3H3I_000000246984																														KEGG	false	high	NaN	NaN	4716.0	NaN
vRhyme_unbinned_81__MGr3G3H3I_000000246984_7	vRhyme_unbinned_81__MGr3G3H3I_000000246984	vRhyme_unbinned_81__MGr3G3H3I_000000246984																														KEGG	false	high	NaN	NaN	5112.0	NaN
vRhyme_unbinned_81__MGr3G3H3I_000000246984_8	vRhyme_unbinned_81__MGr3G3H3I_000000246984	vRhyme_unbinned_81__MGr3G3H3I_000000246984																														KEGG	false	high	NaN	NaN	5508.0	NaN
vRhyme_unbinned_81__MGr3G3H3I_000000246984_9	vRhyme_unbinned_81__MGr3G3H3I_000000246984	vRhyme_unbinned_81__MGr3G3H3I_000000246984																														KEGG	false	high	NaN	NaN	5802.0	NaN
vRhyme_unbinned_81__MGr3G3H3I_000000246984_10	vRhyme_unbinned_81__MGr3G3H3I_000000246984	vRhyme_unbinned_81__MGr3G3H3I_000000246984																														KEGG	false	high	NaN	NaN	5931.0	NaN
vRhyme_unbinned_81__MGr3G3H3I_000000246984_11	vRhyme_unbinned_81__MGr3G3H3I_000000246984	vRhyme_unbinned_81__MGr3G3H3I_000000246984																														KEGG	false	high	NaN	NaN	6126.0	NaN
vRhyme_unbinned_81__MGr3G3H3I_000000246984_12	vRhyme_unbinned_81__MGr3G3H3I_000000246984	vRhyme_unbinned_81__MGr3G3H3I_000000246984																														KEGG	false	high	NaN	NaN	6366.0	NaN
vRhyme_unbinned_81__MGr3G3H3I_000000246984_13	vRhyme_unbinned_81__MGr3G3H3I_000000246984	vRhyme_unbinned_81__MGr3G3H3I_000000246984																														KEGG	false	high	NaN	NaN	6732.0	NaN
vRhyme_unbinned_81__MGr3G3H3I_000000246984_14	vRhyme_unbinned_81__MGr3G3H3I_000000246984	vRhyme_unbinned_81__MGr3G3H3I_000000246984																														KEGG	false	high	NaN	NaN	NaN	NaN
vRhyme_unbinned_81__MGr3G3H3I_000000246984_15	vRhyme_unbinned_81__MGr3G3H3I_000000246984	vRhyme_unbinned_81__MGr3G3H3I_000000246984																														KEGG	false	high	NaN	NaN	NaN	NaN
vRhyme_unbinned_81__MGr3G3H3I_000000246984_16	vRhyme_unbinned_81__MGr3G3H3I_000000246984	vRhyme_unbinned_81__MGr3G3H3I_000000246984																														KEGG	false	high	NaN	NaN	NaN	NaN
vRhyme_unbinned_81__MGr3G3H3I_000000246984_17	vRhyme_unbinned_81__MGr3G3H3I_000000246984	vRhyme_unbinned_81__MGr3G3H3I_000000246984																														KEGG	false	high	NaN	NaN	NaN	NaN
vRhyme_unbinned_82__MGr3G3H3I_000000255661_1	vRhyme_unbinned_82__MGr3G3H3I_000000255661	vRhyme_unbinned_82__MGr3G3H3I_000000255661																								phrog_7314		60.930157	0.785	phrog_7314		PHROG	false	high	NaN	660.0	9135.0	NaN
vRhyme_unbinned_82__MGr3G3H3I_000000255661_2	vRhyme_unbinned_82__MGr3G3H3I_000000255661	vRhyme_unbinned_82__MGr3G3H3I_000000255661																														KEGG	false	high	NaN	255.0	9357.0	NaN
vRhyme_unbinned_82__MGr3G3H3I_000000255661_3	vRhyme_unbinned_82__MGr3G3H3I_000000255661	vRhyme_unbinned_82__MGr3G3H3I_000000255661	10.0	10.0	3.67	K04078	chaperonin GroES	78.401115	0.657					PF00166.27	Chaperonin 10 Kd subunit	67.364853	0.657									phrog_3188	co-chaperonin GroES	56.267929	0.65	K04078	chaperonin GroES	KEGG	false	medium	NaN	756.0	NaN	NaN
vRhyme_unbinned_82__MGr3G3H3I_000000255661_4	vRhyme_unbinned_82__MGr3G3H3I_000000255661	vRhyme_unbinned_82__MGr3G3H3I_000000255661																														KEGG	false	high	NaN	336.0	NaN	NaN
vRhyme_unbinned_82__MGr3G3H3I_000000255661_5	vRhyme_unbinned_82__MGr3G3H3I_000000255661	vRhyme_unbinned_82__MGr3G3H3I_000000255661	10.0	10.0	10.0	K04077	chaperonin GroEL [EC:5.6.1.7]	453.012543	0.977					PF00118.30	TCP-1/cpn60 chaperonin family	75.17646	0.436									phrog_5725	chaperonin groEL	384.438568	0.972	K04077	chaperonin GroEL [EC:5.6.1.7]	KEGG	false	high	NaN	15063.0	NaN	NaN
vRhyme_unbinned_82__MGr3G3H3I_000000255661_6	vRhyme_unbinned_82__MGr3G3H3I_000000255661	vRhyme_unbinned_82__MGr3G3H3I_000000255661																														KEGG	false	high	1686.0	13377.0	NaN	NaN
vRhyme_unbinned_82__MGr3G3H3I_000000255661_7	vRhyme_unbinned_82__MGr3G3H3I_000000255661	vRhyme_unbinned_82__MGr3G3H3I_000000255661																														KEGG	false	high	2004.0	13059.0	NaN	NaN
vRhyme_unbinned_82__MGr3G3H3I_000000255661_8	vRhyme_unbinned_82__MGr3G3H3I_000000255661	vRhyme_unbinned_82__MGr3G3H3I_000000255661																														KEGG	false	high	2241.0	12822.0	NaN	NaN
vRhyme_unbinned_82__MGr3G3H3I_000000255661_9	vRhyme_unbinned_82__MGr3G3H3I_000000255661	vRhyme_unbinned_82__MGr3G3H3I_000000255661																														KEGG	false	high	2460.0	12603.0	NaN	NaN
vRhyme_unbinned_82__MGr3G3H3I_000000255661_10	vRhyme_unbinned_82__MGr3G3H3I_000000255661	vRhyme_unbinned_82__MGr3G3H3I_000000255661																														KEGG	false	high	2994.0	12069.0	NaN	NaN
vRhyme_unbinned_82__MGr3G3H3I_000000255661_11	vRhyme_unbinned_82__MGr3G3H3I_000000255661	vRhyme_unbinned_82__MGr3G3H3I_000000255661																														KEGG	false	high	3258.0	11805.0	NaN	NaN
vRhyme_unbinned_82__MGr3G3H3I_000000255661_12	vRhyme_unbinned_82__MGr3G3H3I_000000255661	vRhyme_unbinned_82__MGr3G3H3I_000000255661																														KEGG	false	high	4263.0	10800.0	NaN	NaN
vRhyme_unbinned_82__MGr3G3H3I_000000255661_13	vRhyme_unbinned_82__MGr3G3H3I_000000255661	vRhyme_unbinned_82__MGr3G3H3I_000000255661																														KEGG	false	high	5559.0	9504.0	NaN	NaN
vRhyme_unbinned_82__MGr3G3H3I_000000255661_14	vRhyme_unbinned_82__MGr3G3H3I_000000255661	vRhyme_unbinned_82__MGr3G3H3I_000000255661																														KEGG	false	high	6051.0	9012.0	NaN	NaN
vRhyme_unbinned_82__MGr3G3H3I_000000255661_15	vRhyme_unbinned_82__MGr3G3H3I_000000255661	vRhyme_unbinned_82__MGr3G3H3I_000000255661																														KEGG	false	high	6591.0	8472.0	NaN	NaN
vRhyme_unbinned_82__MGr3G3H3I_000000255661_16	vRhyme_unbinned_82__MGr3G3H3I_000000255661	vRhyme_unbinned_82__MGr3G3H3I_000000255661																														KEGG	false	high	8274.0	6789.0	NaN	NaN
vRhyme_unbinned_82__MGr3G3H3I_000000255661_17	vRhyme_unbinned_82__MGr3G3H3I_000000255661	vRhyme_unbinned_82__MGr3G3H3I_000000255661																														KEGG	false	high	12624.0	2439.0	NaN	NaN
vRhyme_unbinned_82__MGr3G3H3I_000000255661_18	vRhyme_unbinned_82__MGr3G3H3I_000000255661	vRhyme_unbinned_82__MGr3G3H3I_000000255661																														KEGG	false	high	13377.0	1686.0	NaN	NaN
vRhyme_unbinned_82__MGr3G3H3I_000000255661_19	vRhyme_unbinned_82__MGr3G3H3I_000000255661	vRhyme_unbinned_82__MGr3G3H3I_000000255661																														KEGG	false	high	14259.0	804.0	NaN	NaN
vRhyme_unbinned_82__MGr3G3H3I_000000255661_20	vRhyme_unbinned_82__MGr3G3H3I_000000255661	vRhyme_unbinned_82__MGr3G3H3I_000000255661																														KEGG	false	high	14799.0	264.0	NaN	NaN
vRhyme_unbinned_82__MGr3G3H3I_000000255661_21	vRhyme_unbinned_82__MGr3G3H3I_000000255661	vRhyme_unbinned_82__MGr3G3H3I_000000255661	10.0	10.0		K07684	two-component system, NarL family, nitrate/nitrite response regulator NarL	51.871189	0.713					PF00196.26	Bacterial regulatory proteins, luxR family	30.954945	0.65													K07684	two-component system, NarL family, nitrate/nitrite response regulator NarL	KEGG	false	high	15063.0	29913.0	NaN	NaN
vRhyme_unbinned_82__MGr3G3H3I_000000255661_22	vRhyme_unbinned_82__MGr3G3H3I_000000255661	vRhyme_unbinned_82__MGr3G3H3I_000000255661																														KEGG	false	high	240.0	29673.0	NaN	NaN
vRhyme_unbinned_82__MGr3G3H3I_000000255661_23	vRhyme_unbinned_82__MGr3G3H3I_000000255661	vRhyme_unbinned_82__MGr3G3H3I_000000255661																														KEGG	false	high	3612.0	26301.0	NaN	NaN
vRhyme_unbinned_82__MGr3G3H3I_000000255661_24	vRhyme_unbinned_82__MGr3G3H3I_000000255661	vRhyme_unbinned_82__MGr3G3H3I_000000255661																														KEGG	false	high	3810.0	26103.0	NaN	NaN
vRhyme_unbinned_82__MGr3G3H3I_000000255661_25	vRhyme_unbinned_82__MGr3G3H3I_000000255661	vRhyme_unbinned_82__MGr3G3H3I_000000255661																														KEGG	false	high	4260.0	25653.0	NaN	NaN
vRhyme_unbinned_82__MGr3G3H3I_000000255661_26	vRhyme_unbinned_82__MGr3G3H3I_000000255661	vRhyme_unbinned_82__MGr3G3H3I_000000255661																														KEGG	false	high	4530.0	25383.0	NaN	NaN
vRhyme_unbinned_82__MGr3G3H3I_000000255661_27	vRhyme_unbinned_82__MGr3G3H3I_000000255661	vRhyme_unbinned_82__MGr3G3H3I_000000255661																														KEGG	false	high	4710.0	25203.0	NaN	17106.0
vRhyme_unbinned_82__MGr3G3H3I_000000255661_28	vRhyme_unbinned_82__MGr3G3H3I_000000255661	vRhyme_unbinned_82__MGr3G3H3I_000000255661																														KEGG	false	high	5313.0	24600.0	1362.0	15744.0
vRhyme_unbinned_82__MGr3G3H3I_000000255661_29	vRhyme_unbinned_82__MGr3G3H3I_000000255661	vRhyme_unbinned_82__MGr3G3H3I_000000255661																														KEGG	false	high	5736.0	24177.0	1554.0	15552.0
vRhyme_unbinned_82__MGr3G3H3I_000000255661_30	vRhyme_unbinned_82__MGr3G3H3I_000000255661	vRhyme_unbinned_82__MGr3G3H3I_000000255661																														KEGG	false	high	6024.0	23889.0	2610.0	14496.0
vRhyme_unbinned_82__MGr3G3H3I_000000255661_31	vRhyme_unbinned_82__MGr3G3H3I_000000255661	vRhyme_unbinned_82__MGr3G3H3I_000000255661																														KEGG	false	high	8616.0	21297.0	2841.0	14265.0
vRhyme_unbinned_82__MGr3G3H3I_000000255661_32	vRhyme_unbinned_82__MGr3G3H3I_000000255661	vRhyme_unbinned_82__MGr3G3H3I_000000255661																														KEGG	false	high	8961.0	20952.0	3168.0	13938.0
vRhyme_unbinned_82__MGr3G3H3I_000000255661_33	vRhyme_unbinned_82__MGr3G3H3I_000000255661	vRhyme_unbinned_82__MGr3G3H3I_000000255661																														KEGG	false	high	10725.0	19188.0	5628.0	11478.0
vRhyme_unbinned_82__MGr3G3H3I_000000255661_34	vRhyme_unbinned_82__MGr3G3H3I_000000255661	vRhyme_unbinned_82__MGr3G3H3I_000000255661																														KEGG	false	high	12018.0	17895.0	5808.0	11298.0
vRhyme_unbinned_82__MGr3G3H3I_000000255661_35	vRhyme_unbinned_82__MGr3G3H3I_000000255661	vRhyme_unbinned_82__MGr3G3H3I_000000255661		8.07	9.36									PF11750.14	Protein of unknown function (DUF3307)	38.375206	0.882									phrog_2470	membrane protein	97.191254	0.936	phrog_2470	membrane protein	PHROG	false	high	12207.0	17706.0	6072.0	11034.0
vRhyme_unbinned_82__MGr3G3H3I_000000255661_36	vRhyme_unbinned_82__MGr3G3H3I_000000255661	vRhyme_unbinned_82__MGr3G3H3I_000000255661																														KEGG	false	high	12537.0	17376.0	7524.0	9582.0
vRhyme_unbinned_82__MGr3G3H3I_000000255661_37	vRhyme_unbinned_82__MGr3G3H3I_000000255661	vRhyme_unbinned_82__MGr3G3H3I_000000255661																														KEGG	false	high	13230.0	16683.0	7740.0	9366.0
vRhyme_unbinned_82__MGr3G3H3I_000000255661_38	vRhyme_unbinned_82__MGr3G3H3I_000000255661	vRhyme_unbinned_82__MGr3G3H3I_000000255661																														KEGG	false	high	14460.0	15453.0	8259.0	8847.0
vRhyme_unbinned_82__MGr3G3H3I_000000255661_39	vRhyme_unbinned_82__MGr3G3H3I_000000255661	vRhyme_unbinned_82__MGr3G3H3I_000000255661																														KEGG	false	high	15258.0	14655.0	8688.0	8418.0
vRhyme_unbinned_82__MGr3G3H3I_000000255661_40	vRhyme_unbinned_82__MGr3G3H3I_000000255661	vRhyme_unbinned_82__MGr3G3H3I_000000255661																														KEGG	false	high	15660.0	14253.0	8892.0	8214.0
vRhyme_unbinned_82__MGr3G3H3I_000000255661_41	vRhyme_unbinned_82__MGr3G3H3I_000000255661	vRhyme_unbinned_82__MGr3G3H3I_000000255661																														KEGG	false	high	19179.0	10734.0	9552.0	7554.0
vRhyme_unbinned_82__MGr3G3H3I_000000255661_42	vRhyme_unbinned_82__MGr3G3H3I_000000255661	vRhyme_unbinned_82__MGr3G3H3I_000000255661																														KEGG	false	high	20019.0	9894.0	9855.0	7251.0
vRhyme_unbinned_82__MGr3G3H3I_000000255661_43	vRhyme_unbinned_82__MGr3G3H3I_000000255661	vRhyme_unbinned_82__MGr3G3H3I_000000255661																														KEGG	false	high	20283.0	9630.0	10377.0	6729.0
vRhyme_unbinned_82__MGr3G3H3I_000000255661_44	vRhyme_unbinned_82__MGr3G3H3I_000000255661	vRhyme_unbinned_82__MGr3G3H3I_000000255661																														KEGG	false	high	20772.0	9141.0	11778.0	5328.0
vRhyme_unbinned_82__MGr3G3H3I_000000255661_45	vRhyme_unbinned_82__MGr3G3H3I_000000255661	vRhyme_unbinned_82__MGr3G3H3I_000000255661																														KEGG	false	high	21360.0	8553.0	14334.0	2772.0
vRhyme_unbinned_82__MGr3G3H3I_000000255661_46	vRhyme_unbinned_82__MGr3G3H3I_000000255661	vRhyme_unbinned_82__MGr3G3H3I_000000255661																														KEGG	false	high	22830.0	7083.0	15318.0	1788.0
vRhyme_unbinned_82__MGr3G3H3I_000000255661_47	vRhyme_unbinned_82__MGr3G3H3I_000000255661	vRhyme_unbinned_82__MGr3G3H3I_000000255661																														KEGG	false	high	28983.0	930.0	15861.0	1245.0
vRhyme_unbinned_82__MGr3G3H3I_000000255661_48	vRhyme_unbinned_82__MGr3G3H3I_000000255661	vRhyme_unbinned_82__MGr3G3H3I_000000255661																														KEGG	false	high	29226.0	687.0	16500.0	606.0
vRhyme_unbinned_82__MGr3G3H3I_000000255661_49	vRhyme_unbinned_82__MGr3G3H3I_000000255661	vRhyme_unbinned_82__MGr3G3H3I_000000255661		10.0	10.0									PF03237.22	Terminase large subunit, T4likevirus-type, N-terminal	26.296926	0.424									phrog_2	terminase large subunit	77.993813	0.893	phrog_2	terminase large subunit	PHROG	false	high	29913.0	3390.0	17106.0	4542.0
vRhyme_unbinned_82__MGr3G3H3I_000000255661_50	vRhyme_unbinned_82__MGr3G3H3I_000000255661	vRhyme_unbinned_82__MGr3G3H3I_000000255661		5.4										PF02954.26	Bacterial regulatory protein, Fis family	42.880585	0.429													PF02954.26	Bacterial regulatory protein, Fis family	Pfam	false	high	1620.0	1770.0	1623.0	2919.0
vRhyme_unbinned_82__MGr3G3H3I_000000255661_51	vRhyme_unbinned_82__MGr3G3H3I_000000255661	vRhyme_unbinned_82__MGr3G3H3I_000000255661																														KEGG	false	high	1893.0	1497.0	4320.0	222.0
vRhyme_unbinned_82__MGr3G3H3I_000000255661_52	vRhyme_unbinned_82__MGr3G3H3I_000000255661	vRhyme_unbinned_82__MGr3G3H3I_000000255661																								phrog_3657		148.703323	0.598	phrog_3657		PHROG	false	high	2175.0	1215.0	4542.0	NaN
vRhyme_unbinned_82__MGr3G3H3I_000000255661_53	vRhyme_unbinned_82__MGr3G3H3I_000000255661	vRhyme_unbinned_82__MGr3G3H3I_000000255661		10.0	10.0									PF09588.17	YqaJ-like viral recombinase domain	79.06131	0.4									phrog_434	RecE-like recombination exonuclease	144.905106	0.728	phrog_434	RecE-like recombination exonuclease	PHROG	false	high	3390.0	1170.0	NaN	228.0
vRhyme_unbinned_82__MGr3G3H3I_000000255661_54	vRhyme_unbinned_82__MGr3G3H3I_000000255661	vRhyme_unbinned_82__MGr3G3H3I_000000255661		10.0										PF04545.23	Sigma-70, region 4	27.716888	0.395													PF04545.23	Sigma-70, region 4	Pfam	false	high	1170.0	432.0	NaN	639.0
vRhyme_unbinned_82__MGr3G3H3I_000000255661_55	vRhyme_unbinned_82__MGr3G3H3I_000000255661	vRhyme_unbinned_82__MGr3G3H3I_000000255661																														KEGG	false	high	228.0	204.0	639.0	1830.0
vRhyme_unbinned_82__MGr3G3H3I_000000255661_56	vRhyme_unbinned_82__MGr3G3H3I_000000255661	vRhyme_unbinned_82__MGr3G3H3I_000000255661		10.0										PF01844.30	HNH endonuclease	21.704548	0.223													PF01844.30	HNH endonuclease	Pfam	false	high	432.0	1791.0	555.0	1275.0
vRhyme_unbinned_82__MGr3G3H3I_000000255661_57	vRhyme_unbinned_82__MGr3G3H3I_000000255661	vRhyme_unbinned_82__MGr3G3H3I_000000255661																														KEGG	false	high	579.0	1212.0	732.0	1098.0
vRhyme_unbinned_82__MGr3G3H3I_000000255661_58	vRhyme_unbinned_82__MGr3G3H3I_000000255661	vRhyme_unbinned_82__MGr3G3H3I_000000255661																														KEGG	false	high	882.0	909.0	954.0	876.0
vRhyme_unbinned_82__MGr3G3H3I_000000255661_59	vRhyme_unbinned_82__MGr3G3H3I_000000255661	vRhyme_unbinned_82__MGr3G3H3I_000000255661																														KEGG	false	high	1302.0	489.0	1554.0	276.0
vRhyme_unbinned_82__MGr3G3H3I_000000255661_60	vRhyme_unbinned_82__MGr3G3H3I_000000255661	vRhyme_unbinned_82__MGr3G3H3I_000000255661																														KEGG	false	high	1506.0	285.0	1830.0	NaN
vRhyme_unbinned_82__MGr3G3H3I_000000255661_61	vRhyme_unbinned_82__MGr3G3H3I_000000255661	vRhyme_unbinned_82__MGr3G3H3I_000000255661	10.0	10.0	10.0	K07496	putative transposase	242.341949	0.936					PF07282.19	Putative transposase DNA-binding domain	71.662918	0.193									phrog_506	transposase	223.970947	0.927	K07496	putative transposase	KEGG	false	high	1791.0	NaN	612.0	NaN
vRhyme_unbinned_82__MGr3G3H3I_000000255661_62	vRhyme_unbinned_82__MGr3G3H3I_000000255661	vRhyme_unbinned_82__MGr3G3H3I_000000255661																														KEGG	false	high	1074.0	NaN	732.0	NaN
vRhyme_unbinned_82__MGr3G3H3I_000000255661_63	vRhyme_unbinned_82__MGr3G3H3I_000000255661	vRhyme_unbinned_82__MGr3G3H3I_000000255661																														KEGG	false	high	1335.0	NaN	1272.0	NaN
vRhyme_unbinned_82__MGr3G3H3I_000000255661_64	vRhyme_unbinned_82__MGr3G3H3I_000000255661	vRhyme_unbinned_82__MGr3G3H3I_000000255661																														KEGG	false	high	2145.0	NaN	1491.0	NaN
vRhyme_unbinned_82__MGr3G3H3I_000000255661_65	vRhyme_unbinned_82__MGr3G3H3I_000000255661	vRhyme_unbinned_82__MGr3G3H3I_000000255661												PF24875.2		83.27877	0.411													PF24875.2		Pfam	false	high	2445.0	NaN	1716.0	NaN
vRhyme_unbinned_82__MGr3G3H3I_000000255661_66	vRhyme_unbinned_82__MGr3G3H3I_000000255661	vRhyme_unbinned_82__MGr3G3H3I_000000255661																														KEGG	false	high	2883.0	NaN	2061.0	NaN
vRhyme_unbinned_82__MGr3G3H3I_000000255661_67	vRhyme_unbinned_82__MGr3G3H3I_000000255661	vRhyme_unbinned_82__MGr3G3H3I_000000255661																														KEGG	false	high	3249.0	NaN	2334.0	NaN
vRhyme_unbinned_82__MGr3G3H3I_000000255661_68	vRhyme_unbinned_82__MGr3G3H3I_000000255661	vRhyme_unbinned_82__MGr3G3H3I_000000255661																														KEGG	false	high	4101.0	NaN	2679.0	NaN
vRhyme_unbinned_82__MGr3G3H3I_000000255661_69	vRhyme_unbinned_82__MGr3G3H3I_000000255661	vRhyme_unbinned_82__MGr3G3H3I_000000255661																														KEGG	false	high	4398.0	NaN	2892.0	NaN
vRhyme_unbinned_83__MGr3G3H3I_000000264560_1	vRhyme_unbinned_83__MGr3G3H3I_000000264560	vRhyme_unbinned_83__MGr3G3H3I_000000264560																														KEGG	false	high	NaN	6357.0	26664.0	NaN
vRhyme_unbinned_83__MGr3G3H3I_000000264560_2	vRhyme_unbinned_83__MGr3G3H3I_000000264560	vRhyme_unbinned_83__MGr3G3H3I_000000264560																														KEGG	false	high	NaN	6060.0	27228.0	NaN
vRhyme_unbinned_83__MGr3G3H3I_000000264560_3	vRhyme_unbinned_83__MGr3G3H3I_000000264560	vRhyme_unbinned_83__MGr3G3H3I_000000264560																														KEGG	false	high	NaN	5859.0	27513.0	NaN
vRhyme_unbinned_83__MGr3G3H3I_000000264560_4	vRhyme_unbinned_83__MGr3G3H3I_000000264560	vRhyme_unbinned_83__MGr3G3H3I_000000264560																														KEGG	false	high	NaN	5634.0	28602.0	NaN
vRhyme_unbinned_83__MGr3G3H3I_000000264560_5	vRhyme_unbinned_83__MGr3G3H3I_000000264560	vRhyme_unbinned_83__MGr3G3H3I_000000264560																														KEGG	false	high	NaN	5457.0	29004.0	NaN
vRhyme_unbinned_83__MGr3G3H3I_000000264560_6	vRhyme_unbinned_83__MGr3G3H3I_000000264560	vRhyme_unbinned_83__MGr3G3H3I_000000264560																														KEGG	false	high	NaN	5289.0	NaN	NaN
vRhyme_unbinned_83__MGr3G3H3I_000000264560_7	vRhyme_unbinned_83__MGr3G3H3I_000000264560	vRhyme_unbinned_83__MGr3G3H3I_000000264560																														KEGG	false	high	NaN	5103.0	NaN	NaN
vRhyme_unbinned_83__MGr3G3H3I_000000264560_8	vRhyme_unbinned_83__MGr3G3H3I_000000264560	vRhyme_unbinned_83__MGr3G3H3I_000000264560																														KEGG	false	high	NaN	4815.0	NaN	NaN
vRhyme_unbinned_83__MGr3G3H3I_000000264560_9	vRhyme_unbinned_83__MGr3G3H3I_000000264560	vRhyme_unbinned_83__MGr3G3H3I_000000264560																														KEGG	false	high	NaN	4590.0	NaN	NaN
vRhyme_unbinned_83__MGr3G3H3I_000000264560_10	vRhyme_unbinned_83__MGr3G3H3I_000000264560	vRhyme_unbinned_83__MGr3G3H3I_000000264560																														KEGG	false	high	NaN	4212.0	NaN	NaN
vRhyme_unbinned_83__MGr3G3H3I_000000264560_11	vRhyme_unbinned_83__MGr3G3H3I_000000264560	vRhyme_unbinned_83__MGr3G3H3I_000000264560																														KEGG	false	high	NaN	3783.0	NaN	NaN
vRhyme_unbinned_83__MGr3G3H3I_000000264560_12	vRhyme_unbinned_83__MGr3G3H3I_000000264560	vRhyme_unbinned_83__MGr3G3H3I_000000264560																														KEGG	false	high	NaN	3582.0	NaN	NaN
vRhyme_unbinned_83__MGr3G3H3I_000000264560_13	vRhyme_unbinned_83__MGr3G3H3I_000000264560	vRhyme_unbinned_83__MGr3G3H3I_000000264560																														KEGG	false	high	NaN	3354.0	NaN	NaN
vRhyme_unbinned_83__MGr3G3H3I_000000264560_14	vRhyme_unbinned_83__MGr3G3H3I_000000264560	vRhyme_unbinned_83__MGr3G3H3I_000000264560																														KEGG	false	high	NaN	3141.0	NaN	NaN
vRhyme_unbinned_83__MGr3G3H3I_000000264560_15	vRhyme_unbinned_83__MGr3G3H3I_000000264560	vRhyme_unbinned_83__MGr3G3H3I_000000264560																														KEGG	false	high	NaN	3051.0	NaN	NaN
vRhyme_unbinned_83__MGr3G3H3I_000000264560_16	vRhyme_unbinned_83__MGr3G3H3I_000000264560	vRhyme_unbinned_83__MGr3G3H3I_000000264560																														KEGG	false	high	NaN	2928.0	NaN	NaN
vRhyme_unbinned_83__MGr3G3H3I_000000264560_17	vRhyme_unbinned_83__MGr3G3H3I_000000264560	vRhyme_unbinned_83__MGr3G3H3I_000000264560																														KEGG	false	high	NaN	2769.0	NaN	NaN
vRhyme_unbinned_83__MGr3G3H3I_000000264560_18	vRhyme_unbinned_83__MGr3G3H3I_000000264560	vRhyme_unbinned_83__MGr3G3H3I_000000264560																														KEGG	false	medium	NaN	2583.0	NaN	NaN
vRhyme_unbinned_83__MGr3G3H3I_000000264560_19	vRhyme_unbinned_83__MGr3G3H3I_000000264560	vRhyme_unbinned_83__MGr3G3H3I_000000264560																														KEGG	false	medium	NaN	2370.0	NaN	NaN
vRhyme_unbinned_83__MGr3G3H3I_000000264560_20	vRhyme_unbinned_83__MGr3G3H3I_000000264560	vRhyme_unbinned_83__MGr3G3H3I_000000264560																														KEGG	false	medium	NaN	2139.0	NaN	NaN
vRhyme_unbinned_83__MGr3G3H3I_000000264560_21	vRhyme_unbinned_83__MGr3G3H3I_000000264560	vRhyme_unbinned_83__MGr3G3H3I_000000264560																														KEGG	false	medium	NaN	1710.0	NaN	NaN
vRhyme_unbinned_83__MGr3G3H3I_000000264560_22	vRhyme_unbinned_83__MGr3G3H3I_000000264560	vRhyme_unbinned_83__MGr3G3H3I_000000264560																														KEGG	false	medium	NaN	1344.0	NaN	NaN
vRhyme_unbinned_83__MGr3G3H3I_000000264560_23	vRhyme_unbinned_83__MGr3G3H3I_000000264560	vRhyme_unbinned_83__MGr3G3H3I_000000264560																								phrog_1384	Mom-like DNA modification protein	73.723663	0.507	phrog_1384	Mom-like DNA modification protein	PHROG	false	medium	NaN	1149.0	NaN	NaN
vRhyme_unbinned_83__MGr3G3H3I_000000264560_24	vRhyme_unbinned_83__MGr3G3H3I_000000264560	vRhyme_unbinned_83__MGr3G3H3I_000000264560																														KEGG	false	medium	NaN	297.0	NaN	NaN
vRhyme_unbinned_83__MGr3G3H3I_000000264560_25	vRhyme_unbinned_83__MGr3G3H3I_000000264560	vRhyme_unbinned_83__MGr3G3H3I_000000264560	10.0	10.0	10.0	K07074	uncharacterized protein	92.158928	0.697					PF10127.16	RNA repair pathway DNA polymerase beta family	57.60453	0.811									phrog_388	nucleotidyltransferase	61.456032	0.52	K07074	uncharacterized protein	KEGG	false	medium	NaN	NaN	NaN	NaN
vRhyme_unbinned_83__MGr3G3H3I_000000264560_26	vRhyme_unbinned_83__MGr3G3H3I_000000264560	vRhyme_unbinned_83__MGr3G3H3I_000000264560																														KEGG	false	medium	732.0	NaN	NaN	NaN
vRhyme_unbinned_83__MGr3G3H3I_000000264560_27	vRhyme_unbinned_83__MGr3G3H3I_000000264560	vRhyme_unbinned_83__MGr3G3H3I_000000264560																														KEGG	false	medium	1239.0	NaN	NaN	NaN
vRhyme_unbinned_83__MGr3G3H3I_000000264560_28	vRhyme_unbinned_83__MGr3G3H3I_000000264560	vRhyme_unbinned_83__MGr3G3H3I_000000264560																														KEGG	false	medium	1497.0	NaN	NaN	NaN
vRhyme_unbinned_83__MGr3G3H3I_000000264560_29	vRhyme_unbinned_83__MGr3G3H3I_000000264560	vRhyme_unbinned_83__MGr3G3H3I_000000264560																														KEGG	false	medium	1827.0	NaN	NaN	NaN
vRhyme_unbinned_83__MGr3G3H3I_000000264560_30	vRhyme_unbinned_83__MGr3G3H3I_000000264560	vRhyme_unbinned_83__MGr3G3H3I_000000264560																														KEGG	false	medium	2010.0	NaN	NaN	NaN
vRhyme_unbinned_83__MGr3G3H3I_000000264560_31	vRhyme_unbinned_83__MGr3G3H3I_000000264560	vRhyme_unbinned_83__MGr3G3H3I_000000264560																														KEGG	false	high	3675.0	NaN	NaN	NaN
vRhyme_unbinned_83__MGr3G3H3I_000000264560_32	vRhyme_unbinned_83__MGr3G3H3I_000000264560	vRhyme_unbinned_83__MGr3G3H3I_000000264560																														KEGG	false	high	4290.0	NaN	NaN	NaN
vRhyme_unbinned_83__MGr3G3H3I_000000264560_33	vRhyme_unbinned_83__MGr3G3H3I_000000264560	vRhyme_unbinned_83__MGr3G3H3I_000000264560																														KEGG	false	high	4515.0	NaN	NaN	NaN
vRhyme_unbinned_83__MGr3G3H3I_000000264560_34	vRhyme_unbinned_83__MGr3G3H3I_000000264560	vRhyme_unbinned_83__MGr3G3H3I_000000264560																														KEGG	false	high	4746.0	NaN	NaN	NaN
vRhyme_unbinned_83__MGr3G3H3I_000000264560_35	vRhyme_unbinned_83__MGr3G3H3I_000000264560	vRhyme_unbinned_83__MGr3G3H3I_000000264560																														KEGG	false	high	4983.0	NaN	NaN	NaN
vRhyme_unbinned_83__MGr3G3H3I_000000264560_36	vRhyme_unbinned_83__MGr3G3H3I_000000264560	vRhyme_unbinned_83__MGr3G3H3I_000000264560																														KEGG	false	high	5280.0	NaN	NaN	NaN
vRhyme_unbinned_83__MGr3G3H3I_000000264560_37	vRhyme_unbinned_83__MGr3G3H3I_000000264560	vRhyme_unbinned_83__MGr3G3H3I_000000264560																														KEGG	false	high	5559.0	NaN	NaN	NaN
vRhyme_unbinned_83__MGr3G3H3I_000000264560_38	vRhyme_unbinned_83__MGr3G3H3I_000000264560	vRhyme_unbinned_83__MGr3G3H3I_000000264560																														KEGG	false	high	5787.0	NaN	NaN	NaN
vRhyme_unbinned_83__MGr3G3H3I_000000264560_39	vRhyme_unbinned_83__MGr3G3H3I_000000264560	vRhyme_unbinned_83__MGr3G3H3I_000000264560																														KEGG	false	high	6216.0	NaN	NaN	NaN
vRhyme_unbinned_83__MGr3G3H3I_000000264560_40	vRhyme_unbinned_83__MGr3G3H3I_000000264560	vRhyme_unbinned_83__MGr3G3H3I_000000264560																														KEGG	false	high	6354.0	NaN	NaN	NaN
vRhyme_unbinned_83__MGr3G3H3I_000000264560_41	vRhyme_unbinned_83__MGr3G3H3I_000000264560	vRhyme_unbinned_83__MGr3G3H3I_000000264560																														KEGG	false	high	6492.0	NaN	NaN	NaN
vRhyme_unbinned_83__MGr3G3H3I_000000264560_42	vRhyme_unbinned_83__MGr3G3H3I_000000264560	vRhyme_unbinned_83__MGr3G3H3I_000000264560																														KEGG	false	high	7464.0	NaN	NaN	NaN
vRhyme_unbinned_83__MGr3G3H3I_000000264560_43	vRhyme_unbinned_83__MGr3G3H3I_000000264560	vRhyme_unbinned_83__MGr3G3H3I_000000264560																														KEGG	false	high	7665.0	NaN	NaN	NaN
vRhyme_unbinned_83__MGr3G3H3I_000000264560_44	vRhyme_unbinned_83__MGr3G3H3I_000000264560	vRhyme_unbinned_83__MGr3G3H3I_000000264560																														KEGG	false	high	7836.0	NaN	NaN	NaN
vRhyme_unbinned_84__MGr3G3H3I_000000268864_1	vRhyme_unbinned_84__MGr3G3H3I_000000268864	vRhyme_unbinned_84__MGr3G3H3I_000000268864																														KEGG	false	high	NaN	96.0	NaN	NaN
vRhyme_unbinned_84__MGr3G3H3I_000000268864_2	vRhyme_unbinned_84__MGr3G3H3I_000000268864	vRhyme_unbinned_84__MGr3G3H3I_000000268864		10.0										PF09250.17	Bifunctional DNA primase/polymerase, N-terminal	53.870796	0.161													PF09250.17	Bifunctional DNA primase/polymerase, N-terminal	Pfam	false	high	NaN	5832.0	NaN	NaN
vRhyme_unbinned_84__MGr3G3H3I_000000268864_3	vRhyme_unbinned_84__MGr3G3H3I_000000268864	vRhyme_unbinned_84__MGr3G3H3I_000000268864																														KEGG	false	high	NaN	3012.0	NaN	NaN
vRhyme_unbinned_84__MGr3G3H3I_000000268864_4	vRhyme_unbinned_84__MGr3G3H3I_000000268864	vRhyme_unbinned_84__MGr3G3H3I_000000268864																														KEGG	false	high	NaN	2565.0	NaN	NaN
vRhyme_unbinned_84__MGr3G3H3I_000000268864_5	vRhyme_unbinned_84__MGr3G3H3I_000000268864	vRhyme_unbinned_84__MGr3G3H3I_000000268864																														KEGG	false	high	NaN	2346.0	NaN	NaN
vRhyme_unbinned_84__MGr3G3H3I_000000268864_6	vRhyme_unbinned_84__MGr3G3H3I_000000268864	vRhyme_unbinned_84__MGr3G3H3I_000000268864																														KEGG	false	high	NaN	1134.0	NaN	NaN
vRhyme_unbinned_84__MGr3G3H3I_000000268864_7	vRhyme_unbinned_84__MGr3G3H3I_000000268864	vRhyme_unbinned_84__MGr3G3H3I_000000268864																														KEGG	false	high	NaN	519.0	NaN	NaN
vRhyme_unbinned_84__MGr3G3H3I_000000268864_8	vRhyme_unbinned_84__MGr3G3H3I_000000268864	vRhyme_unbinned_84__MGr3G3H3I_000000268864																														KEGG	false	high	NaN	360.0	NaN	NaN
vRhyme_unbinned_84__MGr3G3H3I_000000268864_9	vRhyme_unbinned_84__MGr3G3H3I_000000268864	vRhyme_unbinned_84__MGr3G3H3I_000000268864	10.0	10.0	10.0	K00571	site-specific DNA-methyltransferase (adenine-specific) [EC:2.1.1.72]	111.028236	0.954					PF01555.25	DNA methylase	37.559986	0.744									phrog_67	DNA methyltransferase	111.317223	0.811	phrog_67	DNA methyltransferase	PHROG	false	high	NaN	1815.0	NaN	8082.0
vRhyme_unbinned_84__MGr3G3H3I_000000268864_10	vRhyme_unbinned_84__MGr3G3H3I_000000268864	vRhyme_unbinned_84__MGr3G3H3I_000000268864																														KEGG	false	high	1113.0	702.0	NaN	7713.0
vRhyme_unbinned_84__MGr3G3H3I_000000268864_11	vRhyme_unbinned_84__MGr3G3H3I_000000268864	vRhyme_unbinned_84__MGr3G3H3I_000000268864	10.0	10.0	10.0	K00590	site-specific DNA-methyltransferase (cytosine-N4-specific) [EC:2.1.1.113]	192.749939	0.944					PF01555.25	DNA methylase	172.445816	0.867									phrog_67	DNA methyltransferase	247.624466	0.954	phrog_67	DNA methyltransferase	PHROG	false	high	1815.0	1542.0	NaN	7578.0
vRhyme_unbinned_84__MGr3G3H3I_000000268864_12	vRhyme_unbinned_84__MGr3G3H3I_000000268864	vRhyme_unbinned_84__MGr3G3H3I_000000268864																														KEGG	false	high	972.0	570.0	NaN	7074.0
vRhyme_unbinned_84__MGr3G3H3I_000000268864_13	vRhyme_unbinned_84__MGr3G3H3I_000000268864	vRhyme_unbinned_84__MGr3G3H3I_000000268864																														KEGG	false	high	1317.0	225.0	NaN	5991.0
vRhyme_unbinned_84__MGr3G3H3I_000000268864_14	vRhyme_unbinned_84__MGr3G3H3I_000000268864	vRhyme_unbinned_84__MGr3G3H3I_000000268864		10.0	10.0									PF07505.18	Protein of unknown function (DUF5131)	121.429314	0.879									phrog_2045		144.970871	0.895	phrog_2045		PHROG	false	high	1542.0	NaN	NaN	2922.0
vRhyme_unbinned_84__MGr3G3H3I_000000268864_15	vRhyme_unbinned_84__MGr3G3H3I_000000268864	vRhyme_unbinned_84__MGr3G3H3I_000000268864																														KEGG	false	high	915.0	NaN	NaN	2574.0
vRhyme_unbinned_84__MGr3G3H3I_000000268864_16	vRhyme_unbinned_84__MGr3G3H3I_000000268864	vRhyme_unbinned_84__MGr3G3H3I_000000268864																														KEGG	false	high	1161.0	NaN	NaN	1860.0
vRhyme_unbinned_84__MGr3G3H3I_000000268864_17	vRhyme_unbinned_84__MGr3G3H3I_000000268864	vRhyme_unbinned_84__MGr3G3H3I_000000268864																														KEGG	false	high	1860.0	NaN	NaN	909.0
vRhyme_unbinned_84__MGr3G3H3I_000000268864_18	vRhyme_unbinned_84__MGr3G3H3I_000000268864	vRhyme_unbinned_84__MGr3G3H3I_000000268864																														KEGG	false	high	2481.0	NaN	NaN	213.0
vRhyme_unbinned_85__MGr3G3H3I_000000273023_1	vRhyme_unbinned_85__MGr3G3H3I_000000273023	vRhyme_unbinned_85__MGr3G3H3I_000000273023	10.0	9.89	2.66	K02481	two-component system, NtrC family, response regulator	499.838348	0.987	HMMsoil20340	hprT, hpt, HPRT1; hypoxanthine phosphoribosyltransferase EC:2.4.2.8	52.04533	0.126	PF00158.33	Sigma-54 interaction domain	237.048035	0.43									phrog_7998		195.814621	0.812	K02481	two-component system, NtrC family, response regulator	KEGG	false	medium	NaN	3126.0	NaN	NaN
vRhyme_unbinned_85__MGr3G3H3I_000000273023_2	vRhyme_unbinned_85__MGr3G3H3I_000000273023	vRhyme_unbinned_85__MGr3G3H3I_000000273023																														KEGG	false	high	NaN	1962.0	NaN	NaN
vRhyme_unbinned_85__MGr3G3H3I_000000273023_3	vRhyme_unbinned_85__MGr3G3H3I_000000273023	vRhyme_unbinned_85__MGr3G3H3I_000000273023		10.0	10.0									PF10123.15	Mu-like prophage I protein	54.90493	0.684									phrog_328	head maturation protease	60.34993	0.647	phrog_328	head maturation protease	PHROG	false	high	NaN	1566.0	NaN	NaN
vRhyme_unbinned_85__MGr3G3H3I_000000273023_4	vRhyme_unbinned_85__MGr3G3H3I_000000273023	vRhyme_unbinned_85__MGr3G3H3I_000000273023																														KEGG	false	high	960.0	606.0	NaN	NaN
vRhyme_unbinned_85__MGr3G3H3I_000000273023_5	vRhyme_unbinned_85__MGr3G3H3I_000000273023	vRhyme_unbinned_85__MGr3G3H3I_000000273023		10.0										PF12728.14	Helix-turn-helix domain	28.332623	0.562													PF12728.14	Helix-turn-helix domain	Pfam	false	high	1566.0	267.0	NaN	NaN
vRhyme_unbinned_85__MGr3G3H3I_000000273023_6	vRhyme_unbinned_85__MGr3G3H3I_000000273023	vRhyme_unbinned_85__MGr3G3H3I_000000273023		10.0										PF12728.14	Helix-turn-helix domain	27.922922	0.658													PF12728.14	Helix-turn-helix domain	Pfam	false	high	267.0	3195.0	NaN	NaN
vRhyme_unbinned_85__MGr3G3H3I_000000273023_7	vRhyme_unbinned_85__MGr3G3H3I_000000273023	vRhyme_unbinned_85__MGr3G3H3I_000000273023								HMMsoil126373	ade; adenine deaminase EC:3.5.4.2	25.850958	0.131																	HMMsoil126373	ade; adenine deaminase EC:3.5.4.2	FOAM	false	high	228.0	2967.0	NaN	NaN
vRhyme_unbinned_85__MGr3G3H3I_000000273023_8	vRhyme_unbinned_85__MGr3G3H3I_000000273023	vRhyme_unbinned_85__MGr3G3H3I_000000273023																														KEGG	false	high	1098.0	2097.0	NaN	NaN
vRhyme_unbinned_85__MGr3G3H3I_000000273023_9	vRhyme_unbinned_85__MGr3G3H3I_000000273023	vRhyme_unbinned_85__MGr3G3H3I_000000273023																								phrog_310	transposase	59.21513	0.731	phrog_310	transposase	PHROG	false	high	1488.0	1707.0	NaN	NaN
vRhyme_unbinned_85__MGr3G3H3I_000000273023_10	vRhyme_unbinned_85__MGr3G3H3I_000000273023	vRhyme_unbinned_85__MGr3G3H3I_000000273023		10.0	10.0									PF13401.13	AAA domain	51.923344	0.397									phrog_296	DNA transposition protein	67.96489	0.657	phrog_296	DNA transposition protein	PHROG	false	high	3195.0	NaN	NaN	NaN
vRhyme_unbinned_85__MGr3G3H3I_000000273023_11	vRhyme_unbinned_85__MGr3G3H3I_000000273023	vRhyme_unbinned_85__MGr3G3H3I_000000273023																														KEGG	false	high	945.0	NaN	NaN	NaN
vRhyme_unbinned_86__MGr3G3H3I_000000274656_1	vRhyme_unbinned_86__MGr3G3H3I_000000274656	vRhyme_unbinned_86__MGr3G3H3I_000000274656																														KEGG	false	high	NaN	NaN	7821.0	NaN
vRhyme_unbinned_86__MGr3G3H3I_000000274656_2	vRhyme_unbinned_86__MGr3G3H3I_000000274656	vRhyme_unbinned_86__MGr3G3H3I_000000274656		10.0										PF03237.22	Terminase large subunit, T4likevirus-type, N-terminal	31.390759	0.241													PF03237.22	Terminase large subunit, T4likevirus-type, N-terminal	Pfam	false	medium	NaN	NaN	8157.0	NaN
vRhyme_unbinned_86__MGr3G3H3I_000000274656_3	vRhyme_unbinned_86__MGr3G3H3I_000000274656	vRhyme_unbinned_86__MGr3G3H3I_000000274656																														KEGG	false	high	NaN	NaN	8286.0	NaN
vRhyme_unbinned_86__MGr3G3H3I_000000274656_4	vRhyme_unbinned_86__MGr3G3H3I_000000274656	vRhyme_unbinned_86__MGr3G3H3I_000000274656																														KEGG	false	high	NaN	NaN	8784.0	NaN
vRhyme_unbinned_86__MGr3G3H3I_000000274656_5	vRhyme_unbinned_86__MGr3G3H3I_000000274656	vRhyme_unbinned_86__MGr3G3H3I_000000274656																														KEGG	false	high	NaN	NaN	9489.0	NaN
vRhyme_unbinned_86__MGr3G3H3I_000000274656_6	vRhyme_unbinned_86__MGr3G3H3I_000000274656	vRhyme_unbinned_86__MGr3G3H3I_000000274656																														KEGG	false	high	NaN	NaN	9882.0	NaN
vRhyme_unbinned_86__MGr3G3H3I_000000274656_7	vRhyme_unbinned_86__MGr3G3H3I_000000274656	vRhyme_unbinned_86__MGr3G3H3I_000000274656																														KEGG	false	high	NaN	NaN	NaN	NaN
vRhyme_unbinned_86__MGr3G3H3I_000000274656_8	vRhyme_unbinned_86__MGr3G3H3I_000000274656	vRhyme_unbinned_86__MGr3G3H3I_000000274656																														KEGG	false	high	NaN	NaN	NaN	NaN
vRhyme_unbinned_86__MGr3G3H3I_000000274656_9	vRhyme_unbinned_86__MGr3G3H3I_000000274656	vRhyme_unbinned_86__MGr3G3H3I_000000274656																														KEGG	false	high	NaN	NaN	NaN	NaN
vRhyme_unbinned_86__MGr3G3H3I_000000274656_10	vRhyme_unbinned_86__MGr3G3H3I_000000274656	vRhyme_unbinned_86__MGr3G3H3I_000000274656																														KEGG	false	high	NaN	NaN	NaN	NaN
vRhyme_unbinned_86__MGr3G3H3I_000000274656_11	vRhyme_unbinned_86__MGr3G3H3I_000000274656	vRhyme_unbinned_86__MGr3G3H3I_000000274656																														KEGG	false	high	NaN	NaN	NaN	NaN
vRhyme_unbinned_86__MGr3G3H3I_000000274656_12	vRhyme_unbinned_86__MGr3G3H3I_000000274656	vRhyme_unbinned_86__MGr3G3H3I_000000274656																														KEGG	false	high	NaN	NaN	NaN	NaN
vRhyme_unbinned_86__MGr3G3H3I_000000274656_13	vRhyme_unbinned_86__MGr3G3H3I_000000274656	vRhyme_unbinned_86__MGr3G3H3I_000000274656																														KEGG	false	high	NaN	NaN	NaN	NaN
vRhyme_unbinned_86__MGr3G3H3I_000000274656_14	vRhyme_unbinned_86__MGr3G3H3I_000000274656	vRhyme_unbinned_86__MGr3G3H3I_000000274656																														KEGG	false	high	NaN	NaN	NaN	NaN
vRhyme_unbinned_86__MGr3G3H3I_000000274656_15	vRhyme_unbinned_86__MGr3G3H3I_000000274656	vRhyme_unbinned_86__MGr3G3H3I_000000274656																														KEGG	false	high	NaN	NaN	NaN	NaN
vRhyme_unbinned_86__MGr3G3H3I_000000274656_16	vRhyme_unbinned_86__MGr3G3H3I_000000274656	vRhyme_unbinned_86__MGr3G3H3I_000000274656																														KEGG	false	high	NaN	NaN	NaN	NaN
vRhyme_unbinned_86__MGr3G3H3I_000000274656_17	vRhyme_unbinned_86__MGr3G3H3I_000000274656	vRhyme_unbinned_86__MGr3G3H3I_000000274656																														KEGG	false	high	NaN	NaN	NaN	NaN
vRhyme_unbinned_86__MGr3G3H3I_000000274656_18	vRhyme_unbinned_86__MGr3G3H3I_000000274656	vRhyme_unbinned_86__MGr3G3H3I_000000274656																														KEGG	false	high	NaN	NaN	NaN	222.0
vRhyme_unbinned_86__MGr3G3H3I_000000274656_19	vRhyme_unbinned_86__MGr3G3H3I_000000274656	vRhyme_unbinned_86__MGr3G3H3I_000000274656																														KEGG	false	high	NaN	NaN	NaN	NaN
vRhyme_unbinned_86__MGr3G3H3I_000000274656_20	vRhyme_unbinned_86__MGr3G3H3I_000000274656	vRhyme_unbinned_86__MGr3G3H3I_000000274656																														KEGG	false	high	NaN	NaN	726.0	NaN
vRhyme_unbinned_86__MGr3G3H3I_000000274656_21	vRhyme_unbinned_86__MGr3G3H3I_000000274656	vRhyme_unbinned_86__MGr3G3H3I_000000274656																														KEGG	false	high	NaN	NaN	1443.0	NaN
vRhyme_unbinned_87__MGr3G3H3I_000000274731_1	vRhyme_unbinned_87__MGr3G3H3I_000000274731	vRhyme_unbinned_87__MGr3G3H3I_000000274731																														KEGG	false	high	NaN	1941.0	NaN	NaN
vRhyme_unbinned_87__MGr3G3H3I_000000274731_2	vRhyme_unbinned_87__MGr3G3H3I_000000274731	vRhyme_unbinned_87__MGr3G3H3I_000000274731																														KEGG	false	high	NaN	1743.0	NaN	NaN
vRhyme_unbinned_87__MGr3G3H3I_000000274731_3	vRhyme_unbinned_87__MGr3G3H3I_000000274731	vRhyme_unbinned_87__MGr3G3H3I_000000274731																														KEGG	false	high	NaN	1500.0	NaN	NaN
vRhyme_unbinned_87__MGr3G3H3I_000000274731_4	vRhyme_unbinned_87__MGr3G3H3I_000000274731	vRhyme_unbinned_87__MGr3G3H3I_000000274731																														KEGG	false	high	NaN	1299.0	NaN	NaN
vRhyme_unbinned_87__MGr3G3H3I_000000274731_5	vRhyme_unbinned_87__MGr3G3H3I_000000274731	vRhyme_unbinned_87__MGr3G3H3I_000000274731																														KEGG	false	high	NaN	717.0	NaN	NaN
vRhyme_unbinned_87__MGr3G3H3I_000000274731_6	vRhyme_unbinned_87__MGr3G3H3I_000000274731	vRhyme_unbinned_87__MGr3G3H3I_000000274731																														KEGG	false	high	NaN	435.0	NaN	NaN
vRhyme_unbinned_87__MGr3G3H3I_000000274731_7	vRhyme_unbinned_87__MGr3G3H3I_000000274731	vRhyme_unbinned_87__MGr3G3H3I_000000274731		10.0	10.0									PF13730.13	Helix-turn-helix domain	56.628796	0.427									phrog_1032	replication initiation protein	74.498787	0.694	phrog_1032	replication initiation protein	PHROG	false	high	NaN	861.0	NaN	NaN
vRhyme_unbinned_87__MGr3G3H3I_000000274731_8	vRhyme_unbinned_87__MGr3G3H3I_000000274731	vRhyme_unbinned_87__MGr3G3H3I_000000274731																														KEGG	false	high	372.0	489.0	NaN	NaN
vRhyme_unbinned_87__MGr3G3H3I_000000274731_9	vRhyme_unbinned_87__MGr3G3H3I_000000274731	vRhyme_unbinned_87__MGr3G3H3I_000000274731																														KEGG	false	high	651.0	210.0	NaN	NaN
vRhyme_unbinned_87__MGr3G3H3I_000000274731_10	vRhyme_unbinned_87__MGr3G3H3I_000000274731	vRhyme_unbinned_87__MGr3G3H3I_000000274731		10.0	10.0									PF05065.20	Phage capsid family	127.537239	0.37									phrog_10	major head protein	110.880775	0.855	PF05065.20	Phage capsid family	Pfam	false	high	861.0	3993.0	NaN	NaN
vRhyme_unbinned_87__MGr3G3H3I_000000274731_11	vRhyme_unbinned_87__MGr3G3H3I_000000274731	vRhyme_unbinned_87__MGr3G3H3I_000000274731																														KEGG	false	high	2304.0	1689.0	NaN	NaN
vRhyme_unbinned_87__MGr3G3H3I_000000274731_12	vRhyme_unbinned_87__MGr3G3H3I_000000274731	vRhyme_unbinned_87__MGr3G3H3I_000000274731																														KEGG	false	high	2799.0	1194.0	NaN	NaN
vRhyme_unbinned_87__MGr3G3H3I_000000274731_13	vRhyme_unbinned_87__MGr3G3H3I_000000274731	vRhyme_unbinned_87__MGr3G3H3I_000000274731	10.0	10.0	10.0	K04763	integrase/recombinase XerD	143.13678	0.753					PF00589.28	Phage integrase family	86.599701	0.443									phrog_1	integrase	147.239426	0.909	phrog_1	integrase	PHROG	false	high	3993.0	NaN	NaN	NaN
vRhyme_unbinned_88__MGr3G3H3I_000000288833_1	vRhyme_unbinned_88__MGr3G3H3I_000000288833	vRhyme_unbinned_88__MGr3G3H3I_000000288833																								phrog_99	HNH endonuclease	68.932343	0.905	phrog_99	HNH endonuclease	PHROG	true	medium	NaN	1617.0	NaN	NaN
vRhyme_unbinned_88__MGr3G3H3I_000000288833_2	vRhyme_unbinned_88__MGr3G3H3I_000000288833	vRhyme_unbinned_88__MGr3G3H3I_000000288833																														KEGG	true	medium	NaN	1428.0	NaN	NaN
vRhyme_unbinned_88__MGr3G3H3I_000000288833_3	vRhyme_unbinned_88__MGr3G3H3I_000000288833	vRhyme_unbinned_88__MGr3G3H3I_000000288833																														KEGG	true	medium	NaN	1197.0	NaN	NaN
vRhyme_unbinned_88__MGr3G3H3I_000000288833_4	vRhyme_unbinned_88__MGr3G3H3I_000000288833	vRhyme_unbinned_88__MGr3G3H3I_000000288833																														KEGG	true	medium	NaN	690.0	NaN	NaN
vRhyme_unbinned_88__MGr3G3H3I_000000288833_5	vRhyme_unbinned_88__MGr3G3H3I_000000288833	vRhyme_unbinned_88__MGr3G3H3I_000000288833																														KEGG	true	medium	NaN	318.0	NaN	NaN
vRhyme_unbinned_88__MGr3G3H3I_000000288833_6	vRhyme_unbinned_88__MGr3G3H3I_000000288833	vRhyme_unbinned_88__MGr3G3H3I_000000288833																														KEGG	true	medium	NaN	153.0	NaN	NaN
vRhyme_unbinned_88__MGr3G3H3I_000000288833_7	vRhyme_unbinned_88__MGr3G3H3I_000000288833	vRhyme_unbinned_88__MGr3G3H3I_000000288833		10.0	10.0									PF07463.17	NUMOD4 motif	45.873787	0.279									phrog_59	HNH endonuclease	92.148445	0.654	phrog_59	HNH endonuclease	PHROG	true	medium	NaN	537.0	NaN	NaN
vRhyme_unbinned_88__MGr3G3H3I_000000288833_8	vRhyme_unbinned_88__MGr3G3H3I_000000288833	vRhyme_unbinned_88__MGr3G3H3I_000000288833	10.0	10.0	10.0	K17677	ATP-dependent helicase IRC3 [EC:5.6.2.-]	396.360199	0.993	HMMsoil86259	FANCM; fanconi anemia group M protein	43.536514	0.235	PF04851.22	Type III restriction enzyme, res subunit	89.587402	0.267									phrog_16	DNA helicase	250.415222	0.616	K17677	ATP-dependent helicase IRC3 [EC:5.6.2.-]	KEGG	true	high	537.0	4146.0	NaN	NaN
vRhyme_unbinned_88__MGr3G3H3I_000000288833_9	vRhyme_unbinned_88__MGr3G3H3I_000000288833	vRhyme_unbinned_88__MGr3G3H3I_000000288833																														KEGG	true	high	1788.0	2358.0	NaN	NaN
vRhyme_unbinned_88__MGr3G3H3I_000000288833_10	vRhyme_unbinned_88__MGr3G3H3I_000000288833	vRhyme_unbinned_88__MGr3G3H3I_000000288833																														KEGG	true	high	1983.0	2163.0	NaN	NaN
vRhyme_unbinned_88__MGr3G3H3I_000000288833_11	vRhyme_unbinned_88__MGr3G3H3I_000000288833	vRhyme_unbinned_88__MGr3G3H3I_000000288833																														KEGG	true	high	2181.0	1965.0	NaN	NaN
vRhyme_unbinned_88__MGr3G3H3I_000000288833_12	vRhyme_unbinned_88__MGr3G3H3I_000000288833	vRhyme_unbinned_88__MGr3G3H3I_000000288833																														KEGG	true	high	2436.0	1710.0	NaN	NaN
vRhyme_unbinned_88__MGr3G3H3I_000000288833_13	vRhyme_unbinned_88__MGr3G3H3I_000000288833	vRhyme_unbinned_88__MGr3G3H3I_000000288833				K06882	uncharacterized protein	60.922821	0.896	HMMsoil39704	mrcA; penicillin-binding protein 1A EC:2.4.1.129 3.4.16.4	40.120789	0.3																	K06882	uncharacterized protein	KEGG	true	high	2601.0	1545.0	NaN	NaN
vRhyme_unbinned_88__MGr3G3H3I_000000288833_14	vRhyme_unbinned_88__MGr3G3H3I_000000288833	vRhyme_unbinned_88__MGr3G3H3I_000000288833																														KEGG	true	high	3291.0	855.0	NaN	NaN
vRhyme_unbinned_88__MGr3G3H3I_000000288833_15	vRhyme_unbinned_88__MGr3G3H3I_000000288833	vRhyme_unbinned_88__MGr3G3H3I_000000288833																														KEGG	true	high	3603.0	543.0	NaN	NaN
vRhyme_unbinned_88__MGr3G3H3I_000000288833_16	vRhyme_unbinned_88__MGr3G3H3I_000000288833	vRhyme_unbinned_88__MGr3G3H3I_000000288833																														KEGG	true	high	3843.0	303.0	NaN	NaN
vRhyme_unbinned_88__MGr3G3H3I_000000288833_17	vRhyme_unbinned_88__MGr3G3H3I_000000288833	vRhyme_unbinned_88__MGr3G3H3I_000000288833		10.0										PF02195.26	ParB/Sulfiredoxin domain	41.954132	0.212													PF02195.26	ParB/Sulfiredoxin domain	Pfam	true	high	4146.0	5532.0	NaN	NaN
vRhyme_unbinned_88__MGr3G3H3I_000000288833_18	vRhyme_unbinned_88__MGr3G3H3I_000000288833	vRhyme_unbinned_88__MGr3G3H3I_000000288833																														KEGG	true	high	1302.0	4230.0	NaN	NaN
vRhyme_unbinned_88__MGr3G3H3I_000000288833_19	vRhyme_unbinned_88__MGr3G3H3I_000000288833	vRhyme_unbinned_88__MGr3G3H3I_000000288833																														KEGG	true	high	1560.0	3972.0	NaN	NaN
vRhyme_unbinned_88__MGr3G3H3I_000000288833_20	vRhyme_unbinned_88__MGr3G3H3I_000000288833	vRhyme_unbinned_88__MGr3G3H3I_000000288833																								phrog_298	exonuclease	83.876152	0.678	phrog_298	exonuclease	PHROG	true	high	1776.0	3756.0	NaN	NaN
vRhyme_unbinned_88__MGr3G3H3I_000000288833_21	vRhyme_unbinned_88__MGr3G3H3I_000000288833	vRhyme_unbinned_88__MGr3G3H3I_000000288833																														KEGG	true	high	2940.0	2592.0	NaN	NaN
vRhyme_unbinned_88__MGr3G3H3I_000000288833_22	vRhyme_unbinned_88__MGr3G3H3I_000000288833	vRhyme_unbinned_88__MGr3G3H3I_000000288833																														KEGG	true	high	3126.0	2406.0	NaN	NaN
vRhyme_unbinned_88__MGr3G3H3I_000000288833_23	vRhyme_unbinned_88__MGr3G3H3I_000000288833	vRhyme_unbinned_88__MGr3G3H3I_000000288833																														KEGG	true	high	4074.0	1458.0	NaN	NaN
vRhyme_unbinned_88__MGr3G3H3I_000000288833_24	vRhyme_unbinned_88__MGr3G3H3I_000000288833	vRhyme_unbinned_88__MGr3G3H3I_000000288833																														KEGG	true	high	4287.0	1245.0	NaN	NaN
vRhyme_unbinned_88__MGr3G3H3I_000000288833_25	vRhyme_unbinned_88__MGr3G3H3I_000000288833	vRhyme_unbinned_88__MGr3G3H3I_000000288833																														KEGG	true	high	4632.0	900.0	NaN	NaN
vRhyme_unbinned_88__MGr3G3H3I_000000288833_26	vRhyme_unbinned_88__MGr3G3H3I_000000288833	vRhyme_unbinned_88__MGr3G3H3I_000000288833																														KEGG	true	high	4803.0	729.0	NaN	NaN
vRhyme_unbinned_88__MGr3G3H3I_000000288833_27	vRhyme_unbinned_88__MGr3G3H3I_000000288833	vRhyme_unbinned_88__MGr3G3H3I_000000288833	10.0	10.0	10.0	K07496	putative transposase	228.706238	0.957					PF07282.19	Putative transposase DNA-binding domain	65.864365	0.197									phrog_506	transposase	214.620743	0.963	K07496	putative transposase	KEGG	true	high	5532.0	2769.0	NaN	NaN
vRhyme_unbinned_88__MGr3G3H3I_000000288833_28	vRhyme_unbinned_88__MGr3G3H3I_000000288833	vRhyme_unbinned_88__MGr3G3H3I_000000288833																														KEGG	true	medium	1053.0	1716.0	NaN	NaN
vRhyme_unbinned_88__MGr3G3H3I_000000288833_29	vRhyme_unbinned_88__MGr3G3H3I_000000288833	vRhyme_unbinned_88__MGr3G3H3I_000000288833																														KEGG	true	medium	1293.0	1476.0	NaN	NaN
vRhyme_unbinned_88__MGr3G3H3I_000000288833_30	vRhyme_unbinned_88__MGr3G3H3I_000000288833	vRhyme_unbinned_88__MGr3G3H3I_000000288833																														KEGG	true	medium	1779.0	990.0	NaN	NaN
vRhyme_unbinned_88__MGr3G3H3I_000000288833_31	vRhyme_unbinned_88__MGr3G3H3I_000000288833	vRhyme_unbinned_88__MGr3G3H3I_000000288833																														KEGG	true	medium	1962.0	807.0	NaN	NaN
vRhyme_unbinned_88__MGr3G3H3I_000000288833_32	vRhyme_unbinned_88__MGr3G3H3I_000000288833	vRhyme_unbinned_88__MGr3G3H3I_000000288833																														KEGG	true	medium	2112.0	657.0	NaN	NaN
vRhyme_unbinned_88__MGr3G3H3I_000000288833_33	vRhyme_unbinned_88__MGr3G3H3I_000000288833	vRhyme_unbinned_88__MGr3G3H3I_000000288833																														KEGG	true	medium	2583.0	186.0	NaN	NaN
vRhyme_unbinned_88__MGr3G3H3I_000000288833_34	vRhyme_unbinned_88__MGr3G3H3I_000000288833	vRhyme_unbinned_88__MGr3G3H3I_000000288833		10.0	7.51									PF01844.30	HNH endonuclease	38.700191	0.423									phrog_7370	HNH endonuclease	59.599918	0.557	phrog_7370	HNH endonuclease	PHROG	true	high	2769.0	600.0	NaN	NaN
vRhyme_unbinned_88__MGr3G3H3I_000000288833_35	vRhyme_unbinned_88__MGr3G3H3I_000000288833	vRhyme_unbinned_88__MGr3G3H3I_000000288833																														KEGG	true	high	291.0	309.0	NaN	NaN
vRhyme_unbinned_88__MGr3G3H3I_000000288833_36	vRhyme_unbinned_88__MGr3G3H3I_000000288833	vRhyme_unbinned_88__MGr3G3H3I_000000288833	10.0	10.0	10.0	K17680	twinkle protein [EC:5.6.2.3]	177.679733	0.837	HMMsoil6334	dnaG; DNA primase EC:2.7.7.101	31.459562	0.178	PF03796.22	DnaB-like helicase C terminal domain	62.21706	0.392									phrog_239	DNA primase/helicase	207.523849	0.815	phrog_239	DNA primase/helicase	PHROG	true	high	600.0	3777.0	NaN	NaN
vRhyme_unbinned_88__MGr3G3H3I_000000288833_37	vRhyme_unbinned_88__MGr3G3H3I_000000288833	vRhyme_unbinned_88__MGr3G3H3I_000000288833																														KEGG	true	high	2007.0	1770.0	NaN	NaN
vRhyme_unbinned_88__MGr3G3H3I_000000288833_38	vRhyme_unbinned_88__MGr3G3H3I_000000288833	vRhyme_unbinned_88__MGr3G3H3I_000000288833		0.76										PF11154.14	Protein of unknown function (DUF2934)	50.111164	0.189													PF11154.14	Protein of unknown function (DUF2934)	Pfam	true	high	2154.0	1623.0	NaN	NaN
vRhyme_unbinned_88__MGr3G3H3I_000000288833_39	vRhyme_unbinned_88__MGr3G3H3I_000000288833	vRhyme_unbinned_88__MGr3G3H3I_000000288833																														KEGG	true	high	2694.0	1083.0	NaN	NaN
vRhyme_unbinned_88__MGr3G3H3I_000000288833_40	vRhyme_unbinned_88__MGr3G3H3I_000000288833	vRhyme_unbinned_88__MGr3G3H3I_000000288833																														KEGG	true	high	3057.0	720.0	NaN	NaN
vRhyme_unbinned_88__MGr3G3H3I_000000288833_41	vRhyme_unbinned_88__MGr3G3H3I_000000288833	vRhyme_unbinned_88__MGr3G3H3I_000000288833																														KEGG	true	high	3450.0	327.0	NaN	NaN
vRhyme_unbinned_88__MGr3G3H3I_000000288833_42	vRhyme_unbinned_88__MGr3G3H3I_000000288833	vRhyme_unbinned_88__MGr3G3H3I_000000288833	10.0	10.0	10.0	K03553	recombination protein RecA	386.374573	0.901					PF00154.28	recA bacterial DNA recombination protein	319.877686	0.693									phrog_97	UvsX-like recombinase	213.611877	0.685	K03553	recombination protein RecA	KEGG	true	high	3777.0	2490.0	NaN	NaN
vRhyme_unbinned_88__MGr3G3H3I_000000288833_43	vRhyme_unbinned_88__MGr3G3H3I_000000288833	vRhyme_unbinned_88__MGr3G3H3I_000000288833																														KEGG	true	high	1095.0	1395.0	NaN	NaN
vRhyme_unbinned_88__MGr3G3H3I_000000288833_44	vRhyme_unbinned_88__MGr3G3H3I_000000288833	vRhyme_unbinned_88__MGr3G3H3I_000000288833																								phrog_27780		95.997459	0.893	phrog_27780		PHROG	true	high	1509.0	981.0	NaN	NaN
vRhyme_unbinned_88__MGr3G3H3I_000000288833_45	vRhyme_unbinned_88__MGr3G3H3I_000000288833	vRhyme_unbinned_88__MGr3G3H3I_000000288833												PF21840.2		66.459068	0.962													PF21840.2		Pfam	true	high	1845.0	645.0	NaN	NaN
vRhyme_unbinned_88__MGr3G3H3I_000000288833_46	vRhyme_unbinned_88__MGr3G3H3I_000000288833	vRhyme_unbinned_88__MGr3G3H3I_000000288833																														KEGG	true	high	2079.0	411.0	NaN	NaN
vRhyme_unbinned_88__MGr3G3H3I_000000288833_47	vRhyme_unbinned_88__MGr3G3H3I_000000288833	vRhyme_unbinned_88__MGr3G3H3I_000000288833																														KEGG	true	high	2337.0	153.0	NaN	NaN
vRhyme_unbinned_88__MGr3G3H3I_000000288833_48	vRhyme_unbinned_88__MGr3G3H3I_000000288833	vRhyme_unbinned_88__MGr3G3H3I_000000288833		10.0	10.0									PF05838.18	Glycosyl hydrolase 108	60.280884	0.477									phrog_315	endolysin	101.262207	0.98	phrog_315	endolysin	PHROG	true	high	2490.0	1377.0	NaN	NaN
vRhyme_unbinned_88__MGr3G3H3I_000000288833_49	vRhyme_unbinned_88__MGr3G3H3I_000000288833	vRhyme_unbinned_88__MGr3G3H3I_000000288833																														KEGG	true	high	459.0	918.0	NaN	NaN
vRhyme_unbinned_88__MGr3G3H3I_000000288833_50	vRhyme_unbinned_88__MGr3G3H3I_000000288833	vRhyme_unbinned_88__MGr3G3H3I_000000288833																														KEGG	true	high	681.0	696.0	NaN	NaN
vRhyme_unbinned_88__MGr3G3H3I_000000288833_51	vRhyme_unbinned_88__MGr3G3H3I_000000288833	vRhyme_unbinned_88__MGr3G3H3I_000000288833																														KEGG	true	high	1188.0	189.0	NaN	NaN
vRhyme_unbinned_88__MGr3G3H3I_000000288833_52	vRhyme_unbinned_88__MGr3G3H3I_000000288833	vRhyme_unbinned_88__MGr3G3H3I_000000288833	10.0	10.0	10.0	K03696	ATP-dependent Clp protease ATP-binding subunit ClpC	282.306427	0.894					PF07724.21	AAA domain (Cdc48 subfamily)	115.639198	0.482									phrog_4871	ATP-dependent protease	250.608917	0.9	K03696	ATP-dependent Clp protease ATP-binding subunit ClpC	KEGG	true	high	1377.0	3036.0	NaN	NaN
vRhyme_unbinned_88__MGr3G3H3I_000000288833_53	vRhyme_unbinned_88__MGr3G3H3I_000000288833	vRhyme_unbinned_88__MGr3G3H3I_000000288833																														KEGG	true	high	1107.0	1929.0	NaN	NaN
vRhyme_unbinned_88__MGr3G3H3I_000000288833_54	vRhyme_unbinned_88__MGr3G3H3I_000000288833	vRhyme_unbinned_88__MGr3G3H3I_000000288833																														KEGG	true	high	1317.0	1719.0	NaN	NaN
vRhyme_unbinned_88__MGr3G3H3I_000000288833_55	vRhyme_unbinned_88__MGr3G3H3I_000000288833	vRhyme_unbinned_88__MGr3G3H3I_000000288833																														KEGG	true	high	1464.0	1572.0	NaN	NaN
vRhyme_unbinned_88__MGr3G3H3I_000000288833_56	vRhyme_unbinned_88__MGr3G3H3I_000000288833	vRhyme_unbinned_88__MGr3G3H3I_000000288833																														KEGG	true	high	2199.0	837.0	NaN	NaN
vRhyme_unbinned_88__MGr3G3H3I_000000288833_57	vRhyme_unbinned_88__MGr3G3H3I_000000288833	vRhyme_unbinned_88__MGr3G3H3I_000000288833																														KEGG	true	high	2574.0	462.0	NaN	NaN
vRhyme_unbinned_88__MGr3G3H3I_000000288833_58	vRhyme_unbinned_88__MGr3G3H3I_000000288833	vRhyme_unbinned_88__MGr3G3H3I_000000288833		10.0	10.0									PF21448.4	Deoxynucleotide monophosphate kinase	31.013937	0.435									phrog_139	deoxynucleoside monophosphate kinase	118.292419	0.839	phrog_139	deoxynucleoside monophosphate kinase	PHROG	true	high	3036.0	864.0	NaN	NaN
vRhyme_unbinned_88__MGr3G3H3I_000000288833_59	vRhyme_unbinned_88__MGr3G3H3I_000000288833	vRhyme_unbinned_88__MGr3G3H3I_000000288833																														KEGG	true	high	690.0	174.0	NaN	2445.0
vRhyme_unbinned_88__MGr3G3H3I_000000288833_60	vRhyme_unbinned_88__MGr3G3H3I_000000288833	vRhyme_unbinned_88__MGr3G3H3I_000000288833		10.0	10.0	K27279		183.172638	0.911					PF13482.13	RNase_H superfamily	32.594536	0.687									phrog_403	DNA polymerase exonuclease subunit	251.618866	0.942	phrog_403	DNA polymerase exonuclease subunit	PHROG	true	high	864.0	777.0	NaN	561.0
vRhyme_unbinned_88__MGr3G3H3I_000000288833_61	vRhyme_unbinned_88__MGr3G3H3I_000000288833	vRhyme_unbinned_88__MGr3G3H3I_000000288833		10.0										PF01844.30	HNH endonuclease	30.612196	0.224													PF01844.30	HNH endonuclease	Pfam	true	high	777.0	5535.0	NaN	NaN
vRhyme_unbinned_88__MGr3G3H3I_000000288833_62	vRhyme_unbinned_88__MGr3G3H3I_000000288833	vRhyme_unbinned_88__MGr3G3H3I_000000288833																														KEGG	true	high	576.0	4959.0	1287.0	NaN
vRhyme_unbinned_88__MGr3G3H3I_000000288833_63	vRhyme_unbinned_88__MGr3G3H3I_000000288833	vRhyme_unbinned_88__MGr3G3H3I_000000288833																														KEGG	true	high	915.0	4620.0	1938.0	NaN
vRhyme_unbinned_88__MGr3G3H3I_000000288833_64	vRhyme_unbinned_88__MGr3G3H3I_000000288833	vRhyme_unbinned_88__MGr3G3H3I_000000288833																														KEGG	true	high	1437.0	4098.0	2163.0	NaN
vRhyme_unbinned_88__MGr3G3H3I_000000288833_65	vRhyme_unbinned_88__MGr3G3H3I_000000288833	vRhyme_unbinned_88__MGr3G3H3I_000000288833																														KEGG	true	high	3996.0	1539.0	2886.0	NaN
vRhyme_unbinned_88__MGr3G3H3I_000000288833_66	vRhyme_unbinned_88__MGr3G3H3I_000000288833	vRhyme_unbinned_88__MGr3G3H3I_000000288833																														KEGG	true	high	4260.0	1275.0	4065.0	NaN
vRhyme_unbinned_88__MGr3G3H3I_000000288833_67	vRhyme_unbinned_88__MGr3G3H3I_000000288833	vRhyme_unbinned_88__MGr3G3H3I_000000288833																														KEGG	true	high	4959.0	576.0	4428.0	NaN
vRhyme_unbinned_88__MGr3G3H3I_000000288833_68	vRhyme_unbinned_88__MGr3G3H3I_000000288833	vRhyme_unbinned_88__MGr3G3H3I_000000288833		10.0										PF18760.8	ADP-Ribosyltransferase in polyvalent proteins	45.245079	0.185													PF18760.8	ADP-Ribosyltransferase in polyvalent proteins	Pfam	true	high	5535.0	6933.0	4557.0	NaN
vRhyme_unbinned_88__MGr3G3H3I_000000288833_69	vRhyme_unbinned_88__MGr3G3H3I_000000288833	vRhyme_unbinned_88__MGr3G3H3I_000000288833																														KEGG	true	high	3594.0	3339.0	4806.0	NaN
vRhyme_unbinned_88__MGr3G3H3I_000000288833_70	vRhyme_unbinned_88__MGr3G3H3I_000000288833	vRhyme_unbinned_88__MGr3G3H3I_000000288833																														KEGG	true	high	5892.0	1041.0	5028.0	NaN
vRhyme_unbinned_88__MGr3G3H3I_000000288833_71	vRhyme_unbinned_88__MGr3G3H3I_000000288833	vRhyme_unbinned_88__MGr3G3H3I_000000288833																														KEGG	true	high	6501.0	432.0	5253.0	NaN
vRhyme_unbinned_88__MGr3G3H3I_000000288833_72	vRhyme_unbinned_88__MGr3G3H3I_000000288833	vRhyme_unbinned_88__MGr3G3H3I_000000288833		10.0										PF18454.8	Major tropism determinant N-terminal domain	29.438097	0.116													PF18454.8	Major tropism determinant N-terminal domain	Pfam	true	high	6933.0	11109.0	5631.0	NaN
vRhyme_unbinned_88__MGr3G3H3I_000000288833_73	vRhyme_unbinned_88__MGr3G3H3I_000000288833	vRhyme_unbinned_88__MGr3G3H3I_000000288833																														KEGG	true	high	774.0	10335.0	5895.0	NaN
vRhyme_unbinned_88__MGr3G3H3I_000000288833_74	vRhyme_unbinned_88__MGr3G3H3I_000000288833	vRhyme_unbinned_88__MGr3G3H3I_000000288833																														KEGG	true	high	1359.0	9750.0	6213.0	NaN
vRhyme_unbinned_88__MGr3G3H3I_000000288833_75	vRhyme_unbinned_88__MGr3G3H3I_000000288833	vRhyme_unbinned_88__MGr3G3H3I_000000288833																								phrog_15526		78.1092	0.624	phrog_15526		PHROG	true	high	1986.0	9123.0	6660.0	NaN
vRhyme_unbinned_88__MGr3G3H3I_000000288833_76	vRhyme_unbinned_88__MGr3G3H3I_000000288833	vRhyme_unbinned_88__MGr3G3H3I_000000288833																														KEGG	true	high	2625.0	8484.0	7311.0	NaN
vRhyme_unbinned_88__MGr3G3H3I_000000288833_77	vRhyme_unbinned_88__MGr3G3H3I_000000288833	vRhyme_unbinned_88__MGr3G3H3I_000000288833																														KEGG	true	high	7671.0	3438.0	7716.0	NaN
vRhyme_unbinned_88__MGr3G3H3I_000000288833_78	vRhyme_unbinned_88__MGr3G3H3I_000000288833	vRhyme_unbinned_88__MGr3G3H3I_000000288833																														KEGG	true	high	8259.0	2850.0	7860.0	NaN
vRhyme_unbinned_88__MGr3G3H3I_000000288833_79	vRhyme_unbinned_88__MGr3G3H3I_000000288833	vRhyme_unbinned_88__MGr3G3H3I_000000288833																														KEGG	true	high	9342.0	1767.0	8052.0	NaN
vRhyme_unbinned_88__MGr3G3H3I_000000288833_80	vRhyme_unbinned_88__MGr3G3H3I_000000288833	vRhyme_unbinned_88__MGr3G3H3I_000000288833																														KEGG	true	high	9789.0	1320.0	8415.0	NaN
vRhyme_unbinned_88__MGr3G3H3I_000000288833_81	vRhyme_unbinned_88__MGr3G3H3I_000000288833	vRhyme_unbinned_88__MGr3G3H3I_000000288833																								phrog_19005		86.602013	0.759	phrog_19005		PHROG	true	high	10350.0	759.0	8835.0	NaN
vRhyme_unbinned_88__MGr3G3H3I_000000288833_82	vRhyme_unbinned_88__MGr3G3H3I_000000288833	vRhyme_unbinned_88__MGr3G3H3I_000000288833		10.0	1.86									PF10111.15	Glycosyltransferase like family 2	33.662403	0.507									phrog_1721	galactosyl transferase	92.586632	0.865	phrog_1721	galactosyl transferase	PHROG	true	high	11109.0	3621.0	9147.0	NaN
vRhyme_unbinned_88__MGr3G3H3I_000000288833_83	vRhyme_unbinned_88__MGr3G3H3I_000000288833	vRhyme_unbinned_88__MGr3G3H3I_000000288833	2.92	4.96		K13665	pyruvyltransferase	182.977493	0.856					PF04230.20	Polysaccharide pyruvyl transferase	38.433029	0.405													K13665	pyruvyltransferase	KEGG	true	high	864.0	2757.0	9618.0	NaN
vRhyme_unbinned_88__MGr3G3H3I_000000288833_84	vRhyme_unbinned_88__MGr3G3H3I_000000288833	vRhyme_unbinned_88__MGr3G3H3I_000000288833																														KEGG	true	high	1635.0	1986.0	10167.0	NaN
vRhyme_unbinned_88__MGr3G3H3I_000000288833_85	vRhyme_unbinned_88__MGr3G3H3I_000000288833	vRhyme_unbinned_88__MGr3G3H3I_000000288833																														KEGG	true	high	1881.0	1740.0	11625.0	NaN
vRhyme_unbinned_88__MGr3G3H3I_000000288833_86	vRhyme_unbinned_88__MGr3G3H3I_000000288833	vRhyme_unbinned_88__MGr3G3H3I_000000288833																														KEGG	true	high	2259.0	1362.0	12168.0	NaN
vRhyme_unbinned_88__MGr3G3H3I_000000288833_87	vRhyme_unbinned_88__MGr3G3H3I_000000288833	vRhyme_unbinned_88__MGr3G3H3I_000000288833																														KEGG	true	high	2724.0	897.0	NaN	14550.0
vRhyme_unbinned_88__MGr3G3H3I_000000288833_88	vRhyme_unbinned_88__MGr3G3H3I_000000288833	vRhyme_unbinned_88__MGr3G3H3I_000000288833		1.81										PF01762.28	Galactosyltransferase	23.27677	0.236													PF01762.28	Galactosyltransferase	Pfam	true	high	2922.0	699.0	NaN	13638.0
vRhyme_unbinned_88__MGr3G3H3I_000000288833_89	vRhyme_unbinned_88__MGr3G3H3I_000000288833	vRhyme_unbinned_88__MGr3G3H3I_000000288833		10.0	10.0									PF00535.33	Glycosyl transferase family 2	25.195728	0.311									phrog_14775	glycosyltransferase	109.018936	0.876	phrog_14775	glycosyltransferase	PHROG	true	high	3621.0	1173.0	NaN	12522.0
vRhyme_unbinned_88__MGr3G3H3I_000000288833_90	vRhyme_unbinned_88__MGr3G3H3I_000000288833	vRhyme_unbinned_88__MGr3G3H3I_000000288833	6.61	5.68	4.45	K01790	dTDP-4-dehydrorhamnose 3,5-epimerase [EC:5.1.3.13]	198.992538	0.901					PF00908.24	dTDP-4-dehydrorhamnose 3,5-epimerase	170.237625	0.89									phrog_8784	dTDP-4-dehydrorhamnose 3,5-epimerase	132.985474	0.813	K01790	dTDP-4-dehydrorhamnose 3,5-epimerase [EC:5.1.3.13]	KEGG	true	high	627.0	546.0	NaN	10578.0
vRhyme_unbinned_88__MGr3G3H3I_000000288833_91	vRhyme_unbinned_88__MGr3G3H3I_000000288833	vRhyme_unbinned_88__MGr3G3H3I_000000288833	10.0	10.0	10.0	K01784	UDP-glucose 4-epimerase [EC:5.1.3.2]	167.57193	0.948	HMMsoil1113	galE, GALE; UDP-glucose 4-epimerase EC:5.1.3.2	145.086868	0.739	PF01370.28	NAD dependent epimerase/dehydratase family	130.571457	0.739									phrog_540	nucleotide-sugar epimerase	157.239105	0.952	K01784	UDP-glucose 4-epimerase [EC:5.1.3.2]	KEGG	true	high	1173.0	2853.0	NaN	8943.0
vRhyme_unbinned_88__MGr3G3H3I_000000288833_92	vRhyme_unbinned_88__MGr3G3H3I_000000288833	vRhyme_unbinned_88__MGr3G3H3I_000000288833	5.01	4.75	5.79	K21417	acetoin:2,6-dichlorophenolindophenol oxidoreductase subunit beta [EC:1.1.1.-]	57.930553	0.65					PF02779.30	Transketolase, pyrimidine binding domain	27.374159	0.78									phrog_34187		72.903389	0.855	phrog_34187		PHROG	true	high	930.0	1923.0	NaN	7224.0
vRhyme_unbinned_88__MGr3G3H3I_000000288833_93	vRhyme_unbinned_88__MGr3G3H3I_000000288833	vRhyme_unbinned_88__MGr3G3H3I_000000288833	5.28	3.77	5.79	K21416	acetoin:2,6-dichlorophenolindophenol oxidoreductase subunit alpha [EC:1.1.1.-]	76.882462	0.74	HMMsoil93440	PDHB, pdhB; pyruvate dehydrogenase E1 component beta subunit EC:1.2.4.1	84.594208	0.74	PF00676.26	Dehydrogenase E1 component	54.257088	0.755									phrog_34187		120.281311	0.938	phrog_34187		PHROG	true	high	1530.0	1323.0	NaN	6582.0
vRhyme_unbinned_88__MGr3G3H3I_000000288833_94	vRhyme_unbinned_88__MGr3G3H3I_000000288833	vRhyme_unbinned_88__MGr3G3H3I_000000288833				K16115	glycosyl transferase / beta-hydroxylase protein BlmF	71.521339	0.94																	phrog_14945	glycosyltransferase	138.861588	0.923	phrog_14945	glycosyltransferase	PHROG	true	high	2154.0	699.0	NaN	6048.0
vRhyme_unbinned_88__MGr3G3H3I_000000288833_95	vRhyme_unbinned_88__MGr3G3H3I_000000288833	vRhyme_unbinned_88__MGr3G3H3I_000000288833		10.0										PF04488.22	Glycosyltransferase sugar-binding region containing DXD motif	23.89082	0.126													PF04488.22	Glycosyltransferase sugar-binding region containing DXD motif	Pfam	true	high	2853.0	14337.0	NaN	5775.0
vRhyme_unbinned_88__MGr3G3H3I_000000288833_96	vRhyme_unbinned_88__MGr3G3H3I_000000288833	vRhyme_unbinned_88__MGr3G3H3I_000000288833																														KEGG	true	high	903.0	13434.0	NaN	4299.0
vRhyme_unbinned_88__MGr3G3H3I_000000288833_97	vRhyme_unbinned_88__MGr3G3H3I_000000288833	vRhyme_unbinned_88__MGr3G3H3I_000000288833																														KEGG	true	high	1161.0	13176.0	NaN	3840.0
vRhyme_unbinned_88__MGr3G3H3I_000000288833_98	vRhyme_unbinned_88__MGr3G3H3I_000000288833	vRhyme_unbinned_88__MGr3G3H3I_000000288833																														KEGG	true	high	1482.0	12855.0	NaN	3363.0
vRhyme_unbinned_88__MGr3G3H3I_000000288833_99	vRhyme_unbinned_88__MGr3G3H3I_000000288833	vRhyme_unbinned_88__MGr3G3H3I_000000288833																														KEGG	true	high	2004.0	12333.0	NaN	2976.0
vRhyme_unbinned_88__MGr3G3H3I_000000288833_100	vRhyme_unbinned_88__MGr3G3H3I_000000288833	vRhyme_unbinned_88__MGr3G3H3I_000000288833																														KEGG	true	high	2583.0	11754.0	NaN	2727.0
vRhyme_unbinned_88__MGr3G3H3I_000000288833_101	vRhyme_unbinned_88__MGr3G3H3I_000000288833	vRhyme_unbinned_88__MGr3G3H3I_000000288833																														KEGG	true	high	2808.0	11529.0	NaN	2469.0
vRhyme_unbinned_88__MGr3G3H3I_000000288833_102	vRhyme_unbinned_88__MGr3G3H3I_000000288833	vRhyme_unbinned_88__MGr3G3H3I_000000288833																														KEGG	true	high	8829.0	5508.0	NaN	1689.0
vRhyme_unbinned_88__MGr3G3H3I_000000288833_103	vRhyme_unbinned_88__MGr3G3H3I_000000288833	vRhyme_unbinned_88__MGr3G3H3I_000000288833																														KEGG	true	high	9741.0	4596.0	NaN	225.0
vRhyme_unbinned_88__MGr3G3H3I_000000288833_104	vRhyme_unbinned_88__MGr3G3H3I_000000288833	vRhyme_unbinned_88__MGr3G3H3I_000000288833																								phrog_3106	HNH endonuclease	83.248009	0.689	phrog_3106	HNH endonuclease	PHROG	true	high	10791.0	3546.0	NaN	NaN
vRhyme_unbinned_88__MGr3G3H3I_000000288833_105	vRhyme_unbinned_88__MGr3G3H3I_000000288833	vRhyme_unbinned_88__MGr3G3H3I_000000288833																														KEGG	true	high	11283.0	3054.0	492.0	NaN
vRhyme_unbinned_88__MGr3G3H3I_000000288833_106	vRhyme_unbinned_88__MGr3G3H3I_000000288833	vRhyme_unbinned_88__MGr3G3H3I_000000288833																														KEGG	true	high	12144.0	2193.0	1506.0	NaN
vRhyme_unbinned_88__MGr3G3H3I_000000288833_107	vRhyme_unbinned_88__MGr3G3H3I_000000288833	vRhyme_unbinned_88__MGr3G3H3I_000000288833												PF24729.3		44.945366	0.594									phrog_2428		69.506317	0.812	phrog_2428		PHROG	true	high	13029.0	1308.0	1713.0	NaN
vRhyme_unbinned_88__MGr3G3H3I_000000288833_108	vRhyme_unbinned_88__MGr3G3H3I_000000288833	vRhyme_unbinned_88__MGr3G3H3I_000000288833																														KEGG	true	high	13317.0	1020.0	2007.0	NaN
vRhyme_unbinned_88__MGr3G3H3I_000000288833_109	vRhyme_unbinned_88__MGr3G3H3I_000000288833	vRhyme_unbinned_88__MGr3G3H3I_000000288833																														KEGG	true	high	14052.0	285.0	2511.0	NaN
vRhyme_unbinned_88__MGr3G3H3I_000000288833_110	vRhyme_unbinned_88__MGr3G3H3I_000000288833	vRhyme_unbinned_88__MGr3G3H3I_000000288833		10.0										PF00166.27	Chaperonin 10 Kd subunit	27.176266	0.371													PF00166.27	Chaperonin 10 Kd subunit	Pfam	true	high	14337.0	1821.0	3660.0	NaN
vRhyme_unbinned_88__MGr3G3H3I_000000288833_111	vRhyme_unbinned_88__MGr3G3H3I_000000288833	vRhyme_unbinned_88__MGr3G3H3I_000000288833																														KEGG	true	high	711.0	1110.0	4479.0	NaN
vRhyme_unbinned_88__MGr3G3H3I_000000288833_112	vRhyme_unbinned_88__MGr3G3H3I_000000288833	vRhyme_unbinned_88__MGr3G3H3I_000000288833																														KEGG	true	high	954.0	867.0	NaN	NaN
vRhyme_unbinned_88__MGr3G3H3I_000000288833_113	vRhyme_unbinned_88__MGr3G3H3I_000000288833	vRhyme_unbinned_88__MGr3G3H3I_000000288833																														KEGG	true	high	1191.0	630.0	NaN	NaN
vRhyme_unbinned_88__MGr3G3H3I_000000288833_114	vRhyme_unbinned_88__MGr3G3H3I_000000288833	vRhyme_unbinned_88__MGr3G3H3I_000000288833																														KEGG	true	high	1431.0	390.0	NaN	NaN
vRhyme_unbinned_88__MGr3G3H3I_000000288833_115	vRhyme_unbinned_88__MGr3G3H3I_000000288833	vRhyme_unbinned_88__MGr3G3H3I_000000288833																														KEGG	true	high	1662.0	159.0	NaN	NaN
vRhyme_unbinned_88__MGr3G3H3I_000000288833_116	vRhyme_unbinned_88__MGr3G3H3I_000000288833	vRhyme_unbinned_88__MGr3G3H3I_000000288833		10.0	10.0	K27287		54.724258	0.576					PF02945.22	Recombination endonuclease VII	44.311325	0.424									phrog_2914	endonuclease VII	63.662949	0.689	phrog_2914	endonuclease VII	PHROG	true	high	1821.0	6957.0	NaN	NaN
vRhyme_unbinned_88__MGr3G3H3I_000000288833_117	vRhyme_unbinned_88__MGr3G3H3I_000000288833	vRhyme_unbinned_88__MGr3G3H3I_000000288833																														KEGG	true	high	531.0	6426.0	NaN	NaN
vRhyme_unbinned_88__MGr3G3H3I_000000288833_118	vRhyme_unbinned_88__MGr3G3H3I_000000288833	vRhyme_unbinned_88__MGr3G3H3I_000000288833																														KEGG	true	high	1791.0	5166.0	NaN	NaN
vRhyme_unbinned_88__MGr3G3H3I_000000288833_119	vRhyme_unbinned_88__MGr3G3H3I_000000288833	vRhyme_unbinned_88__MGr3G3H3I_000000288833																														KEGG	true	high	1911.0	5046.0	NaN	NaN
vRhyme_unbinned_88__MGr3G3H3I_000000288833_120	vRhyme_unbinned_88__MGr3G3H3I_000000288833	vRhyme_unbinned_88__MGr3G3H3I_000000288833																														KEGG	true	high	2199.0	4758.0	NaN	NaN
vRhyme_unbinned_88__MGr3G3H3I_000000288833_121	vRhyme_unbinned_88__MGr3G3H3I_000000288833	vRhyme_unbinned_88__MGr3G3H3I_000000288833	9.88	9.62	2.24	K22305	phosphoserine phosphatase [EC:3.1.3.3]	94.169128	0.707	HMMsoil20885		96.192459	0.673	PF00300.28	Histidine phosphatase superfamily (branch 1)	87.766884	0.712									phrog_12933		64.253464	0.764	HMMsoil20885		FOAM	true	high	3693.0	3264.0	NaN	NaN
vRhyme_unbinned_88__MGr3G3H3I_000000288833_122	vRhyme_unbinned_88__MGr3G3H3I_000000288833	vRhyme_unbinned_88__MGr3G3H3I_000000288833																														KEGG	true	high	4317.0	2640.0	NaN	NaN
vRhyme_unbinned_88__MGr3G3H3I_000000288833_123	vRhyme_unbinned_88__MGr3G3H3I_000000288833	vRhyme_unbinned_88__MGr3G3H3I_000000288833		10.0	5.93									PF07460.17	NUMOD3 motif	45.38422	0.2									phrog_15526		92.241432	0.755	phrog_15526		PHROG	true	high	6957.0	6903.0	NaN	NaN
vRhyme_unbinned_88__MGr3G3H3I_000000288833_124	vRhyme_unbinned_88__MGr3G3H3I_000000288833	vRhyme_unbinned_88__MGr3G3H3I_000000288833																														KEGG	true	high	465.0	6438.0	NaN	NaN
vRhyme_unbinned_88__MGr3G3H3I_000000288833_125	vRhyme_unbinned_88__MGr3G3H3I_000000288833	vRhyme_unbinned_88__MGr3G3H3I_000000288833																														KEGG	true	high	822.0	6081.0	NaN	NaN
vRhyme_unbinned_88__MGr3G3H3I_000000288833_126	vRhyme_unbinned_88__MGr3G3H3I_000000288833	vRhyme_unbinned_88__MGr3G3H3I_000000288833																														KEGG	true	high	1029.0	5874.0	NaN	NaN
vRhyme_unbinned_88__MGr3G3H3I_000000288833_127	vRhyme_unbinned_88__MGr3G3H3I_000000288833	vRhyme_unbinned_88__MGr3G3H3I_000000288833																														KEGG	true	high	1263.0	5640.0	NaN	NaN
vRhyme_unbinned_88__MGr3G3H3I_000000288833_128	vRhyme_unbinned_88__MGr3G3H3I_000000288833	vRhyme_unbinned_88__MGr3G3H3I_000000288833																														KEGG	true	high	1680.0	5223.0	NaN	NaN
vRhyme_unbinned_88__MGr3G3H3I_000000288833_129	vRhyme_unbinned_88__MGr3G3H3I_000000288833	vRhyme_unbinned_88__MGr3G3H3I_000000288833																														KEGG	true	high	2133.0	4770.0	NaN	NaN
vRhyme_unbinned_88__MGr3G3H3I_000000288833_130	vRhyme_unbinned_88__MGr3G3H3I_000000288833	vRhyme_unbinned_88__MGr3G3H3I_000000288833																														KEGG	true	high	2370.0	4533.0	NaN	NaN
vRhyme_unbinned_88__MGr3G3H3I_000000288833_131	vRhyme_unbinned_88__MGr3G3H3I_000000288833	vRhyme_unbinned_88__MGr3G3H3I_000000288833																														KEGG	true	high	2574.0	4329.0	NaN	NaN
vRhyme_unbinned_88__MGr3G3H3I_000000288833_132	vRhyme_unbinned_88__MGr3G3H3I_000000288833	vRhyme_unbinned_88__MGr3G3H3I_000000288833																								phrog_2	terminase large subunit	70.509293	0.883	phrog_2	terminase large subunit	PHROG	true	high	2985.0	3918.0	NaN	NaN
vRhyme_unbinned_88__MGr3G3H3I_000000288833_133	vRhyme_unbinned_88__MGr3G3H3I_000000288833	vRhyme_unbinned_88__MGr3G3H3I_000000288833																								phrog_15526		75.6819	0.542	phrog_15526		PHROG	true	high	4677.0	2226.0	NaN	NaN
vRhyme_unbinned_88__MGr3G3H3I_000000288833_134	vRhyme_unbinned_88__MGr3G3H3I_000000288833	vRhyme_unbinned_88__MGr3G3H3I_000000288833																														KEGG	true	high	5253.0	1650.0	NaN	NaN
vRhyme_unbinned_88__MGr3G3H3I_000000288833_135	vRhyme_unbinned_88__MGr3G3H3I_000000288833	vRhyme_unbinned_88__MGr3G3H3I_000000288833								HMMsoil125912	livF; branched-chain amino acid transport system ATP-binding protein	14.720903	0.642																	HMMsoil125912	livF; branched-chain amino acid transport system ATP-binding protein	FOAM	true	high	5808.0	1095.0	NaN	NaN
vRhyme_unbinned_88__MGr3G3H3I_000000288833_136	vRhyme_unbinned_88__MGr3G3H3I_000000288833	vRhyme_unbinned_88__MGr3G3H3I_000000288833																														KEGG	true	high	6126.0	777.0	NaN	NaN
vRhyme_unbinned_88__MGr3G3H3I_000000288833_137	vRhyme_unbinned_88__MGr3G3H3I_000000288833	vRhyme_unbinned_88__MGr3G3H3I_000000288833																														KEGG	true	high	6297.0	606.0	NaN	NaN
vRhyme_unbinned_88__MGr3G3H3I_000000288833_138	vRhyme_unbinned_88__MGr3G3H3I_000000288833	vRhyme_unbinned_88__MGr3G3H3I_000000288833																														KEGG	true	high	6471.0	432.0	NaN	NaN
vRhyme_unbinned_88__MGr3G3H3I_000000288833_139	vRhyme_unbinned_88__MGr3G3H3I_000000288833	vRhyme_unbinned_88__MGr3G3H3I_000000288833																														KEGG	true	high	6642.0	261.0	NaN	NaN
vRhyme_unbinned_88__MGr3G3H3I_000000288833_140	vRhyme_unbinned_88__MGr3G3H3I_000000288833	vRhyme_unbinned_88__MGr3G3H3I_000000288833	10.0	10.0	10.0	K02335	DNA polymerase I [EC:2.7.7.7]	165.826492	0.703	HMMsoil111380	polA; DNA polymerase I EC:2.7.7.7	87.949348	0.278	PF00476.27	DNA polymerase family A	100.781425	0.296									phrog_17	DNA polymerase	218.024872	0.953	phrog_17	DNA polymerase	PHROG	true	high	6903.0	2451.0	NaN	NaN
vRhyme_unbinned_88__MGr3G3H3I_000000288833_141	vRhyme_unbinned_88__MGr3G3H3I_000000288833	vRhyme_unbinned_88__MGr3G3H3I_000000288833	10.0	10.0	10.0	K00525	ribonucleoside-diphosphate reductase alpha chain [EC:1.17.4.1]	167.297379	0.626	HMMsoil136611	RRM1; ribonucleoside-diphosphate reductase subunit M1 EC:1.17.4.1	146.412064	0.626	PF02867.21	Ribonucleotide reductase, barrel domain	67.322723	0.255									phrog_84	ribonucleoside-diphosphate reductase large subunit	156.343063	0.629	K00525	ribonucleoside-diphosphate reductase alpha chain [EC:1.17.4.1]	KEGG	true	high	2451.0	2169.0	NaN	NaN
vRhyme_unbinned_88__MGr3G3H3I_000000288833_142	vRhyme_unbinned_88__MGr3G3H3I_000000288833	vRhyme_unbinned_88__MGr3G3H3I_000000288833																														KEGG	true	high	1635.0	534.0	NaN	NaN
vRhyme_unbinned_88__MGr3G3H3I_000000288833_143	vRhyme_unbinned_88__MGr3G3H3I_000000288833	vRhyme_unbinned_88__MGr3G3H3I_000000288833		10.0	10.0									PF03819.23	MazG nucleotide pyrophosphohydrolase domain	46.465717	0.649									phrog_229	MazG-like pyrophosphatase	120.080269	0.991	phrog_229	MazG-like pyrophosphatase	PHROG	true	high	2169.0	342.0	NaN	NaN
vRhyme_unbinned_88__MGr3G3H3I_000000288833_144	vRhyme_unbinned_88__MGr3G3H3I_000000288833	vRhyme_unbinned_88__MGr3G3H3I_000000288833	10.0	10.0	10.0	K03469	ribonuclease HI [EC:3.1.26.4]	80.663834	0.77					PF00075.31	RNase H	58.736366	0.701									phrog_531	Rnase H	82.355186	0.791	phrog_531	Rnase H	PHROG	true	high	342.0	NaN	NaN	NaN
vRhyme_unbinned_88__MGr3G3H3I_000000288833_145	vRhyme_unbinned_88__MGr3G3H3I_000000288833	vRhyme_unbinned_88__MGr3G3H3I_000000288833																														KEGG	true	high	561.0	NaN	NaN	NaN
vRhyme_unbinned_88__MGr3G3H3I_000000288833_146	vRhyme_unbinned_88__MGr3G3H3I_000000288833	vRhyme_unbinned_88__MGr3G3H3I_000000288833																														KEGG	true	medium	816.0	NaN	NaN	NaN
vRhyme_unbinned_88__MGr3G3H3I_000000288833_147	vRhyme_unbinned_88__MGr3G3H3I_000000288833	vRhyme_unbinned_88__MGr3G3H3I_000000288833		10.0										PF04448.18	Protein of unknown function (DUF551)	42.64222	0.257													PF04448.18	Protein of unknown function (DUF551)	Pfam	true	high	972.0	NaN	NaN	NaN
vRhyme_unbinned_88__MGr3G3H3I_000000288833_148	vRhyme_unbinned_88__MGr3G3H3I_000000288833	vRhyme_unbinned_88__MGr3G3H3I_000000288833																														KEGG	true	medium	711.0	NaN	NaN	NaN
vRhyme_unbinned_88__MGr3G3H3I_000000288833_149	vRhyme_unbinned_88__MGr3G3H3I_000000288833	vRhyme_unbinned_88__MGr3G3H3I_000000288833																														KEGG	true	medium	984.0	NaN	NaN	NaN
vRhyme_unbinned_88__MGr3G3H3I_000000288833_150	vRhyme_unbinned_88__MGr3G3H3I_000000288833	vRhyme_unbinned_88__MGr3G3H3I_000000288833																														KEGG	true	medium	1170.0	NaN	NaN	NaN
vRhyme_unbinned_88__MGr3G3H3I_000000288833_151	vRhyme_unbinned_88__MGr3G3H3I_000000288833	vRhyme_unbinned_88__MGr3G3H3I_000000288833																														KEGG	true	medium	1332.0	NaN	NaN	NaN
vRhyme_unbinned_88__MGr3G3H3I_000000288833_152	vRhyme_unbinned_88__MGr3G3H3I_000000288833	vRhyme_unbinned_88__MGr3G3H3I_000000288833																														KEGG	true	medium	1563.0	NaN	NaN	NaN
vRhyme_unbinned_88__MGr3G3H3I_000000288833_153	vRhyme_unbinned_88__MGr3G3H3I_000000288833	vRhyme_unbinned_88__MGr3G3H3I_000000288833																														KEGG	true	medium	1773.0	NaN	NaN	NaN
vRhyme_unbinned_88__MGr3G3H3I_000000288833_154	vRhyme_unbinned_88__MGr3G3H3I_000000288833	vRhyme_unbinned_88__MGr3G3H3I_000000288833																														KEGG	true	medium	2088.0	NaN	NaN	NaN
vRhyme_unbinned_88__MGr3G3H3I_000000288833_155	vRhyme_unbinned_88__MGr3G3H3I_000000288833	vRhyme_unbinned_88__MGr3G3H3I_000000288833																														KEGG	true	high	2304.0	NaN	NaN	NaN
vRhyme_unbinned_88__MGr3G3H3I_000000288833_156	vRhyme_unbinned_88__MGr3G3H3I_000000288833	vRhyme_unbinned_88__MGr3G3H3I_000000288833				K27379		68.508926	0.667																	phrog_99	HNH endonuclease	109.277046	0.708	phrog_99	HNH endonuclease	PHROG	true	high	2988.0	NaN	NaN	NaN
vRhyme_unbinned_89__MGr3G3H3I_000000289364_1	vRhyme_unbinned_89__MGr3G3H3I_000000289364	vRhyme_unbinned_89__MGr3G3H3I_000000289364																														KEGG	false	high	NaN	4701.0	NaN	NaN
vRhyme_unbinned_89__MGr3G3H3I_000000289364_2	vRhyme_unbinned_89__MGr3G3H3I_000000289364	vRhyme_unbinned_89__MGr3G3H3I_000000289364																														KEGG	false	high	NaN	4581.0	NaN	NaN
vRhyme_unbinned_89__MGr3G3H3I_000000289364_3	vRhyme_unbinned_89__MGr3G3H3I_000000289364	vRhyme_unbinned_89__MGr3G3H3I_000000289364																														KEGG	false	high	NaN	4317.0	NaN	NaN
vRhyme_unbinned_89__MGr3G3H3I_000000289364_4	vRhyme_unbinned_89__MGr3G3H3I_000000289364	vRhyme_unbinned_89__MGr3G3H3I_000000289364																														KEGG	false	high	NaN	4074.0	NaN	NaN
vRhyme_unbinned_89__MGr3G3H3I_000000289364_5	vRhyme_unbinned_89__MGr3G3H3I_000000289364	vRhyme_unbinned_89__MGr3G3H3I_000000289364																														KEGG	false	high	NaN	3876.0	NaN	NaN
vRhyme_unbinned_89__MGr3G3H3I_000000289364_6	vRhyme_unbinned_89__MGr3G3H3I_000000289364	vRhyme_unbinned_89__MGr3G3H3I_000000289364																														KEGG	false	high	NaN	3387.0	NaN	NaN
vRhyme_unbinned_89__MGr3G3H3I_000000289364_7	vRhyme_unbinned_89__MGr3G3H3I_000000289364	vRhyme_unbinned_89__MGr3G3H3I_000000289364																														KEGG	false	high	NaN	3150.0	NaN	NaN
vRhyme_unbinned_89__MGr3G3H3I_000000289364_8	vRhyme_unbinned_89__MGr3G3H3I_000000289364	vRhyme_unbinned_89__MGr3G3H3I_000000289364																														KEGG	false	high	NaN	2046.0	NaN	NaN
vRhyme_unbinned_89__MGr3G3H3I_000000289364_9	vRhyme_unbinned_89__MGr3G3H3I_000000289364	vRhyme_unbinned_89__MGr3G3H3I_000000289364																														KEGG	false	high	NaN	1773.0	NaN	NaN
vRhyme_unbinned_89__MGr3G3H3I_000000289364_10	vRhyme_unbinned_89__MGr3G3H3I_000000289364	vRhyme_unbinned_89__MGr3G3H3I_000000289364																														KEGG	false	medium	NaN	1530.0	NaN	NaN
vRhyme_unbinned_89__MGr3G3H3I_000000289364_11	vRhyme_unbinned_89__MGr3G3H3I_000000289364	vRhyme_unbinned_89__MGr3G3H3I_000000289364																														KEGG	false	medium	NaN	1140.0	NaN	NaN
vRhyme_unbinned_89__MGr3G3H3I_000000289364_12	vRhyme_unbinned_89__MGr3G3H3I_000000289364	vRhyme_unbinned_89__MGr3G3H3I_000000289364																														KEGG	false	medium	NaN	639.0	NaN	NaN
vRhyme_unbinned_89__MGr3G3H3I_000000289364_13	vRhyme_unbinned_89__MGr3G3H3I_000000289364	vRhyme_unbinned_89__MGr3G3H3I_000000289364																														KEGG	false	medium	NaN	426.0	NaN	NaN
vRhyme_unbinned_89__MGr3G3H3I_000000289364_14	vRhyme_unbinned_89__MGr3G3H3I_000000289364	vRhyme_unbinned_89__MGr3G3H3I_000000289364																														KEGG	false	medium	NaN	240.0	NaN	489.0
vRhyme_unbinned_89__MGr3G3H3I_000000289364_15	vRhyme_unbinned_89__MGr3G3H3I_000000289364	vRhyme_unbinned_89__MGr3G3H3I_000000289364	10.0	10.0		K03497	ParB family transcriptional regulator, chromosome partitioning protein	53.795277	0.733					PF02195.26	ParB/Sulfiredoxin domain	37.162128	0.219													K03497	ParB family transcriptional regulator, chromosome partitioning protein	KEGG	false	medium	NaN	3852.0	NaN	309.0
vRhyme_unbinned_89__MGr3G3H3I_000000289364_16	vRhyme_unbinned_89__MGr3G3H3I_000000289364	vRhyme_unbinned_89__MGr3G3H3I_000000289364																														KEGG	false	medium	NaN	2550.0	NaN	16125.0
vRhyme_unbinned_89__MGr3G3H3I_000000289364_17	vRhyme_unbinned_89__MGr3G3H3I_000000289364	vRhyme_unbinned_89__MGr3G3H3I_000000289364		2.15										PF05685.19	Putative restriction endonuclease	61.458157	0.735													PF05685.19	Putative restriction endonuclease	Pfam	false	medium	NaN	1884.0	618.0	15507.0
vRhyme_unbinned_89__MGr3G3H3I_000000289364_18	vRhyme_unbinned_89__MGr3G3H3I_000000289364	vRhyme_unbinned_89__MGr3G3H3I_000000289364																														KEGG	false	medium	NaN	1284.0	822.0	15303.0
vRhyme_unbinned_89__MGr3G3H3I_000000289364_19	vRhyme_unbinned_89__MGr3G3H3I_000000289364	vRhyme_unbinned_89__MGr3G3H3I_000000289364																														KEGG	false	medium	NaN	1086.0	2559.0	13566.0
vRhyme_unbinned_89__MGr3G3H3I_000000289364_20	vRhyme_unbinned_89__MGr3G3H3I_000000289364	vRhyme_unbinned_89__MGr3G3H3I_000000289364																														KEGG	false	medium	NaN	855.0	3231.0	12894.0
vRhyme_unbinned_89__MGr3G3H3I_000000289364_21	vRhyme_unbinned_89__MGr3G3H3I_000000289364	vRhyme_unbinned_89__MGr3G3H3I_000000289364																														KEGG	false	medium	NaN	564.0	4542.0	11583.0
vRhyme_unbinned_89__MGr3G3H3I_000000289364_22	vRhyme_unbinned_89__MGr3G3H3I_000000289364	vRhyme_unbinned_89__MGr3G3H3I_000000289364																														KEGG	false	medium	NaN	222.0	4686.0	11439.0
vRhyme_unbinned_89__MGr3G3H3I_000000289364_23	vRhyme_unbinned_89__MGr3G3H3I_000000289364	vRhyme_unbinned_89__MGr3G3H3I_000000289364	10.0	10.0	10.0	K04763	integrase/recombinase XerD	212.469315	0.927					PF00589.28	Phage integrase family	110.387169	0.516									phrog_1	integrase	167.849411	0.965	K04763	integrase/recombinase XerD	KEGG	false	medium	NaN	1188.0	5934.0	10191.0
vRhyme_unbinned_89__MGr3G3H3I_000000289364_24	vRhyme_unbinned_89__MGr3G3H3I_000000289364	vRhyme_unbinned_89__MGr3G3H3I_000000289364																														KEGG	false	medium	942.0	246.0	7239.0	8886.0
vRhyme_unbinned_89__MGr3G3H3I_000000289364_25	vRhyme_unbinned_89__MGr3G3H3I_000000289364	vRhyme_unbinned_89__MGr3G3H3I_000000289364	10.0	10.0	10.0	K03087	RNA polymerase nonessential primary-like sigma factor	119.232124	0.979					PF04545.23	Sigma-70, region 4	30.821569	0.227									phrog_351	RNA polymerase sigma factor	69.10495	0.948	K03087	RNA polymerase nonessential primary-like sigma factor	KEGG	false	medium	1188.0	699.0	7680.0	8445.0
vRhyme_unbinned_89__MGr3G3H3I_000000289364_26	vRhyme_unbinned_89__MGr3G3H3I_000000289364	vRhyme_unbinned_89__MGr3G3H3I_000000289364	10.0	10.0	10.0	K03087	RNA polymerase nonessential primary-like sigma factor	76.453102	0.982					PF04545.23	Sigma-70, region 4	25.734131	0.238									phrog_351	RNA polymerase sigma factor	52.869411	0.964	K03087	RNA polymerase nonessential primary-like sigma factor	KEGG	false	medium	699.0	NaN	7782.0	8343.0
vRhyme_unbinned_89__MGr3G3H3I_000000289364_27	vRhyme_unbinned_89__MGr3G3H3I_000000289364	vRhyme_unbinned_89__MGr3G3H3I_000000289364																														KEGG	false	medium	669.0	NaN	9186.0	6939.0
vRhyme_unbinned_89__MGr3G3H3I_000000289364_28	vRhyme_unbinned_89__MGr3G3H3I_000000289364	vRhyme_unbinned_89__MGr3G3H3I_000000289364																														KEGG	false	medium	867.0	NaN	9492.0	6633.0
vRhyme_unbinned_89__MGr3G3H3I_000000289364_29	vRhyme_unbinned_89__MGr3G3H3I_000000289364	vRhyme_unbinned_89__MGr3G3H3I_000000289364																														KEGG	false	medium	1209.0	NaN	10629.0	5496.0
vRhyme_unbinned_89__MGr3G3H3I_000000289364_30	vRhyme_unbinned_89__MGr3G3H3I_000000289364	vRhyme_unbinned_89__MGr3G3H3I_000000289364																														KEGG	false	medium	1491.0	NaN	11193.0	4932.0
vRhyme_unbinned_89__MGr3G3H3I_000000289364_31	vRhyme_unbinned_89__MGr3G3H3I_000000289364	vRhyme_unbinned_89__MGr3G3H3I_000000289364																								phrog_2	terminase large subunit	83.210922	0.92	phrog_2	terminase large subunit	PHROG	false	medium	1791.0	NaN	11553.0	4572.0
vRhyme_unbinned_89__MGr3G3H3I_000000289364_32	vRhyme_unbinned_89__MGr3G3H3I_000000289364	vRhyme_unbinned_89__MGr3G3H3I_000000289364																														KEGG	false	medium	3258.0	NaN	12774.0	3351.0
vRhyme_unbinned_89__MGr3G3H3I_000000289364_33	vRhyme_unbinned_89__MGr3G3H3I_000000289364	vRhyme_unbinned_89__MGr3G3H3I_000000289364																														KEGG	false	medium	3516.0	NaN	13023.0	3102.0
vRhyme_unbinned_8__MGr3G3H3I_000000017652_1	vRhyme_unbinned_8__MGr3G3H3I_000000017652	vRhyme_unbinned_8__MGr3G3H3I_000000017652																														KEGG	false	high	NaN	NaN	NaN	2775.0
vRhyme_unbinned_8__MGr3G3H3I_000000017652_2	vRhyme_unbinned_8__MGr3G3H3I_000000017652	vRhyme_unbinned_8__MGr3G3H3I_000000017652		10.0										PF12728.14	Helix-turn-helix domain	32.592373	0.58													PF12728.14	Helix-turn-helix domain	Pfam	false	high	NaN	NaN	NaN	2334.0
vRhyme_unbinned_8__MGr3G3H3I_000000017652_3	vRhyme_unbinned_8__MGr3G3H3I_000000017652	vRhyme_unbinned_8__MGr3G3H3I_000000017652																														KEGG	false	high	NaN	NaN	NaN	2100.0
vRhyme_unbinned_8__MGr3G3H3I_000000017652_4	vRhyme_unbinned_8__MGr3G3H3I_000000017652	vRhyme_unbinned_8__MGr3G3H3I_000000017652																														KEGG	false	high	NaN	NaN	NaN	1632.0
vRhyme_unbinned_8__MGr3G3H3I_000000017652_5	vRhyme_unbinned_8__MGr3G3H3I_000000017652	vRhyme_unbinned_8__MGr3G3H3I_000000017652																														KEGG	false	high	NaN	NaN	NaN	1272.0
vRhyme_unbinned_8__MGr3G3H3I_000000017652_6	vRhyme_unbinned_8__MGr3G3H3I_000000017652	vRhyme_unbinned_8__MGr3G3H3I_000000017652																														KEGG	false	high	NaN	NaN	NaN	885.0
vRhyme_unbinned_8__MGr3G3H3I_000000017652_7	vRhyme_unbinned_8__MGr3G3H3I_000000017652	vRhyme_unbinned_8__MGr3G3H3I_000000017652																														KEGG	false	high	NaN	NaN	NaN	714.0
vRhyme_unbinned_8__MGr3G3H3I_000000017652_8	vRhyme_unbinned_8__MGr3G3H3I_000000017652	vRhyme_unbinned_8__MGr3G3H3I_000000017652		10.0										PF12728.14	Helix-turn-helix domain	36.346859	0.742													PF12728.14	Helix-turn-helix domain	Pfam	false	medium	NaN	NaN	NaN	348.0
vRhyme_unbinned_8__MGr3G3H3I_000000017652_9	vRhyme_unbinned_8__MGr3G3H3I_000000017652	vRhyme_unbinned_8__MGr3G3H3I_000000017652		10.0										PF13481.13	AAA domain	54.941128	0.233													PF13481.13	AAA domain	Pfam	false	medium	NaN	NaN	NaN	111.0
vRhyme_unbinned_8__MGr3G3H3I_000000017652_10	vRhyme_unbinned_8__MGr3G3H3I_000000017652	vRhyme_unbinned_8__MGr3G3H3I_000000017652		10.0										PF12728.14	Helix-turn-helix domain	28.36104	0.484													PF12728.14	Helix-turn-helix domain	Pfam	false	medium	NaN	NaN	NaN	NaN
vRhyme_unbinned_8__MGr3G3H3I_000000017652_11	vRhyme_unbinned_8__MGr3G3H3I_000000017652	vRhyme_unbinned_8__MGr3G3H3I_000000017652				K14059	integrase	128.245834	0.847					PF26003.1		58.183193	0.129									phrog_1	integrase	168.788101	0.949	phrog_1	integrase	PHROG	false	medium	NaN	NaN	597.0	NaN
vRhyme_unbinned_8__MGr3G3H3I_000000017652_12	vRhyme_unbinned_8__MGr3G3H3I_000000017652	vRhyme_unbinned_8__MGr3G3H3I_000000017652		10.0										PF00589.28	Phage integrase family	29.532663	0.774													PF00589.28	Phage integrase family	Pfam	false	medium	NaN	NaN	1278.0	NaN
vRhyme_unbinned_8__MGr3G3H3I_000000017652_13	vRhyme_unbinned_8__MGr3G3H3I_000000017652	vRhyme_unbinned_8__MGr3G3H3I_000000017652				K14059	integrase	66.660362	0.659																	phrog_1	integrase	87.37532	0.913	phrog_1	integrase	PHROG	false	medium	NaN	NaN	1716.0	NaN
vRhyme_unbinned_8__MGr3G3H3I_000000017652_14	vRhyme_unbinned_8__MGr3G3H3I_000000017652	vRhyme_unbinned_8__MGr3G3H3I_000000017652																														KEGG	false	medium	NaN	NaN	1956.0	NaN
vRhyme_unbinned_8__MGr3G3H3I_000000017652_15	vRhyme_unbinned_8__MGr3G3H3I_000000017652	vRhyme_unbinned_8__MGr3G3H3I_000000017652																														KEGG	false	high	NaN	NaN	NaN	NaN
vRhyme_unbinned_8__MGr3G3H3I_000000017652_16	vRhyme_unbinned_8__MGr3G3H3I_000000017652	vRhyme_unbinned_8__MGr3G3H3I_000000017652												PF24071.2		42.576332	0.204													PF24071.2		Pfam	false	high	NaN	NaN	NaN	NaN
vRhyme_unbinned_8__MGr3G3H3I_000000017652_17	vRhyme_unbinned_8__MGr3G3H3I_000000017652	vRhyme_unbinned_8__MGr3G3H3I_000000017652																														KEGG	false	high	NaN	NaN	NaN	NaN
vRhyme_unbinned_8__MGr3G3H3I_000000017652_18	vRhyme_unbinned_8__MGr3G3H3I_000000017652	vRhyme_unbinned_8__MGr3G3H3I_000000017652																														KEGG	false	high	NaN	NaN	NaN	NaN
vRhyme_unbinned_8__MGr3G3H3I_000000017652_19	vRhyme_unbinned_8__MGr3G3H3I_000000017652	vRhyme_unbinned_8__MGr3G3H3I_000000017652		6.32										PF12965.14	Domain of unknown function (DUF3854)	76.896225	0.38													PF12965.14	Domain of unknown function (DUF3854)	Pfam	false	medium	NaN	NaN	NaN	NaN
vRhyme_unbinned_8__MGr3G3H3I_000000017652_20	vRhyme_unbinned_8__MGr3G3H3I_000000017652	vRhyme_unbinned_8__MGr3G3H3I_000000017652		1.22										PF12307.14	Protein of unknown function (DUF3631)	64.633568	0.406													PF12307.14	Protein of unknown function (DUF3631)	Pfam	false	medium	NaN	NaN	NaN	NaN
vRhyme_unbinned_8__MGr3G3H3I_000000017652_21	vRhyme_unbinned_8__MGr3G3H3I_000000017652	vRhyme_unbinned_8__MGr3G3H3I_000000017652																														KEGG	false	high	NaN	NaN	NaN	NaN
vRhyme_unbinned_8__MGr3G3H3I_000000017652_22	vRhyme_unbinned_8__MGr3G3H3I_000000017652	vRhyme_unbinned_8__MGr3G3H3I_000000017652																														KEGG	false	high	NaN	NaN	NaN	NaN
vRhyme_unbinned_8__MGr3G3H3I_000000017652_23	vRhyme_unbinned_8__MGr3G3H3I_000000017652	vRhyme_unbinned_8__MGr3G3H3I_000000017652																														KEGG	false	high	NaN	NaN	NaN	NaN
vRhyme_unbinned_8__MGr3G3H3I_000000017652_24	vRhyme_unbinned_8__MGr3G3H3I_000000017652	vRhyme_unbinned_8__MGr3G3H3I_000000017652																														KEGG	false	high	NaN	NaN	NaN	NaN
vRhyme_unbinned_90__MGr3G3H3I_000000290477_1	vRhyme_unbinned_90__MGr3G3H3I_000000290477	vRhyme_unbinned_90__MGr3G3H3I_000000290477																														KEGG	false	medium	NaN	NaN	11334.0	NaN
vRhyme_unbinned_90__MGr3G3H3I_000000290477_2	vRhyme_unbinned_90__MGr3G3H3I_000000290477	vRhyme_unbinned_90__MGr3G3H3I_000000290477																														KEGG	false	medium	NaN	NaN	13605.0	NaN
vRhyme_unbinned_90__MGr3G3H3I_000000290477_3	vRhyme_unbinned_90__MGr3G3H3I_000000290477	vRhyme_unbinned_90__MGr3G3H3I_000000290477																														KEGG	false	medium	NaN	NaN	13986.0	NaN
vRhyme_unbinned_90__MGr3G3H3I_000000290477_4	vRhyme_unbinned_90__MGr3G3H3I_000000290477	vRhyme_unbinned_90__MGr3G3H3I_000000290477																														KEGG	false	medium	NaN	NaN	14745.0	NaN
vRhyme_unbinned_90__MGr3G3H3I_000000290477_5	vRhyme_unbinned_90__MGr3G3H3I_000000290477	vRhyme_unbinned_90__MGr3G3H3I_000000290477																														KEGG	false	medium	NaN	NaN	15096.0	NaN
vRhyme_unbinned_90__MGr3G3H3I_000000290477_6	vRhyme_unbinned_90__MGr3G3H3I_000000290477	vRhyme_unbinned_90__MGr3G3H3I_000000290477																														KEGG	false	medium	NaN	NaN	16434.0	NaN
vRhyme_unbinned_90__MGr3G3H3I_000000290477_7	vRhyme_unbinned_90__MGr3G3H3I_000000290477	vRhyme_unbinned_90__MGr3G3H3I_000000290477																														KEGG	false	medium	NaN	NaN	16725.0	NaN
vRhyme_unbinned_90__MGr3G3H3I_000000290477_8	vRhyme_unbinned_90__MGr3G3H3I_000000290477	vRhyme_unbinned_90__MGr3G3H3I_000000290477																														KEGG	false	medium	NaN	NaN	17466.0	NaN
vRhyme_unbinned_90__MGr3G3H3I_000000290477_9	vRhyme_unbinned_90__MGr3G3H3I_000000290477	vRhyme_unbinned_90__MGr3G3H3I_000000290477																														KEGG	false	medium	NaN	NaN	17787.0	NaN
vRhyme_unbinned_90__MGr3G3H3I_000000290477_10	vRhyme_unbinned_90__MGr3G3H3I_000000290477	vRhyme_unbinned_90__MGr3G3H3I_000000290477																														KEGG	false	medium	NaN	NaN	18234.0	NaN
vRhyme_unbinned_90__MGr3G3H3I_000000290477_11	vRhyme_unbinned_90__MGr3G3H3I_000000290477	vRhyme_unbinned_90__MGr3G3H3I_000000290477																														KEGG	false	medium	NaN	NaN	20478.0	NaN
vRhyme_unbinned_90__MGr3G3H3I_000000290477_12	vRhyme_unbinned_90__MGr3G3H3I_000000290477	vRhyme_unbinned_90__MGr3G3H3I_000000290477																														KEGG	false	medium	NaN	NaN	24069.0	NaN
vRhyme_unbinned_90__MGr3G3H3I_000000290477_13	vRhyme_unbinned_90__MGr3G3H3I_000000290477	vRhyme_unbinned_90__MGr3G3H3I_000000290477																														KEGG	false	medium	NaN	NaN	24165.0	NaN
vRhyme_unbinned_90__MGr3G3H3I_000000290477_14	vRhyme_unbinned_90__MGr3G3H3I_000000290477	vRhyme_unbinned_90__MGr3G3H3I_000000290477																														KEGG	false	medium	NaN	NaN	24882.0	NaN
vRhyme_unbinned_90__MGr3G3H3I_000000290477_15	vRhyme_unbinned_90__MGr3G3H3I_000000290477	vRhyme_unbinned_90__MGr3G3H3I_000000290477																														KEGG	false	medium	NaN	NaN	25239.0	NaN
vRhyme_unbinned_90__MGr3G3H3I_000000290477_16	vRhyme_unbinned_90__MGr3G3H3I_000000290477	vRhyme_unbinned_90__MGr3G3H3I_000000290477																														KEGG	false	medium	NaN	NaN	25431.0	NaN
vRhyme_unbinned_91__MGr3G3H3I_000000294607_1	vRhyme_unbinned_91__MGr3G3H3I_000000294607	vRhyme_unbinned_91__MGr3G3H3I_000000294607																														KEGG	false	high	NaN	NaN	NaN	NaN
vRhyme_unbinned_91__MGr3G3H3I_000000294607_2	vRhyme_unbinned_91__MGr3G3H3I_000000294607	vRhyme_unbinned_91__MGr3G3H3I_000000294607																														KEGG	false	high	NaN	NaN	NaN	NaN
vRhyme_unbinned_91__MGr3G3H3I_000000294607_3	vRhyme_unbinned_91__MGr3G3H3I_000000294607	vRhyme_unbinned_91__MGr3G3H3I_000000294607				K23330	leucine-zipper-like transcriptional regulator 1	90.885666	0.717	HMMsoil23714	E3.1.3.16; protein phosphatase EC:3.1.3.16	31.09148	0.073	PF24681.2		53.843628	0.304													K23330	leucine-zipper-like transcriptional regulator 1	KEGG	false	high	NaN	NaN	NaN	NaN
vRhyme_unbinned_91__MGr3G3H3I_000000294607_4	vRhyme_unbinned_91__MGr3G3H3I_000000294607	vRhyme_unbinned_91__MGr3G3H3I_000000294607												PF24175.3		67.716652	0.891													PF24175.3		Pfam	false	high	NaN	NaN	NaN	3912.0
vRhyme_unbinned_91__MGr3G3H3I_000000294607_5	vRhyme_unbinned_91__MGr3G3H3I_000000294607	vRhyme_unbinned_91__MGr3G3H3I_000000294607																														KEGG	false	high	NaN	NaN	NaN	3735.0
vRhyme_unbinned_91__MGr3G3H3I_000000294607_6	vRhyme_unbinned_91__MGr3G3H3I_000000294607	vRhyme_unbinned_91__MGr3G3H3I_000000294607																														KEGG	false	high	NaN	NaN	NaN	3645.0
vRhyme_unbinned_91__MGr3G3H3I_000000294607_7	vRhyme_unbinned_91__MGr3G3H3I_000000294607	vRhyme_unbinned_91__MGr3G3H3I_000000294607																														KEGG	false	high	NaN	NaN	NaN	3510.0
vRhyme_unbinned_91__MGr3G3H3I_000000294607_8	vRhyme_unbinned_91__MGr3G3H3I_000000294607	vRhyme_unbinned_91__MGr3G3H3I_000000294607																														KEGG	false	high	NaN	NaN	NaN	3393.0
vRhyme_unbinned_91__MGr3G3H3I_000000294607_9	vRhyme_unbinned_91__MGr3G3H3I_000000294607	vRhyme_unbinned_91__MGr3G3H3I_000000294607																														KEGG	false	high	NaN	NaN	NaN	3078.0
vRhyme_unbinned_91__MGr3G3H3I_000000294607_10	vRhyme_unbinned_91__MGr3G3H3I_000000294607	vRhyme_unbinned_91__MGr3G3H3I_000000294607		10.0										PF16510.13	Phage P22-like portal protein	39.279583	0.303													PF16510.13	Phage P22-like portal protein	Pfam	false	medium	NaN	NaN	NaN	2925.0
vRhyme_unbinned_91__MGr3G3H3I_000000294607_11	vRhyme_unbinned_91__MGr3G3H3I_000000294607	vRhyme_unbinned_91__MGr3G3H3I_000000294607																														KEGG	false	high	NaN	NaN	NaN	2316.0
vRhyme_unbinned_91__MGr3G3H3I_000000294607_12	vRhyme_unbinned_91__MGr3G3H3I_000000294607	vRhyme_unbinned_91__MGr3G3H3I_000000294607																														KEGG	false	high	NaN	NaN	NaN	1878.0
vRhyme_unbinned_91__MGr3G3H3I_000000294607_13	vRhyme_unbinned_91__MGr3G3H3I_000000294607	vRhyme_unbinned_91__MGr3G3H3I_000000294607																														KEGG	false	high	NaN	NaN	NaN	1692.0
vRhyme_unbinned_91__MGr3G3H3I_000000294607_14	vRhyme_unbinned_91__MGr3G3H3I_000000294607	vRhyme_unbinned_91__MGr3G3H3I_000000294607	10.0	10.0		K04078	chaperonin GroES	68.819733	0.608					PF00166.27	Chaperonin 10 Kd subunit	55.373981	0.485													K04078	chaperonin GroES	KEGG	false	high	NaN	NaN	NaN	1434.0
vRhyme_unbinned_91__MGr3G3H3I_000000294607_15	vRhyme_unbinned_91__MGr3G3H3I_000000294607	vRhyme_unbinned_91__MGr3G3H3I_000000294607																														KEGG	false	medium	NaN	NaN	NaN	NaN
vRhyme_unbinned_91__MGr3G3H3I_000000294607_16	vRhyme_unbinned_91__MGr3G3H3I_000000294607	vRhyme_unbinned_91__MGr3G3H3I_000000294607																														KEGG	false	high	NaN	NaN	228.0	NaN
vRhyme_unbinned_91__MGr3G3H3I_000000294607_17	vRhyme_unbinned_91__MGr3G3H3I_000000294607	vRhyme_unbinned_91__MGr3G3H3I_000000294607																														KEGG	false	high	NaN	NaN	444.0	NaN
vRhyme_unbinned_91__MGr3G3H3I_000000294607_18	vRhyme_unbinned_91__MGr3G3H3I_000000294607	vRhyme_unbinned_91__MGr3G3H3I_000000294607																														KEGG	false	high	NaN	NaN	960.0	NaN
vRhyme_unbinned_91__MGr3G3H3I_000000294607_19	vRhyme_unbinned_91__MGr3G3H3I_000000294607	vRhyme_unbinned_91__MGr3G3H3I_000000294607																														KEGG	false	high	NaN	NaN	1197.0	NaN
vRhyme_unbinned_91__MGr3G3H3I_000000294607_20	vRhyme_unbinned_91__MGr3G3H3I_000000294607	vRhyme_unbinned_91__MGr3G3H3I_000000294607																														KEGG	false	high	NaN	NaN	1407.0	NaN
vRhyme_unbinned_92__MGr3G3H3I_000000298215_1	vRhyme_unbinned_92__MGr3G3H3I_000000298215	vRhyme_unbinned_92__MGr3G3H3I_000000298215																														KEGG	false	medium	NaN	NaN	NaN	NaN
vRhyme_unbinned_92__MGr3G3H3I_000000298215_2	vRhyme_unbinned_92__MGr3G3H3I_000000298215	vRhyme_unbinned_92__MGr3G3H3I_000000298215																														KEGG	false	medium	NaN	NaN	NaN	NaN
vRhyme_unbinned_92__MGr3G3H3I_000000298215_3	vRhyme_unbinned_92__MGr3G3H3I_000000298215	vRhyme_unbinned_92__MGr3G3H3I_000000298215																														KEGG	false	medium	NaN	NaN	NaN	NaN
vRhyme_unbinned_92__MGr3G3H3I_000000298215_4	vRhyme_unbinned_92__MGr3G3H3I_000000298215	vRhyme_unbinned_92__MGr3G3H3I_000000298215																														KEGG	false	medium	NaN	NaN	NaN	NaN
vRhyme_unbinned_92__MGr3G3H3I_000000298215_5	vRhyme_unbinned_92__MGr3G3H3I_000000298215	vRhyme_unbinned_92__MGr3G3H3I_000000298215																														KEGG	false	medium	NaN	NaN	NaN	NaN
vRhyme_unbinned_92__MGr3G3H3I_000000298215_6	vRhyme_unbinned_92__MGr3G3H3I_000000298215	vRhyme_unbinned_92__MGr3G3H3I_000000298215																														KEGG	false	medium	NaN	NaN	NaN	NaN
vRhyme_unbinned_92__MGr3G3H3I_000000298215_7	vRhyme_unbinned_92__MGr3G3H3I_000000298215	vRhyme_unbinned_92__MGr3G3H3I_000000298215																														KEGG	false	medium	NaN	NaN	NaN	NaN
vRhyme_unbinned_92__MGr3G3H3I_000000298215_8	vRhyme_unbinned_92__MGr3G3H3I_000000298215	vRhyme_unbinned_92__MGr3G3H3I_000000298215																														KEGG	false	medium	NaN	NaN	NaN	NaN
vRhyme_unbinned_92__MGr3G3H3I_000000298215_9	vRhyme_unbinned_92__MGr3G3H3I_000000298215	vRhyme_unbinned_92__MGr3G3H3I_000000298215																														KEGG	false	medium	NaN	NaN	NaN	NaN
vRhyme_unbinned_92__MGr3G3H3I_000000298215_10	vRhyme_unbinned_92__MGr3G3H3I_000000298215	vRhyme_unbinned_92__MGr3G3H3I_000000298215																														KEGG	false	medium	NaN	NaN	NaN	NaN
vRhyme_unbinned_92__MGr3G3H3I_000000298215_11	vRhyme_unbinned_92__MGr3G3H3I_000000298215	vRhyme_unbinned_92__MGr3G3H3I_000000298215																														KEGG	false	medium	NaN	NaN	NaN	NaN
vRhyme_unbinned_92__MGr3G3H3I_000000298215_12	vRhyme_unbinned_92__MGr3G3H3I_000000298215	vRhyme_unbinned_92__MGr3G3H3I_000000298215																								phrog_283	major head protein	54.558666	0.592	phrog_283	major head protein	PHROG	false	medium	NaN	NaN	NaN	NaN
vRhyme_unbinned_92__MGr3G3H3I_000000298215_13	vRhyme_unbinned_92__MGr3G3H3I_000000298215	vRhyme_unbinned_92__MGr3G3H3I_000000298215																														KEGG	false	medium	NaN	NaN	NaN	NaN
vRhyme_unbinned_93__MGr3G3H3I_000000010460|provirus_1_14105_1	vRhyme_unbinned_93__MGr3G3H3I_000000010460|provirus_1_14105	vRhyme_unbinned_93__MGr3G3H3I_000000010460|provirus_1_14105																														KEGG	false	medium	NaN	1596.0	NaN	NaN
vRhyme_unbinned_93__MGr3G3H3I_000000010460|provirus_1_14105_2	vRhyme_unbinned_93__MGr3G3H3I_000000010460|provirus_1_14105	vRhyme_unbinned_93__MGr3G3H3I_000000010460|provirus_1_14105		7.54										PF01981.22	Peptidyl-tRNA hydrolase PTH2	23.838923	0.554													PF01981.22	Peptidyl-tRNA hydrolase PTH2	Pfam	false	medium	NaN	1389.0	NaN	NaN
vRhyme_unbinned_93__MGr3G3H3I_000000010460|provirus_1_14105_3	vRhyme_unbinned_93__MGr3G3H3I_000000010460|provirus_1_14105	vRhyme_unbinned_93__MGr3G3H3I_000000010460|provirus_1_14105		2.76										PF13565.13	Homeodomain-like domain	41.994354	0.542													PF13565.13	Homeodomain-like domain	Pfam	false	medium	NaN	1086.0	NaN	NaN
vRhyme_unbinned_93__MGr3G3H3I_000000010460|provirus_1_14105_4	vRhyme_unbinned_93__MGr3G3H3I_000000010460|provirus_1_14105	vRhyme_unbinned_93__MGr3G3H3I_000000010460|provirus_1_14105		3.95										PF13358.13	DDE superfamily endonuclease	86.073959	0.691													PF13358.13	DDE superfamily endonuclease	Pfam	false	medium	NaN	660.0	NaN	NaN
vRhyme_unbinned_93__MGr3G3H3I_000000010460|provirus_1_14105_5	vRhyme_unbinned_93__MGr3G3H3I_000000010460|provirus_1_14105	vRhyme_unbinned_93__MGr3G3H3I_000000010460|provirus_1_14105		4.03	10.0									PF13395.13	HNH endonuclease	38.332264	0.253									phrog_16726	HNH endonuclease	85.870857	0.881	phrog_16726	HNH endonuclease	PHROG	false	medium	NaN	582.0	NaN	NaN
vRhyme_unbinned_93__MGr3G3H3I_000000010460|provirus_1_14105_6	vRhyme_unbinned_93__MGr3G3H3I_000000010460|provirus_1_14105	vRhyme_unbinned_93__MGr3G3H3I_000000010460|provirus_1_14105		10.0	4.32									PF09414.16	RNA ligase	116.247093	0.688									phrog_24030	RNA ligase	83.083771	0.943	PF09414.16	RNA ligase	Pfam	false	medium	582.0	741.0	NaN	NaN
vRhyme_unbinned_93__MGr3G3H3I_000000010460|provirus_1_14105_7	vRhyme_unbinned_93__MGr3G3H3I_000000010460|provirus_1_14105	vRhyme_unbinned_93__MGr3G3H3I_000000010460|provirus_1_14105		10.0	6.48					HMMsoil84935	cca; tRNA nucleotidyltransferase (CCA-adding enzyme) EC:2.7.7.72 3.1.3.- 3.1.4.-	60.631649	0.272	PF13671.13	AAA domain	81.314049	0.348									phrog_6931		79.430336	0.913	PF13671.13	AAA domain	Pfam	false	medium	741.0	1470.0	NaN	NaN
vRhyme_unbinned_93__MGr3G3H3I_000000010460|provirus_1_14105_8	vRhyme_unbinned_93__MGr3G3H3I_000000010460|provirus_1_14105	vRhyme_unbinned_93__MGr3G3H3I_000000010460|provirus_1_14105																														KEGG	false	medium	1104.0	366.0	NaN	NaN
vRhyme_unbinned_93__MGr3G3H3I_000000010460|provirus_1_14105_9	vRhyme_unbinned_93__MGr3G3H3I_000000010460|provirus_1_14105	vRhyme_unbinned_93__MGr3G3H3I_000000010460|provirus_1_14105	10.0	10.0	10.0	K14575	AAA family ATPase	126.929832	0.563	HMMsoil99757	B4GALT7; xylosylprotein 4-beta-galactosyltransferase EC:2.4.1.133	44.224422	0.251	PF00004.36	ATPase family associated with various cellular activities (AAA)	91.362465	0.255									phrog_8638		486.670258	0.967	phrog_8638		PHROG	false	medium	1470.0	NaN	NaN	NaN
vRhyme_unbinned_93__MGr3G3H3I_000000010460|provirus_1_14105_10	vRhyme_unbinned_93__MGr3G3H3I_000000010460|provirus_1_14105	vRhyme_unbinned_93__MGr3G3H3I_000000010460|provirus_1_14105																														KEGG	false	medium	1539.0	NaN	NaN	NaN
vRhyme_unbinned_93__MGr3G3H3I_000000010460|provirus_1_14105_11	vRhyme_unbinned_93__MGr3G3H3I_000000010460|provirus_1_14105	vRhyme_unbinned_93__MGr3G3H3I_000000010460|provirus_1_14105		3.43	0.22									PF11211.14	Protein of unknown function (DUF2997)	63.929398	0.723									phrog_23133		57.549805	0.815	PF11211.14	Protein of unknown function (DUF2997)	Pfam	false	medium	1989.0	NaN	NaN	NaN
vRhyme_unbinned_93__MGr3G3H3I_000000010460|provirus_1_14105_12	vRhyme_unbinned_93__MGr3G3H3I_000000010460|provirus_1_14105	vRhyme_unbinned_93__MGr3G3H3I_000000010460|provirus_1_14105																														KEGG	false	medium	2184.0	NaN	NaN	NaN
vRhyme_unbinned_93__MGr3G3H3I_000000010460|provirus_1_14105_13	vRhyme_unbinned_93__MGr3G3H3I_000000010460|provirus_1_14105	vRhyme_unbinned_93__MGr3G3H3I_000000010460|provirus_1_14105		2.44										PF05406.21	WGR domain	49.008579	0.292													PF05406.21	WGR domain	Pfam	false	medium	2442.0	NaN	NaN	NaN
vRhyme_unbinned_93__MGr3G3H3I_000000010460|provirus_1_14105_14	vRhyme_unbinned_93__MGr3G3H3I_000000010460|provirus_1_14105	vRhyme_unbinned_93__MGr3G3H3I_000000010460|provirus_1_14105																														KEGG	false	medium	3150.0	NaN	NaN	NaN
vRhyme_unbinned_94__MGr3G3H3I_000000010503|provirus_24055_37973_1	vRhyme_unbinned_94__MGr3G3H3I_000000010503|provirus_24055_37973	vRhyme_unbinned_94__MGr3G3H3I_000000010503|provirus_24055_37973	10.0	10.0	10.0	K14059	integrase	102.422585	0.901					PF00589.28	Phage integrase family	48.135654	0.429									phrog_1	integrase	132.258011	0.896	phrog_1	integrase	PHROG	false	high	NaN	2358.0	7341.0	NaN
vRhyme_unbinned_94__MGr3G3H3I_000000010503|provirus_24055_37973_2	vRhyme_unbinned_94__MGr3G3H3I_000000010503|provirus_24055_37973	vRhyme_unbinned_94__MGr3G3H3I_000000010503|provirus_24055_37973																														KEGG	false	high	1182.0	1176.0	7677.0	NaN
vRhyme_unbinned_94__MGr3G3H3I_000000010503|provirus_24055_37973_3	vRhyme_unbinned_94__MGr3G3H3I_000000010503|provirus_24055_37973	vRhyme_unbinned_94__MGr3G3H3I_000000010503|provirus_24055_37973																														KEGG	false	high	1368.0	990.0	8301.0	NaN
vRhyme_unbinned_94__MGr3G3H3I_000000010503|provirus_24055_37973_4	vRhyme_unbinned_94__MGr3G3H3I_000000010503|provirus_24055_37973	vRhyme_unbinned_94__MGr3G3H3I_000000010503|provirus_24055_37973																														KEGG	false	high	1803.0	555.0	8889.0	NaN
vRhyme_unbinned_94__MGr3G3H3I_000000010503|provirus_24055_37973_5	vRhyme_unbinned_94__MGr3G3H3I_000000010503|provirus_24055_37973	vRhyme_unbinned_94__MGr3G3H3I_000000010503|provirus_24055_37973		10.0										PF04586.23	Caudovirus prohead serine protease	155.354935	0.411													PF04586.23	Caudovirus prohead serine protease	Pfam	false	high	2358.0	4740.0	9105.0	NaN
vRhyme_unbinned_94__MGr3G3H3I_000000010503|provirus_24055_37973_6	vRhyme_unbinned_94__MGr3G3H3I_000000010503|provirus_24055_37973	vRhyme_unbinned_94__MGr3G3H3I_000000010503|provirus_24055_37973																														KEGG	false	high	1146.0	3594.0	9978.0	NaN
vRhyme_unbinned_94__MGr3G3H3I_000000010503|provirus_24055_37973_7	vRhyme_unbinned_94__MGr3G3H3I_000000010503|provirus_24055_37973	vRhyme_unbinned_94__MGr3G3H3I_000000010503|provirus_24055_37973																														KEGG	false	high	1356.0	3384.0	10356.0	NaN
vRhyme_unbinned_94__MGr3G3H3I_000000010503|provirus_24055_37973_8	vRhyme_unbinned_94__MGr3G3H3I_000000010503|provirus_24055_37973	vRhyme_unbinned_94__MGr3G3H3I_000000010503|provirus_24055_37973																								phrog_12296	tail fiber protein	74.36879	0.702	phrog_12296	tail fiber protein	PHROG	false	high	1605.0	3135.0	10881.0	NaN
vRhyme_unbinned_94__MGr3G3H3I_000000010503|provirus_24055_37973_9	vRhyme_unbinned_94__MGr3G3H3I_000000010503|provirus_24055_37973	vRhyme_unbinned_94__MGr3G3H3I_000000010503|provirus_24055_37973																														KEGG	false	high	1947.0	2793.0	11226.0	NaN
vRhyme_unbinned_94__MGr3G3H3I_000000010503|provirus_24055_37973_10	vRhyme_unbinned_94__MGr3G3H3I_000000010503|provirus_24055_37973	vRhyme_unbinned_94__MGr3G3H3I_000000010503|provirus_24055_37973																														KEGG	false	high	2217.0	2523.0	11364.0	NaN
vRhyme_unbinned_94__MGr3G3H3I_000000010503|provirus_24055_37973_11	vRhyme_unbinned_94__MGr3G3H3I_000000010503|provirus_24055_37973	vRhyme_unbinned_94__MGr3G3H3I_000000010503|provirus_24055_37973																														KEGG	false	high	4176.0	564.0	11619.0	NaN
vRhyme_unbinned_94__MGr3G3H3I_000000010503|provirus_24055_37973_12	vRhyme_unbinned_94__MGr3G3H3I_000000010503|provirus_24055_37973	vRhyme_unbinned_94__MGr3G3H3I_000000010503|provirus_24055_37973		10.0	10.0									PF05119.18	Phage terminase, small subunit	40.826897	0.512									phrog_83	terminase small subunit	97.942352	0.95	phrog_83	terminase small subunit	PHROG	false	high	4740.0	480.0	12114.0	NaN
vRhyme_unbinned_94__MGr3G3H3I_000000010503|provirus_24055_37973_13	vRhyme_unbinned_94__MGr3G3H3I_000000010503|provirus_24055_37973	vRhyme_unbinned_94__MGr3G3H3I_000000010503|provirus_24055_37973		10.0	10.0									PF13730.13	Helix-turn-helix domain	32.941311	0.152									phrog_1032	replication initiation protein	62.601074	0.713	phrog_1032	replication initiation protein	PHROG	false	high	480.0	1005.0	12411.0	NaN
vRhyme_unbinned_94__MGr3G3H3I_000000010503|provirus_24055_37973_14	vRhyme_unbinned_94__MGr3G3H3I_000000010503|provirus_24055_37973	vRhyme_unbinned_94__MGr3G3H3I_000000010503|provirus_24055_37973		10.0										PF12728.14	Helix-turn-helix domain	35.712688	0.386													PF12728.14	Helix-turn-helix domain	Pfam	false	high	1005.0	1767.0	13785.0	NaN
vRhyme_unbinned_94__MGr3G3H3I_000000010503|provirus_24055_37973_15	vRhyme_unbinned_94__MGr3G3H3I_000000010503|provirus_24055_37973	vRhyme_unbinned_94__MGr3G3H3I_000000010503|provirus_24055_37973																														KEGG	false	high	396.0	1371.0	14451.0	NaN
vRhyme_unbinned_94__MGr3G3H3I_000000010503|provirus_24055_37973_16	vRhyme_unbinned_94__MGr3G3H3I_000000010503|provirus_24055_37973	vRhyme_unbinned_94__MGr3G3H3I_000000010503|provirus_24055_37973																														KEGG	false	high	1287.0	480.0	14715.0	NaN
vRhyme_unbinned_94__MGr3G3H3I_000000010503|provirus_24055_37973_17	vRhyme_unbinned_94__MGr3G3H3I_000000010503|provirus_24055_37973	vRhyme_unbinned_94__MGr3G3H3I_000000010503|provirus_24055_37973	10.0	10.0	10.0	K03733	integrase/recombinase XerC	247.934387	0.741					PF00589.28	Phage integrase family	129.712524	0.425									phrog_1	integrase	157.559814	0.733	K03733	integrase/recombinase XerC	KEGG	false	high	1767.0	NaN	15132.0	NaN
vRhyme_unbinned_94__MGr3G3H3I_000000010503|provirus_24055_37973_18	vRhyme_unbinned_94__MGr3G3H3I_000000010503|provirus_24055_37973	vRhyme_unbinned_94__MGr3G3H3I_000000010503|provirus_24055_37973																														KEGG	false	high	1215.0	NaN	15621.0	NaN
vRhyme_unbinned_94__MGr3G3H3I_000000010503|provirus_24055_37973_19	vRhyme_unbinned_94__MGr3G3H3I_000000010503|provirus_24055_37973	vRhyme_unbinned_94__MGr3G3H3I_000000010503|provirus_24055_37973																														KEGG	false	high	1524.0	NaN	15942.0	NaN
vRhyme_unbinned_94__MGr3G3H3I_000000010503|provirus_24055_37973_20	vRhyme_unbinned_94__MGr3G3H3I_000000010503|provirus_24055_37973	vRhyme_unbinned_94__MGr3G3H3I_000000010503|provirus_24055_37973																														KEGG	false	high	1977.0	NaN	16884.0	NaN
vRhyme_unbinned_95__MGr3G3H3I_000000016731|provirus_134_18976_1	vRhyme_unbinned_95__MGr3G3H3I_000000016731|provirus_134_18976	vRhyme_unbinned_95__MGr3G3H3I_000000016731|provirus_134_18976																														KEGG	false	high	NaN	1065.0	NaN	NaN
vRhyme_unbinned_95__MGr3G3H3I_000000016731|provirus_134_18976_2	vRhyme_unbinned_95__MGr3G3H3I_000000016731|provirus_134_18976	vRhyme_unbinned_95__MGr3G3H3I_000000016731|provirus_134_18976																														KEGG	false	high	NaN	678.0	NaN	NaN
vRhyme_unbinned_95__MGr3G3H3I_000000016731|provirus_134_18976_3	vRhyme_unbinned_95__MGr3G3H3I_000000016731|provirus_134_18976	vRhyme_unbinned_95__MGr3G3H3I_000000016731|provirus_134_18976																														KEGG	false	high	NaN	339.0	NaN	NaN
vRhyme_unbinned_95__MGr3G3H3I_000000016731|provirus_134_18976_4	vRhyme_unbinned_95__MGr3G3H3I_000000016731|provirus_134_18976	vRhyme_unbinned_95__MGr3G3H3I_000000016731|provirus_134_18976		10.0										PF03354.22	Terminase large subunit, ATPase domain	34.225292	0.272													PF03354.22	Terminase large subunit, ATPase domain	Pfam	false	high	NaN	7806.0	NaN	NaN
vRhyme_unbinned_95__MGr3G3H3I_000000016731|provirus_134_18976_5	vRhyme_unbinned_95__MGr3G3H3I_000000016731|provirus_134_18976	vRhyme_unbinned_95__MGr3G3H3I_000000016731|provirus_134_18976																														KEGG	false	high	NaN	6768.0	NaN	NaN
vRhyme_unbinned_95__MGr3G3H3I_000000016731|provirus_134_18976_6	vRhyme_unbinned_95__MGr3G3H3I_000000016731|provirus_134_18976	vRhyme_unbinned_95__MGr3G3H3I_000000016731|provirus_134_18976		7.72	4.65									PF07553.17	Host cell surface-exposed lipoprotein	46.381107	0.17									phrog_15667	superinfection exclusion	137.733322	0.552	phrog_15667	superinfection exclusion	PHROG	false	high	NaN	6615.0	NaN	NaN
vRhyme_unbinned_95__MGr3G3H3I_000000016731|provirus_134_18976_7	vRhyme_unbinned_95__MGr3G3H3I_000000016731|provirus_134_18976	vRhyme_unbinned_95__MGr3G3H3I_000000016731|provirus_134_18976		1.32	1.93									PF14472.12	Domain of unknown function (DUF4429)	63.166756	0.547									phrog_2700		61.197933	0.718	PF14472.12	Domain of unknown function (DUF4429)	Pfam	false	high	NaN	5838.0	NaN	NaN
vRhyme_unbinned_95__MGr3G3H3I_000000016731|provirus_134_18976_8	vRhyme_unbinned_95__MGr3G3H3I_000000016731|provirus_134_18976	vRhyme_unbinned_95__MGr3G3H3I_000000016731|provirus_134_18976		5.92										PF02810.22	SEC-C motif	33.233204	0.072													PF02810.22	SEC-C motif	Pfam	false	medium	NaN	5328.0	NaN	NaN
vRhyme_unbinned_95__MGr3G3H3I_000000016731|provirus_134_18976_9	vRhyme_unbinned_95__MGr3G3H3I_000000016731|provirus_134_18976	vRhyme_unbinned_95__MGr3G3H3I_000000016731|provirus_134_18976																														KEGG	false	high	NaN	4617.0	NaN	NaN
vRhyme_unbinned_95__MGr3G3H3I_000000016731|provirus_134_18976_10	vRhyme_unbinned_95__MGr3G3H3I_000000016731|provirus_134_18976	vRhyme_unbinned_95__MGr3G3H3I_000000016731|provirus_134_18976																														KEGG	false	high	NaN	4056.0	NaN	NaN
vRhyme_unbinned_95__MGr3G3H3I_000000016731|provirus_134_18976_11	vRhyme_unbinned_95__MGr3G3H3I_000000016731|provirus_134_18976	vRhyme_unbinned_95__MGr3G3H3I_000000016731|provirus_134_18976																														KEGG	false	high	NaN	3774.0	NaN	NaN
vRhyme_unbinned_95__MGr3G3H3I_000000016731|provirus_134_18976_12	vRhyme_unbinned_95__MGr3G3H3I_000000016731|provirus_134_18976	vRhyme_unbinned_95__MGr3G3H3I_000000016731|provirus_134_18976																														KEGG	false	high	NaN	3567.0	NaN	NaN
vRhyme_unbinned_95__MGr3G3H3I_000000016731|provirus_134_18976_13	vRhyme_unbinned_95__MGr3G3H3I_000000016731|provirus_134_18976	vRhyme_unbinned_95__MGr3G3H3I_000000016731|provirus_134_18976																														KEGG	false	high	NaN	3435.0	NaN	NaN
vRhyme_unbinned_95__MGr3G3H3I_000000016731|provirus_134_18976_14	vRhyme_unbinned_95__MGr3G3H3I_000000016731|provirus_134_18976	vRhyme_unbinned_95__MGr3G3H3I_000000016731|provirus_134_18976		5.63										PF09851.15	Short C-terminal domain	29.866165	0.2													PF09851.15	Short C-terminal domain	Pfam	false	high	NaN	2505.0	NaN	NaN
vRhyme_unbinned_95__MGr3G3H3I_000000016731|provirus_134_18976_15	vRhyme_unbinned_95__MGr3G3H3I_000000016731|provirus_134_18976	vRhyme_unbinned_95__MGr3G3H3I_000000016731|provirus_134_18976												PF24681.2		70.695053	0.357													PF24681.2		Pfam	false	high	NaN	2145.0	NaN	NaN
vRhyme_unbinned_95__MGr3G3H3I_000000016731|provirus_134_18976_16	vRhyme_unbinned_95__MGr3G3H3I_000000016731|provirus_134_18976	vRhyme_unbinned_95__MGr3G3H3I_000000016731|provirus_134_18976																														KEGG	false	high	NaN	852.0	NaN	NaN
vRhyme_unbinned_95__MGr3G3H3I_000000016731|provirus_134_18976_17	vRhyme_unbinned_95__MGr3G3H3I_000000016731|provirus_134_18976	vRhyme_unbinned_95__MGr3G3H3I_000000016731|provirus_134_18976		10.0	10.0									PF03237.22	Terminase large subunit, T4likevirus-type, N-terminal	23.869131	0.222									phrog_9	terminase large subunit	208.265472	0.824	phrog_9	terminase large subunit	PHROG	false	high	NaN	2895.0	NaN	NaN
vRhyme_unbinned_95__MGr3G3H3I_000000016731|provirus_134_18976_18	vRhyme_unbinned_95__MGr3G3H3I_000000016731|provirus_134_18976	vRhyme_unbinned_95__MGr3G3H3I_000000016731|provirus_134_18976																														KEGG	false	medium	1632.0	1263.0	NaN	NaN
vRhyme_unbinned_95__MGr3G3H3I_000000016731|provirus_134_18976_19	vRhyme_unbinned_95__MGr3G3H3I_000000016731|provirus_134_18976	vRhyme_unbinned_95__MGr3G3H3I_000000016731|provirus_134_18976																														KEGG	false	medium	1941.0	954.0	NaN	NaN
vRhyme_unbinned_95__MGr3G3H3I_000000016731|provirus_134_18976_20	vRhyme_unbinned_95__MGr3G3H3I_000000016731|provirus_134_18976	vRhyme_unbinned_95__MGr3G3H3I_000000016731|provirus_134_18976																														KEGG	false	medium	2316.0	579.0	NaN	NaN
vRhyme_unbinned_95__MGr3G3H3I_000000016731|provirus_134_18976_21	vRhyme_unbinned_95__MGr3G3H3I_000000016731|provirus_134_18976	vRhyme_unbinned_95__MGr3G3H3I_000000016731|provirus_134_18976																														KEGG	false	high	2622.0	273.0	NaN	NaN
vRhyme_unbinned_95__MGr3G3H3I_000000016731|provirus_134_18976_22	vRhyme_unbinned_95__MGr3G3H3I_000000016731|provirus_134_18976	vRhyme_unbinned_95__MGr3G3H3I_000000016731|provirus_134_18976																														KEGG	false	high	2748.0	147.0	NaN	NaN
vRhyme_unbinned_95__MGr3G3H3I_000000016731|provirus_134_18976_23	vRhyme_unbinned_95__MGr3G3H3I_000000016731|provirus_134_18976	vRhyme_unbinned_95__MGr3G3H3I_000000016731|provirus_134_18976		10.0	10.0	K27331		193.764511	0.604					PF08706.17	D5 N terminal like	120.984871	0.303									phrog_1156	DNA primase	388.477997	0.844	phrog_1156	DNA primase	PHROG	false	high	2895.0	2220.0	NaN	NaN
vRhyme_unbinned_95__MGr3G3H3I_000000016731|provirus_134_18976_24	vRhyme_unbinned_95__MGr3G3H3I_000000016731|provirus_134_18976	vRhyme_unbinned_95__MGr3G3H3I_000000016731|provirus_134_18976																														KEGG	false	medium	1575.0	645.0	NaN	NaN
vRhyme_unbinned_95__MGr3G3H3I_000000016731|provirus_134_18976_25	vRhyme_unbinned_95__MGr3G3H3I_000000016731|provirus_134_18976	vRhyme_unbinned_95__MGr3G3H3I_000000016731|provirus_134_18976																														KEGG	false	medium	1755.0	465.0	NaN	NaN
vRhyme_unbinned_95__MGr3G3H3I_000000016731|provirus_134_18976_26	vRhyme_unbinned_95__MGr3G3H3I_000000016731|provirus_134_18976	vRhyme_unbinned_95__MGr3G3H3I_000000016731|provirus_134_18976																														KEGG	false	medium	2088.0	132.0	NaN	NaN
vRhyme_unbinned_95__MGr3G3H3I_000000016731|provirus_134_18976_27	vRhyme_unbinned_95__MGr3G3H3I_000000016731|provirus_134_18976	vRhyme_unbinned_95__MGr3G3H3I_000000016731|provirus_134_18976		10.0										PF12728.14	Helix-turn-helix domain	30.119484	0.671													PF12728.14	Helix-turn-helix domain	Pfam	false	medium	2220.0	513.0	NaN	NaN
vRhyme_unbinned_95__MGr3G3H3I_000000016731|provirus_134_18976_28	vRhyme_unbinned_95__MGr3G3H3I_000000016731|provirus_134_18976	vRhyme_unbinned_95__MGr3G3H3I_000000016731|provirus_134_18976																														KEGG	false	high	219.0	294.0	NaN	NaN
vRhyme_unbinned_95__MGr3G3H3I_000000016731|provirus_134_18976_29	vRhyme_unbinned_95__MGr3G3H3I_000000016731|provirus_134_18976	vRhyme_unbinned_95__MGr3G3H3I_000000016731|provirus_134_18976	10.0	10.0	10.0	K06400	site-specific DNA recombinase	284.605347	0.927					PF00239.27	Resolvase, N terminal domain	84.639297	0.233									phrog_95	integrase	294.642059	0.91	phrog_95	integrase	PHROG	false	high	513.0	NaN	NaN	NaN
vRhyme_unbinned_96__MGr3G3H3I_000000020223|provirus_35327_48594_1	vRhyme_unbinned_96__MGr3G3H3I_000000020223|provirus_35327_48594	vRhyme_unbinned_96__MGr3G3H3I_000000020223|provirus_35327_48594																														KEGG	false	high	NaN	2412.0	NaN	NaN
vRhyme_unbinned_96__MGr3G3H3I_000000020223|provirus_35327_48594_2	vRhyme_unbinned_96__MGr3G3H3I_000000020223|provirus_35327_48594	vRhyme_unbinned_96__MGr3G3H3I_000000020223|provirus_35327_48594																														KEGG	false	high	NaN	2136.0	NaN	NaN
vRhyme_unbinned_96__MGr3G3H3I_000000020223|provirus_35327_48594_3	vRhyme_unbinned_96__MGr3G3H3I_000000020223|provirus_35327_48594	vRhyme_unbinned_96__MGr3G3H3I_000000020223|provirus_35327_48594																														KEGG	false	high	NaN	1902.0	NaN	4521.0
vRhyme_unbinned_96__MGr3G3H3I_000000020223|provirus_35327_48594_4	vRhyme_unbinned_96__MGr3G3H3I_000000020223|provirus_35327_48594	vRhyme_unbinned_96__MGr3G3H3I_000000020223|provirus_35327_48594																														KEGG	false	high	NaN	1413.0	NaN	4200.0
vRhyme_unbinned_96__MGr3G3H3I_000000020223|provirus_35327_48594_5	vRhyme_unbinned_96__MGr3G3H3I_000000020223|provirus_35327_48594	vRhyme_unbinned_96__MGr3G3H3I_000000020223|provirus_35327_48594																														KEGG	false	high	NaN	789.0	NaN	3522.0
vRhyme_unbinned_96__MGr3G3H3I_000000020223|provirus_35327_48594_6	vRhyme_unbinned_96__MGr3G3H3I_000000020223|provirus_35327_48594	vRhyme_unbinned_96__MGr3G3H3I_000000020223|provirus_35327_48594																														KEGG	false	high	NaN	165.0	NaN	2925.0
vRhyme_unbinned_96__MGr3G3H3I_000000020223|provirus_35327_48594_7	vRhyme_unbinned_96__MGr3G3H3I_000000020223|provirus_35327_48594	vRhyme_unbinned_96__MGr3G3H3I_000000020223|provirus_35327_48594	10.0	10.0	10.0	K06909	phage terminase large subunit	80.373589	0.797					PF04466.20	Phage terminase large subunit	26.467564	0.347									phrog_2	terminase large subunit	110.918587	0.81	phrog_2	terminase large subunit	PHROG	false	high	NaN	NaN	NaN	2169.0
vRhyme_unbinned_96__MGr3G3H3I_000000020223|provirus_35327_48594_8	vRhyme_unbinned_96__MGr3G3H3I_000000020223|provirus_35327_48594	vRhyme_unbinned_96__MGr3G3H3I_000000020223|provirus_35327_48594																														KEGG	false	high	1644.0	NaN	NaN	1299.0
vRhyme_unbinned_96__MGr3G3H3I_000000020223|provirus_35327_48594_9	vRhyme_unbinned_96__MGr3G3H3I_000000020223|provirus_35327_48594	vRhyme_unbinned_96__MGr3G3H3I_000000020223|provirus_35327_48594																														KEGG	false	high	1878.0	NaN	NaN	969.0
vRhyme_unbinned_96__MGr3G3H3I_000000020223|provirus_35327_48594_10	vRhyme_unbinned_96__MGr3G3H3I_000000020223|provirus_35327_48594	vRhyme_unbinned_96__MGr3G3H3I_000000020223|provirus_35327_48594																														KEGG	false	high	4386.0	NaN	NaN	531.0
vRhyme_unbinned_96__MGr3G3H3I_000000020223|provirus_35327_48594_11	vRhyme_unbinned_96__MGr3G3H3I_000000020223|provirus_35327_48594	vRhyme_unbinned_96__MGr3G3H3I_000000020223|provirus_35327_48594								HMMsoil53220	cwlJ, sleB; N-acetylmuramoyl-L-alanine amidase EC:3.5.1.28	17.525517	0.194																	HMMsoil53220	cwlJ, sleB; N-acetylmuramoyl-L-alanine amidase EC:3.5.1.28	FOAM	false	high	5754.0	NaN	NaN	NaN
vRhyme_unbinned_96__MGr3G3H3I_000000020223|provirus_35327_48594_12	vRhyme_unbinned_96__MGr3G3H3I_000000020223|provirus_35327_48594	vRhyme_unbinned_96__MGr3G3H3I_000000020223|provirus_35327_48594																														KEGG	false	high	6294.0	NaN	1215.0	NaN
vRhyme_unbinned_96__MGr3G3H3I_000000020223|provirus_35327_48594_13	vRhyme_unbinned_96__MGr3G3H3I_000000020223|provirus_35327_48594	vRhyme_unbinned_96__MGr3G3H3I_000000020223|provirus_35327_48594																														KEGG	false	high	6810.0	NaN	1551.0	NaN
vRhyme_unbinned_96__MGr3G3H3I_000000020223|provirus_35327_48594_14	vRhyme_unbinned_96__MGr3G3H3I_000000020223|provirus_35327_48594	vRhyme_unbinned_96__MGr3G3H3I_000000020223|provirus_35327_48594																														KEGG	false	high	8079.0	NaN	2346.0	NaN
vRhyme_unbinned_96__MGr3G3H3I_000000020223|provirus_35327_48594_15	vRhyme_unbinned_96__MGr3G3H3I_000000020223|provirus_35327_48594	vRhyme_unbinned_96__MGr3G3H3I_000000020223|provirus_35327_48594																														KEGG	false	high	8772.0	NaN	2589.0	NaN
vRhyme_unbinned_96__MGr3G3H3I_000000020223|provirus_35327_48594_16	vRhyme_unbinned_96__MGr3G3H3I_000000020223|provirus_35327_48594	vRhyme_unbinned_96__MGr3G3H3I_000000020223|provirus_35327_48594																														KEGG	false	high	9009.0	NaN	2814.0	NaN
vRhyme_unbinned_97__MGr3G3H3I_000000021262|provirus_50810_75077_1	vRhyme_unbinned_97__MGr3G3H3I_000000021262|provirus_50810_75077	vRhyme_unbinned_97__MGr3G3H3I_000000021262|provirus_50810_75077																														KEGG	false	high	NaN	846.0	NaN	NaN
vRhyme_unbinned_97__MGr3G3H3I_000000021262|provirus_50810_75077_2	vRhyme_unbinned_97__MGr3G3H3I_000000021262|provirus_50810_75077	vRhyme_unbinned_97__MGr3G3H3I_000000021262|provirus_50810_75077																														KEGG	false	high	NaN	414.0	NaN	NaN
vRhyme_unbinned_97__MGr3G3H3I_000000021262|provirus_50810_75077_3	vRhyme_unbinned_97__MGr3G3H3I_000000021262|provirus_50810_75077	vRhyme_unbinned_97__MGr3G3H3I_000000021262|provirus_50810_75077																														KEGG	false	high	NaN	168.0	NaN	NaN
vRhyme_unbinned_97__MGr3G3H3I_000000021262|provirus_50810_75077_4	vRhyme_unbinned_97__MGr3G3H3I_000000021262|provirus_50810_75077	vRhyme_unbinned_97__MGr3G3H3I_000000021262|provirus_50810_75077		10.0	10.0									PF12236.15	Bacteriophage head to tail connecting protein	529.146301	0.85									phrog_332	head-tail adaptor	564.927979	0.948	phrog_332	head-tail adaptor	PHROG	false	high	NaN	2802.0	NaN	NaN
vRhyme_unbinned_97__MGr3G3H3I_000000021262|provirus_50810_75077_5	vRhyme_unbinned_97__MGr3G3H3I_000000021262|provirus_50810_75077	vRhyme_unbinned_97__MGr3G3H3I_000000021262|provirus_50810_75077																														KEGG	false	high	1722.0	1080.0	NaN	NaN
vRhyme_unbinned_97__MGr3G3H3I_000000021262|provirus_50810_75077_6	vRhyme_unbinned_97__MGr3G3H3I_000000021262|provirus_50810_75077	vRhyme_unbinned_97__MGr3G3H3I_000000021262|provirus_50810_75077																														KEGG	false	high	1848.0	954.0	NaN	NaN
vRhyme_unbinned_97__MGr3G3H3I_000000021262|provirus_50810_75077_7	vRhyme_unbinned_97__MGr3G3H3I_000000021262|provirus_50810_75077	vRhyme_unbinned_97__MGr3G3H3I_000000021262|provirus_50810_75077												PF25181.2		63.40395	0.578									phrog_528		86.812401	0.862	phrog_528		PHROG	false	high	2307.0	495.0	NaN	NaN
vRhyme_unbinned_97__MGr3G3H3I_000000021262|provirus_50810_75077_8	vRhyme_unbinned_97__MGr3G3H3I_000000021262|provirus_50810_75077	vRhyme_unbinned_97__MGr3G3H3I_000000021262|provirus_50810_75077																														KEGG	false	high	2634.0	168.0	NaN	NaN
vRhyme_unbinned_97__MGr3G3H3I_000000021262|provirus_50810_75077_9	vRhyme_unbinned_97__MGr3G3H3I_000000021262|provirus_50810_75077	vRhyme_unbinned_97__MGr3G3H3I_000000021262|provirus_50810_75077		10.0										PF01844.30	HNH endonuclease	24.45503	0.259													PF01844.30	HNH endonuclease	Pfam	false	high	2802.0	1254.0	NaN	NaN
vRhyme_unbinned_97__MGr3G3H3I_000000021262|provirus_50810_75077_10	vRhyme_unbinned_97__MGr3G3H3I_000000021262|provirus_50810_75077	vRhyme_unbinned_97__MGr3G3H3I_000000021262|provirus_50810_75077																								phrog_458	protease	124.203758	0.753	phrog_458	protease	PHROG	false	high	417.0	837.0	NaN	NaN
vRhyme_unbinned_97__MGr3G3H3I_000000021262|provirus_50810_75077_11	vRhyme_unbinned_97__MGr3G3H3I_000000021262|provirus_50810_75077	vRhyme_unbinned_97__MGr3G3H3I_000000021262|provirus_50810_75077		10.0	10.0									PF20911.4	Major capsid protein GP7	443.585876	0.942									phrog_212	major head protein	277.284332	0.697	PF20911.4	Major capsid protein GP7	Pfam	false	high	1254.0	1038.0	NaN	NaN
vRhyme_unbinned_97__MGr3G3H3I_000000021262|provirus_50810_75077_12	vRhyme_unbinned_97__MGr3G3H3I_000000021262|provirus_50810_75077	vRhyme_unbinned_97__MGr3G3H3I_000000021262|provirus_50810_75077		10.0	9.94									PF21190.4	Bbp16	44.395344	0.69									phrog_427		53.764687	0.717	phrog_427		PHROG	false	high	1038.0	2634.0	NaN	NaN
vRhyme_unbinned_97__MGr3G3H3I_000000021262|provirus_50810_75077_13	vRhyme_unbinned_97__MGr3G3H3I_000000021262|provirus_50810_75077	vRhyme_unbinned_97__MGr3G3H3I_000000021262|provirus_50810_75077																														KEGG	false	high	552.0	2082.0	NaN	NaN
vRhyme_unbinned_97__MGr3G3H3I_000000021262|provirus_50810_75077_14	vRhyme_unbinned_97__MGr3G3H3I_000000021262|provirus_50810_75077	vRhyme_unbinned_97__MGr3G3H3I_000000021262|provirus_50810_75077																														KEGG	false	high	804.0	1830.0	NaN	NaN
vRhyme_unbinned_97__MGr3G3H3I_000000021262|provirus_50810_75077_15	vRhyme_unbinned_97__MGr3G3H3I_000000021262|provirus_50810_75077	vRhyme_unbinned_97__MGr3G3H3I_000000021262|provirus_50810_75077																														KEGG	false	high	1119.0	1515.0	NaN	NaN
vRhyme_unbinned_97__MGr3G3H3I_000000021262|provirus_50810_75077_16	vRhyme_unbinned_97__MGr3G3H3I_000000021262|provirus_50810_75077	vRhyme_unbinned_97__MGr3G3H3I_000000021262|provirus_50810_75077																														KEGG	false	high	1770.0	864.0	NaN	NaN
vRhyme_unbinned_97__MGr3G3H3I_000000021262|provirus_50810_75077_17	vRhyme_unbinned_97__MGr3G3H3I_000000021262|provirus_50810_75077	vRhyme_unbinned_97__MGr3G3H3I_000000021262|provirus_50810_75077																														KEGG	false	high	2076.0	558.0	NaN	NaN
vRhyme_unbinned_97__MGr3G3H3I_000000021262|provirus_50810_75077_18	vRhyme_unbinned_97__MGr3G3H3I_000000021262|provirus_50810_75077	vRhyme_unbinned_97__MGr3G3H3I_000000021262|provirus_50810_75077																														KEGG	false	high	2232.0	402.0	NaN	NaN
vRhyme_unbinned_97__MGr3G3H3I_000000021262|provirus_50810_75077_19	vRhyme_unbinned_97__MGr3G3H3I_000000021262|provirus_50810_75077	vRhyme_unbinned_97__MGr3G3H3I_000000021262|provirus_50810_75077																														KEGG	false	high	2526.0	108.0	NaN	NaN
vRhyme_unbinned_97__MGr3G3H3I_000000021262|provirus_50810_75077_20	vRhyme_unbinned_97__MGr3G3H3I_000000021262|provirus_50810_75077	vRhyme_unbinned_97__MGr3G3H3I_000000021262|provirus_50810_75077		10.0	10.0									PF05838.18	Glycosyl hydrolase 108	74.493179	0.466									phrog_315	endolysin	102.711372	0.847	phrog_315	endolysin	PHROG	false	high	2634.0	5991.0	NaN	NaN
vRhyme_unbinned_97__MGr3G3H3I_000000021262|provirus_50810_75077_21	vRhyme_unbinned_97__MGr3G3H3I_000000021262|provirus_50810_75077	vRhyme_unbinned_97__MGr3G3H3I_000000021262|provirus_50810_75077																														KEGG	false	high	489.0	5502.0	NaN	NaN
vRhyme_unbinned_97__MGr3G3H3I_000000021262|provirus_50810_75077_22	vRhyme_unbinned_97__MGr3G3H3I_000000021262|provirus_50810_75077	vRhyme_unbinned_97__MGr3G3H3I_000000021262|provirus_50810_75077																														KEGG	false	high	711.0	5280.0	NaN	NaN
vRhyme_unbinned_97__MGr3G3H3I_000000021262|provirus_50810_75077_23	vRhyme_unbinned_97__MGr3G3H3I_000000021262|provirus_50810_75077	vRhyme_unbinned_97__MGr3G3H3I_000000021262|provirus_50810_75077																														KEGG	false	high	963.0	5028.0	NaN	NaN
vRhyme_unbinned_97__MGr3G3H3I_000000021262|provirus_50810_75077_24	vRhyme_unbinned_97__MGr3G3H3I_000000021262|provirus_50810_75077	vRhyme_unbinned_97__MGr3G3H3I_000000021262|provirus_50810_75077																														KEGG	false	high	1137.0	4854.0	NaN	NaN
vRhyme_unbinned_97__MGr3G3H3I_000000021262|provirus_50810_75077_25	vRhyme_unbinned_97__MGr3G3H3I_000000021262|provirus_50810_75077	vRhyme_unbinned_97__MGr3G3H3I_000000021262|provirus_50810_75077																								phrog_394	tail protein	138.767639	0.895	phrog_394	tail protein	PHROG	false	high	1383.0	4608.0	NaN	NaN
vRhyme_unbinned_97__MGr3G3H3I_000000021262|provirus_50810_75077_26	vRhyme_unbinned_97__MGr3G3H3I_000000021262|provirus_50810_75077	vRhyme_unbinned_97__MGr3G3H3I_000000021262|provirus_50810_75077																														KEGG	false	high	2184.0	3807.0	NaN	NaN
vRhyme_unbinned_97__MGr3G3H3I_000000021262|provirus_50810_75077_27	vRhyme_unbinned_97__MGr3G3H3I_000000021262|provirus_50810_75077	vRhyme_unbinned_97__MGr3G3H3I_000000021262|provirus_50810_75077																														KEGG	false	high	2550.0	3441.0	NaN	NaN
vRhyme_unbinned_97__MGr3G3H3I_000000021262|provirus_50810_75077_28	vRhyme_unbinned_97__MGr3G3H3I_000000021262|provirus_50810_75077	vRhyme_unbinned_97__MGr3G3H3I_000000021262|provirus_50810_75077																														KEGG	false	high	2892.0	3099.0	NaN	NaN
vRhyme_unbinned_97__MGr3G3H3I_000000021262|provirus_50810_75077_29	vRhyme_unbinned_97__MGr3G3H3I_000000021262|provirus_50810_75077	vRhyme_unbinned_97__MGr3G3H3I_000000021262|provirus_50810_75077																														KEGG	false	high	3336.0	2655.0	NaN	NaN
vRhyme_unbinned_97__MGr3G3H3I_000000021262|provirus_50810_75077_30	vRhyme_unbinned_97__MGr3G3H3I_000000021262|provirus_50810_75077	vRhyme_unbinned_97__MGr3G3H3I_000000021262|provirus_50810_75077																														KEGG	false	high	4182.0	1809.0	NaN	NaN
vRhyme_unbinned_97__MGr3G3H3I_000000021262|provirus_50810_75077_31	vRhyme_unbinned_97__MGr3G3H3I_000000021262|provirus_50810_75077	vRhyme_unbinned_97__MGr3G3H3I_000000021262|provirus_50810_75077																														KEGG	false	high	4491.0	1500.0	NaN	NaN
vRhyme_unbinned_97__MGr3G3H3I_000000021262|provirus_50810_75077_32	vRhyme_unbinned_97__MGr3G3H3I_000000021262|provirus_50810_75077	vRhyme_unbinned_97__MGr3G3H3I_000000021262|provirus_50810_75077																														KEGG	false	high	5610.0	381.0	NaN	NaN
vRhyme_unbinned_97__MGr3G3H3I_000000021262|provirus_50810_75077_33	vRhyme_unbinned_97__MGr3G3H3I_000000021262|provirus_50810_75077	vRhyme_unbinned_97__MGr3G3H3I_000000021262|provirus_50810_75077		10.0	3.45									PF01391.24	Collagen triple helix repeat (20 copies)	34.769268	0.131									phrog_819	tail protein	150.258408	0.555	phrog_819	tail protein	PHROG	false	high	5991.0	1329.0	NaN	NaN
vRhyme_unbinned_97__MGr3G3H3I_000000021262|provirus_50810_75077_34	vRhyme_unbinned_97__MGr3G3H3I_000000021262|provirus_50810_75077	vRhyme_unbinned_97__MGr3G3H3I_000000021262|provirus_50810_75077		10.0										PF21722.5	Glycine-rich domain	32.361752	0.876													PF21722.5	Glycine-rich domain	Pfam	false	high	1329.0	3900.0	NaN	NaN
vRhyme_unbinned_97__MGr3G3H3I_000000021262|provirus_50810_75077_35	vRhyme_unbinned_97__MGr3G3H3I_000000021262|provirus_50810_75077	vRhyme_unbinned_97__MGr3G3H3I_000000021262|provirus_50810_75077																								phrog_376	tail protein	605.847046	0.996	phrog_376	tail protein	PHROG	false	high	675.0	3225.0	NaN	NaN
vRhyme_unbinned_97__MGr3G3H3I_000000021262|provirus_50810_75077_36	vRhyme_unbinned_97__MGr3G3H3I_000000021262|provirus_50810_75077	vRhyme_unbinned_97__MGr3G3H3I_000000021262|provirus_50810_75077																														KEGG	false	high	3711.0	189.0	NaN	NaN
vRhyme_unbinned_97__MGr3G3H3I_000000021262|provirus_50810_75077_37	vRhyme_unbinned_97__MGr3G3H3I_000000021262|provirus_50810_75077	vRhyme_unbinned_97__MGr3G3H3I_000000021262|provirus_50810_75077	10.0	2.45	10.0	K26948	Autographiviridae probable scaffold protein Gp13	72.133308	0.968					PF11090.15	Bacteriophage T7, probable scaffold protein Gp13	26.925385	0.312									phrog_308	internal virion protein	150.124756	0.974	phrog_308	internal virion protein	PHROG	false	high	3900.0	NaN	NaN	NaN
vRhyme_unbinned_97__MGr3G3H3I_000000021262|provirus_50810_75077_38	vRhyme_unbinned_97__MGr3G3H3I_000000021262|provirus_50810_75077	vRhyme_unbinned_97__MGr3G3H3I_000000021262|provirus_50810_75077												PF24072.2		31.230043	0.914									phrog_418	internal virion protein	106.53727	0.854	phrog_418	internal virion protein	PHROG	false	high	462.0	NaN	NaN	NaN
vRhyme_unbinned_98__MGr3G3H3I_000000054290|provirus_3_6002_1	vRhyme_unbinned_98__MGr3G3H3I_000000054290|provirus_3_6002	vRhyme_unbinned_98__MGr3G3H3I_000000054290|provirus_3_6002		10.0	10.0									PF03354.22	Terminase large subunit, ATPase domain	31.109221	0.265									phrog_2	terminase large subunit	55.30373	0.776	phrog_2	terminase large subunit	PHROG	false	high	NaN	2964.0	NaN	NaN
vRhyme_unbinned_98__MGr3G3H3I_000000054290|provirus_3_6002_2	vRhyme_unbinned_98__MGr3G3H3I_000000054290|provirus_3_6002	vRhyme_unbinned_98__MGr3G3H3I_000000054290|provirus_3_6002																														KEGG	false	high	1497.0	1467.0	NaN	NaN
vRhyme_unbinned_98__MGr3G3H3I_000000054290|provirus_3_6002_3	vRhyme_unbinned_98__MGr3G3H3I_000000054290|provirus_3_6002	vRhyme_unbinned_98__MGr3G3H3I_000000054290|provirus_3_6002																								phrog_244	RusA-like Holliday junction resolvase	77.898308	0.932	phrog_244	RusA-like Holliday junction resolvase	PHROG	false	high	1746.0	1218.0	NaN	NaN
vRhyme_unbinned_98__MGr3G3H3I_000000054290|provirus_3_6002_4	vRhyme_unbinned_98__MGr3G3H3I_000000054290|provirus_3_6002	vRhyme_unbinned_98__MGr3G3H3I_000000054290|provirus_3_6002																														KEGG	false	high	2097.0	867.0	NaN	NaN
vRhyme_unbinned_98__MGr3G3H3I_000000054290|provirus_3_6002_5	vRhyme_unbinned_98__MGr3G3H3I_000000054290|provirus_3_6002	vRhyme_unbinned_98__MGr3G3H3I_000000054290|provirus_3_6002																														KEGG	false	high	2754.0	210.0	NaN	NaN
vRhyme_unbinned_98__MGr3G3H3I_000000054290|provirus_3_6002_6	vRhyme_unbinned_98__MGr3G3H3I_000000054290|provirus_3_6002	vRhyme_unbinned_98__MGr3G3H3I_000000054290|provirus_3_6002		10.0	10.0									PF13481.13	AAA domain	104.578529	0.436									phrog_2597	DNA primase	62.482491	0.517	PF13481.13	AAA domain	Pfam	false	high	2964.0	NaN	NaN	NaN
vRhyme_unbinned_98__MGr3G3H3I_000000054290|provirus_3_6002_7	vRhyme_unbinned_98__MGr3G3H3I_000000054290|provirus_3_6002	vRhyme_unbinned_98__MGr3G3H3I_000000054290|provirus_3_6002																														KEGG	false	high	1155.0	NaN	NaN	NaN
vRhyme_unbinned_98__MGr3G3H3I_000000054290|provirus_3_6002_8	vRhyme_unbinned_98__MGr3G3H3I_000000054290|provirus_3_6002	vRhyme_unbinned_98__MGr3G3H3I_000000054290|provirus_3_6002																														KEGG	false	high	1455.0	NaN	NaN	NaN
vRhyme_unbinned_98__MGr3G3H3I_000000054290|provirus_3_6002_9	vRhyme_unbinned_98__MGr3G3H3I_000000054290|provirus_3_6002	vRhyme_unbinned_98__MGr3G3H3I_000000054290|provirus_3_6002																														KEGG	false	high	1626.0	NaN	NaN	NaN
vRhyme_unbinned_98__MGr3G3H3I_000000054290|provirus_3_6002_10	vRhyme_unbinned_98__MGr3G3H3I_000000054290|provirus_3_6002	vRhyme_unbinned_98__MGr3G3H3I_000000054290|provirus_3_6002		10.0						HMMsoil40965	alaA; alanine-synthesizing transaminase EC:2.6.1.66 2.6.1.2	31.785238	0.618	PF01381.29	Helix-turn-helix	25.465136	0.553													HMMsoil40965	alaA; alanine-synthesizing transaminase EC:2.6.1.66 2.6.1.2	FOAM	false	high	1860.0	NaN	NaN	NaN
vRhyme_unbinned_98__MGr3G3H3I_000000054290|provirus_3_6002_11	vRhyme_unbinned_98__MGr3G3H3I_000000054290|provirus_3_6002	vRhyme_unbinned_98__MGr3G3H3I_000000054290|provirus_3_6002																														KEGG	false	high	228.0	NaN	NaN	NaN
vRhyme_unbinned_99__MGr3G3H3I_000000077756|provirus_33272_71474_1	vRhyme_unbinned_99__MGr3G3H3I_000000077756|provirus_33272_71474	vRhyme_unbinned_99__MGr3G3H3I_000000077756|provirus_33272_71474																														KEGG	false	medium	NaN	546.0	NaN	NaN
vRhyme_unbinned_99__MGr3G3H3I_000000077756|provirus_33272_71474_2	vRhyme_unbinned_99__MGr3G3H3I_000000077756|provirus_33272_71474	vRhyme_unbinned_99__MGr3G3H3I_000000077756|provirus_33272_71474		10.0										PF06892.17	Phage regulatory protein CII (CP76)	49.144897	0.843													PF06892.17	Phage regulatory protein CII (CP76)	Pfam	false	medium	NaN	1506.0	NaN	NaN
vRhyme_unbinned_99__MGr3G3H3I_000000077756|provirus_33272_71474_3	vRhyme_unbinned_99__MGr3G3H3I_000000077756|provirus_33272_71474	vRhyme_unbinned_99__MGr3G3H3I_000000077756|provirus_33272_71474																														KEGG	false	high	NaN	1008.0	NaN	NaN
vRhyme_unbinned_99__MGr3G3H3I_000000077756|provirus_33272_71474_4	vRhyme_unbinned_99__MGr3G3H3I_000000077756|provirus_33272_71474	vRhyme_unbinned_99__MGr3G3H3I_000000077756|provirus_33272_71474		7.7										PF01936.25	NYN domain	52.394012	0.446													PF01936.25	NYN domain	Pfam	false	medium	NaN	639.0	NaN	NaN
vRhyme_unbinned_99__MGr3G3H3I_000000077756|provirus_33272_71474_5	vRhyme_unbinned_99__MGr3G3H3I_000000077756|provirus_33272_71474	vRhyme_unbinned_99__MGr3G3H3I_000000077756|provirus_33272_71474	10.0	10.0	10.0	K14059	integrase	238.158401	0.894					PF00589.28	Phage integrase family	115.273689	0.387									phrog_1	integrase	227.176895	0.904	K14059	integrase	KEGG	false	high	NaN	1155.0	NaN	NaN
vRhyme_unbinned_99__MGr3G3H3I_000000077756|provirus_33272_71474_6	vRhyme_unbinned_99__MGr3G3H3I_000000077756|provirus_33272_71474	vRhyme_unbinned_99__MGr3G3H3I_000000077756|provirus_33272_71474		10.0										PF12728.14	Helix-turn-helix domain	48.594456	0.714													PF12728.14	Helix-turn-helix domain	Pfam	false	high	1155.0	2778.0	NaN	NaN
vRhyme_unbinned_99__MGr3G3H3I_000000077756|provirus_33272_71474_7	vRhyme_unbinned_99__MGr3G3H3I_000000077756|provirus_33272_71474	vRhyme_unbinned_99__MGr3G3H3I_000000077756|provirus_33272_71474																														KEGG	false	high	210.0	2568.0	NaN	NaN
vRhyme_unbinned_99__MGr3G3H3I_000000077756|provirus_33272_71474_8	vRhyme_unbinned_99__MGr3G3H3I_000000077756|provirus_33272_71474	vRhyme_unbinned_99__MGr3G3H3I_000000077756|provirus_33272_71474																														KEGG	false	high	399.0	2379.0	NaN	NaN
vRhyme_unbinned_99__MGr3G3H3I_000000077756|provirus_33272_71474_9	vRhyme_unbinned_99__MGr3G3H3I_000000077756|provirus_33272_71474	vRhyme_unbinned_99__MGr3G3H3I_000000077756|provirus_33272_71474																														KEGG	false	high	1083.0	1695.0	NaN	NaN
vRhyme_unbinned_99__MGr3G3H3I_000000077756|provirus_33272_71474_10	vRhyme_unbinned_99__MGr3G3H3I_000000077756|provirus_33272_71474	vRhyme_unbinned_99__MGr3G3H3I_000000077756|provirus_33272_71474																														KEGG	false	high	1479.0	1299.0	NaN	NaN
vRhyme_unbinned_99__MGr3G3H3I_000000077756|provirus_33272_71474_11	vRhyme_unbinned_99__MGr3G3H3I_000000077756|provirus_33272_71474	vRhyme_unbinned_99__MGr3G3H3I_000000077756|provirus_33272_71474																														KEGG	false	high	1818.0	960.0	NaN	NaN
vRhyme_unbinned_99__MGr3G3H3I_000000077756|provirus_33272_71474_12	vRhyme_unbinned_99__MGr3G3H3I_000000077756|provirus_33272_71474	vRhyme_unbinned_99__MGr3G3H3I_000000077756|provirus_33272_71474		10.0	10.0									PF13619.12	KTSC domain	77.106384	0.817									phrog_3292		58.827862	0.887	PF13619.12	KTSC domain	Pfam	false	high	2778.0	4713.0	NaN	NaN
vRhyme_unbinned_99__MGr3G3H3I_000000077756|provirus_33272_71474_13	vRhyme_unbinned_99__MGr3G3H3I_000000077756|provirus_33272_71474	vRhyme_unbinned_99__MGr3G3H3I_000000077756|provirus_33272_71474		6.29										PF01935.24	Helicase HerA, central domain	110.729622	0.47													PF01935.24	Helicase HerA, central domain	Pfam	false	high	213.0	4500.0	NaN	NaN
vRhyme_unbinned_99__MGr3G3H3I_000000077756|provirus_33272_71474_14	vRhyme_unbinned_99__MGr3G3H3I_000000077756|provirus_33272_71474	vRhyme_unbinned_99__MGr3G3H3I_000000077756|provirus_33272_71474		5.99										PF13289.13	SIR2-like domain	64.181824	0.336													PF13289.13	SIR2-like domain	Pfam	false	medium	2142.0	2571.0	NaN	NaN
vRhyme_unbinned_99__MGr3G3H3I_000000077756|provirus_33272_71474_15	vRhyme_unbinned_99__MGr3G3H3I_000000077756|provirus_33272_71474	vRhyme_unbinned_99__MGr3G3H3I_000000077756|provirus_33272_71474		0.39						HMMsoil11677		15.223929	0.256	PF09903.15	Uncharacterized protein conserved in bacteria (DUF2130)	263.921234	0.556													PF09903.15	Uncharacterized protein conserved in bacteria (DUF2130)	Pfam	false	medium	3402.0	1311.0	NaN	NaN
vRhyme_unbinned_99__MGr3G3H3I_000000077756|provirus_33272_71474_16	vRhyme_unbinned_99__MGr3G3H3I_000000077756|provirus_33272_71474	vRhyme_unbinned_99__MGr3G3H3I_000000077756|provirus_33272_71474	10.0	10.0		K01156	type III restriction enzyme [EC:3.1.21.5]	441.537323	0.95					PF04851.22	Type III restriction enzyme, res subunit	51.34568	0.271													K01156	type III restriction enzyme [EC:3.1.21.5]	KEGG	false	medium	4713.0	2688.0	NaN	NaN
vRhyme_unbinned_99__MGr3G3H3I_000000077756|provirus_33272_71474_17	vRhyme_unbinned_99__MGr3G3H3I_000000077756|provirus_33272_71474	vRhyme_unbinned_99__MGr3G3H3I_000000077756|provirus_33272_71474	10.0	10.0	10.0	K07316	adenine-specific DNA-methyltransferase [EC:2.1.1.72]	268.105347	0.682					PF01555.25	DNA methylase	134.885468	0.403									phrog_67	DNA methyltransferase	154.650513	0.6	K07316	adenine-specific DNA-methyltransferase [EC:2.1.1.72]	KEGG	false	medium	2688.0	2652.0	NaN	NaN
vRhyme_unbinned_99__MGr3G3H3I_000000077756|provirus_33272_71474_18	vRhyme_unbinned_99__MGr3G3H3I_000000077756|provirus_33272_71474	vRhyme_unbinned_99__MGr3G3H3I_000000077756|provirus_33272_71474																														KEGG	false	high	2271.0	381.0	NaN	NaN
vRhyme_unbinned_99__MGr3G3H3I_000000077756|provirus_33272_71474_19	vRhyme_unbinned_99__MGr3G3H3I_000000077756|provirus_33272_71474	vRhyme_unbinned_99__MGr3G3H3I_000000077756|provirus_33272_71474	10.0	10.0	10.0	K07465	putative RecB family exonuclease	97.073547	0.98					PF12705.14	PD-(D/E)XK nuclease superfamily	99.344696	0.968									phrog_1218	exonuclease	60.721478	0.767	PF12705.14	PD-(D/E)XK nuclease superfamily	Pfam	false	medium	2652.0	2448.0	NaN	NaN
vRhyme_unbinned_99__MGr3G3H3I_000000077756|provirus_33272_71474_20	vRhyme_unbinned_99__MGr3G3H3I_000000077756|provirus_33272_71474	vRhyme_unbinned_99__MGr3G3H3I_000000077756|provirus_33272_71474																														KEGG	false	high	759.0	1689.0	NaN	NaN
vRhyme_unbinned_99__MGr3G3H3I_000000077756|provirus_33272_71474_21	vRhyme_unbinned_99__MGr3G3H3I_000000077756|provirus_33272_71474	vRhyme_unbinned_99__MGr3G3H3I_000000077756|provirus_33272_71474	4.65	4.8	3.69	K19175	DNA phosphorothioation-dependent restriction protein DptH	53.480682	0.668					PF10412.16	Type IV secretion-system coupling protein DNA-binding domain	51.311661	0.726									phrog_5156		183.36412	0.839	phrog_5156		PHROG	false	medium	1110.0	1338.0	NaN	NaN
vRhyme_unbinned_99__MGr3G3H3I_000000077756|provirus_33272_71474_22	vRhyme_unbinned_99__MGr3G3H3I_000000077756|provirus_33272_71474	vRhyme_unbinned_99__MGr3G3H3I_000000077756|provirus_33272_71474		10.0						HMMsoil127341	DNMT1, dcm; DNA (cytosine-5)-methyltransferase 1 EC:2.1.1.37	33.050243	0.557	PF01381.29	Helix-turn-helix	32.853802	0.557													HMMsoil127341	DNMT1, dcm; DNA (cytosine-5)-methyltransferase 1 EC:2.1.1.37	FOAM	false	medium	2448.0	1353.0	NaN	NaN
vRhyme_unbinned_99__MGr3G3H3I_000000077756|provirus_33272_71474_23	vRhyme_unbinned_99__MGr3G3H3I_000000077756|provirus_33272_71474	vRhyme_unbinned_99__MGr3G3H3I_000000077756|provirus_33272_71474																														KEGG	false	medium	291.0	1062.0	NaN	NaN
vRhyme_unbinned_99__MGr3G3H3I_000000077756|provirus_33272_71474_24	vRhyme_unbinned_99__MGr3G3H3I_000000077756|provirus_33272_71474	vRhyme_unbinned_99__MGr3G3H3I_000000077756|provirus_33272_71474																														KEGG	false	medium	1032.0	321.0	NaN	NaN
vRhyme_unbinned_99__MGr3G3H3I_000000077756|provirus_33272_71474_25	vRhyme_unbinned_99__MGr3G3H3I_000000077756|provirus_33272_71474	vRhyme_unbinned_99__MGr3G3H3I_000000077756|provirus_33272_71474	10.0	8.76		K01159	crossover junction endodeoxyribonuclease RuvC [EC:3.1.21.10]	58.395962	0.96					PF02075.24	Crossover junction endodeoxyribonuclease RuvC	41.831207	0.691													K01159	crossover junction endodeoxyribonuclease RuvC [EC:3.1.21.10]	KEGG	false	medium	1353.0	447.0	NaN	NaN
vRhyme_unbinned_99__MGr3G3H3I_000000077756|provirus_33272_71474_26	vRhyme_unbinned_99__MGr3G3H3I_000000077756|provirus_33272_71474	vRhyme_unbinned_99__MGr3G3H3I_000000077756|provirus_33272_71474		10.0						HMMsoil31551	E3.5.1.28D, amiD; N-acetylmuramoyl-L-alanine amidase EC:3.5.1.28	23.616888	0.051	PF05345.19	Putative Ig domain	35.254852	0.092													PF05345.19	Putative Ig domain	Pfam	false	medium	447.0	5931.0	NaN	NaN
vRhyme_unbinned_99__MGr3G3H3I_000000077756|provirus_33272_71474_27	vRhyme_unbinned_99__MGr3G3H3I_000000077756|provirus_33272_71474	vRhyme_unbinned_99__MGr3G3H3I_000000077756|provirus_33272_71474		0.26						HMMsoil1441	E3.2.1.14; chitinase EC:3.2.1.14	58.866596	0.045	PF01640.24	Peptidase C10 family	151.850769	0.176													PF01640.24	Peptidase C10 family	Pfam	false	medium	2244.0	3687.0	NaN	NaN
vRhyme_unbinned_99__MGr3G3H3I_000000077756|provirus_33272_71474_28	vRhyme_unbinned_99__MGr3G3H3I_000000077756|provirus_33272_71474	vRhyme_unbinned_99__MGr3G3H3I_000000077756|provirus_33272_71474																														KEGG	false	high	5835.0	96.0	NaN	NaN
vRhyme_unbinned_99__MGr3G3H3I_000000077756|provirus_33272_71474_29	vRhyme_unbinned_99__MGr3G3H3I_000000077756|provirus_33272_71474	vRhyme_unbinned_99__MGr3G3H3I_000000077756|provirus_33272_71474		10.0										PF06067.17	Domain of unknown function (DUF932)	29.992071	0.674													PF06067.17	Domain of unknown function (DUF932)	Pfam	false	medium	5931.0	2460.0	NaN	NaN
vRhyme_unbinned_99__MGr3G3H3I_000000077756|provirus_33272_71474_30	vRhyme_unbinned_99__MGr3G3H3I_000000077756|provirus_33272_71474	vRhyme_unbinned_99__MGr3G3H3I_000000077756|provirus_33272_71474																														KEGG	false	high	717.0	1743.0	NaN	NaN
vRhyme_unbinned_99__MGr3G3H3I_000000077756|provirus_33272_71474_31	vRhyme_unbinned_99__MGr3G3H3I_000000077756|provirus_33272_71474	vRhyme_unbinned_99__MGr3G3H3I_000000077756|provirus_33272_71474																														KEGG	false	high	1074.0	1386.0	NaN	NaN
vRhyme_unbinned_99__MGr3G3H3I_000000077756|provirus_33272_71474_32	vRhyme_unbinned_99__MGr3G3H3I_000000077756|provirus_33272_71474	vRhyme_unbinned_99__MGr3G3H3I_000000077756|provirus_33272_71474																														KEGG	false	high	1266.0	1194.0	NaN	NaN
vRhyme_unbinned_99__MGr3G3H3I_000000077756|provirus_33272_71474_33	vRhyme_unbinned_99__MGr3G3H3I_000000077756|provirus_33272_71474	vRhyme_unbinned_99__MGr3G3H3I_000000077756|provirus_33272_71474																														KEGG	false	high	2016.0	444.0	NaN	NaN
vRhyme_unbinned_99__MGr3G3H3I_000000077756|provirus_33272_71474_34	vRhyme_unbinned_99__MGr3G3H3I_000000077756|provirus_33272_71474	vRhyme_unbinned_99__MGr3G3H3I_000000077756|provirus_33272_71474		10.0										PF01844.30	HNH endonuclease	28.688808	0.206													PF01844.30	HNH endonuclease	Pfam	false	high	2460.0	729.0	NaN	NaN
vRhyme_unbinned_99__MGr3G3H3I_000000077756|provirus_33272_71474_35	vRhyme_unbinned_99__MGr3G3H3I_000000077756|provirus_33272_71474	vRhyme_unbinned_99__MGr3G3H3I_000000077756|provirus_33272_71474	10.0	10.0	10.0	K04764	integration host factor subunit alpha	103.329903	0.979					PF00216.27	Bacterial DNA-binding protein	85.807419	0.927									phrog_379	DNA binding protein	71.006447	0.958	K04764	integration host factor subunit alpha	KEGG	false	medium	729.0	NaN	NaN	NaN
vRhyme_unbinned_99__MGr3G3H3I_000000077756|provirus_33272_71474_36	vRhyme_unbinned_99__MGr3G3H3I_000000077756|provirus_33272_71474	vRhyme_unbinned_99__MGr3G3H3I_000000077756|provirus_33272_71474																														KEGG	false	medium	288.0	NaN	NaN	NaN
vRhyme_unbinned_99__MGr3G3H3I_000000077756|provirus_33272_71474_37	vRhyme_unbinned_99__MGr3G3H3I_000000077756|provirus_33272_71474	vRhyme_unbinned_99__MGr3G3H3I_000000077756|provirus_33272_71474																														KEGG	false	medium	549.0	NaN	NaN	NaN
vRhyme_unbinned_99__MGr3G3H3I_000000077756|provirus_33272_71474_38	vRhyme_unbinned_99__MGr3G3H3I_000000077756|provirus_33272_71474	vRhyme_unbinned_99__MGr3G3H3I_000000077756|provirus_33272_71474																														KEGG	false	medium	1065.0	NaN	NaN	NaN
vRhyme_unbinned_99__MGr3G3H3I_000000077756|provirus_33272_71474_39	vRhyme_unbinned_99__MGr3G3H3I_000000077756|provirus_33272_71474	vRhyme_unbinned_99__MGr3G3H3I_000000077756|provirus_33272_71474																														KEGG	false	medium	1539.0	NaN	NaN	NaN
vRhyme_unbinned_9__MGr3G3H3I_000000020590_1	vRhyme_unbinned_9__MGr3G3H3I_000000020590	vRhyme_unbinned_9__MGr3G3H3I_000000020590																														KEGG	false	high	NaN	NaN	NaN	NaN
vRhyme_unbinned_9__MGr3G3H3I_000000020590_2	vRhyme_unbinned_9__MGr3G3H3I_000000020590	vRhyme_unbinned_9__MGr3G3H3I_000000020590																														KEGG	false	high	NaN	NaN	NaN	NaN
vRhyme_unbinned_9__MGr3G3H3I_000000020590_3	vRhyme_unbinned_9__MGr3G3H3I_000000020590	vRhyme_unbinned_9__MGr3G3H3I_000000020590																														KEGG	false	medium	NaN	NaN	NaN	NaN
vRhyme_unbinned_9__MGr3G3H3I_000000020590_4	vRhyme_unbinned_9__MGr3G3H3I_000000020590	vRhyme_unbinned_9__MGr3G3H3I_000000020590																														KEGG	false	medium	NaN	NaN	NaN	NaN
vRhyme_unbinned_9__MGr3G3H3I_000000020590_5	vRhyme_unbinned_9__MGr3G3H3I_000000020590	vRhyme_unbinned_9__MGr3G3H3I_000000020590																														KEGG	false	medium	NaN	NaN	NaN	NaN
vRhyme_unbinned_9__MGr3G3H3I_000000020590_6	vRhyme_unbinned_9__MGr3G3H3I_000000020590	vRhyme_unbinned_9__MGr3G3H3I_000000020590		0.79										PF01988.25	VIT family	31.212317	0.358													PF01988.25	VIT family	Pfam	false	medium	NaN	NaN	NaN	NaN
vRhyme_unbinned_9__MGr3G3H3I_000000020590_7	vRhyme_unbinned_9__MGr3G3H3I_000000020590	vRhyme_unbinned_9__MGr3G3H3I_000000020590												PF25185.2		113.75946	0.953									phrog_14697		92.91758	0.953	PF25185.2		Pfam	false	medium	NaN	NaN	NaN	NaN
vRhyme_unbinned_9__MGr3G3H3I_000000020590_8	vRhyme_unbinned_9__MGr3G3H3I_000000020590	vRhyme_unbinned_9__MGr3G3H3I_000000020590																														KEGG	false	medium	NaN	NaN	NaN	NaN
vRhyme_unbinned_9__MGr3G3H3I_000000020590_9	vRhyme_unbinned_9__MGr3G3H3I_000000020590	vRhyme_unbinned_9__MGr3G3H3I_000000020590		10.0										PF04480.19	Protein of unknown function (DUF559)	44.848682	0.465													PF04480.19	Protein of unknown function (DUF559)	Pfam	false	medium	NaN	NaN	NaN	NaN
vRhyme_unbinned_9__MGr3G3H3I_000000020590_10	vRhyme_unbinned_9__MGr3G3H3I_000000020590	vRhyme_unbinned_9__MGr3G3H3I_000000020590																														KEGG	false	medium	NaN	NaN	NaN	NaN
vRhyme_unbinned_9__MGr3G3H3I_000000020590_11	vRhyme_unbinned_9__MGr3G3H3I_000000020590	vRhyme_unbinned_9__MGr3G3H3I_000000020590		10.0	4.93									PF19730.5	Family of unknown function (DUF6221)	76.526672	0.947									phrog_6326		59.238453	0.947	PF19730.5	Family of unknown function (DUF6221)	Pfam	false	medium	NaN	NaN	NaN	NaN
vRhyme_unbinned_9__MGr3G3H3I_000000020590_12	vRhyme_unbinned_9__MGr3G3H3I_000000020590	vRhyme_unbinned_9__MGr3G3H3I_000000020590																														KEGG	false	medium	NaN	NaN	NaN	NaN
vRhyme_unbinned_9__MGr3G3H3I_000000020590_13	vRhyme_unbinned_9__MGr3G3H3I_000000020590	vRhyme_unbinned_9__MGr3G3H3I_000000020590																														KEGG	false	medium	NaN	NaN	NaN	NaN
vRhyme_unbinned_9__MGr3G3H3I_000000020590_14	vRhyme_unbinned_9__MGr3G3H3I_000000020590	vRhyme_unbinned_9__MGr3G3H3I_000000020590		10.0										PF19474.5	Family of unknown function (DUF6011)	49.431274	0.256													PF19474.5	Family of unknown function (DUF6011)	Pfam	false	medium	NaN	NaN	NaN	NaN
vRhyme_unbinned_9__MGr3G3H3I_000000020590_15	vRhyme_unbinned_9__MGr3G3H3I_000000020590	vRhyme_unbinned_9__MGr3G3H3I_000000020590		5.82										PF02604.27	Antitoxin Phd_YefM, type II toxin-antitoxin system	33.345505	0.391													PF02604.27	Antitoxin Phd_YefM, type II toxin-antitoxin system	Pfam	false	medium	NaN	NaN	NaN	NaN
vRhyme_unbinned_9__MGr3G3H3I_000000020590_16	vRhyme_unbinned_9__MGr3G3H3I_000000020590	vRhyme_unbinned_9__MGr3G3H3I_000000020590																														KEGG	false	medium	NaN	NaN	NaN	NaN
vRhyme_unbinned_9__MGr3G3H3I_000000020590_17	vRhyme_unbinned_9__MGr3G3H3I_000000020590	vRhyme_unbinned_9__MGr3G3H3I_000000020590																														KEGG	false	medium	NaN	NaN	NaN	NaN
vRhyme_unbinned_9__MGr3G3H3I_000000020590_18	vRhyme_unbinned_9__MGr3G3H3I_000000020590	vRhyme_unbinned_9__MGr3G3H3I_000000020590																														KEGG	false	medium	NaN	NaN	NaN	NaN
vRhyme_unbinned_9__MGr3G3H3I_000000020590_19	vRhyme_unbinned_9__MGr3G3H3I_000000020590	vRhyme_unbinned_9__MGr3G3H3I_000000020590																														KEGG	false	medium	NaN	NaN	NaN	NaN
vRhyme_unbinned_9__MGr3G3H3I_000000020590_20	vRhyme_unbinned_9__MGr3G3H3I_000000020590	vRhyme_unbinned_9__MGr3G3H3I_000000020590																														KEGG	false	medium	NaN	NaN	NaN	6795.0
vRhyme_unbinned_9__MGr3G3H3I_000000020590_21	vRhyme_unbinned_9__MGr3G3H3I_000000020590	vRhyme_unbinned_9__MGr3G3H3I_000000020590																														KEGG	false	medium	NaN	NaN	NaN	6597.0
vRhyme_unbinned_9__MGr3G3H3I_000000020590_22	vRhyme_unbinned_9__MGr3G3H3I_000000020590	vRhyme_unbinned_9__MGr3G3H3I_000000020590																														KEGG	false	medium	NaN	NaN	NaN	6354.0
vRhyme_unbinned_9__MGr3G3H3I_000000020590_23	vRhyme_unbinned_9__MGr3G3H3I_000000020590	vRhyme_unbinned_9__MGr3G3H3I_000000020590																								phrog_2175	protein with Ig domain	60.351837	0.99	phrog_2175	protein with Ig domain	PHROG	false	medium	NaN	NaN	NaN	6153.0
vRhyme_unbinned_9__MGr3G3H3I_000000020590_24	vRhyme_unbinned_9__MGr3G3H3I_000000020590	vRhyme_unbinned_9__MGr3G3H3I_000000020590																														KEGG	false	medium	NaN	NaN	NaN	5571.0
vRhyme_unbinned_9__MGr3G3H3I_000000020590_25	vRhyme_unbinned_9__MGr3G3H3I_000000020590	vRhyme_unbinned_9__MGr3G3H3I_000000020590																														KEGG	false	medium	NaN	NaN	NaN	5289.0
vRhyme_unbinned_9__MGr3G3H3I_000000020590_26	vRhyme_unbinned_9__MGr3G3H3I_000000020590	vRhyme_unbinned_9__MGr3G3H3I_000000020590																														KEGG	false	medium	NaN	NaN	NaN	4854.0
