level,ranking,coverage,precision
specific,calibrated,2.3833925209142695e-5,1
specific,calibrated,0.0025025621469599827,1
specific,calibrated,0.004981290368710823,1
specific,calibrated,0.007460018590461663,1
specific,calibrated,0.009938746812212504,1
specific,calibrated,0.012417475033963343,1
specific,calibrated,0.014896203255714184,1
specific,calibrated,0.017374931477465022,1
specific,calibrated,0.019853659699215865,1
specific,calibrated,0.022332387920966704,1
specific,calibrated,0.024811116142717544,1
specific,calibrated,0.027289844364468383,1
specific,calibrated,0.029768572586219226,1
specific,calibrated,0.032247300807970065,0.9985218033998522
specific,calibrated,0.034726029029720905,0.9986273164035689
specific,calibrated,0.037204757251471744,0.9987187700192185
specific,calibrated,0.039683485473222584,0.9981981981981982
specific,calibrated,0.04216221369497342,0.9977388355002826
specific,calibrated,0.04464094191672426,0.99786438868126
specific,calibrated,0.04711967013847511,0.9974709155285787
specific,calibrated,0.04959839836022595,0.9975973089860644
specific,calibrated,0.05207712658197679,0.9967963386727688
specific,calibrated,0.05455585480372763,0.9960681520314548
specific,calibrated,0.057034583025478466,0.994985374007522
specific,calibrated,0.059513311247229306,0.9951942330796957
specific,calibrated,0.061992039468980145,0.9953863898500577
specific,calibrated,0.06447076769073098,0.9944547134935305
specific,calibrated,0.06694949591248182,0.9946600213599146
specific,calibrated,0.06942822413423266,0.99347751458977
specific,calibrated,0.0719069523559835,0.9933708982432881
specific,calibrated,0.07438568057773434,0.9926305671259211
specific,calibrated,0.07686440879948518,0.9922480620155039
specific,calibrated,0.07934313702123602,0.9918894562931811
specific,calibrated,0.08182186524298687,0.9915525779201865
specific,calibrated,0.08430059346473771,0.991518235793045
specific,calibrated,0.08677932168648855,0.9909365558912386
specific,calibrated,0.08925804990823939,0.9906542056074766
specific,calibrated,0.09173677812999023,0.9898674980514419
specific,calibrated,0.09421550635174107,0.9896281305337719
specific,calibrated,0.09669423457349191,0.9884150850382055
specific,calibrated,0.09917296279524275,0.9882239846190819
specific,calibrated,0.10165169101699359,0.9875732708089098
specific,calibrated,0.10413041923874443,0.9867246509498742
specific,calibrated,0.10660914746049527,0.9859154929577465
specific,calibrated,0.10908787568224611,0.98426917194669
specific,calibrated,0.11156660390399695,0.9833368938261056
specific,calibrated,0.11404533212574779,0.9830721003134796
specific,calibrated,0.11652406034749863,0.9824094906933933
specific,calibrated,0.11900278856924947,0.9805728019226918
specific,calibrated,0.1214815167910003,0.9793996468510888
specific,calibrated,0.12396024501275114,0.9776965968083061
specific,calibrated,0.12643897323450198,0.9770028275212064
specific,calibrated,0.12891770145625284,0.9770752449621002
specific,calibrated,0.13139642967800366,0.9755124251768547
specific,calibrated,0.13387515789975452,0.9741855082784404
specific,calibrated,0.13635388612150534,0.9730816290858242
specific,calibrated,0.1388326143432562,0.9720171673819743
specific,calibrated,0.14131134256500702,0.9706527238994771
specific,calibrated,0.14379007078675787,0.9686723023371457
specific,calibrated,0.1462687990085087,0.9669219488349357
specific,calibrated,0.14874752723025955,0.9653901618330396
specific,calibrated,0.1512262554520104,0.9640661938534278
specific,calibrated,0.15370498367376123,0.9629399906962319
specific,calibrated,0.15618371189551208,0.9609339233938654
specific,calibrated,0.1586624401172629,0.9588403184617695
specific,calibrated,0.16114116833901376,0.957698565300991
specific,calibrated,0.1636198965607646,0.9555717407137655
specific,calibrated,0.16609862478251544,0.9542258573683455
specific,calibrated,0.16857735300426627,0.9533437013996889
specific,calibrated,0.17105608122601712,0.9527657795736381
specific,calibrated,0.17353480944776795,0.949732179645653
specific,calibrated,0.1760135376695188,0.9478672985781991
specific,calibrated,0.17849226589126962,0.9457871544932568
specific,calibrated,0.18097099411302048,0.9442907941525089
specific,calibrated,0.1834497223347713,0.9433545537222294
specific,calibrated,0.18592845055652216,0.9412895782591976
specific,calibrated,0.18840717877827298,0.9395319418089817
specific,calibrated,0.19088590700002384,0.9371956548882507
specific,calibrated,0.19336463522177466,0.9355355602120055
specific,calibrated,0.19584336344352551,0.9335523913837167
specific,calibrated,0.19832209166527637,0.9319793294075231
specific,calibrated,0.2008008198870272,0.9305637982195846
specific,calibrated,0.20327954810877805,0.9291827881345996
specific,calibrated,0.20575827633052887,0.9270242094289355
specific,calibrated,0.20823700455227973,0.9251459310976308
specific,calibrated,0.21071573277403055,0.9225200769143762
specific,calibrated,0.2131944609957814,0.9204024594745668
specific,calibrated,0.21567318921753223,0.9183335175157475
specific,calibrated,0.21815191743928308,0.9153283076586911
specific,calibrated,0.2206306456610339,0.9130387814626769
specific,calibrated,0.22310937388278476,0.911013780578998
specific,calibrated,0.2255881021045356,0.908716323296355
specific,calibrated,0.22806683032628644,0.9057372766224265
specific,calibrated,0.23054555854803727,0.902925669389021
specific,calibrated,0.23302428676978812,0.9005830009205278
specific,calibrated,0.23550301499153894,0.898593259791519
specific,calibrated,0.2379817432132898,0.8974461692538809
specific,calibrated,0.24046047143504062,0.8953315492120131
specific,calibrated,0.24293919965679148,0.8931619739036594
specific,calibrated,0.24541792787854233,0.8908419928134408
specific,calibrated,0.24789665610029316,0.8888568406883953
specific,calibrated,0.250375384322044,0.8865302237029986
specific,calibrated,0.25285411254379486,0.8846262607220284
specific,calibrated,0.2553328407655457,0.8823858863063567
specific,calibrated,0.2578115689872965,0.8797263566608117
specific,calibrated,0.26029029720904734,0.8773006134969326
specific,calibrated,0.2627690254307982,0.8755555555555555
specific,calibrated,0.26524775365254905,0.8730344145925061
specific,calibrated,0.26772648187429987,0.8706489806819193
specific,calibrated,0.2702052100960507,0.8677780718002999
specific,calibrated,0.2726839383178016,0.8655711913294293
specific,calibrated,0.2751626665395524,0.8634906886097878
specific,calibrated,0.27764139476130323,0.8615331788136321
specific,calibrated,0.28012012298305405,0.8592699736237557
specific,calibrated,0.28259885120480494,0.856709116977313
specific,calibrated,0.28507757942655576,0.853440347797007
specific,calibrated,0.2875563076483066,0.8513883133029424
specific,calibrated,0.29003503587005747,0.849946585586326
specific,calibrated,0.2925137640918083,0.8478774545750836
specific,calibrated,0.2949924923135591,0.8451159408580431
specific,calibrated,0.29747122053530994,0.8429613011777902
specific,calibrated,0.2999499487570608,0.8399682161303139
specific,calibrated,0.30242867697881165,0.8371030026006777
specific,calibrated,0.3049074052005625,0.8348315485030876
specific,calibrated,0.3073861334223133,0.8324416530976196
specific,calibrated,0.3098648616440642,0.8300130759172372
specific,calibrated,0.312343589865815,0.8283861121709272
specific,calibrated,0.31482231808756583,0.8265576500870618
specific,calibrated,0.31730104630931666,0.8242319537294374
specific,calibrated,0.31977977453106754,0.8211224565849295
specific,calibrated,0.32225850275281837,0.8190962206937357
specific,calibrated,0.3247372309745692,0.8168807339449541
specific,calibrated,0.32721595919632,0.814261781630126
specific,calibrated,0.3296946874180709,0.8111038820212535
specific,calibrated,0.3321734156398217,0.8092846380139198
specific,calibrated,0.33465214386157255,0.8072074638558507
specific,calibrated,0.33713087208332343,0.8048780487804879
specific,calibrated,0.33960960030507426,0.8027931784686645
specific,calibrated,0.3420883285268251,0.8002508186441859
specific,calibrated,0.3445670567485759,0.7981600608701667
specific,calibrated,0.3470457849703268,0.7959618158093538
specific,calibrated,0.3495245131920776,0.7935219911353563
specific,calibrated,0.35200324141382844,0.7911165278624145
specific,calibrated,0.35448196963557926,0.7891481207557318
specific,calibrated,0.35696069785733014,0.7865393603525406
specific,calibrated,0.35943942607908097,0.7834361116636828
specific,calibrated,0.3619181543008318,0.7807704972011854
specific,calibrated,0.3643968825225826,0.7780757407286284
specific,calibrated,0.3668756107443335,0.7759371142727214
specific,calibrated,0.36935433896608433,0.7731173775569465
specific,calibrated,0.37183306718783515,0.770783924107429
specific,calibrated,0.374311795409586,0.7683540273798154
specific,calibrated,0.37679052363133686,0.7657030805237522
specific,calibrated,0.3792692518530877,0.7635895180041475
specific,calibrated,0.3817479800748385,0.7610663669850783
specific,calibrated,0.3842267082965894,0.7584517089510576
specific,calibrated,0.3867054365183402,0.7557473035439137
specific,calibrated,0.38918416474009104,0.7530773470512585
specific,calibrated,0.39166289296184187,0.7509280107101564
specific,calibrated,0.39414162118359275,0.7481405333494587
specific,calibrated,0.3966203494053436,0.7455681749894838
specific,calibrated,0.3990990776270944,0.7433263660794267
specific,calibrated,0.4015778058488452,0.740874829366728
specific,calibrated,0.4040565340705961,0.7387483041349614
specific,calibrated,0.40653526229234693,0.735885560180571
specific,calibrated,0.40901399051409776,0.7338733174057456
specific,calibrated,0.4114927187358486,0.7314798725745728
specific,calibrated,0.41397144695759946,0.7295181069721919
specific,calibrated,0.4164501751793503,0.7272935386024152
specific,calibrated,0.4189289034011011,0.7253797576378221
specific,calibrated,0.42140763162285194,0.7232622589220067
specific,calibrated,0.4238863598446028,0.7206634804610627
specific,calibrated,0.42636508806635365,0.7181508189390128
specific,calibrated,0.4288438162881045,0.7158339354193297
specific,calibrated,0.43132254450985535,0.7134331657180748
specific,calibrated,0.4338012727316062,0.711169715949673
specific,calibrated,0.436280000953357,0.7085495766184102
specific,calibrated,0.43875872917510783,0.7063392905643978
specific,calibrated,0.4412374573968587,0.7039917895532869
specific,calibrated,0.44371618561860954,0.7015093731535693
specific,calibrated,0.44619491384036036,0.6999626088349982
specific,calibrated,0.4486736420621112,0.6977954847277557
specific,calibrated,0.45115237028386207,0.6957050029055946
specific,calibrated,0.4536310985056129,0.693111963431934
specific,calibrated,0.4561098267273637,0.690651617285886
specific,calibrated,0.45858855494911455,0.6888935086533964
specific,calibrated,0.4610672831708654,0.6863272163349703
specific,calibrated,0.46354601139261625,0.6837883695819836
specific,calibrated,0.4660247396143671,0.6813276735027873
specific,calibrated,0.4685034678361179,0.6792999949127537
specific,calibrated,0.4709821960578688,0.6773442639542533
specific,calibrated,0.4734609242796196,0.6749056128869871
specific,calibrated,0.47593965250137044,0.6728929841253943
specific,calibrated,0.4784183807231213,0.6705026652717581
specific,calibrated,0.48089710894487214,0.6684839173316152
specific,calibrated,0.48337583716662297,0.6662886445441546
specific,calibrated,0.4858545653883738,0.6641157714005396
specific,calibrated,0.4883332936101247,0.6617209234223241
specific,calibrated,0.4908120218318755,0.6595930656048171
specific,calibrated,0.4932907500536263,0.657728173165193
specific,calibrated,0.49576947827537715,0.6557377049180327
specific,calibrated,0.49824820649712803,0.6534800287012676
specific,calibrated,0.5007269347188789,0.6515302965395783
specific,calibrated,0.5032056629406297,0.6497892293847393
specific,calibrated,0.5056843911623805,0.6479709666776642
specific,calibrated,0.5081631193841314,0.6457483232493786
specific,calibrated,0.5106418476058822,0.6440140023337223
specific,calibrated,0.513120575827633,0.6417390496539551
specific,calibrated,0.5155993040493839,0.6396246475292378
specific,calibrated,0.5180780322711347,0.6373924644615172
specific,calibrated,0.5205567604928856,0.6352731102055766
specific,calibrated,0.5230354887146365,0.6334928229665072
specific,calibrated,0.5255142169363872,0.6313211483513992
specific,calibrated,0.5279929451581381,0.6294858484178215
specific,calibrated,0.530471673379889,0.6273531922541223
specific,calibrated,0.5329504016016398,0.6254192567416484
specific,calibrated,0.5354291298233906,0.6235032272423771
specific,calibrated,0.5379078580451414,0.6212503876999425
specific,calibrated,0.5403865862668923,0.6193269527631985
specific,calibrated,0.5428653144886432,0.6175966984238486
specific,calibrated,0.5453440427103939,0.6155762422971024
specific,calibrated,0.5478227709321448,0.6137045899499673
specific,calibrated,0.5503014991538957,0.6121096626099009
specific,calibrated,0.5527802273756465,0.6103565731039537
specific,calibrated,0.5552589555973974,0.6086620594926385
specific,calibrated,0.5577376838191481,0.6068116747147558
specific,calibrated,0.560216412040899,0.6048074877685599
specific,calibrated,0.5626951402626499,0.603159811936126
specific,calibrated,0.5651738684844007,0.6012735630245013
specific,calibrated,0.5676525967061515,0.5991518663139774
specific,calibrated,0.5701313249279024,0.5971740311859872
specific,calibrated,0.5726100531496532,0.5954630593132154
specific,calibrated,0.5750887813714041,0.593642504869659
specific,calibrated,0.577567509593155,0.5917963108158296
specific,calibrated,0.5800462378149057,0.5898837161523606
specific,calibrated,0.5825249660366566,0.5881101427928481
specific,calibrated,0.5850036942584074,0.5863923405989
specific,calibrated,0.5874824224801583,0.5843239076635969
specific,calibrated,0.5899611507019091,0.5827576455379146
specific,calibrated,0.5924398789236599,0.5811642595647102
specific,calibrated,0.5949186071454108,0.5793037137935179
specific,calibrated,0.5973973353671617,0.5776580889686814
specific,calibrated,0.5998760635889124,0.5758671381461321
specific,calibrated,0.6023547918106633,0.5738139516480038
specific,calibrated,0.6048335200324141,0.572092839973204
specific,calibrated,0.607312248254165,0.5703072877830541
specific,calibrated,0.6097909764759158,0.5685362517099863
specific,calibrated,0.6122697046976666,0.5668574097862898
specific,calibrated,0.6147484329194175,0.5653859574303105
specific,calibrated,0.6172271611411684,0.5636560219330424
specific,calibrated,0.6197058893629191,0.56209376562439906
specific,calibrated,0.62218461758467,0.5605056502585711
specific,calibrated,0.6246633458064209,0.5588156740051128
specific,calibrated,0.6271420740281717,0.5571010527115874
specific,calibrated,0.6296208022499226,0.5555134950978536
specific,calibrated,0.6320995304716733,0.5539006824780363
specific,calibrated,0.6345782586934242,0.5525258215962441
specific,calibrated,0.6370569869151751,0.5511990721688054
specific,calibrated,0.6395357151369259,0.5495471993440912
specific,calibrated,0.6420144433586767,0.5478709581616364
specific,calibrated,0.6444931715804276,0.5463185533079398
specific,calibrated,0.6469718998021784,0.5449990790200774
specific,calibrated,0.6494506280239293,0.54346948511872
specific,calibrated,0.65192935624568,0.5417687273790809
specific,calibrated,0.6544080844674309,0.5401536948683396
specific,calibrated,0.6568868126891818,0.5386234171474185
specific,calibrated,0.6593655409109326,0.5369600578348094
specific,calibrated,0.6618442691326835,0.5353451690734272
specific,calibrated,0.6643229973544343,0.5337423312883436
specific,calibrated,0.6668017255761851,0.5323301283196912
specific,calibrated,0.669280453797936,0.5306434956020085
specific,calibrated,0.6717591820196869,0.5290757495121519
specific,calibrated,0.6742379102414376,0.5278023259924353
specific,calibrated,0.6767166384631885,0.5262564716655513
specific,calibrated,0.6791953666849393,0.5247219005509351
specific,calibrated,0.6816740949066902,0.5229537428761232
specific,calibrated,0.6841528231284411,0.5215119317192127
specific,calibrated,0.6866315513501918,0.5202540872643966
specific,calibrated,0.6891102795719427,0.5187977726282296
specific,calibrated,0.6915890077936936,0.517386359720164
specific,calibrated,0.6940677360154444,0.5159850279866763
specific,calibrated,0.6965464642371952,0.5146278870829769
specific,calibrated,0.699025192458946,0.5130416993419482
specific,calibrated,0.7015039206806969,0.5116365983759725
specific,calibrated,0.7039826489024478,0.5101398246267393
specific,calibrated,0.7064613771241985,0.5085523430383591
specific,calibrated,0.7089401053459494,0.5070432005379055
specific,calibrated,0.7114188335677003,0.5054440684780059
specific,calibrated,0.7138975617894511,0.5039228124061029
specific,calibrated,0.716376290011202,0.502378813587517
specific,calibrated,0.7188550182329528,0.500845462683598
specific,calibrated,0.7213337464547036,0.49965306459606806
specific,calibrated,0.7238124746764545,0.49817247851427443
specific,calibrated,0.7262912028982053,0.4967348144258852
specific,calibrated,0.7287699311199561,0.49537233868594044
specific,calibrated,0.731248659341707,0.4939865063068348
specific,calibrated,0.7337273875634578,0.4926100373558551
specific,calibrated,0.7362061157852087,0.49121046327171486
specific,calibrated,0.7386848440069596,0.48972348594843995
specific,calibrated,0.7411635722287103,0.4883750844132875
specific,calibrated,0.7436423004504612,0.48687542065959427
specific,calibrated,0.746121028672212,0.4854815524676569
specific,calibrated,0.7485997568939629,0.48419242892164666
specific,calibrated,0.7510784851157137,0.48288008123631515
specific,calibrated,0.7535572133374645,0.48148148148148145
specific,calibrated,0.7560359415592154,0.48018662715551214
specific,calibrated,0.7585146697809663,0.47883739198743125
specific,calibrated,0.760993398002717,0.4775282658398321
specific,calibrated,0.7634721262244679,0.47622764024599634
specific,calibrated,0.7659508544462188,0.47484208233500325
specific,calibrated,0.7684295826679696,0.4734654632300487
specific,calibrated,0.7709083108897204,0.4722213634255681
specific,calibrated,0.7733870391114712,0.47089278560202164
specific,calibrated,0.7758657673332221,0.46969557337265383
specific,calibrated,0.778344495554973,0.4685672290779925
specific,calibrated,0.7808232237767238,0.46723237996398154
specific,calibrated,0.7833019519984746,0.4658755514985547
specific,calibrated,0.7857806802202255,0.4647396038703024
specific,calibrated,0.7882594084419763,0.46348985577359175
specific,calibrated,0.7907381366637272,0.46221780148898334
specific,calibrated,0.7932168648854779,0.46086355578257865
specific,calibrated,0.7956955931072288,0.45957765463531525
specific,calibrated,0.7981743213289797,0.4584490429693332
specific,calibrated,0.8006530495507305,0.45711904265769654
specific,calibrated,0.8031317777724813,0.45594563314241626
specific,calibrated,0.8056105059942322,0.45477944439513623
specific,calibrated,0.808089234215983,0.4536499041439316
specific,calibrated,0.8105679624377339,0.45246846423005677
specific,calibrated,0.8130466906594848,0.45120628499399057
specific,calibrated,0.8155254188812355,0.45003945407253704
specific,calibrated,0.8180041471029864,0.4488505579674252
specific,calibrated,0.8204828753247372,0.4475526506899056
specific,calibrated,0.8229616035464881,0.4463204842306467
specific,calibrated,0.8254403317682389,0.44512459215199374
specific,calibrated,0.8279190599899897,0.4439646486455365
specific,calibrated,0.8303977882117406,0.4429264372434775
specific,calibrated,0.8328765164334915,0.4418944054943483
specific,calibrated,0.8353552446552422,0.4406973094810123
specific,calibrated,0.8378339728769931,0.4395357437487554
specific,calibrated,0.8403127010987439,0.43832430439345377
specific,calibrated,0.8427914293204948,0.4372331099233619
specific,calibrated,0.8452701575422457,0.43614831524037784
specific,calibrated,0.8477488857639964,0.4350417498383424
specific,calibrated,0.8502276139857473,0.4339136041263701
specific,calibrated,0.8527063422074982,0.43284791905414094
specific,calibrated,0.855185070429249,0.4316769320810457
specific,calibrated,0.8576637986509998,0.43054050298735586
specific,calibrated,0.8601425268727507,0.4294106237357644
specific,calibrated,0.8626212550945015,0.42839775647224604
specific,calibrated,0.8650999833162524,0.4274182439320054
specific,calibrated,0.8675787115380031,0.42641685667976154
specific,calibrated,0.870057439759754,0.4254759621969593
specific,calibrated,0.8725361679815049,0.42440383512251084
specific,calibrated,0.8750148962032557,0.4233922588728788
specific,calibrated,0.8774936244250066,0.42235923622239724
specific,calibrated,0.8799723526467574,0.42127786354649116
specific,calibrated,0.8824510808685082,0.42020256583389604
specific,calibrated,0.8849298090902591,0.41910635891082443
specific,calibrated,0.8874085373120099,0.41806999167405257
specific,calibrated,0.8898872655337607,0.41706618100008036
specific,calibrated,0.8923659937555116,0.4160412382147913
specific,calibrated,0.8948447219772624,0.41491543481155946
specific,calibrated,0.8973234501990133,0.4138224122818667
specific,calibrated,0.8998021784207642,0.41278838767780046
specific,calibrated,0.9022809066425149,0.41189212034762396
specific,calibrated,0.9047596348642658,0.41089539263981456
specific,calibrated,0.9072383630860167,0.40982529883094704
specific,calibrated,0.9097170913077675,0.4088396342581676
specific,calibrated,0.9121958195295183,0.4077809421785593
specific,calibrated,0.9146745477512691,0.4067801026656591
specific,calibrated,0.91715327597302,0.4057326992541774
specific,calibrated,0.9196320041947709,0.40476869249708436
specific,calibrated,0.9221107324165216,0.40380986843805733
specific,calibrated,0.9245894606382725,0.40277885185471607
specific,calibrated,0.9270681888600234,0.401779057510862
specific,calibrated,0.9295469170817742,0.40088715673957076
specific,calibrated,0.932025645303525,0.39987213911264546
specific,calibrated,0.9345043735252759,0.3989135147542656
specific,calibrated,0.9369831017470267,0.3978836517182611
specific,calibrated,0.9394618299687776,0.3969860719993911
specific,calibrated,0.9419405581905284,0.3960426102578376
specific,calibrated,0.9444192864122792,0.3950283911671924
specific,calibrated,0.9468980146340301,0.3940949935815148
specific,calibrated,0.9493767428557809,0.39314136519970877
specific,calibrated,0.9518554710775318,0.3921676640709117
specific,calibrated,0.9543341992992826,0.3913238930096651
specific,calibrated,0.9568129275210334,0.390409764603313
specific,calibrated,0.9592916557427843,0.3894258242440806
specific,calibrated,0.9617703839645351,0.3884469556166828
specific,calibrated,0.964249112186286,0.3875225548112811
specific,calibrated,0.9667278404080368,0.38660289440595647
specific,calibrated,0.9692065686297876,0.38568793803024715
specific,calibrated,0.9716852968515385,0.38477764968480954
specific,calibrated,0.9741640250732894,0.38384752770777775
specific,calibrated,0.9766427532950401,0.38287331917905165
specific,calibrated,0.979121481516791,0.38190404323166427
specific,calibrated,0.9816002097385419,0.38093966249848243
specific,calibrated,0.9840789379602927,0.38002857904042237
specific,calibrated,0.9865576661820435,0.37917039112893486
specific,calibrated,0.9890363944037943,0.3782201122972745
specific,calibrated,0.9915151226255452,0.3772986226292637
specific,calibrated,0.9939938508472961,0.3764057067497902
specific,calibrated,0.9964725790690468,0.37549331483651843
specific,calibrated,0.9989513072907977,0.3746570276525183
specific,d1_only,2.3833925209142695e-5,1
specific,d1_only,0.0025025621469599827,0.8666666666666667
specific,d1_only,0.004981290368710823,0.8803827751196173
specific,d1_only,0.007460018590461663,0.8817891373801917
specific,d1_only,0.009938746812212504,0.86810551558753
specific,d1_only,0.012417475033963343,0.8618042226487524
specific,d1_only,0.014896203255714184,0.8544
specific,d1_only,0.017374931477465022,0.8436213991769548
specific,d1_only,0.019853659699215865,0.82953181272509
specific,d1_only,0.022332387920966704,0.8089647812166488
specific,d1_only,0.024811116142717544,0.7877041306436119
specific,d1_only,0.027289844364468383,0.7737991266375546
specific,d1_only,0.029768572586219226,0.7574059247397918
specific,d1_only,0.032247300807970065,0.7398373983739838
specific,d1_only,0.034726029029720905,0.7247769389155799
specific,d1_only,0.037204757251471744,0.7155669442664958
specific,d1_only,0.039683485473222584,0.7087087087087087
specific,d1_only,0.04216221369497342,0.6947427925381572
specific,d1_only,0.04464094191672426,0.6865990389749066
specific,d1_only,0.04711967013847511,0.6793120890237734
specific,d1_only,0.04959839836022595,0.6655454108601634
specific,d1_only,0.05207712658197679,0.6585812356979405
specific,d1_only,0.05455585480372763,0.6526867627785059
specific,d1_only,0.057034583025478466,0.6456330965315503
specific,d1_only,0.059513311247229306,0.6415698838606327
specific,d1_only,0.061992039468980145,0.635524798154556
specific,d1_only,0.06447076769073098,0.6288354898336415
specific,d1_only,0.06694949591248182,0.6222855108579566
specific,d1_only,0.06942822413423266,0.6148300720906282
specific,d1_only,0.0719069523559835,0.6102088167053364
specific,d1_only,0.07438568057773434,0.6039730855495034
specific,d1_only,0.07686440879948518,0.5990697674418605
specific,d1_only,0.07934313702123602,0.5941724241513968
specific,d1_only,0.08182186524298687,0.5884066414214972
specific,d1_only,0.08430059346473771,0.58269720101781175
specific,d1_only,0.08677932168648855,0.5773139247459489
specific,d1_only,0.08925804990823939,0.5722296395193591
specific,d1_only,0.09173677812999023,0.5705378020265004
specific,d1_only,0.09421550635174107,0.5664052618264609
specific,d1_only,0.09669423457349191,0.5612521567660833
specific,d1_only,0.09917296279524275,0.5594808940158615
specific,d1_only,0.10165169101699359,0.5570926143024619
specific,d1_only,0.10413041923874443,0.5529869535362784
specific,d1_only,0.10660914746049527,0.5508607198748043
specific,d1_only,0.10908787568224611,0.5479571771902993
specific,d1_only,0.11156660390399695,0.5458235419782098
specific,d1_only,0.11404533212574779,0.542528735632184
specific,d1_only,0.11652406034749863,0.5406013499693189
specific,d1_only,0.11900278856924947,0.5391548167434408
specific,d1_only,0.1214815167910003,0.5365901510692564
specific,d1_only,0.12396024501275114,0.5331666987117862
specific,d1_only,0.12643897323450198,0.5298774740810556
specific,d1_only,0.12891770145625284,0.5274542429284526
specific,d1_only,0.13139642967800366,0.5234899328859061
specific,d1_only,0.13387515789975452,0.5228769805946235
specific,d1_only,0.13635388612150534,0.5194895997203286
specific,d1_only,0.1388326143432562,0.5163948497854077
specific,d1_only,0.14131134256500702,0.5162759318603475
specific,d1_only,0.14379007078675787,0.5140062986905354
specific,d1_only,0.1462687990085087,0.5118135897018087
specific,d1_only,0.14874752723025955,0.5100144207659029
specific,d1_only,0.1512262554520104,0.5085894405043341
specific,d1_only,0.15370498367376123,0.5069002946193208
specific,d1_only,0.15618371189551208,0.5052647642301236
specific,d1_only,0.1586624401172629,0.5044314255670722
specific,d1_only,0.16114116833901376,0.5031800029581422
specific,d1_only,0.1636198965607646,0.5015294974508376
specific,d1_only,0.16609862478251544,0.5016501650165016
specific,d1_only,0.16857735300426627,0.5006362222536406
specific,d1_only,0.17105608122601712,0.49965166504110353
specific,d1_only,0.17353480944776795,0.49979398434281
specific,d1_only,0.1760135376695188,0.4987136086662153
specific,d1_only,0.17849226589126962,0.4977967685939378
specific,d1_only,0.18097099411302048,0.4963782431186619
specific,d1_only,0.1834497223347713,0.4964271794205535
specific,d1_only,0.18592845055652216,0.4950647352903474
specific,d1_only,0.18840717877827298,0.4939911448450348
specific,d1_only,0.19088590700002384,0.4928205768510426
specific,d1_only,0.19336463522177466,0.49131024282016517
specific,d1_only,0.19584336344352551,0.4895947426067908
specific,d1_only,0.19832209166527637,0.4886431919240476
specific,d1_only,0.2008008198870272,0.4885459940652819
specific,d1_only,0.20327954810877805,0.4878649314104819
specific,d1_only,0.20575827633052887,0.4875477817676358
specific,d1_only,0.20823700455227973,0.4863225363397047
specific,d1_only,0.21071573277403055,0.4855785544621649
specific,d1_only,0.2131944609957814,0.48474007825600895
specific,d1_only,0.21567318921753223,0.4831473090949276
specific,d1_only,0.21815191743928308,0.48137222768491206
specific,d1_only,0.2206306456610339,0.48104137409527925
specific,d1_only,0.22310937388278476,0.48082469821600254
specific,d1_only,0.2255881021045356,0.4802958267300581
specific,d1_only,0.22806683032628644,0.4800919636325635
specific,d1_only,0.23054555854803727,0.47885867879665045
specific,d1_only,0.23302428676978812,0.47816303569602125
specific,d1_only,0.23550301499153894,0.4774820362311507
specific,d1_only,0.2379817432132898,0.47631447170756136
specific,d1_only,0.24046047143504062,0.4757656853999405
specific,d1_only,0.24293919965679148,0.47542431080153047
specific,d1_only,0.24541792787854233,0.47431290667184617
specific,d1_only,0.24789665610029316,0.4726468608787617
specific,d1_only,0.250375384322044,0.47187053783912425
specific,d1_only,0.25285411254379486,0.4712036949759638
specific,d1_only,0.2553328407655457,0.47082983291328295
specific,d1_only,0.2578115689872965,0.46953868910048996
specific,d1_only,0.26029029720904734,0.468272136251259
specific,d1_only,0.2627690254307982,0.46802721088435373
specific,d1_only,0.26524775365254905,0.46805642914907
specific,d1_only,0.26772648187429987,0.4681741297961364
specific,d1_only,0.2702052100960507,0.4682014642321602
specific,d1_only,0.2726839383178016,0.4688401363517175
specific,d1_only,0.2751626665395524,0.4681680381117367
specific,d1_only,0.27764139476130323,0.4672504077603228
specific,d1_only,0.28012012298305405,0.4665191865906577
specific,d1_only,0.28259885120480494,0.4659694695116809
specific,d1_only,0.28507757942655576,0.4656801270796756
specific,d1_only,0.2875563076483066,0.4647326978864484
specific,d1_only,0.29003503587005747,0.464541046922508
specific,d1_only,0.2925137640918083,0.464841522040251
specific,d1_only,0.2949924923135591,0.46392502221863136
specific,d1_only,0.29747122053530994,0.46358464866597227
specific,d1_only,0.2999499487570608,0.4634088200238379
specific,d1_only,0.30242867697881165,0.4630782567578217
specific,d1_only,0.3049074052005625,0.4624403970921598
specific,d1_only,0.3073861334223133,0.4627432736295262
specific,d1_only,0.3098648616440642,0.46142604415044997
specific,d1_only,0.312343589865815,0.4611980160244182
specific,d1_only,0.31482231808756583,0.46074646074646075
specific,d1_only,0.31730104630931666,0.4605273041388117
specific,d1_only,0.31977977453106754,0.4603115450547812
specific,d1_only,0.32225850275281837,0.4603949412025738
specific,d1_only,0.3247372309745692,0.4593761467889908
specific,d1_only,0.32721595919632,0.4593196882511472
specific,d1_only,0.3296946874180709,0.4587580423624666
specific,d1_only,0.3321734156398217,0.4582047786467676
specific,d1_only,0.33465214386157255,0.4578733708425326
specific,d1_only,0.33713087208332343,0.4573347472605161
specific,d1_only,0.33960960030507426,0.4570847076987859
specific,d1_only,0.3420883285268251,0.4568382916463457
specific,d1_only,0.3445670567485759,0.4569412741232621
specific,d1_only,0.3470457849703268,0.45656204930980016
specific,d1_only,0.3495245131920776,0.45577906580293215
specific,d1_only,0.35200324141382844,0.45561649400771886
specific,d1_only,0.35448196963557926,0.4553217239292678
specific,d1_only,0.35696069785733014,0.45529812378981105
specific,d1_only,0.35943942607908097,0.45507592334725816
specific,d1_only,0.3619181543008318,0.45446163977609483
specific,d1_only,0.3643968825225826,0.4545097782719602
specific,d1_only,0.3668756107443335,0.45390762034691096
specific,d1_only,0.36935433896608433,0.4536361876492224
specific,d1_only,0.37183306718783515,0.4529837830908275
specific,d1_only,0.374311795409586,0.4525947150588984
specific,d1_only,0.37679052363133686,0.452337276235056
specific,d1_only,0.3792692518530877,0.45176899390435493
specific,d1_only,0.3817479800748385,0.45114565773865267
specific,d1_only,0.3842267082965894,0.45146082749209104
specific,d1_only,0.3867054365183402,0.4512788906009245
specific,d1_only,0.38918416474009104,0.45085430828587175
specific,d1_only,0.39166289296184187,0.45073936591005903
specific,d1_only,0.39414162118359275,0.4501421055814235
specific,d1_only,0.3966203494053436,0.44931194038819783
specific,d1_only,0.3990990776270944,0.44873096446700506
specific,d1_only,0.4015778058488452,0.44815716066235384
specific,d1_only,0.4040565340705961,0.4477673568100041
specific,d1_only,0.40653526229234693,0.44691329073107816
specific,d1_only,0.40901399051409776,0.44641920633995685
specific,d1_only,0.4114927187358486,0.44604691572545613
specific,d1_only,0.41397144695759946,0.44579423110138755
specific,d1_only,0.4164501751793503,0.44537286098552054
specific,d1_only,0.4189289034011011,0.4447857996245093
specific,d1_only,0.42140763162285194,0.4443753181381144
specific,d1_only,0.4238863598446028,0.44391341017711555
specific,d1_only,0.42636508806635365,0.44379227458214543
specific,d1_only,0.4288438162881045,0.4431167676318568
specific,d1_only,0.43132254450985535,0.44250428247775875
specific,d1_only,0.4338012727316062,0.4418987967694083
specific,d1_only,0.436280000953357,0.4416826003824092
specific,d1_only,0.43875872917510783,0.4415231680156445
specific,d1_only,0.4412374573968587,0.4409333981526495
specific,d1_only,0.44371618561860954,0.44045764623731
specific,d1_only,0.44619491384036036,0.44062817157203144
specific,d1_only,0.4486736420621112,0.4398406374501992
specific,d1_only,0.45115237028386207,0.4398013629880078
specific,d1_only,0.4536310985056129,0.4393421951347659
specific,d1_only,0.4561098267273637,0.4393583111250457
specific,d1_only,0.45858855494911455,0.43916636349462085
specific,d1_only,0.4610672831708654,0.4389764797105195
specific,d1_only,0.46354601139261625,0.4388914597151525
specific,d1_only,0.4660247396143671,0.43860277195315295
specific,d1_only,0.4685034678361179,0.43831713893269575
specific,d1_only,0.4709821960578688,0.43813572187642325
specific,d1_only,0.4734609242796196,0.437654165617921
specific,d1_only,0.47593965250137044,0.43742801342080223
specific,d1_only,0.4784183807231213,0.4368056593433966
specific,d1_only,0.48089710894487214,0.4364870892600486
specific,d1_only,0.48337583716662297,0.4358266357674671
specific,d1_only,0.4858545653883738,0.43561442236938924
specific,d1_only,0.4883332936101247,0.4350627165796281
specific,d1_only,0.4908120218318755,0.43432234254358276
specific,d1_only,0.4932907500536263,0.43387930617963955
specific,d1_only,0.49576947827537715,0.4336810730253353
specific,d1_only,0.49824820649712803,0.43300645778521885
specific,d1_only,0.5007269347188789,0.4326717121233757
specific,d1_only,0.5032056629406297,0.4328612703073936
specific,d1_only,0.5056843911623805,0.4327190460479804
specific,d1_only,0.5081631193841314,0.4321091881243844
specific,d1_only,0.5106418476058822,0.4316452742123687
specific,d1_only,0.513120575827633,0.43169678108597703
specific,d1_only,0.5155993040493839,0.4311006332917302
specific,d1_only,0.5180780322711347,0.43092423057459633
specific,d1_only,0.5205567604928856,0.4306121514582666
specific,d1_only,0.5230354887146365,0.4304397357028936
specific,d1_only,0.5255142169363872,0.4302235929067078
specific,d1_only,0.5279929451581381,0.42960321401164625
specific,d1_only,0.530471673379889,0.4296176483802849
specific,d1_only,0.5329504016016398,0.42918474129063994
specific,d1_only,0.5354291298233906,0.429111951925217
specific,d1_only,0.5379078580451414,0.4287296734458771
specific,d1_only,0.5403865862668923,0.4287037445419662
specific,d1_only,0.5428653144886432,0.4284585327303859
specific,d1_only,0.5453440427103939,0.42812814125256765
specific,d1_only,0.5478227709321448,0.4277137263432674
specific,d1_only,0.5503014991538957,0.42756290874442376
specific,d1_only,0.5527802273756465,0.42698227913594616
specific,d1_only,0.5552589555973974,0.4264497574795038
specific,d1_only,0.5577376838191481,0.4264347677449682
specific,d1_only,0.560216412040899,0.42607955754094873
specific,d1_only,0.5626951402626499,0.4254733364394934
specific,d1_only,0.5651738684844007,0.4252098005313541
specific,d1_only,0.5676525967061515,0.4249065793340891
specific,d1_only,0.5701313249279024,0.4247314075498516
specific,d1_only,0.5726100531496532,0.424474505723205
specific,d1_only,0.5750887813714041,0.4242612623813668
specific,d1_only,0.577567509593155,0.4242149135476416
specific,d1_only,0.5800462378149057,0.423922422648642
specific,d1_only,0.5825249660366566,0.4238779100691461
specific,d1_only,0.5850036942584074,0.42354858423304137
specific,d1_only,0.5874824224801583,0.42314089821088074
specific,d1_only,0.5899611507019091,0.4228578354138892
specific,d1_only,0.5924398789236599,0.42261737136420324
specific,d1_only,0.5949186071454108,0.4221385361163415
specific,d1_only,0.5973973353671617,0.42206263714342707
specific,d1_only,0.5998760635889124,0.42190790257856886
specific,d1_only,0.6023547918106633,0.4216357377438373
specific,d1_only,0.6048335200324141,0.42160223824723175
specific,d1_only,0.607312248254165,0.4213335426396138
specific,d1_only,0.6097909764759158,0.4211842876685558
specific,d1_only,0.6122697046976666,0.4210362411927284
specific,d1_only,0.6147484329194175,0.42088938859380454
specific,d1_only,0.6172271611411684,0.42031895586361356
specific,d1_only,0.6197058893629191,0.420137687012038
specific,d1_only,0.62218461758467,0.4196131009385175
specific,d1_only,0.6246633458064209,0.4193597619138464
specific,d1_only,0.6271420740281717,0.41884239729411316
specific,d1_only,0.6296208022499226,0.4182533974334709
specific,d1_only,0.6320995304716733,0.417932958787376
specific,d1_only,0.6345782586934242,0.41780281690140847
specific,d1_only,0.6370569869151751,0.4174866250140297
specific,d1_only,0.6395357151369259,0.41717288413520665
specific,d1_only,0.6420144433586767,0.4167501948992093
specific,d1_only,0.6444931715804276,0.41670056580747755
specific,d1_only,0.6469718998021784,0.4162092466384233
specific,d1_only,0.6494506280239293,0.41557488348196264
specific,d1_only,0.65192935624568,0.4152378166928673
specific,d1_only,0.6544080844674309,0.4151218268565393
specific,d1_only,0.6568868126891818,0.4148978629222452
specific,d1_only,0.6593655409109326,0.4147840231339237
specific,d1_only,0.6618442691326835,0.4145990132881991
specific,d1_only,0.6643229973544343,0.4143795070498332
specific,d1_only,0.6668017255761851,0.4142331200629088
specific,d1_only,0.669280453797936,0.4138741497809907
specific,d1_only,0.6717591820196869,0.41362426822778076
specific,d1_only,0.6742379102414376,0.4133762239739828
specific,d1_only,0.6767166384631885,0.413024336984468
specific,d1_only,0.6791953666849393,0.41288556690177913
specific,d1_only,0.6816740949066902,0.4123981678962274
specific,d1_only,0.6841528231284411,0.41219299773558615
specific,d1_only,0.6866315513501918,0.4121628657711132
specific,d1_only,0.6891102795719427,0.412202123612216
specific,d1_only,0.6915890077936936,0.4115518489161526
specific,d1_only,0.6940677360154444,0.41138697160125
specific,d1_only,0.6965464642371952,0.41115483319076135
specific,d1_only,0.699025192458946,0.41099253298782773
specific,d1_only,0.7015039206806969,0.410559575986138
specific,d1_only,0.7039826489024478,0.41026509124149374
specific,d1_only,0.7064613771241985,0.4100738841469586
specific,d1_only,0.7089401053459494,0.4097831568330812
specific,d1_only,0.7114188335677003,0.4095614593453717
specific,d1_only,0.7138975617894511,0.40950822955964344
specific,d1_only,0.716376290011202,0.4092890175333533
specific,d1_only,0.7188550182329528,0.40907131726401647
specific,d1_only,0.7213337464547036,0.40898727903518917
specific,d1_only,0.7238124746764545,0.4085745332411341
specific,d1_only,0.7262912028982053,0.40826305253831263
specific,d1_only,0.7287699311199561,0.4082153252444648
specific,d1_only,0.731248659341707,0.4082982953619504
specific,d1_only,0.7337273875634578,0.4080883547182069
specific,d1_only,0.7362061157852087,0.4080740716760012
specific,d1_only,0.7386848440069596,0.40789855773884426
specific,d1_only,0.7411635722287103,0.40762774544168245
specific,d1_only,0.7436423004504612,0.40732668824717155
specific,d1_only,0.746121028672212,0.40709151892668904
specific,d1_only,0.7485997568939629,0.40717628705148207
specific,d1_only,0.7510784851157137,0.40719702979722655
specific,d1_only,0.7535572133374645,0.40661669355093777
specific,d1_only,0.7560359415592154,0.40651303552851425
specific,d1_only,0.7585146697809663,0.40615868028279656
specific,d1_only,0.760993398002717,0.40593191142848195
specific,d1_only,0.7634721262244679,0.4058002684731371
specific,d1_only,0.7659508544462188,0.4054516600802813
specific,d1_only,0.7684295826679696,0.4050742842963928
specific,d1_only,0.7709083108897204,0.4048539186891328
specific,d1_only,0.7733870391114712,0.40451169527566333
specific,d1_only,0.7758657673332221,0.40438669247074005
specific,d1_only,0.778344495554973,0.4039256514682916
specific,d1_only,0.7808232237767238,0.40398644730014344
specific,d1_only,0.7833019519984746,0.4035904457629697
specific,d1_only,0.7857806802202255,0.4035002578179502
specific,d1_only,0.7882594084419763,0.4031082756326913
specific,d1_only,0.7907381366637272,0.4027187509419176
specific,d1_only,0.7932168648854779,0.40230161353324717
specific,d1_only,0.7956955931072288,0.4023064250411862
specific,d1_only,0.7981743213289797,0.40204246170384306
specific,d1_only,0.8006530495507305,0.40183966897865625
specific,d1_only,0.8031317777724813,0.40143039439712735
specific,d1_only,0.8056105059942322,0.4010532232774178
specific,d1_only,0.808089234215983,0.4006193776729096
specific,d1_only,0.8105679624377339,0.4003646093681084
specific,d1_only,0.8130466906594848,0.4000820801453991
specific,d1_only,0.8155254188812355,0.39977204313645265
specific,d1_only,0.8180041471029864,0.3993473383642668
specific,d1_only,0.8204828753247372,0.3990704429920116
specific,d1_only,0.8229616035464881,0.39853456514813634
specific,d1_only,0.8254403317682389,0.39852164120925127
specific,d1_only,0.8279190599899897,0.3983360681693871
specific,d1_only,0.8303977882117406,0.3981516029964697
specific,d1_only,0.8328765164334915,0.39773930462154816
specific,d1_only,0.8353552446552422,0.3976432993808668
specific,d1_only,0.8378339728769931,0.3972633914601883
specific,d1_only,0.8403127010987439,0.39697081430637887
specific,d1_only,0.8427914293204948,0.39684963660529965
specific,d1_only,0.8452701575422457,0.3966727759763147
specific,d1_only,0.8477488857639964,0.3963563777446653
specific,d1_only,0.8502276139857473,0.3960698567544081
specific,d1_only,0.8527063422074982,0.39581295245548814
specific,d1_only,0.855185070429249,0.395418187898888
specific,d1_only,0.8576637986509998,0.3951368625816312
specific,d1_only,0.8601425268727507,0.39499570506248444
specific,d1_only,0.8626212550945015,0.394689580858177
specific,d1_only,0.8650999833162524,0.3943852108989724
specific,d1_only,0.8675787115380031,0.3941649954671575
specific,d1_only,0.870057439759754,0.39411039583618684
specific,d1_only,0.8725361679815049,0.3939741593597203
specific,d1_only,0.8750148962032557,0.3938386947402827
specific,d1_only,0.8774936244250066,0.3935681886085232
specific,d1_only,0.8799723526467574,0.393190866986268
specific,d1_only,0.8824510808685082,0.39292370020256584
specific,d1_only,0.8849298090902591,0.3926310969861833
specific,d1_only,0.8874085373120099,0.3922864125909811
specific,d1_only,0.8898872655337607,0.3921311299783057
specific,d1_only,0.8923659937555116,0.3918698752704255
specific,d1_only,0.8948447219772624,0.3914236249833533
specific,d1_only,0.8973234501990133,0.39105952349331985
specific,d1_only,0.8998021784207642,0.39061796413530053
specific,d1_only,0.9022809066425149,0.3902580764455715
specific,d1_only,0.9047596348642658,0.390084560469956
specific,d1_only,0.9072383630860167,0.38972809667673713
specific,d1_only,0.9097170913077675,0.3892425790563022
specific,d1_only,0.9121958195295183,0.3890993650876597
specific,d1_only,0.9146745477512691,0.38867029731349506
specific,d1_only,0.91715327597302,0.38850341727086096
specific,d1_only,0.9196320041947709,0.38820785279253595
specific,d1_only,0.9221107324165216,0.38775879448938977
specific,d1_only,0.9245894606382725,0.38713169901786404
specific,d1_only,0.9270681888600234,0.386919299688922
specific,d1_only,0.9295469170817742,0.3865798312863773
specific,d1_only,0.932025645303525,0.3862933128755914
specific,d1_only,0.9345043735252759,0.38588079267515113
specific,d1_only,0.9369831017470267,0.3855467657009132
specific,d1_only,0.9394618299687776,0.38531598041454196
specific,d1_only,0.9419405581905284,0.38493459173603906
specific,d1_only,0.9444192864122792,0.3846056782334385
specific,d1_only,0.9468980146340301,0.3842281456870296
specific,d1_only,0.9493767428557809,0.3836768508523084
specific,d1_only,0.9518554710775318,0.38342890051831635
specific,d1_only,0.9543341992992826,0.3828325965884968
specific,d1_only,0.9568129275210334,0.3824635695603438
specific,d1_only,0.9592916557427843,0.38217098561454943
specific,d1_only,0.9617703839645351,0.3816320967462147
specific,d1_only,0.964249112186286,0.38141730726450307
specific,d1_only,0.9667278404080368,0.38095707699514314
specific,d1_only,0.9692065686297876,0.38062215664576415
specific,d1_only,0.9716852968515385,0.3801908312688562
specific,d1_only,0.9741640250732894,0.379663836762655
specific,d1_only,0.9766427532950401,0.3793103448275862
specific,d1_only,0.979121481516791,0.37886127406830405
specific,d1_only,0.9816002097385419,0.3784144712880903
specific,d1_only,0.9840789379602927,0.3778488217200707
specific,d1_only,0.9865576661820435,0.37735849056603776
specific,d1_only,0.9890363944037943,0.37682242089789625
specific,d1_only,0.9915151226255452,0.37631306939737025
specific,d1_only,0.9939938508472961,0.3757583023618271
specific,d1_only,0.9964725790690468,0.37527805018058313
specific,d1_only,0.9989513072907977,0.3745615918688712
L1,calibrated,2.3833925209142695e-5,1
L1,calibrated,0.0025025621469599827,1
L1,calibrated,0.004981290368710823,1
L1,calibrated,0.007460018590461663,1
L1,calibrated,0.009938746812212504,1
L1,calibrated,0.012417475033963343,1
L1,calibrated,0.014896203255714184,1
L1,calibrated,0.017374931477465022,1
L1,calibrated,0.019853659699215865,1
L1,calibrated,0.022332387920966704,1
L1,calibrated,0.024811116142717544,1
L1,calibrated,0.027289844364468383,1
L1,calibrated,0.029768572586219226,1
L1,calibrated,0.032247300807970065,1
L1,calibrated,0.034726029029720905,1
L1,calibrated,0.037204757251471744,1
L1,calibrated,0.039683485473222584,1
L1,calibrated,0.04216221369497342,1
L1,calibrated,0.04464094191672426,1
L1,calibrated,0.04711967013847511,0.9994941831057157
L1,calibrated,0.04959839836022595,0.9990389235944258
L1,calibrated,0.05207712658197679,0.9990846681922196
L1,calibrated,0.05455585480372763,0.9986893840104849
L1,calibrated,0.057034583025478466,0.9987463435018805
L1,calibrated,0.059513311247229306,0.9987985582699239
L1,calibrated,0.061992039468980145,0.9988465974625144
L1,calibrated,0.06447076769073098,0.9985212569316081
L1,calibrated,0.06694949591248182,0.9982200071199715
L1,calibrated,0.06942822413423266,0.9982835564709921
L1,calibrated,0.0719069523559835,0.998342724560822
L1,calibrated,0.07438568057773434,0.9983979493752002
L1,calibrated,0.07686440879948518,0.998139534883721
L1,calibrated,0.07934313702123602,0.9978972664463803
L1,calibrated,0.08182186524298687,0.9976696766676376
L1,calibrated,0.08430059346473771,0.9974554707379135
L1,calibrated,0.08677932168648855,0.9972535017852239
L1,calibrated,0.08925804990823939,0.9973297730307076
L1,calibrated,0.09173677812999023,0.9974019225772928
L1,calibrated,0.09421550635174107,0.9964583860359221
L1,calibrated,0.09669423457349191,0.9963026867143209
L1,calibrated,0.09917296279524275,0.9959144436433549
L1,calibrated,0.10165169101699359,0.9955451348182884
L1,calibrated,0.10413041923874443,0.9949645227740902
L1,calibrated,0.10660914746049527,0.9948580371115583
L1,calibrated,0.10908787568224611,0.994537906925934
L1,calibrated,0.11156660390399695,0.9944456312753686
L1,calibrated,0.11404533212574779,0.9943573667711598
L1,calibrated,0.11652406034749863,0.9938637758232768
L1,calibrated,0.11900278856924947,0.9931904666533147
L1,calibrated,0.1214815167910003,0.9923484402589758
L1,calibrated,0.12396024501275114,0.9919246298788694
L1,calibrated,0.12643897323450198,0.9911404335532517
L1,calibrated,0.12891770145625284,0.9911259012756517
L1,calibrated,0.13139642967800366,0.9900235806276074
L1,calibrated,0.13387515789975452,0.9894961723339861
L1,calibrated,0.13635388612150534,0.9888131445551477
L1,calibrated,0.1388326143432562,0.9890128755364807
L1,calibrated,0.14131134256500702,0.9883622870635858
L1,calibrated,0.14379007078675787,0.9878998839714901
L1,calibrated,0.1462687990085087,0.9872902069415024
L1,calibrated,0.14874752723025955,0.9865406184906265
L1,calibrated,0.1512262554520104,0.9850275807722616
L1,calibrated,0.15370498367376123,0.9843386571561482
L1,calibrated,0.15618371189551208,0.9838242026552724
L1,calibrated,0.1586624401172629,0.9828751689950428
L1,calibrated,0.16114116833901376,0.981511610708475
L1,calibrated,0.1636198965607646,0.9810633648943918
L1,calibrated,0.16609862478251544,0.9804850050222413
L1,calibrated,0.16857735300426627,0.9804891842216881
L1,calibrated,0.17105608122601712,0.9793785704333287
L1,calibrated,0.17353480944776795,0.9785743716522456
L1,calibrated,0.1760135376695188,0.9773865944482059
L1,calibrated,0.17849226589126962,0.9764988650020029
L1,calibrated,0.18097099411302048,0.975635453707362
L1,calibrated,0.1834497223347713,0.9746654540730154
L1,calibrated,0.18592845055652216,0.9735931290860146
L1,calibrated,0.18840717877827298,0.9730550284629981
L1,calibrated,0.19088590700002384,0.9727806218004744
L1,calibrated,0.19336463522177466,0.9721434734376926
L1,calibrated,0.19584336344352551,0.9707922599488864
L1,calibrated,0.19832209166527637,0.9700757120538397
L1,calibrated,0.2008008198870272,0.9691394658753709
L1,calibrated,0.20327954810877805,0.9678743111736429
L1,calibrated,0.20575827633052887,0.9665238040078767
L1,calibrated,0.20823700455227973,0.9652054480943115
L1,calibrated,0.21071573277403055,0.9639181088112204
L1,calibrated,0.2131944609957814,0.9621017328116266
L1,calibrated,0.21567318921753223,0.9612111835561941
L1,calibrated,0.21815191743928308,0.9605593794384355
L1,calibrated,0.2206306456610339,0.9597061683050664
L1,calibrated,0.22310937388278476,0.9589787415874372
L1,calibrated,0.2255881021045356,0.9574220813523507
L1,calibrated,0.22806683032628644,0.9564217786602571
L1,calibrated,0.23054555854803727,0.9551328439987594
L1,calibrated,0.23302428676978812,0.9540758924005318
L1,calibrated,0.23550301499153894,0.953041190162939
L1,calibrated,0.2379817432132898,0.9517275913870806
L1,calibrated,0.24046047143504062,0.9506393101397562
L1,calibrated,0.24293919965679148,0.9490827038163445
L1,calibrated,0.24541792787854233,0.9478488880256385
L1,calibrated,0.24789665610029316,0.9466397461782521
L1,calibrated,0.250375384322044,0.9458353165159448
L1,calibrated,0.25285411254379486,0.9441040625883683
L1,calibrated,0.2553328407655457,0.9430598338467283
L1,calibrated,0.2578115689872965,0.9418507904224831
L1,calibrated,0.26029029720904734,0.9405732075817232
L1,calibrated,0.2627690254307982,0.9400453514739229
L1,calibrated,0.26524775365254905,0.9386288076197322
L1,calibrated,0.26772648187429987,0.9370604468975341
L1,calibrated,0.2702052100960507,0.9356090676545823
L1,calibrated,0.2726839383178016,0.9335722401887947
L1,calibrated,0.2751626665395524,0.9320051970550022
L1,calibrated,0.27764139476130323,0.9309812001030131
L1,calibrated,0.28012012298305405,0.9297200714711138
L1,calibrated,0.28259885120480494,0.928987096230075
L1,calibrated,0.28507757942655576,0.927932447119806
L1,calibrated,0.2875563076483066,0.9266473269788645
L1,calibrated,0.29003503587005747,0.9250554688142
L1,calibrated,0.2925137640918083,0.9239794671229529
L1,calibrated,0.2949924923135591,0.92267916296356145
L1,calibrated,0.29747122053530994,0.9211601634484416
L1,calibrated,0.2999499487570608,0.919745729042511
L1,calibrated,0.30242867697881165,0.9186697139254473
L1,calibrated,0.3049074052005625,0.917689361369499
L1,calibrated,0.3073861334223133,0.9159494456075056
L1,calibrated,0.3098648616440642,0.9147757864779632
L1,calibrated,0.312343589865815,0.9134681419305608
L1,calibrated,0.31482231808756583,0.912105382693618
L1,calibrated,0.31730104630931666,0.911364831367836
L1,calibrated,0.31977977453106754,0.9103376313631959
L1,calibrated,0.32225850275281837,0.9087345610531765
L1,calibrated,0.3247372309745692,0.906862385321101
L1,calibrated,0.32721595919632,0.905382766406876
L1,calibrated,0.3296946874180709,0.9039253957926697
L1,calibrated,0.3321734156398217,0.9024897754179522
L1,calibrated,0.33465214386157255,0.9009329819813403
L1,calibrated,0.33713087208332343,0.8996818663838813
L1,calibrated,0.33960960030507426,0.898870096147098
L1,calibrated,0.3420883285268251,0.8971643558837874
L1,calibrated,0.3445670567485759,0.8961748633879781
L1,calibrated,0.3470457849703268,0.8941006798983586
L1,calibrated,0.3495245131920776,0.8926696215479032
L1,calibrated,0.35200324141382844,0.8910555894102512
L1,calibrated,0.35448196963557926,0.8897330733544005
L1,calibrated,0.35696069785733014,0.8879615410295787
L1,calibrated,0.35943942607908097,0.8868775280153836
L1,calibrated,0.3619181543008318,0.8855449456700691
L1,calibrated,0.3643968825225826,0.8842304925109555
L1,calibrated,0.3668756107443335,0.8832586240498929
L1,calibrated,0.36935433896608433,0.8813963993030909
L1,calibrated,0.37183306718783515,0.880199987180309
L1,calibrated,0.374311795409586,0.8790194205666985
L1,calibrated,0.37679052363133686,0.8776013663103296
L1,calibrated,0.3792692518530877,0.876076164142525
L1,calibrated,0.3817479800748385,0.8748829368795654
L1,calibrated,0.3842267082965894,0.873643074250977
L1,calibrated,0.3867054365183402,0.8721725731895223
L1,calibrated,0.38918416474009104,0.8710882479025047
L1,calibrated,0.39166289296184187,0.8697133816101746
L1,calibrated,0.39414162118359275,0.8684162786478805
L1,calibrated,0.3966203494053436,0.86683492578571
L1,calibrated,0.3990990776270944,0.8656315318005374
L1,calibrated,0.4015778058488452,0.8638494866164164
L1,calibrated,0.4040565340705961,0.8624432253878369
L1,calibrated,0.40653526229234693,0.8610541126810107
L1,calibrated,0.40901399051409776,0.8596235650603111
L1,calibrated,0.4114927187358486,0.8575152041702867
L1,calibrated,0.41397144695759946,0.856295699234268
L1,calibrated,0.4164501751793503,0.854747324443427
L1,calibrated,0.4189289034011011,0.8533310576321329
L1,calibrated,0.42140763162285194,0.8516486624059725
L1,calibrated,0.4238863598446028,0.849761034579702
L1,calibrated,0.42636508806635365,0.8482866566046173
L1,calibrated,0.4288438162881045,0.8472183626966042
L1,calibrated,0.43132254450985535,0.8456097695750677
L1,calibrated,0.4338012727316062,0.8440745014010219
L1,calibrated,0.436280000953357,0.8423381589729582
L1,calibrated,0.43875872917510783,0.8410016839589332
L1,calibrated,0.4412374573968587,0.8400583373845406
L1,calibrated,0.44371618561860954,0.838319815222646
L1,calibrated,0.44619491384036036,0.8364937770418247
L1,calibrated,0.4486736420621112,0.8349535192563081
L1,calibrated,0.45115237028386207,0.8336943314490992
L1,calibrated,0.4536310985056129,0.8325014448589292
L1,calibrated,0.4561098267273637,0.8312170141610493
L1,calibrated,0.45858855494911455,0.8297385790759316
L1,calibrated,0.4610672831708654,0.8283277332644094
L1,calibrated,0.46354601139261625,0.8265206437348964
L1,calibrated,0.4660247396143671,0.82457934843758
L1,calibrated,0.4685034678361179,0.8226585949025792
L1,calibrated,0.4709821960578688,0.8210110824350995
L1,calibrated,0.4734609242796196,0.81963251950667
L1,calibrated,0.47593965250137044,0.8181180830286945
L1,calibrated,0.4784183807231213,0.8165695212474469
L1,calibrated,0.48089710894487214,0.8151360459929623
L1,calibrated,0.48337583716662297,0.8136186578571076
L1,calibrated,0.4858545653883738,0.8126073092960511
L1,calibrated,0.4883332936101247,0.8110693542876666
L1,calibrated,0.4908120218318755,0.8096926139950469
L1,calibrated,0.4932907500536263,0.8081847610764845
L1,calibrated,0.49576947827537715,0.8066919859622134
L1,calibrated,0.49824820649712803,0.8051183927290122
L1,calibrated,0.5007269347188789,0.8037031748298349
L1,calibrated,0.5032056629406297,0.8024913560365652
L1,calibrated,0.5056843911623805,0.8013385492765236
L1,calibrated,0.5081631193841314,0.7999155761924863
L1,calibrated,0.5106418476058822,0.7985997666277713
L1,calibrated,0.513120575827633,0.79669283292303406
L1,calibrated,0.5155993040493839,0.795174039661628
L1,calibrated,0.5180780322711347,0.7938998021806137
L1,calibrated,0.5205567604928856,0.7929581978847122
L1,calibrated,0.5230354887146365,0.7917976760082023
L1,calibrated,0.5255142169363872,0.7902399201777859
L1,calibrated,0.5279929451581381,0.7890579154064912
L1,calibrated,0.530471673379889,0.7877521678573033
L1,calibrated,0.5329504016016398,0.7863244040964179
L1,calibrated,0.5354291298233906,0.7848208324059648
L1,calibrated,0.5379078580451414,0.7833754264699366
L1,calibrated,0.5403865862668923,0.7822520178185507
L1,calibrated,0.5428653144886432,0.7808315405891908
L1,calibrated,0.5453440427103939,0.7790743411564179
L1,calibrated,0.5478227709321448,0.7779421361757668
L1,calibrated,0.5503014991538957,0.7765169561262939
L1,calibrated,0.5527802273756465,0.774630276376493
L1,calibrated,0.5552589555973974,0.7732326050564451
L1,calibrated,0.5577376838191481,0.7720182898166745
L1,calibrated,0.560216412040899,0.7704743671559243
L1,calibrated,0.5626951402626499,0.769071116946927
L1,calibrated,0.5651738684844007,0.7678910302365791
L1,calibrated,0.5676525967061515,0.7667632363437881
L1,calibrated,0.5701313249279024,0.7656452489444421
L1,calibrated,0.5726100531496532,0.7644536940686785
L1,calibrated,0.5750887813714041,0.7631480790749721
L1,calibrated,0.577567509593155,0.7617298724879297
L1,calibrated,0.5800462378149057,0.76044705592308
L1,calibrated,0.5825249660366566,0.7592160713555092
L1,calibrated,0.5850036942584074,0.7578325524546751
L1,calibrated,0.5874824224801583,0.7567446955251734
L1,calibrated,0.5899611507019091,0.7555043833070739
L1,calibrated,0.5924398789236599,0.7542342197368951
L1,calibrated,0.5949186071454108,0.7527743279516045
L1,calibrated,0.5973973353671617,0.7515659285856773
L1,calibrated,0.5998760635889124,0.7501688585164289
L1,calibrated,0.6023547918106633,0.7487437185929648
L1,calibrated,0.6048335200324141,0.7470150135949876
L1,calibrated,0.607312248254165,0.7457321141242494
L1,calibrated,0.6097909764759158,0.7443033027164354
L1,calibrated,0.6122697046976666,0.7429249873486706
L1,calibrated,0.6147484329194175,0.7416353274144147
L1,calibrated,0.6172271611411684,0.7405877128624937
L1,calibrated,0.6197058893629191,0.7392407984308296
L1,calibrated,0.62218461758467,0.7377896954606398
L1,calibrated,0.6246633458064209,0.7364645732382006
L1,calibrated,0.6271420740281717,0.7352639379774256
L1,calibrated,0.6296208022499226,0.7337320664723473
L1,calibrated,0.6320995304716733,0.7324761509746993
L1,calibrated,0.6345782586934242,0.7309295774647887
L1,calibrated,0.6370569869151751,0.7293576265479442
L1,calibrated,0.6395357151369259,0.72820780382365
L1,calibrated,0.6420144433586767,0.7272896016631399
L1,calibrated,0.6444931715804276,0.7261195961687807
L1,calibrated,0.6469718998021784,0.7249217167065758
L1,calibrated,0.6494506280239293,0.7237329810268267
L1,calibrated,0.65192935624568,0.7220414579753592
L1,calibrated,0.6544080844674309,0.7207997960447244
L1,calibrated,0.6568868126891818,0.7197126374224447
L1,calibrated,0.6593655409109326,0.7180914512922465
L1,calibrated,0.6618442691326835,0.7166624653390471
L1,calibrated,0.6643229973544343,0.7157822982814911
L1,calibrated,0.6668017255761851,0.7147657003967545
L1,calibrated,0.669280453797936,0.7135785762615291
L1,calibrated,0.6717591820196869,0.7125066524747206
L1,calibrated,0.6742379102414376,0.7111951641980983
L1,calibrated,0.6767166384631885,0.7101398231958581
L1,calibrated,0.6791953666849393,0.7087412710109836
L1,calibrated,0.6816740949066902,0.7076675640711864
L1,calibrated,0.6841528231284411,0.7064622887998606
L1,calibrated,0.6866315513501918,0.7052310042000763
L1,calibrated,0.6891102795719427,0.7041469235292083
L1,calibrated,0.6915890077936936,0.7032429265602922
L1,calibrated,0.6940677360154444,0.7021050101301466
L1,calibrated,0.6965464642371952,0.7011462788708298
L1,calibrated,0.699025192458946,0.7001602509461625
L1,calibrated,0.7015039206806969,0.6988414364828593
L1,calibrated,0.7039826489024478,0.6978027558655246
L1,calibrated,0.7064613771241985,0.6965352046152289
L1,calibrated,0.7089401053459494,0.695276517061691
L1,calibrated,0.7114188335677003,0.6942276123153205
L1,calibrated,0.7138975617894511,0.6929189062865155
L1,calibrated,0.716376290011202,0.6916857969857271
L1,calibrated,0.7188550182329528,0.6904943470044097
L1,calibrated,0.7213337464547036,0.6892119610110689
L1,calibrated,0.7238124746764545,0.6882676413447923
L1,calibrated,0.7262912028982053,0.6872969513995997
L1,calibrated,0.7287699311199561,0.6862347516106878
L1,calibrated,0.731248659341707,0.6850819725563052
L1,calibrated,0.7337273875634578,0.683936982296573
L1,calibrated,0.7362061157852087,0.6829939460649422
L1,calibrated,0.7386848440069596,0.6817991159294035
L1,calibrated,0.7411635722287103,0.6809016946972377
L1,calibrated,0.7436423004504612,0.6796256530239415
L1,calibrated,0.746121028672212,0.678453921098866
L1,calibrated,0.7485997568939629,0.6773536247572352
L1,calibrated,0.7510784851157137,0.6761971249960333
L1,calibrated,0.7535572133374645,0.675301261979315
L1,calibrated,0.7560359415592154,0.673875350714038
L1,calibrated,0.7585146697809663,0.6727101335428123
L1,calibrated,0.760993398002717,0.6715211876350653
L1,calibrated,0.7634721262244679,0.6703399619142759
L1,calibrated,0.7659508544462188,0.6693841988984659
L1,calibrated,0.7684295826679696,0.6683415526813684
L1,calibrated,0.7709083108897204,0.6673365280568867
L1,calibrated,0.7733870391114712,0.6662146753366822
L1,calibrated,0.7758657673332221,0.6654071821337512
L1,calibrated,0.778344495554973,0.6643904828980004
L1,calibrated,0.7808232237767238,0.6632581423033485
L1,calibrated,0.7833019519984746,0.6623763882549825
L1,calibrated,0.7857806802202255,0.6614092025842458
L1,calibrated,0.7882594084419763,0.6605388080911923
L1,calibrated,0.7907381366637272,0.65940259818549
L1,calibrated,0.7932168648854779,0.658063159159881
L1,calibrated,0.7956955931072288,0.657061554590385
L1,calibrated,0.7981743213289797,0.6561557526351937
L1,calibrated,0.8006530495507305,0.6550471824487244
L1,calibrated,0.8031317777724813,0.6541531887111612
L1,calibrated,0.8056105059942322,0.6532351113872371
L1,calibrated,0.808089234215983,0.6522046895738092
L1,calibrated,0.8105679624377339,0.6512981857743538
L1,calibrated,0.8130466906594848,0.6500747515609885
L1,calibrated,0.8155254188812355,0.6493555834818949
L1,calibrated,0.8180041471029864,0.6482037236677253
L1,calibrated,0.8204828753247372,0.6472040668119099
L1,calibrated,0.8229616035464881,0.6463262764632628
L1,calibrated,0.8254403317682389,0.6452516386105738
L1,calibrated,0.8279190599899897,0.644269798773642
L1,calibrated,0.8303977882117406,0.6431790132315376
L1,calibrated,0.8328765164334915,0.6422950350550866
L1,calibrated,0.8353552446552422,0.6412451139832805
L1,calibrated,0.8378339728769931,0.6402867465081217
L1,calibrated,0.8403127010987439,0.6391638539864424
L1,calibrated,0.8427914293204948,0.6381606855009756
L1,calibrated,0.8452701575422457,0.6370788100944593
L1,calibrated,0.8477488857639964,0.6362000618516124
L1,calibrated,0.8502276139857473,0.6352984049561293
L1,calibrated,0.8527063422074982,0.6341783827598737
L1,calibrated,0.855185070429249,0.6332042027814163
L1,calibrated,0.8576637986509998,0.6322356537446158
L1,calibrated,0.8601425268727507,0.6312449776940342
L1,calibrated,0.8626212550945015,0.6302047357223772
L1,calibrated,0.8650999833162524,0.629390858748657
L1,calibrated,0.8675787115380031,0.6282244993269416
L1,calibrated,0.870057439759754,0.6270373921380633
L1,calibrated,0.8725361679815049,0.6259662924417493
L1,calibrated,0.8750148962032557,0.6250919292893525
L1,calibrated,0.8774936244250066,0.6239780536165358
L1,calibrated,0.8799723526467574,0.6230871319845075
L1,calibrated,0.8824510808685082,0.622120189061445
L1,calibrated,0.8849298090902591,0.6212125292897734
L1,calibrated,0.8874085373120099,0.620256224317138
L1,calibrated,0.8898872655337607,0.6193052468061172
L1,calibrated,0.8923659937555116,0.6184663871157288
L1,calibrated,0.8948447219772624,0.6175789053136237
L1,calibrated,0.8973234501990133,0.6167228877261016
L1,calibrated,0.8998021784207642,0.6156596826742246
L1,calibrated,0.9022809066425149,0.6147608104181526
L1,calibrated,0.9047596348642658,0.6139722346618899
L1,calibrated,0.9072383630860167,0.6130828845396034
L1,calibrated,0.9097170913077675,0.6121459823416909
L1,calibrated,0.9121958195295183,0.6111619157108145
L1,calibrated,0.9146745477512691,0.61015712536154465
L1,calibrated,0.91715327597302,0.6090018450663964
L1,calibrated,0.9196320041947709,0.6080601269923546
L1,calibrated,0.9221107324165216,0.6073819431879862
L1,calibrated,0.9245894606382725,0.6065269507385354
L1,calibrated,0.9270681888600234,0.6055222767822711
L1,calibrated,0.9295469170817742,0.6044973205815235
L1,calibrated,0.932025645303525,0.6036312492008694
L1,calibrated,0.9345043735252759,0.6027952765946594
L1,calibrated,0.9369831017470267,0.6017347951059446
L1,calibrated,0.9394618299687776,0.6008067585052135
L1,calibrated,0.9419405581905284,0.5999089091875206
L1,calibrated,0.9444192864122792,0.5990410094637224
L1,calibrated,0.9468980146340301,0.5979511188300738
L1,calibrated,0.9493767428557809,0.5970175482640022
L1,calibrated,0.9518554710775318,0.5961639582342189
L1,calibrated,0.9543341992992826,0.595339776728853
L1,calibrated,0.9568129275210334,0.5945198654876074
L1,calibrated,0.9592916557427843,0.5934805833685309
L1,calibrated,0.9617703839645351,0.5925953460709241
L1,calibrated,0.964249112186286,0.5917640952122006
L1,calibrated,0.9667278404080368,0.5907645275017874
L1,calibrated,0.9692065686297876,0.5898684372310341
L1,calibrated,0.9716852968515385,0.5888788049743677
L1,calibrated,0.9741640250732894,0.5879431409487926
L1,calibrated,0.9766427532950401,0.5871342460404617
L1,calibrated,0.979121481516791,0.5862320780896279
L1,calibrated,0.9816002097385419,0.5853344664319534
L1,calibrated,0.9840789379602927,0.5843444985347187
L1,calibrated,0.9865576661820435,0.583359505230353
L1,calibrated,0.9890363944037943,0.5824758416271055
L1,calibrated,0.9915151226255452,0.5814523689334391
L1,calibrated,0.9939938508472961,0.5803860448387483
L1,calibrated,0.9964725790690468,0.5795642086632065
L1,calibrated,0.9989513072907977,0.5786987330899721
L1,d1_only,2.3833925209142695e-5,1
L1,d1_only,0.0025025621469599827,1
L1,d1_only,0.004981290368710823,1
L1,d1_only,0.007460018590461663,0.9968051118210862
L1,d1_only,0.009938746812212504,0.9904076738609112
L1,d1_only,0.012417475033963343,0.9884836852207294
L1,d1_only,0.014896203255714184,0.976
L1,d1_only,0.017374931477465022,0.9602194787379973
L1,d1_only,0.019853659699215865,0.9471788715486195
L1,d1_only,0.022332387920966704,0.9327641408751334
L1,d1_only,0.024811116142717544,0.914505283381364
L1,d1_only,0.027289844364468383,0.9013100436681223
L1,d1_only,0.029768572586219226,0.8855084067253803
L1,d1_only,0.032247300807970065,0.8691796008869179
L1,d1_only,0.034726029029720905,0.8579272477693891
L1,d1_only,0.037204757251471744,0.8494554772581678
L1,d1_only,0.039683485473222584,0.8426426426426427
L1,d1_only,0.04216221369497342,0.8349349915206331
L1,d1_only,0.04464094191672426,0.8259476775226908
L1,d1_only,0.04711967013847511,0.821446636317653
L1,d1_only,0.04959839836022595,0.8135511773185968
L1,d1_only,0.05207712658197679,0.8105263157894737
L1,d1_only,0.05455585480372763,0.8086500655307994
L1,d1_only,0.057034583025478466,0.8048474717927288
L1,d1_only,0.059513311247229306,0.8013616339607529
L1,d1_only,0.061992039468980145,0.7985390234525183
L1,d1_only,0.06447076769073098,0.7933456561922366
L1,d1_only,0.06694949591248182,0.7881808472766109
L1,d1_only,0.06942822413423266,0.7837281153450052
L1,d1_only,0.0719069523559835,0.7799138216771627
L1,d1_only,0.07438568057773434,0.7773149631528357
L1,d1_only,0.07686440879948518,0.7724031007751938
L1,d1_only,0.07934313702123602,0.7677981375788525
L1,d1_only,0.08182186524298687,0.762598310515584
L1,d1_only,0.08430059346473771,0.7591178965224766
L1,d1_only,0.08677932168648855,0.7544630595990113
L1,d1_only,0.08925804990823939,0.7514018691588785
L1,d1_only,0.09173677812999023,0.748765913224214
L1,d1_only,0.09421550635174107,0.7460156842904123
L1,d1_only,0.09669423457349191,0.7436529455262509
L1,d1_only,0.09917296279524275,0.7433309300648883
L1,d1_only,0.10165169101699359,0.7409144196951934
L1,d1_only,0.10413041923874443,0.7386129549095903
L1,d1_only,0.10660914746049527,0.7364185110663984
L1,d1_only,0.10908787568224611,0.73344985798558
L1,d1_only,0.11156660390399695,0.7318948942533646
L1,d1_only,0.11404533212574779,0.7278996865203762
L1,d1_only,0.11652406034749863,0.7273471057475966
L1,d1_only,0.11900278856924947,0.7268175445623873
L1,d1_only,0.1214815167910003,0.725328624681185
L1,d1_only,0.12396024501275114,0.7233224379926937
L1,d1_only,0.12643897323450198,0.7210179076343073
L1,d1_only,0.12891770145625284,0.7186171196154557
L1,d1_only,0.13139642967800366,0.7163069109377834
L1,d1_only,0.13387515789975452,0.7160405910628449
L1,d1_only,0.13635388612150534,0.7138612130746373
L1,d1_only,0.1388326143432562,0.7112446351931331
L1,d1_only,0.14131134256500702,0.7107438016528925
L1,d1_only,0.14379007078675787,0.7090999502734958
L1,d1_only,0.1462687990085087,0.7075118135897018
L1,d1_only,0.14874752723025955,0.7064572985098542
L1,d1_only,0.1512262554520104,0.7055949566587865
L1,d1_only,0.15370498367376123,0.7042952395720267
L1,d1_only,0.15618371189551208,0.7039523882191363
L1,d1_only,0.1586624401172629,0.7030193780982424
L1,d1_only,0.16114116833901376,0.7012276290489573
L1,d1_only,0.1636198965607646,0.6996358339402767
L1,d1_only,0.16609862478251544,0.6999569522169609
L1,d1_only,0.16857735300426627,0.6999858617276968
L1,d1_only,0.17105608122601712,0.69862059356277
L1,d1_only,0.17353480944776795,0.6982557341024584
L1,d1_only,0.1760135376695188,0.6969532836831415
L1,d1_only,0.17849226589126962,0.6968887701962879
L1,d1_only,0.18097099411302048,0.6962992229685236
L1,d1_only,0.1834497223347713,0.695855528127842
L1,d1_only,0.18592845055652216,0.6946545314703243
L1,d1_only,0.18840717877827298,0.6939911448450348
L1,d1_only,0.19088590700002384,0.6928455487576477
L1,d1_only,0.19336463522177466,0.6913595464070011
L1,d1_only,0.19584336344352551,0.6899111597906779
L1,d1_only,0.19832209166527637,0.6882586227616873
L1,d1_only,0.2008008198870272,0.6886646884272997
L1,d1_only,0.20327954810877805,0.6882401219369211
L1,d1_only,0.20575827633052887,0.6867832734854628
L1,d1_only,0.20823700455227973,0.6853611079317844
L1,d1_only,0.21071573277403055,0.6846510575726727
L1,d1_only,0.2131944609957814,0.6839575181665735
L1,d1_only,0.21567318921753223,0.6825063542932921
L1,d1_only,0.21815191743928308,0.6806511526275538
L1,d1_only,0.2206306456610339,0.6807821108350437
L1,d1_only,0.22310937388278476,0.6801623758145497
L1,d1_only,0.2255881021045356,0.6793449550977285
L1,d1_only,0.22806683032628644,0.6789633190511025
L1,d1_only,0.23054555854803727,0.6782797477514731
L1,d1_only,0.23302428676978812,0.6780198424874706
L1,d1_only,0.23550301499153894,0.6772593867017508
L1,d1_only,0.2379817432132898,0.6765147721582374
L1,d1_only,0.24046047143504062,0.6762810982257904
L1,d1_only,0.24293919965679148,0.6760521926812518
L1,d1_only,0.24541792787854233,0.675536564047781
L1,d1_only,0.24789665610029316,0.6747428131910393
L1,d1_only,0.250375384322044,0.6743455497382199
L1,d1_only,0.25285411254379486,0.6732962578942407
L1,d1_only,0.2553328407655457,0.6717072715392514
L1,d1_only,0.2578115689872965,0.6711657576037718
L1,d1_only,0.26029029720904734,0.6702682904495926
L1,d1_only,0.2627690254307982,0.6695691609977324
L1,d1_only,0.26524775365254905,0.6687033875460509
L1,d1_only,0.26772648187429987,0.66856583281403
L1,d1_only,0.2702052100960507,0.668607215312693
L1,d1_only,0.2726839383178016,0.6693470850450135
L1,d1_only,0.2751626665395524,0.6685145084452144
L1,d1_only,0.27764139476130323,0.6678684865653705
L1,d1_only,0.28012012298305405,0.6674891517059475
L1,d1_only,0.28259885120480494,0.6665261027241292
L1,d1_only,0.28507757942655576,0.6668338767661567
L1,d1_only,0.2875563076483066,0.6663903854123497
L1,d1_only,0.29003503587005747,0.6662831785684937
L1,d1_only,0.2925137640918083,0.666911105679133
L1,d1_only,0.2949924923135591,0.6663165549002181
L1,d1_only,0.29747122053530994,0.665812034292124
L1,d1_only,0.2999499487570608,0.665792610250298
L1,d1_only,0.30242867697881165,0.6658523130270313
L1,d1_only,0.3049074052005625,0.6651293676229187
L1,d1_only,0.3073861334223133,0.6651159184306428
L1,d1_only,0.3098648616440642,0.6638720098453965
L1,d1_only,0.312343589865815,0.6631056848531095
L1,d1_only,0.31482231808756583,0.6624271330153683
L1,d1_only,0.31730104630931666,0.661909411853076
L1,d1_only,0.31977977453106754,0.6617723783260043
L1,d1_only,0.32225850275281837,0.6622291250647141
L1,d1_only,0.3247372309745692,0.661651376146789
L1,d1_only,0.32721595919632,0.661373734430767
L1,d1_only,0.3296946874180709,0.6606665220848695
L1,d1_only,0.3321734156398217,0.6604003731075554
L1,d1_only,0.33465214386157255,0.6603518267929634
L1,d1_only,0.33713087208332343,0.6593849416755038
L1,d1_only,0.33960960030507426,0.6595550564951926
L1,d1_only,0.3420883285268251,0.659583362363269
L1,d1_only,0.3445670567485759,0.6595420903368611
L1,d1_only,0.3470457849703268,0.6588146418515212
L1,d1_only,0.3495245131920776,0.6580975110808046
L1,d1_only,0.35200324141382844,0.6579321551899249
L1,d1_only,0.35448196963557926,0.6578363477442345
L1,d1_only,0.35696069785733014,0.6577418708686653
L1,d1_only,0.35943942607908097,0.6573834626351037
L1,d1_only,0.3619181543008318,0.6567006914718472
L1,d1_only,0.3643968825225826,0.6566812741186474
L1,d1_only,0.3668756107443335,0.6563372961735854
L1,d1_only,0.36935433896608433,0.6564496354133058
L1,d1_only,0.37183306718783515,0.6557912954297801
L1,d1_only,0.374311795409586,0.6559057624960204
L1,d1_only,0.37679052363133686,0.6556391928648239
L1,d1_only,0.3792692518530877,0.6554389492867467
L1,d1_only,0.3817479800748385,0.6547418367984017
L1,d1_only,0.3842267082965894,0.6549221512313131
L1,d1_only,0.3867054365183402,0.6542989214175655
L1,d1_only,0.38918416474009104,0.6539285933002633
L1,d1_only,0.39166289296184187,0.6537455120793525
L1,d1_only,0.39414162118359275,0.6535647336276229
L1,d1_only,0.3966203494053436,0.6532059371432005
L1,d1_only,0.3990990776270944,0.65249328157659
L1,d1_only,0.4015778058488452,0.6520268265178942
L1,d1_only,0.4040565340705961,0.6513891346664307
L1,d1_only,0.40653526229234693,0.6507005921322624
L1,d1_only,0.40901399051409776,0.6501369384068527
L1,d1_only,0.4114927187358486,0.6498696785403997
L1,d1_only,0.41397144695759946,0.6498359145604238
L1,d1_only,0.4164501751793503,0.6497453213529445
L1,d1_only,0.4189289034011011,0.6497126927234455
L1,d1_only,0.42140763162285194,0.649341100616481
L1,d1_only,0.4238863598446028,0.6485802642676413
L1,d1_only,0.42636508806635365,0.6484431773715691
L1,d1_only,0.4288438162881045,0.6479186350247318
L1,d1_only,0.43132254450985535,0.6474553793446428
L1,d1_only,0.4338012727316062,0.6466128234712378
L1,d1_only,0.436280000953357,0.6462168806337066
L1,d1_only,0.43875872917510783,0.6461513390189582
L1,d1_only,0.4412374573968587,0.6457084211094907
L1,d1_only,0.44371618561860954,0.6454853091260676
L1,d1_only,0.44619491384036036,0.6455317557822766
L1,d1_only,0.4486736420621112,0.6450464807436919
L1,d1_only,0.45115237028386207,0.6451476570341803
L1,d1_only,0.4536310985056129,0.6447748647086639
L1,d1_only,0.4561098267273637,0.6445628886450332
L1,d1_only,0.45858855494911455,0.6442492593940023
L1,d1_only,0.4610672831708654,0.644145774101835
L1,d1_only,0.46354601139261625,0.6439919790220577
L1,d1_only,0.4660247396143671,0.643686390835166
L1,d1_only,0.4685034678361179,0.6434857811466653
L1,d1_only,0.4709821960578688,0.6431354688527908
L1,d1_only,0.4734609242796196,0.6428391643594261
L1,d1_only,0.47593965250137044,0.6428964895588162
L1,d1_only,0.4784183807231213,0.6423055846161511
L1,d1_only,0.48089710894487214,0.6423155077563563
L1,d1_only,0.48337583716662297,0.6420787929589271
L1,d1_only,0.4858545653883738,0.6421878832474859
L1,d1_only,0.4883332936101247,0.6416125725999317
L1,d1_only,0.4908120218318755,0.6407517117467101
L1,d1_only,0.4932907500536263,0.6401893994298691
L1,d1_only,0.49576947827537715,0.6396807845776645
L1,d1_only,0.49824820649712803,0.6392250657737384
L1,d1_only,0.5007269347188789,0.6387738588224094
L1,d1_only,0.5032056629406297,0.6387533746980534
L1,d1_only,0.5056843911623805,0.6385916953386436
L1,d1_only,0.5081631193841314,0.6380094742272876
L1,d1_only,0.5106418476058822,0.6377129521586932
L1,d1_only,0.513120575827633,0.6376050908077477
L1,d1_only,0.5155993040493839,0.6368973327786253
L1,d1_only,0.5180780322711347,0.6368864148686572
L1,d1_only,0.5205567604928856,0.6366008882377181
L1,d1_only,0.5230354887146365,0.6365003417634997
L1,d1_only,0.5255142169363872,0.6364460973286771
L1,d1_only,0.5279929451581381,0.6360312373042026
L1,d1_only,0.530471673379889,0.6359347620973177
L1,d1_only,0.5329504016016398,0.635436697822101
L1,d1_only,0.5354291298233906,0.6355664366792789
L1,d1_only,0.5379078580451414,0.6349417342372281
L1,d1_only,0.5403865862668923,0.634984342610153
L1,d1_only,0.5428653144886432,0.6347631382535014
L1,d1_only,0.5453440427103939,0.6344128316070102
L1,d1_only,0.5478227709321448,0.6340656950184903
L1,d1_only,0.5503014991538957,0.6337649963185933
L1,d1_only,0.5527802273756465,0.6331220626913293
L1,d1_only,0.5552589555973974,0.6327853371678757
L1,d1_only,0.5577376838191481,0.6326225374983975
L1,d1_only,0.560216412040899,0.632333546054031
L1,d1_only,0.5626951402626499,0.6316235333982804
L1,d1_only,0.5651738684844007,0.6315101421161389
L1,d1_only,0.5676525967061515,0.6313557542931519
L1,d1_only,0.5701313249279024,0.6314117302788345
L1,d1_only,0.5726100531496532,0.6311758584807492
L1,d1_only,0.5750887813714041,0.6309005760702888
L1,d1_only,0.577567509593155,0.6306689225436388
L1,d1_only,0.5800462378149057,0.6304392488803057
L1,d1_only,0.5825249660366566,0.6304570189435784
L1,d1_only,0.5850036942584074,0.629822774495824
L1,d1_only,0.5874824224801583,0.6293155908961824
L1,d1_only,0.5899611507019091,0.6288934674584898
L1,d1_only,0.5924398789236599,0.6285955666411875
L1,d1_only,0.5949186071454108,0.6281799607387525
L1,d1_only,0.5973973353671617,0.6280470775982445
L1,d1_only,0.5998760635889124,0.6280344868687672
L1,d1_only,0.6023547918106633,0.6277450243342698
L1,d1_only,0.6048335200324141,0.6276549631556133
L1,d1_only,0.607312248254165,0.6273694125034339
L1,d1_only,0.6097909764759158,0.6273597811217511
L1,d1_only,0.6122697046976666,0.6269609560512281
L1,d1_only,0.6147484329194175,0.6267979684410498
L1,d1_only,0.6172271611411684,0.6262501448044175
L1,d1_only,0.6197058893629191,0.62605284412138
L1,d1_only,0.62218461758467,0.6257421949818043
L1,d1_only,0.6246633458064209,0.6254721660498302
L1,d1_only,0.6271420740281717,0.6250142515106601
L1,d1_only,0.6296208022499226,0.6246356512851573
L1,d1_only,0.6320995304716733,0.6244108442366426
L1,d1_only,0.6345782586934242,0.6243380281690141
L1,d1_only,0.6370569869151751,0.6243031912903588
L1,d1_only,0.6395357151369259,0.6238959490180003
L1,d1_only,0.6420144433586767,0.6235289750157775
L1,d1_only,0.6444931715804276,0.6236455752376021
L1,d1_only,0.6469718998021784,0.6235034076257138
L1,d1_only,0.6494506280239293,0.6228118463062865
L1,d1_only,0.65192935624568,0.6224911344276679
L1,d1_only,0.6544080844674309,0.6224642167753214
L1,d1_only,0.6568868126891818,0.6224012191139654
L1,d1_only,0.6593655409109326,0.6224832821254292
L1,d1_only,0.6618442691326835,0.6221686052792682
L1,d1_only,0.6643229973544343,0.6219997847379184
L1,d1_only,0.6668017255761851,0.6219394502627158
L1,d1_only,0.669280453797936,0.6217371176240163
L1,d1_only,0.6717591820196869,0.6213588788362604
L1,d1_only,0.6742379102414376,0.6211601682632826
L1,d1_only,0.6767166384631885,0.6207163737540943
L1,d1_only,0.6791953666849393,0.6204863669859986
L1,d1_only,0.6816740949066902,0.6202580329359113
L1,d1_only,0.6841528231284411,0.6201010276955234
L1,d1_only,0.6866315513501918,0.6197368877781249
L1,d1_only,0.6891102795719427,0.6196520596271573
L1,d1_only,0.6915890077936936,0.6189819760829859
L1,d1_only,0.6940677360154444,0.6187974314068885
L1,d1_only,0.6965464642371952,0.6185457656116339
L1,d1_only,0.699025192458946,0.6183299805653107
L1,d1_only,0.7015039206806969,0.6180477695104135
L1,d1_only,0.7039826489024478,0.617632122422724
L1,d1_only,0.7064613771241985,0.6174555514321379
L1,d1_only,0.7089401053459494,0.6173474533535048
L1,d1_only,0.7114188335677003,0.6172401085463499
L1,d1_only,0.7138975617894511,0.6169999666143625
L1,d1_only,0.716376290011202,0.616694946268756
L1,d1_only,0.7188550182329528,0.6163920294419947
L1,d1_only,0.7213337464547036,0.616223360317198
L1,d1_only,0.7238124746764545,0.6160229181072805
L1,d1_only,0.7262912028982053,0.6157582121878384
L1,d1_only,0.7287699311199561,0.615658828531249
L1,d1_only,0.731248659341707,0.615853459795965
L1,d1_only,0.7337273875634578,0.6154945590384928
L1,d1_only,0.7362061157852087,0.6152999449642268
L1,d1_only,0.7386848440069596,0.6151389023327848
L1,d1_only,0.7411635722287103,0.6148824645464193
L1,d1_only,0.7436423004504612,0.6144354347617064
L1,d1_only,0.746121028672212,0.6142149816323271
L1,d1_only,0.7485997568939629,0.6141870164602502
L1,d1_only,0.7510784851157137,0.6142227017421381
L1,d1_only,0.7535572133374645,0.6137837239459785
L1,d1_only,0.7560359415592154,0.613788972604899
L1,d1_only,0.7585146697809663,0.6134799685781618
L1,d1_only,0.760993398002717,0.6130476995834507
L1,d1_only,0.7634721262244679,0.612711890862548
L1,d1_only,0.7659508544462188,0.6123160220306811
L1,d1_only,0.7684295826679696,0.6118916907043827
L1,d1_only,0.7709083108897204,0.6116246715102798
L1,d1_only,0.7733870391114712,0.6112977287435668
L1,d1_only,0.7758657673332221,0.6112800663533315
L1,d1_only,0.778344495554973,0.6108031968643782
L1,d1_only,0.7808232237767238,0.6108787888037606
L1,d1_only,0.7833019519984746,0.6104670622242507
L1,d1_only,0.7857806802202255,0.6102702538748521
L1,d1_only,0.7882594084419763,0.6100444471321017
L1,d1_only,0.7907381366637272,0.6097296319739579
L1,d1_only,0.7932168648854779,0.6091764069589255
L1,d1_only,0.7956955931072288,0.6092257001647446
L1,d1_only,0.7981743213289797,0.6089760816984682
L1,d1_only,0.8006530495507305,0.6087577769178103
L1,d1_only,0.8031317777724813,0.6084517909606196
L1,d1_only,0.8056105059942322,0.6080885180911807
L1,d1_only,0.808089234215983,0.6075210145996166
L1,d1_only,0.8105679624377339,0.6071922138257521
L1,d1_only,0.8130466906594848,0.6070119895640957
L1,d1_only,0.8155254188812355,0.6067451851418886
L1,d1_only,0.8180041471029864,0.6063925876285656
L1,d1_only,0.8204828753247372,0.6061292665214234
L1,d1_only,0.8229616035464881,0.6057227258246691
L1,d1_only,0.8254403317682389,0.6056073686945976
L1,d1_only,0.8279190599899897,0.6054351268100296
L1,d1_only,0.8303977882117406,0.6050917023047558
L1,d1_only,0.8328765164334915,0.6045786235512949
L1,d1_only,0.8353552446552422,0.6044109675026391
L1,d1_only,0.8378339728769931,0.6041020681022957
L1,d1_only,0.8403127010987439,0.6037666279036787
L1,d1_only,0.8427914293204948,0.6035462797997794
L1,d1_only,0.8452701575422457,0.6033554208374454
L1,d1_only,0.8477488857639964,0.6029969917624898
L1,d1_only,0.8502276139857473,0.602752782216242
L1,d1_only,0.8527063422074982,0.6024820415350645
L1,d1_only,0.855185070429249,0.6021850004180486
L1,d1_only,0.8576637986509998,0.601834097540642
L1,d1_only,0.8601425268727507,0.6016237634736347
L1,d1_only,0.8626212550945015,0.6012212306247064
L1,d1_only,0.8650999833162524,0.6009312064357936
L1,d1_only,0.8675787115380031,0.6007801983461993
L1,d1_only,0.870057439759754,0.600575263662512
L1,d1_only,0.8725361679815049,0.6003441776612308
L1,d1_only,0.8750148962032557,0.6001416392013728
L1,d1_only,0.8774936244250066,0.5999674063611918
L1,d1_only,0.8799723526467574,0.5996587308036077
L1,d1_only,0.8824510808685082,0.5992707629979743
L1,d1_only,0.8849298090902591,0.5989657679980608
L1,d1_only,0.8874085373120099,0.5984207557811618
L1,d1_only,0.8898872655337607,0.5983073091035702
L1,d1_only,0.8923659937555116,0.5980342405384471
L1,d1_only,0.8948447219772624,0.5974963377280597
L1,d1_only,0.8973234501990133,0.597253579112327
L1,d1_only,0.8998021784207642,0.5966943024395412
L1,d1_only,0.9022809066425149,0.5964022505745304
L1,d1_only,0.9047596348642658,0.5961117989515555
L1,d1_only,0.9072383630860167,0.5956653093392881
L1,d1_only,0.9097170913077675,0.595037857947549
L1,d1_only,0.9121958195295183,0.5947796096464871
L1,d1_only,0.9146745477512691,0.5942621882898611
L1,d1_only,0.91715327597302,0.5940853927912476
L1,d1_only,0.9196320041947709,0.5938317999222495
L1,d1_only,0.9221107324165216,0.5935020290004911
L1,d1_only,0.9245894606382725,0.5927873585440673
L1,d1_only,0.9270681888600234,0.5924878525336145
L1,d1_only,0.9295469170817742,0.5920617420066152
L1,d1_only,0.932025645303525,0.5917657588543664
L1,d1_only,0.9345043735252759,0.5912418067280472
L1,d1_only,0.9369831017470267,0.5907206267646834
L1,d1_only,0.9394618299687776,0.590354415607479
L1,d1_only,0.9419405581905284,0.5899142228182486
L1,d1_only,0.9444192864122792,0.589602523659306
L1,d1_only,0.9468980146340301,0.5891666037403408
L1,d1_only,0.9493767428557809,0.5887329601084528
L1,d1_only,0.9518554710775318,0.5886521271001828
L1,d1_only,0.9543341992992826,0.5881970979745761
L1,d1_only,0.9568129275210334,0.5876447876447877
L1,d1_only,0.9592916557427843,0.5873686302765286
L1,d1_only,0.9617703839645351,0.5868460833147473
L1,d1_only,0.964249112186286,0.5863262229033295
L1,d1_only,0.9667278404080368,0.5857843741525111
L1,d1_only,0.9692065686297876,0.5854174351407845
L1,d1_only,0.9716852968515385,0.584954254458044
L1,d1_only,0.9741640250732894,0.5842977026398846
L1,d1_only,0.9766427532950401,0.5837665031603094
L1,d1_only,0.979121481516791,0.5831649667729607
L1,d1_only,0.9816002097385419,0.5826150297438388
L1,d1_only,0.9840789379602927,0.5820436435854586
L1,d1_only,0.9865576661820435,0.581450969970768
L1,d1_only,0.9890363944037943,0.5810058558450009
L1,d1_only,0.9915151226255452,0.5803947020504315
L1,d1_only,0.9939938508472961,0.5799304639731447
L1,d1_only,0.9964725790690468,0.5793250257121673
L1,d1_only,0.9989513072907977,0.5786987330899721
category,calibrated,2.3833925209142695e-5,1
category,calibrated,0.0025025621469599827,1
category,calibrated,0.004981290368710823,1
category,calibrated,0.007460018590461663,1
category,calibrated,0.009938746812212504,1
category,calibrated,0.012417475033963343,1
category,calibrated,0.014896203255714184,1
category,calibrated,0.017374931477465022,1
category,calibrated,0.019853659699215865,1
category,calibrated,0.022332387920966704,1
category,calibrated,0.024811116142717544,1
category,calibrated,0.027289844364468383,1
category,calibrated,0.029768572586219226,0.9991993594875901
category,calibrated,0.032247300807970065,0.9992609016999261
category,calibrated,0.034726029029720905,0.9993136582017845
category,calibrated,0.037204757251471744,0.9993593850096092
category,calibrated,0.039683485473222584,0.9993993993993994
category,calibrated,0.04216221369497342,0.9994347088750707
category,calibrated,0.04464094191672426,0.999466097170315
category,calibrated,0.04711967013847511,0.9994941831057157
category,calibrated,0.04959839836022595,0.9995194617972128
category,calibrated,0.05207712658197679,0.9995423340961098
category,calibrated,0.05455585480372763,0.999563128003495
category,calibrated,0.057034583025478466,0.9995821145006268
category,calibrated,0.059513311247229306,0.9995995194233079
category,calibrated,0.061992039468980145,0.9992310649750096
category,calibrated,0.06447076769073098,0.9992606284658041
category,calibrated,0.06694949591248182,0.9992880028479886
category,calibrated,0.06942822413423266,0.9993134225883968
category,calibrated,0.0719069523559835,0.9993370898243288
category,calibrated,0.07438568057773434,0.9990387696251202
category,calibrated,0.07686440879948518,0.9987596899224807
category,calibrated,0.07934313702123602,0.9987984379693602
category,calibrated,0.08182186524298687,0.9988348383338188
category,calibrated,0.08430059346473771,0.9988690981057393
category,calibrated,0.08677932168648855,0.9989014007140895
category,calibrated,0.08925804990823939,0.998931909212283
category,calibrated,0.09173677812999023,0.9989607690309171
category,calibrated,0.09421550635174107,0.9987351378699721
category,calibrated,0.09669423457349191,0.9987675622381069
category,calibrated,0.09917296279524275,0.9985580389329488
category,calibrated,0.10165169101699359,0.9983587338804221
category,calibrated,0.10413041923874443,0.9981689173723964
category,calibrated,0.10660914746049527,0.9979879275653923
category,calibrated,0.10908787568224611,0.9973781953244484
category,calibrated,0.11156660390399695,0.9965819269386883
category,calibrated,0.11404533212574779,0.9960292580982236
category,calibrated,0.11652406034749863,0.9952955614645121
category,calibrated,0.11900278856924947,0.9951932705788104
category,calibrated,0.1214815167910003,0.9948989601726506
category,calibrated,0.12396024501275114,0.9944241492020766
category,calibrated,0.12643897323450198,0.9945334590009425
category,calibrated,0.12891770145625284,0.9946385653540396
category,calibrated,0.13139642967800366,0.9947397061491021
category,calibrated,0.13387515789975452,0.9939469467687377
category,calibrated,0.13635388612150534,0.9940569830449222
category,calibrated,0.1388326143432562,0.9938197424892704
category,calibrated,0.14131134256500702,0.9937594872659807
category,calibrated,0.14379007078675787,0.9935355544505221
category,calibrated,0.1462687990085087,0.9933192113410461
category,calibrated,0.14874752723025955,0.9931100785130588
category,calibrated,0.1512262554520104,0.9929078014184397
category,calibrated,0.15370498367376123,0.9930221739804621
category,calibrated,0.15618371189551208,0.9929803143598351
category,calibrated,0.1586624401172629,0.9926393270241851
category,calibrated,0.16114116833901376,0.9921609229403935
category,calibrated,0.1636198965607646,0.9918426802621996
category,calibrated,0.16609862478251544,0.991820921222557
category,calibrated,0.16857735300426627,0.9915170366181253
category,calibrated,0.17105608122601712,0.991500627002926
category,calibrated,0.17353480944776795,0.9914846861694823
category,calibrated,0.1760135376695188,0.9907921462423832
category,calibrated,0.17849226589126962,0.9902523701428763
category,calibrated,0.18097099411302048,0.9903858817331753
category,calibrated,0.1834497223347713,0.9897362608808626
category,calibrated,0.18592845055652216,0.9896167158056659
category,calibrated,0.18840717877827298,0.9888678051865908
category,calibrated,0.19088590700002384,0.9882632038956174
category,calibrated,0.19336463522177466,0.988043880192284
category,calibrated,0.19584336344352551,0.9874650115613971
category,calibrated,0.19832209166527637,0.9872611464968153
category,calibrated,0.2008008198870272,0.9870623145400593
category,calibrated,0.20327954810877805,0.9867510845351155
category,calibrated,0.20575827633052887,0.9866790223560755
category,calibrated,0.20823700455227973,0.9868375872725191
category,calibrated,0.21071573277403055,0.9868793122949893
category,calibrated,0.2131944609957814,0.9868082727780884
category,calibrated,0.21567318921753223,0.986517847275942
category,calibrated,0.21815191743928308,0.9862340216322517
category,calibrated,0.2206306456610339,0.9858485470454791
category,calibrated,0.22310937388278476,0.9858989424206815
category,calibrated,0.2255881021045356,0.9858425779186476
category,calibrated,0.22806683032628644,0.9856829344759118
category,calibrated,0.23054555854803727,0.9852165822392226
category,calibrated,0.23302428676978812,0.9848624322389281
category,calibrated,0.23550301499153894,0.9847181459366461
category,calibrated,0.2379817432132898,0.9842764146219329
category,calibrated,0.24046047143504062,0.983942908117752
category,calibrated,0.24293919965679148,0.9836162072010203
category,calibrated,0.24541792787854233,0.9829076430028163
category,calibrated,0.24789665610029316,0.9825978271320065
category,calibrated,0.250375384322044,0.9823893384102809
category,calibrated,0.25285411254379486,0.9819964181355453
category,calibrated,0.2553328407655457,0.9817978157378886
category,calibrated,0.2578115689872965,0.981695479338079
category,calibrated,0.26029029720904734,0.9813203919055031
category,calibrated,0.2627690254307982,0.9810430839002268
category,calibrated,0.26524775365254905,0.9805013927576601
category,calibrated,0.26772648187429987,0.9805038725184724
category,calibrated,0.2702052100960507,0.9800652729999118
category,calibrated,0.2726839383178016,0.9798968621623984
category,calibrated,0.2751626665395524,0.9795582503248159
category,calibrated,0.27764139476130323,0.9794832174435574
category,calibrated,0.28012012298305405,0.9789840891687229
category,calibrated,0.28259885120480494,0.9786623935228135
category,calibrated,0.28507757942655576,0.9786807123150238
category,calibrated,0.2875563076483066,0.9782842934106921
category,calibrated,0.29003503587005747,0.9778946503410305
category,calibrated,0.2925137640918083,0.9774301311822701
category,calibrated,0.2949924923135591,0.9772158035065039
category,calibrated,0.29747122053530994,0.9766845605320087
category,calibrated,0.2999499487570608,0.9764004767580453
category,calibrated,0.30242867697881165,0.9761998581448499
category,calibrated,0.3049074052005625,0.9760806691159227
category,calibrated,0.3073861334223133,0.976040939753431
category,calibrated,0.3098648616440642,0.975617260210753
category,calibrated,0.312343589865815,0.9752003052270126
category,calibrated,0.31482231808756583,0.9750927397986221
category,calibrated,0.31730104630931666,0.9746863967550514
category,calibrated,0.31977977453106754,0.9743608854438399
category,calibrated,0.32225850275281837,0.9738185045484802
category,calibrated,0.3247372309745692,0.9734311926605504
category,calibrated,0.32721595919632,0.9729040716731008
category,calibrated,0.3296946874180709,0.972384876744018
category,calibrated,0.3321734156398217,0.9720169333429002
category,calibrated,0.33465214386157255,0.9716544405669112
category,calibrated,0.33713087208332343,0.9715093672675857
category,calibrated,0.33960960030507426,0.9709453294968068
category,calibrated,0.3420883285268251,0.9707378248449802
category,calibrated,0.3445670567485759,0.9705333056650758
category,calibrated,0.3470457849703268,0.9699883249776801
category,calibrated,0.3495245131920776,0.9693146948516876
category,calibrated,0.35200324141382844,0.9690568081792945
category,calibrated,0.35448196963557926,0.9685335843474753
category,calibrated,0.35696069785733014,0.9678173198904988
category,calibrated,0.35943942607908097,0.9676414030899808
category,calibrated,0.3619181543008318,0.9668093513335528
category,calibrated,0.3643968825225826,0.9668389037870364
category,calibrated,0.3668756107443335,0.9669330215032808
category,calibrated,0.36935433896608433,0.9665096470284571
category,calibrated,0.37183306718783515,0.9660278187295687
category,calibrated,0.374311795409586,0.9660617637695001
category,calibrated,0.37679052363133686,0.9655259662217724
category,calibrated,0.3792692518530877,0.9650600138251744
category,calibrated,0.3817479800748385,0.9649122807017544
category,calibrated,0.3842267082965894,0.96445629923702
category,calibrated,0.3867054365183402,0.9639445300462249
category,calibrated,0.38918416474009104,0.9638679649702983
category,calibrated,0.39166289296184187,0.9636706626909268
category,calibrated,0.39414162118359275,0.9633549011307976
category,calibrated,0.3966203494053436,0.9628027161829217
category,calibrated,0.3990990776270944,0.9625559868617498
category,calibrated,0.4015778058488452,0.9623123034007953
category,calibrated,0.4040565340705961,0.9622485695747065
category,calibrated,0.40653526229234693,0.962009732074808
category,calibrated,0.40901399051409776,0.9614824310937591
category,calibrated,0.4114927187358486,0.9612510860121634
category,calibrated,0.41397144695759946,0.9609649375323853
category,calibrated,0.4164501751793503,0.9605677330738854
category,calibrated,0.4189289034011011,0.9604027991124765
category,calibrated,0.42140763162285194,0.9601266896668741
category,calibrated,0.4238863598446028,0.9599100365476525
category,calibrated,0.42636508806635365,0.959640002236011
category,calibrated,0.4288438162881045,0.959150780859223
category,calibrated,0.43132254450985535,0.9589987290711167
category,calibrated,0.4338012727316062,0.9589033569584089
category,calibrated,0.436280000953357,0.9586451789128654
category,calibrated,0.43875872917510783,0.9583899179749036
category,calibrated,0.4412374573968587,0.9580294927888511
category,calibrated,0.44371618561860954,0.9579416662190471
category,calibrated,0.44619491384036036,0.9578548154478927
category,calibrated,0.4486736420621112,0.9574501992031873
category,calibrated,0.45115237028386207,0.9572085160335992
category,calibrated,0.4536310985056129,0.957022014396049
category,calibrated,0.4561098267273637,0.9566807754611486
category,calibrated,0.45858855494911455,0.9564991424562133
category,calibrated,0.4610672831708654,0.9561643835616438
category,calibrated,0.46354601139261625,0.955781788266749
category,calibrated,0.4660247396143671,0.9554032629264052
category,calibrated,0.4685034678361179,0.9550287429414458
category,calibrated,0.4709821960578688,0.9546581650726178
category,calibrated,0.4734609242796196,0.9540397684369494
category,calibrated,0.47593965250137044,0.9539786669337473
category,calibrated,0.4784183807231213,0.9537189259203905
category,calibrated,0.48089710894487214,0.9532636169896417
category,calibrated,0.48337583716662297,0.9531088210640501
category,calibrated,0.4858545653883738,0.9527593818984548
category,calibrated,0.4883332936101247,0.9525111035189614
category,calibrated,0.4908120218318755,0.9522167726897489
category,calibrated,0.4932907500536263,0.9517804512731314
category,calibrated,0.49576947827537715,0.9514927166963126
category,calibrated,0.49824820649712803,0.9509686677828271
category,calibrated,0.5007269347188789,0.9506402018182684
category,calibrated,0.5032056629406297,0.9504097001847203
category,calibrated,0.5056843911623805,0.9501343262478201
category,calibrated,0.5081631193841314,0.9496740302987665
category,calibrated,0.5106418476058822,0.949218203033839
category,calibrated,0.513120575827633,0.9488132286683079
category,calibrated,0.5155993040493839,0.9483659224333195
category,calibrated,0.5180780322711347,0.947784882918526
category,calibrated,0.5205567604928856,0.9476214459044916
category,calibrated,0.5230354887146365,0.9472772841193894
category,calibrated,0.5255142169363872,0.946891015465554
category,calibrated,0.5279929451581381,0.9466437954227418
category,calibrated,0.530471673379889,0.9462640966886822
category,calibrated,0.5329504016016398,0.9457090470014757
category,calibrated,0.5354291298233906,0.9456487870020032
category,calibrated,0.5379078580451414,0.9454118481102397
category,calibrated,0.5403865862668923,0.9452211881974154
category,calibrated,0.5428653144886432,0.9449005575800149
category,calibrated,0.5453440427103939,0.9445391372754687
category,calibrated,0.5478227709321448,0.9442680008701327
category,calibrated,0.5503014991538957,0.9437827536922344
category,calibrated,0.5527802273756465,0.9434743241495279
category,calibrated,0.5552589555973974,0.9429969523973044
category,calibrated,0.5577376838191481,0.942908422716978
category,calibrated,0.560216412040899,0.9425228674750054
category,calibrated,0.5626951402626499,0.9422677792367318
category,calibrated,0.5651738684844007,0.9421414414034496
category,calibrated,0.5676525967061515,0.9417222991980518
category,calibrated,0.5701313249279024,0.9414740186447055
category,calibrated,0.5726100531496532,0.9414360041623309
category,calibrated,0.5750887813714041,0.9409009905093456
category,calibrated,0.577567509593155,0.9404118351008954
category,calibrated,0.5800462378149057,0.9401323088301763
category,calibrated,0.5825249660366566,0.9395687574158177
category,calibrated,0.5850036942584074,0.93905072316154
category,calibrated,0.5874824224801583,0.9388616171041422
category,calibrated,0.5899611507019091,0.9385125035349251
category,calibrated,0.5924398789236599,0.9384479221144949
category,calibrated,0.5949186071454108,0.9382236288610232
category,calibrated,0.5973973353671617,0.9380410931577897
category,calibrated,0.5998760635889124,0.9378997973697802
category,calibrated,0.6023547918106633,0.937443121117398
category,calibrated,0.6048335200324141,0.9372660282933365
category,calibrated,0.607312248254165,0.9370511361406538
category,calibrated,0.6097909764759158,0.9367989056087551
category,calibrated,0.6122697046976666,0.9364708630152984
category,calibrated,0.6147484329194175,0.9361066956150894
category,calibrated,0.6172271611411684,0.9358226821639573
category,calibrated,0.6197058893629191,0.9355794007922772
category,calibrated,0.62218461758467,0.9352997510055545
category,calibrated,0.6246633458064209,0.9351367850738296
category,calibrated,0.6271420740281717,0.9347090791623912
category,calibrated,0.6296208022499226,0.9343983041223455
category,calibrated,0.6320995304716733,0.9340522604728329
category,calibrated,0.6345782586934242,0.9337840375586854
category,calibrated,0.6370569869151751,0.9331437764226121
category,calibrated,0.6395357151369259,0.9328811538031528
category,calibrated,0.6420144433586767,0.9327690537179344
category,calibrated,0.6444931715804276,0.9323619688620983
category,calibrated,0.6469718998021784,0.9321421993000553
category,calibrated,0.6494506280239293,0.9317039157400272
category,calibrated,0.65192935624568,0.9315248784411216
category,calibrated,0.6544080844674309,0.9313107768510762
category,calibrated,0.6568868126891818,0.9309168752948006
category,calibrated,0.6593655409109326,0.9305259352973071
category,calibrated,0.6618442691326835,0.9302459577226404
category,calibrated,0.6643229973544343,0.93021920855308
category,calibrated,0.6668017255761851,0.9299424527290274
category,calibrated,0.669280453797936,0.9298458032121363
category,calibrated,0.6717591820196869,0.9297498669505055
category,calibrated,0.6742379102414376,0.929442539502987
category,calibrated,0.6767166384631885,0.9292079033564611
category,calibrated,0.6791953666849393,0.9289749798224375
category,calibrated,0.6816740949066902,0.9286038949687074
category,calibrated,0.6841528231284411,0.9282354990419788
category,calibrated,0.6866315513501918,0.927973897046062
category,calibrated,0.6891102795719427,0.9277833500501504
category,calibrated,0.6915890077936936,0.9274563187097219
category,calibrated,0.6940677360154444,0.9272003021874249
category,calibrated,0.6965464642371952,0.9269803250641574
category,calibrated,0.699025192458946,0.9266255242251696
category,calibrated,0.7015039206806969,0.926205279787993
category,calibrated,0.7039826489024478,0.9258557064021397
category,calibrated,0.7064613771241985,0.925609797240309
category,calibrated,0.7089401053459494,0.9251638930912759
category,calibrated,0.7114188335677003,0.9248551040235854
category,calibrated,0.7138975617894511,0.9245484592528295
category,calibrated,0.716376290011202,0.9242439365206109
category,calibrated,0.7188550182329528,0.9241072908723186
category,calibrated,0.7213337464547036,0.9240046258053858
category,calibrated,0.7238124746764545,0.9238368072705719
category,calibrated,0.7262912028982053,0.9235060545400847
category,calibrated,0.7287699311199561,0.9231121431141054
category,calibrated,0.731248659341707,0.9226883087252697
category,calibrated,0.7337273875634578,0.9223323046938444
category,calibrated,0.7362061157852087,0.9219139499498203
category,calibrated,0.7386848440069596,0.9215951989158843
category,calibrated,0.7411635722287103,0.9212785799273242
category,calibrated,0.7436423004504612,0.9208358706451716
category,calibrated,0.746121028672212,0.9206835968695096
category,calibrated,0.7485997568939629,0.9202457894234136
category,calibrated,0.7510784851157137,0.9200012693174245
category,calibrated,0.7535572133374645,0.9194737008571339
category,calibrated,0.7560359415592154,0.9192648403265975
category,calibrated,0.7585146697809663,0.9189316575019638
category,calibrated,0.760993398002717,0.9184753672210216
category,calibrated,0.7634721262244679,0.9179596041582119
category,calibrated,0.7659508544462188,0.9178828142016989
category,calibrated,0.7684295826679696,0.9176824540181756
category,calibrated,0.7709083108897204,0.9176070490029371
category,calibrated,0.7733870391114712,0.9174088569755616
category,calibrated,0.7758657673332221,0.917181212177065
category,calibrated,0.778344495554973,0.916985638607343
category,calibrated,0.7808232237767238,0.9166692103415647
category,calibrated,0.7833019519984746,0.9162026471930625
category,calibrated,0.7857806802202255,0.9157086960478025
category,calibrated,0.7882594084419763,0.9154899767181689
category,calibrated,0.7907381366637272,0.9152726286282665
category,calibrated,0.7932168648854779,0.9147261200084132
category,calibrated,0.7956955931072288,0.9145424591882582
category,calibrated,0.7981743213289797,0.9143897996357013
category,calibrated,0.8006530495507305,0.9141190128895901
category,calibrated,0.8031317777724813,0.9137905451523874
category,calibrated,0.8056105059942322,0.9134640986953049
category,calibrated,0.808089234215983,0.9130216782185518
category,calibrated,0.8105679624377339,0.9126995795230675
category,calibrated,0.8130466906594848,0.9122328730982323
category,calibrated,0.8155254188812355,0.9117690037116053
category,calibrated,0.8180041471029864,0.9116284490545147
category,calibrated,0.8204828753247372,0.9112563543936093
category,calibrated,0.8229616035464881,0.9109733846911292
category,calibrated,0.8254403317682389,0.9106632402621777
category,calibrated,0.8279190599899897,0.9103549529320322
category,calibrated,0.8303977882117406,0.9101633133377343
category,calibrated,0.8328765164334915,0.9098011160394907
category,calibrated,0.8353552446552422,0.9093554737653
category,calibrated,0.8378339728769931,0.9088840212784115
category,calibrated,0.8403127010987439,0.908613892276711
category,calibrated,0.8427914293204948,0.9084301914538616
category,calibrated,0.8452701575422457,0.908162977583533
category,calibrated,0.8477488857639964,0.9077848688464675
category,calibrated,0.8502276139857473,0.9075771591960307
category,calibrated,0.8527063422074982,0.9072029516169606
category,calibrated,0.855185070429249,0.9069981327164794
category,calibrated,0.8576637986509998,0.9066555509239961
category,calibrated,0.8601425268727507,0.9065366178059797
category,calibrated,0.8626212550945015,0.9060868123670323
category,calibrated,0.8650999833162524,0.9059150894013279
category,calibrated,0.8675787115380031,0.905634460591742
category,calibrated,0.870057439759754,0.9052184632242158
category,calibrated,0.8725361679815049,0.9049414078505286
category,calibrated,0.8750148962032557,0.9047748753847411
category,calibrated,0.8774936244250066,0.9045277996577668
category,calibrated,0.8799723526467574,0.9043904552964438
category,calibrated,0.8824510808685082,0.9042268737339635
category,calibrated,0.8849298090902591,0.9039026098198174
category,calibrated,0.8874085373120099,0.9035264415975076
category,calibrated,0.8898872655337607,0.9033130674665881
category,calibrated,0.8923659937555116,0.9029139178974921
category,calibrated,0.8948447219772624,0.9025169796244507
category,calibrated,0.8973234501990133,0.9022550399745013
category,calibrated,0.8998021784207642,0.9017826397902153
category,calibrated,0.9022809066425149,0.9016826478590485
category,calibrated,0.9047596348642658,0.9014514896867838
category,calibrated,0.9072383630860167,0.9012215946407461
category,calibrated,0.9097170913077675,0.9009143545809426
category,calibrated,0.9121958195295183,0.9007132965798343
category,calibrated,0.9146745477512691,0.9003830419261537
category,calibrated,0.91715327597302,0.9001585197889868
category,calibrated,0.9196320041947709,0.8997278735259816
category,calibrated,0.9221107324165216,0.8995580139057613
category,calibrated,0.9245894606382725,0.8992601758049132
category,calibrated,0.9270681888600234,0.8989125125331002
category,calibrated,0.9295469170817742,0.8986179841542524
category,calibrated,0.932025645303525,0.8983761667305971
category,calibrated,0.9345043735252759,0.8980081103828202
category,calibrated,0.9369831017470267,0.8975911276168189
category,calibrated,0.9394618299687776,0.8974807824035315
category,calibrated,0.9419405581905284,0.8971685939120974
category,calibrated,0.9444192864122792,0.8967570977917981
category,calibrated,0.9468980146340301,0.8964987792292783
category,calibrated,0.9493767428557809,0.8960158662415585
category,calibrated,0.9518554710775318,0.8956606655482384
category,calibrated,0.9543341992992826,0.8954571564146749
category,calibrated,0.9568129275210334,0.8951799725993275
category,calibrated,0.9592916557427843,0.8949787572362047
category,calibrated,0.9617703839645351,0.8946794538200382
category,calibrated,0.964249112186286,0.8941592307882443
category,calibrated,0.9667278404080368,0.8937156381746012
category,calibrated,0.9692065686297876,0.893200541005779
category,calibrated,0.9716852968515385,0.8927861855821826
category,calibrated,0.9741640250732894,0.8923494727570768
category,calibrated,0.9766427532950401,0.8921834199672988
category,calibrated,0.979121481516791,0.8916530756310703
category,calibrated,0.9816002097385419,0.8911011290518392
category,calibrated,0.9840789379602927,0.8905035239410012
category,calibrated,0.9865576661820435,0.8899813978208876
category,calibrated,0.9890363944037943,0.8897028700869942
category,calibrated,0.9915151226255452,0.8890411288190188
category,calibrated,0.9939938508472961,0.8883826879271071
category,calibrated,0.9964725790690468,0.8877036044870722
category,calibrated,0.9989513072907977,0.8866938658650061
category,d1_only,2.3833925209142695e-5,1
category,d1_only,0.0025025621469599827,1
category,d1_only,0.004981290368710823,1
category,d1_only,0.007460018590461663,1
category,d1_only,0.009938746812212504,1
category,d1_only,0.012417475033963343,0.9961612284069098
category,d1_only,0.014896203255714184,0.9952
category,d1_only,0.017374931477465022,0.9876543209876543
category,d1_only,0.019853659699215865,0.985594237695078
category,d1_only,0.022332387920966704,0.9850586979722519
category,d1_only,0.024811116142717544,0.9798270893371758
category,d1_only,0.027289844364468383,0.9781659388646288
category,d1_only,0.029768572586219226,0.9751801441152922
category,d1_only,0.032247300807970065,0.9704360679970436
category,d1_only,0.034726029029720905,0.9691146190803019
category,d1_only,0.037204757251471744,0.9647661755285074
category,d1_only,0.039683485473222584,0.9633633633633634
category,d1_only,0.04216221369497342,0.9626907857546636
category,d1_only,0.04464094191672426,0.9615589962626802
category,d1_only,0.04711967013847511,0.9595346484572584
category,d1_only,0.04959839836022595,0.9601153291686689
category,d1_only,0.05207712658197679,0.9592677345537758
category,d1_only,0.05455585480372763,0.9584971603320227
category,d1_only,0.057034583025478466,0.9582114500626828
category,d1_only,0.059513311247229306,0.9579495394473369
category,d1_only,0.061992039468980145,0.9588619761630143
category,d1_only,0.06447076769073098,0.9574861367837338
category,d1_only,0.06694949591248182,0.9569241723033108
category,d1_only,0.06942822413423266,0.9553724682457947
category,d1_only,0.0719069523559835,0.9542591978786874
category,d1_only,0.07438568057773434,0.9528997116308875
category,d1_only,0.07686440879948518,0.9516279069767442
category,d1_only,0.07934313702123602,0.9513367377590868
category,d1_only,0.08182186524298687,0.9498980483542091
category,d1_only,0.08430059346473771,0.9491094147582697
category,d1_only,0.08677932168648855,0.9469925844548202
category,d1_only,0.08925804990823939,0.9460614152202937
category,d1_only,0.09173677812999023,0.9451805663808781
category,d1_only,0.09421550635174107,0.9448520111307868
category,d1_only,0.09669423457349191,0.9445403007148139
category,d1_only,0.09917296279524275,0.9444844989185291
category,d1_only,0.10165169101699359,0.9439624853458383
category,d1_only,0.10413041923874443,0.9420920119020371
category,d1_only,0.10660914746049527,0.941426335792533
category,d1_only,0.10908787568224611,0.9410093948000874
category,d1_only,0.11156660390399695,0.9399700918607136
category,d1_only,0.11404533212574779,0.9400208986415883
category,d1_only,0.11652406034749863,0.9402740846798936
category,d1_only,0.11900278856924947,0.9407170038053274
category,d1_only,0.1214815167910003,0.9399646851088875
category,d1_only,0.12396024501275114,0.9396269948086906
category,d1_only,0.12643897323450198,0.9383600377002828
category,d1_only,0.12891770145625284,0.9378813089295619
category,d1_only,0.13139642967800366,0.9368764737892255
category,d1_only,0.13387515789975452,0.9367990030265266
category,d1_only,0.13635388612150534,0.9367243488900542
category,d1_only,0.1388326143432562,0.9359656652360515
category,d1_only,0.14131134256500702,0.9357395850902345
category,d1_only,0.14379007078675787,0.9353555445052213
category,d1_only,0.1462687990085087,0.9356363043832492
category,d1_only,0.14874752723025955,0.9360679378304759
category,d1_only,0.1512262554520104,0.9360126083530339
category,d1_only,0.15370498367376123,0.9361141262211196
category,d1_only,0.15618371189551208,0.9354494124828323
category,d1_only,0.1586624401172629,0.9355565570076612
category,d1_only,0.16114116833901376,0.9350687768081645
category,d1_only,0.1636198965607646,0.9350327749453751
category,d1_only,0.16609862478251544,0.9354283254412398
category,d1_only,0.16857735300426627,0.9356708610207832
category,d1_only,0.17105608122601712,0.9352096976452556
category,d1_only,0.17353480944776795,0.934487021013597
category,d1_only,0.1760135376695188,0.9345971563981043
category,d1_only,0.17849226589126962,0.9348377620510081
category,d1_only,0.18097099411302048,0.9348083761359146
category,d1_only,0.1834497223347713,0.9346498635832142
category,d1_only,0.18592845055652216,0.9339828227150365
category,d1_only,0.18840717877827298,0.9340923466160658
category,d1_only,0.19088590700002384,0.9339493070295917
category,d1_only,0.19336463522177466,0.9344262295081968
category,d1_only,0.19584336344352551,0.9334306924668371
category,d1_only,0.19832209166527637,0.9328205744501863
category,d1_only,0.2008008198870272,0.9328189910979229
category,d1_only,0.20327954810877805,0.9323484582014304
category,d1_only,0.20575827633052887,0.9321209313100892
category,d1_only,0.20823700455227973,0.9314409980542521
category,d1_only,0.21071573277403055,0.9311163895486936
category,d1_only,0.2131944609957814,0.9304639463387367
category,d1_only,0.21567318921753223,0.9300475190628799
category,d1_only,0.21815191743928308,0.9294220474161478
category,d1_only,0.2206306456610339,0.9294587879442584
category,d1_only,0.22310937388278476,0.9291742335220596
category,d1_only,0.2255881021045356,0.9285789751716852
category,d1_only,0.22806683032628644,0.9281011599958199
category,d1_only,0.23054555854803727,0.9281505220717461
category,d1_only,0.23302428676978812,0.927994272271658
category,d1_only,0.23550301499153894,0.9274364942819553
category,d1_only,0.2379817432132898,0.9267901852779169
category,d1_only,0.24046047143504062,0.9269501437208841
category,d1_only,0.24293919965679148,0.9265181987638575
category,d1_only,0.24541792787854233,0.9261920947848888
category,d1_only,0.24789665610029316,0.9261609460628786
category,d1_only,0.250375384322044,0.9257496430271299
category,d1_only,0.25285411254379486,0.9254406635875201
category,d1_only,0.2553328407655457,0.9253243722580043
category,d1_only,0.2578115689872965,0.9251178700194139
category,d1_only,0.26029029720904734,0.9248237340902847
category,d1_only,0.2627690254307982,0.9244444444444444
category,d1_only,0.26524775365254905,0.9241620990205769
category,d1_only,0.26772648187429987,0.9237959583370426
category,d1_only,0.2702052100960507,0.923701155508512
category,d1_only,0.2726839383178016,0.923782886111354
category,d1_only,0.2751626665395524,0.9238631442182763
category,d1_only,0.27764139476130323,0.9236844364323118
category,d1_only,0.28012012298305405,0.923679060665362
category,d1_only,0.28259885120480494,0.9236737792021591
category,d1_only,0.28507757942655576,0.9240866148315359
category,d1_only,0.2875563076483066,0.9241607956900124
category,d1_only,0.29003503587005747,0.9242337086038294
category,d1_only,0.2925137640918083,0.9244683451478856
category,d1_only,0.2949924923135591,0.9243758584471197
category,d1_only,0.29747122053530994,0.9242849130678632
category,d1_only,0.2999499487570608,0.9240365514501391
category,d1_only,0.30242867697881165,0.9240286862636929
category,d1_only,0.3049074052005625,0.9237082779645118
category,d1_only,0.3073861334223133,0.9238582616112274
category,d1_only,0.3098648616440642,0.9236981770633028
category,d1_only,0.312343589865815,0.9236932468523464
category,d1_only,0.31482231808756583,0.9236883942766295
category,d1_only,0.31730104630931666,0.9233080447682717
category,d1_only,0.31977977453106754,0.9231571886412759
category,d1_only,0.32225850275281837,0.9231565712595222
category,d1_only,0.3247372309745692,0.9227889908256881
category,d1_only,0.32721595919632,0.9229368490057542
category,d1_only,0.3296946874180709,0.9224318658280922
category,d1_only,0.3321734156398217,0.9220061706249552
category,d1_only,0.33465214386157255,0.9219428815611423
category,d1_only,0.33713087208332343,0.9213149522799576
category,d1_only,0.33960960030507426,0.92167871429574
category,d1_only,0.3420883285268251,0.9212011426182679
category,d1_only,0.3445670567485759,0.9212838071522446
category,d1_only,0.3470457849703268,0.9211592610397638
category,d1_only,0.3495245131920776,0.920763723150358
category,d1_only,0.35200324141382844,0.9207800121876905
category,d1_only,0.35448196963557926,0.9209305452833995
category,d1_only,0.35696069785733014,0.9210122187353943
category,d1_only,0.35943942607908097,0.9209601485312645
category,d1_only,0.3619181543008318,0.9209087915706289
category,d1_only,0.3643968825225826,0.9207927267970436
category,d1_only,0.3668756107443335,0.9208731241473397
category,d1_only,0.36935433896608433,0.920694327934439
category,d1_only,0.37183306718783515,0.9206461124286904
category,d1_only,0.374311795409586,0.9207258834765998
category,d1_only,0.37679052363133686,0.9204250743247517
category,d1_only,0.3792692518530877,0.9202538804750833
category,d1_only,0.3817479800748385,0.9204595117687457
category,d1_only,0.3842267082965894,0.9204143663544445
category,d1_only,0.3867054365183402,0.9198767334360555
category,d1_only,0.38918416474009104,0.9197746340865944
category,d1_only,0.39166289296184187,0.9198563865392807
category,d1_only,0.39414162118359275,0.9199975811815928
category,d1_only,0.3966203494053436,0.9199567333693889
category,d1_only,0.3990990776270944,0.9197372349955211
category,d1_only,0.4015778058488452,0.9194017449106772
category,d1_only,0.4040565340705961,0.9191293576358167
category,d1_only,0.40653526229234693,0.9184499032655215
category,d1_only,0.40901399051409776,0.9185362158382379
category,d1_only,0.4114927187358486,0.9183318853171155
category,d1_only,0.41397144695759946,0.918475444757902
category,d1_only,0.4164501751793503,0.9183883706289704
category,d1_only,0.4189289034011011,0.9182454343744666
category,d1_only,0.42140763162285194,0.9182172954018438
category,d1_only,0.4238863598446028,0.9180208040483554
category,d1_only,0.42636508806635365,0.918161998993795
category,d1_only,0.4288438162881045,0.91807925304285
category,d1_only,0.43132254450985535,0.9179422003647013
category,d1_only,0.4338012727316062,0.9176418878083622
category,d1_only,0.436280000953357,0.9176181371210052
category,d1_only,0.43875872917510783,0.9175403335325113
category,d1_only,0.4412374573968587,0.9171933236104359
category,d1_only,0.44371618561860954,0.9171724767685449
category,d1_only,0.44619491384036036,0.9173121093958656
category,d1_only,0.4486736420621112,0.9169721115537849
category,d1_only,0.45115237028386207,0.9171641396798563
category,d1_only,0.4536310985056129,0.9169337466505543
category,d1_only,0.4561098267273637,0.9164445837905628
category,d1_only,0.45858855494911455,0.916012681253573
category,d1_only,0.4610672831708654,0.9159472731972086
category,d1_only,0.46354601139261625,0.9157283150804668
category,d1_only,0.4660247396143671,0.9154094000920575
category,d1_only,0.4685034678361179,0.9152464770819555
category,d1_only,0.4709821960578688,0.9152370831435656
category,d1_only,0.4734609242796196,0.9148754090108231
category,d1_only,0.47593965250137044,0.9147678902298563
category,d1_only,0.4784183807231213,0.9144622129228317
category,d1_only,0.48089710894487214,0.9142092481538385
category,d1_only,0.48337583716662297,0.9139588777673685
category,d1_only,0.4858545653883738,0.9140544518027962
category,d1_only,0.4883332936101247,0.9137097955000244
category,d1_only,0.4908120218318755,0.9136599815471277
category,d1_only,0.4932907500536263,0.9137556167560515
category,d1_only,0.49576947827537715,0.9137060718234701
category,d1_only,0.49824820649712803,0.9137048552977757
category,d1_only,0.5007269347188789,0.9135132562235233
category,d1_only,0.5032056629406297,0.913465637285085
category,d1_only,0.5056843911623805,0.9134184851769808
category,d1_only,0.5081631193841314,0.9132310867220111
category,d1_only,0.5106418476058822,0.9132322053675612
category,d1_only,0.513120575827633,0.9130475173022435
category,d1_only,0.5155993040493839,0.9129570563490963
category,d1_only,0.5180780322711347,0.9129594700280628
category,d1_only,0.5205567604928856,0.9125955771255895
category,d1_only,0.5230354887146365,0.9125085440874915
category,d1_only,0.5255142169363872,0.9122862714862352
category,d1_only,0.5279929451581381,0.9119306640184174
category,d1_only,0.530471673379889,0.9117131688906861
category,d1_only,0.5329504016016398,0.9118107419167301
category,d1_only,0.5354291298233906,0.9118628978410861
category,d1_only,0.5379078580451414,0.9116044131330586
category,d1_only,0.5403865862668923,0.9113482997397786
category,d1_only,0.5428653144886432,0.9114018527461913
category,d1_only,0.5453440427103939,0.9113675101612692
category,d1_only,0.5478227709321448,0.9114204916249729
category,d1_only,0.5503014991538957,0.9113430637966131
category,d1_only,0.5527802273756465,0.9113525632734014
category,d1_only,0.5552589555973974,0.9111902820105593
category,d1_only,0.5577376838191481,0.9109439767531302
category,d1_only,0.560216412040899,0.9108274835141459
category,d1_only,0.5626951402626499,0.9107120166038375
category,d1_only,0.5651738684844007,0.910639733479526
category,d1_only,0.5676525967061515,0.9106100684385103
category,d1_only,0.5701313249279024,0.9106642698883826
category,d1_only,0.5726100531496532,0.9106347554630593
category,d1_only,0.5750887813714041,0.9105226076505449
category,d1_only,0.577567509593155,0.9105352205669954
category,d1_only,0.5800462378149057,0.9103422771911082
category,d1_only,0.5825249660366566,0.9103555501002414
category,d1_only,0.5850036942584074,0.9100427785699735
category,d1_only,0.5874824224801583,0.9098137855491095
category,d1_only,0.5899611507019091,0.9095463176180665
category,d1_only,0.5924398789236599,0.9094017781711389
category,d1_only,0.5949186071454108,0.9090180681863708
category,d1_only,0.5973973353671617,0.9090365050867744
category,d1_only,0.5998760635889124,0.9087766697127418
category,d1_only,0.6023547918106633,0.9086376765718356
category,d1_only,0.6048335200324141,0.9086180399574417
category,d1_only,0.607312248254165,0.9085985636356501
category,d1_only,0.6097909764759158,0.9086183310533515
category,d1_only,0.6122697046976666,0.9084433025808711
category,d1_only,0.6147484329194175,0.9082696855736052
category,d1_only,0.6172271611411684,0.9082519210719389
category,d1_only,0.6197058893629191,0.908157378562363
category,d1_only,0.62218461758467,0.9079869756751581
category,d1_only,0.6246633458064209,0.9077797703079095
category,d1_only,0.6271420740281717,0.9075742028655037
category,d1_only,0.6296208022499226,0.9072188363553773
category,d1_only,0.6320995304716733,0.9072056106481656
category,d1_only,0.6345782586934242,0.9070046948356808
category,d1_only,0.6370569869151751,0.9067305174155412
category,d1_only,0.6395357151369259,0.9063839302351582
category,d1_only,0.6420144433586767,0.9062256375988418
category,d1_only,0.6444931715804276,0.9062904478384675
category,d1_only,0.6469718998021784,0.9060232086940505
category,d1_only,0.6494506280239293,0.9059415024404566
category,d1_only,0.65192935624568,0.9058238584433151
category,d1_only,0.6544080844674309,0.9057435262410314
category,d1_only,0.6568868126891818,0.9056275171437901
category,d1_only,0.6593655409109326,0.9057654075546719
category,d1_only,0.6618442691326835,0.9057222082177968
category,d1_only,0.6643229973544343,0.9056075772252717
category,d1_only,0.6668017255761851,0.9054937984773207
category,d1_only,0.669280453797936,0.9053452512374915
category,d1_only,0.6717591820196869,0.9053042398438886
category,d1_only,0.6742379102414376,0.9051221322775637
category,d1_only,0.6767166384631885,0.9050822385799316
category,d1_only,0.6791953666849393,0.9050075446538232
category,d1_only,0.6816740949066902,0.9046886472500961
category,d1_only,0.6841528231284411,0.9044417348893921
category,d1_only,0.6866315513501918,0.9043354507272033
category,d1_only,0.6891102795719427,0.9043336907273545
category,d1_only,0.6915890077936936,0.9041251680049626
category,d1_only,0.6940677360154444,0.9039524741595413
category,d1_only,0.6965464642371952,0.9037125748502994
category,d1_only,0.699025192458946,0.9035084728425791
category,d1_only,0.7015039206806969,0.9034077396120002
category,d1_only,0.7039826489024478,0.903307715746352
category,d1_only,0.7064613771241985,0.9031746567254816
category,d1_only,0.7089401053459494,0.9032106236342242
category,d1_only,0.7114188335677003,0.9031458340312908
category,d1_only,0.7138975617894511,0.9031148799786332
category,d1_only,0.716376290011202,0.9030841401337458
category,d1_only,0.7188550182329528,0.9030204568814031
category,d1_only,0.7213337464547036,0.9029241698331406
category,d1_only,0.7238124746764545,0.9030919687839574
category,d1_only,0.7262912028982053,0.9031601745807765
category,d1_only,0.7287699311199561,0.9030316904863133
category,d1_only,0.731248659341707,0.9031974185978293
category,d1_only,0.7337273875634578,0.9030047100860809
category,d1_only,0.7362061157852087,0.9029104211855353
category,d1_only,0.7386848440069596,0.9028167650759849
category,d1_only,0.7411635722287103,0.9027880502942406
category,d1_only,0.7436423004504612,0.9026954264286401
category,d1_only,0.746121028672212,0.9027950806580418
category,d1_only,0.7485997568939629,0.9027667229138145
category,d1_only,0.7510784851157137,0.9026750864722496
category,d1_only,0.7535572133374645,0.902552424328684
category,d1_only,0.7560359415592154,0.9026197156457867
category,d1_only,0.7585146697809663,0.9024351924587588
category,d1_only,0.760993398002717,0.9023771493000095
category,d1_only,0.7634721262244679,0.902350700839759
category,d1_only,0.7659508544462188,0.9021377228739459
category,d1_only,0.7684295826679696,0.9018951025092273
category,d1_only,0.7709083108897204,0.9018086257535941
category,d1_only,0.7733870391114712,0.9015994329563315
category,d1_only,0.7758657673332221,0.9016373298927902
category,d1_only,0.778344495554973,0.9016137428422697
category,d1_only,0.7808232237767238,0.9016818778425567
category,d1_only,0.7833019519984746,0.901780009128252
category,d1_only,0.7857806802202255,0.9016955321665807
category,d1_only,0.7882594084419763,0.90152087805763
category,d1_only,0.7907381366637272,0.9012870361997769
category,d1_only,0.7932168648854779,0.901144797331811
category,d1_only,0.7956955931072288,0.90121311966452
category,d1_only,0.7981743213289797,0.9010122726865538
category,d1_only,0.8006530495507305,0.9009019736254577
category,d1_only,0.8031317777724813,0.9007626791702525
category,d1_only,0.8056105059942322,0.9006834117333806
category,d1_only,0.808089234215983,0.9005751364105589
category,d1_only,0.8105679624377339,0.9003499073774589
category,d1_only,0.8130466906594848,0.9003019376777182
category,d1_only,0.8155254188812355,0.9000496829061577
category,d1_only,0.8180041471029864,0.8998280935870167
category,d1_only,0.8204828753247372,0.8996949891067538
category,d1_only,0.8229616035464881,0.8995047641113267
category,d1_only,0.8254403317682389,0.8994023041607715
category,d1_only,0.8279190599899897,0.8991565189855197
category,d1_only,0.8303977882117406,0.8991705174937573
category,d1_only,0.8328765164334915,0.8990699670911432
category,d1_only,0.8353552446552422,0.8988844189563183
category,d1_only,0.8378339728769931,0.8988422040793105
category,d1_only,0.8403127010987439,0.8988286014124854
category,d1_only,0.8427914293204948,0.898758519272645
category,d1_only,0.8452701575422457,0.898773438601438
category,d1_only,0.8477488857639964,0.8984227838848435
category,d1_only,0.8502276139857473,0.8982704005830741
category,d1_only,0.8527063422074982,0.898146854124158
category,d1_only,0.855185070429249,0.8980518937599287
category,d1_only,0.8576637986509998,0.8980130609976379
category,d1_only,0.8601425268727507,0.8978913242262185
category,d1_only,0.8626212550945015,0.8978808056806565
category,d1_only,0.8650999833162524,0.8977325949803014
category,d1_only,0.8675787115380031,0.8977500618114886
category,d1_only,0.870057439759754,0.8976578550883441
category,d1_only,0.8725361679815049,0.8976754350023218
category,d1_only,0.8750148962032557,0.8975294854683628
category,d1_only,0.8774936244250066,0.897493005948339
category,d1_only,0.8799723526467574,0.8974296470843152
category,d1_only,0.8824510808685082,0.8971505739365294
category,d1_only,0.8849298090902591,0.8970615960569905
category,d1_only,0.8874085373120099,0.8968388257728359
category,d1_only,0.8898872655337607,0.8968047781021506
category,d1_only,0.8923659937555116,0.8968243369568121
category,d1_only,0.8948447219772624,0.8964975362897856
category,d1_only,0.8973234501990133,0.8964647135382082
category,d1_only,0.8998021784207642,0.8962466558948957
category,d1_only,0.9022809066425149,0.8960826267268933
category,d1_only,0.9047596348642658,0.8959721819762387
category,d1_only,0.9072383630860167,0.8958097990279784
category,d1_only,0.9097170913077675,0.895569703162252
category,d1_only,0.9121958195295183,0.8955138086901994
category,d1_only,0.9146745477512691,0.8953539880657686
category,d1_only,0.91715327597302,0.8953769392687301
category,d1_only,0.9196320041947709,0.8951924322923416
category,d1_only,0.9221107324165216,0.8949830701232908
category,d1_only,0.9245894606382725,0.8946201634315469
category,d1_only,0.9270681888600234,0.8945419955266473
category,d1_only,0.9295469170817742,0.8942078408245943
category,d1_only,0.932025645303525,0.8942590461577803
category,d1_only,0.9345043735252759,0.8941314494121247
category,d1_only,0.9369831017470267,0.8938264696156488
category,d1_only,0.9394618299687776,0.8937006875206129
category,d1_only,0.9419405581905284,0.8936261734267857
category,d1_only,0.9444192864122792,0.8933249211356467
category,d1_only,0.9468980146340301,0.8931259281633064
category,d1_only,0.9493767428557809,0.8929781839178571
category,d1_only,0.9518554710775318,0.8928312091544182
category,d1_only,0.9543341992992826,0.8925851002722209
category,d1_only,0.9568129275210334,0.8922655374268278
category,d1_only,0.9592916557427843,0.8921215433923824
category,d1_only,0.9617703839645351,0.8919287289668674
category,d1_only,0.964249112186286,0.8916133178436364
category,d1_only,0.9667278404080368,0.8913241783979685
category,d1_only,0.9692065686297876,0.8909873355465388
category,d1_only,0.9716852968515385,0.8907257965611126
category,d1_only,0.9741640250732894,0.8904411225014068
category,d1_only,0.9766427532950401,0.8900358737828538
category,d1_only,0.979121481516791,0.8899247827462817
category,d1_only,0.9816002097385419,0.889741410707782
category,d1_only,0.9840789379602927,0.8891956695487903
category,d1_only,0.9865576661820435,0.8888700988089774
category,d1_only,0.9890363944037943,0.8884256693254934
category,d1_only,0.9915151226255452,0.88807961347083
category,d1_only,0.9939938508472961,0.8878551732406186
category,d1_only,0.9964725790690468,0.8872969934703054
category,d1_only,0.9989513072907977,0.8867654427027414
