Protein	Contig	Genome	Viral Probability (annotate)	Viral Confidence Level (annotate)	Viral Probability (de-novo)	Viral Confidence Level (de-novo)	Classification (annotate)	Function (annotate)	AVG-like Probability (de-novo)	AVG-like Confidence Level (de-novo)	Final AVG Probability (de-novo)	Final AVG Confidence Level (de-novo)
vRhyme_bin_1__BAr2D2E2F_000000009081_1	vRhyme_bin_1__BAr2D2E2F_000000009081	BAr2D2E2F_vRhyme_bin_1	0.6608145	medium	1.0	very high	unclassified		0.0	low	0.0	low
vRhyme_bin_1__BAr2D2E2F_000000009081_2	vRhyme_bin_1__BAr2D2E2F_000000009081	BAr2D2E2F_vRhyme_bin_1	0.7967165	medium	1.0	very high	unclassified		0.0	low	0.0	low
vRhyme_bin_1__BAr2D2E2F_000000009081_3	vRhyme_bin_1__BAr2D2E2F_000000009081	BAr2D2E2F_vRhyme_bin_1	0.78871614	medium	1.0	very high	unclassified		0.0	low	0.0	low
vRhyme_bin_1__BAr2D2E2F_000000009081_4	vRhyme_bin_1__BAr2D2E2F_000000009081	BAr2D2E2F_vRhyme_bin_1	0.714851	medium	1.0	very high	unclassified		0.0	low	0.0	low
vRhyme_bin_1__BAr2D2E2F_000000009081_5	vRhyme_bin_1__BAr2D2E2F_000000009081	BAr2D2E2F_vRhyme_bin_1	0.50583833	low	1.0	very high	unclassified		0.0	low	0.0	low
vRhyme_bin_1__BAr2D2E2F_000000009081_6	vRhyme_bin_1__BAr2D2E2F_000000009081	BAr2D2E2F_vRhyme_bin_1	0.53929394	low	1.0	very high	unclassified		0.0	low	0.0	low
vRhyme_bin_1__BAr2D2E2F_000000009081_7	vRhyme_bin_1__BAr2D2E2F_000000009081	BAr2D2E2F_vRhyme_bin_1	0.5192864	low	1.0	very high	unclassified		0.0	low	0.0	low
vRhyme_bin_1__BAr2D2E2F_000000009081_8	vRhyme_bin_1__BAr2D2E2F_000000009081	BAr2D2E2F_vRhyme_bin_1	0.4164883	low	1.0	very high	unclassified		0.0	low	0.0	low
vRhyme_bin_1__BAr2D2E2F_000000009081_9	vRhyme_bin_1__BAr2D2E2F_000000009081	BAr2D2E2F_vRhyme_bin_1	0.5039502	low	1.0	very high	unclassified		0.0	low	0.0	low
vRhyme_bin_1__BAr2D2E2F_000000009081_10	vRhyme_bin_1__BAr2D2E2F_000000009081	BAr2D2E2F_vRhyme_bin_1	0.38039562	low	1.0	very high	unclassified		0.0	low	0.0	low
vRhyme_bin_1__BAr2D2E2F_000000009081_11	vRhyme_bin_1__BAr2D2E2F_000000009081	BAr2D2E2F_vRhyme_bin_1	0.56163585	low	1.0	very high	unclassified		0.0	low	0.0	low
vRhyme_bin_1__BAr2D2E2F_000000009081_12	vRhyme_bin_1__BAr2D2E2F_000000009081	BAr2D2E2F_vRhyme_bin_1	0.5789054	medium	1.0	very high	unclassified		0.0	low	0.0	low
vRhyme_bin_1__BAr2D2E2F_000000009081_13	vRhyme_bin_1__BAr2D2E2F_000000009081	BAr2D2E2F_vRhyme_bin_1	0.08287477	low	1.0	very high	unclassified		0.843	high	0.843	high
vRhyme_bin_1__BAr2D2E2F_000000009081_14	vRhyme_bin_1__BAr2D2E2F_000000009081	BAr2D2E2F_vRhyme_bin_1	0.5948072	medium	1.0	very high	regulatory	parB, spo0J; ParB family transcriptional regulator, chromosome partitioning protein	0.229	medium	0.229	medium
vRhyme_bin_1__BAr2D2E2F_000000009081_15	vRhyme_bin_1__BAr2D2E2F_000000009081	BAr2D2E2F_vRhyme_bin_1	0.3914536	low	1.0	very high	unclassified		0.0	low	0.0	low
vRhyme_bin_1__BAr2D2E2F_000000009081_16	vRhyme_bin_1__BAr2D2E2F_000000009081	BAr2D2E2F_vRhyme_bin_1	0.5024447	low	1.0	very high	unclassified		0.0	low	0.0	low
vRhyme_bin_1__BAr2D2E2F_000000009081_17	vRhyme_bin_1__BAr2D2E2F_000000009081	BAr2D2E2F_vRhyme_bin_1	0.11119444	low	1.0	very high	unclassified		0.0	low	0.0	low
vRhyme_bin_1__BAr2D2E2F_000000009081_18	vRhyme_bin_1__BAr2D2E2F_000000009081	BAr2D2E2F_vRhyme_bin_1	0.4343303	low	1.0	very high	unclassified		0.0	low	0.0	low
vRhyme_bin_1__BAr2D2E2F_000000009081_19	vRhyme_bin_1__BAr2D2E2F_000000009081	BAr2D2E2F_vRhyme_bin_1	0.50145084	low	1.0	very high	unclassified		0.0	low	0.0	low
vRhyme_bin_1__BAr2D2E2F_000000009081_20	vRhyme_bin_1__BAr2D2E2F_000000009081	BAr2D2E2F_vRhyme_bin_1	0.6313038	medium	1.0	very high	unclassified		0.0	low	0.0	low
vRhyme_bin_1__BAr2D2E2F_000000009081_21	vRhyme_bin_1__BAr2D2E2F_000000009081	BAr2D2E2F_vRhyme_bin_1	0.8913924	medium	1.0	very high	unclassified	acm; lysozyme	0.0	low	0.0	low
vRhyme_bin_1__BAr2D2E2F_000000009081_22	vRhyme_bin_1__BAr2D2E2F_000000009081	BAr2D2E2F_vRhyme_bin_1	0.33287972	low	1.0	very high	unclassified	DNA methyltransferase	0.0	low	0.0	low
vRhyme_bin_1__BAr2D2E2F_000000009081_23	vRhyme_bin_1__BAr2D2E2F_000000009081	BAr2D2E2F_vRhyme_bin_1	0.36006263	low	1.0	very high	unclassified		0.0	low	0.0	low
vRhyme_bin_1__BAr2D2E2F_000000009081_24	vRhyme_bin_1__BAr2D2E2F_000000009081	BAr2D2E2F_vRhyme_bin_1	0.3956783	low	1.0	very high	unclassified		0.0	low	0.0	low
vRhyme_bin_1__BAr2D2E2F_000000009081_25	vRhyme_bin_1__BAr2D2E2F_000000009081	BAr2D2E2F_vRhyme_bin_1	0.47823676	low	1.0	very high	unclassified		0.0	low	0.0	low
vRhyme_bin_1__BAr2D2E2F_000000009081_26	vRhyme_bin_1__BAr2D2E2F_000000009081	BAr2D2E2F_vRhyme_bin_1	0.50267833	low	1.0	very high	unclassified		0.0	low	0.0	low
vRhyme_bin_1__BAr2D2E2F_000000009081_27	vRhyme_bin_1__BAr2D2E2F_000000009081	BAr2D2E2F_vRhyme_bin_1	0.51535374	low	1.0	very high	unclassified		0.0	low	0.0	low
vRhyme_bin_1__BAr2D2E2F_000000009081_28	vRhyme_bin_1__BAr2D2E2F_000000009081	BAr2D2E2F_vRhyme_bin_1	0.17851932	low	1.0	very high	unclassified		0.0	low	0.0	low
vRhyme_bin_1__BAr2D2E2F_000000009081_29	vRhyme_bin_1__BAr2D2E2F_000000009081	BAr2D2E2F_vRhyme_bin_1	0.5292505	low	1.0	very high	unclassified		0.0	low	0.0	low
vRhyme_bin_1__BAr2D2E2F_000000009081_30	vRhyme_bin_1__BAr2D2E2F_000000009081	BAr2D2E2F_vRhyme_bin_1	0.6211683	medium	1.0	very high	unclassified		0.0	low	0.0	low
vRhyme_bin_1__BAr2D2E2F_000000009081_31	vRhyme_bin_1__BAr2D2E2F_000000009081	BAr2D2E2F_vRhyme_bin_1	0.6131624	medium	1.0	very high	unclassified	""	0.0	low	0.0	low
vRhyme_bin_1__BAr2D2E2F_000000011539_1	vRhyme_bin_1__BAr2D2E2F_000000011539	BAr2D2E2F_vRhyme_bin_1	0.7631208	medium	1.0	very high	unclassified		0.0	low	0.0	low
vRhyme_bin_1__BAr2D2E2F_000000011539_2	vRhyme_bin_1__BAr2D2E2F_000000011539	BAr2D2E2F_vRhyme_bin_1	0.7397611	medium	1.0	very high	unclassified		0.0	low	0.0	low
vRhyme_bin_1__BAr2D2E2F_000000011539_3	vRhyme_bin_1__BAr2D2E2F_000000011539	BAr2D2E2F_vRhyme_bin_1	0.71846753	medium	1.0	very high	unclassified		0.0	low	0.0	low
vRhyme_bin_1__BAr2D2E2F_000000011539_4	vRhyme_bin_1__BAr2D2E2F_000000011539	BAr2D2E2F_vRhyme_bin_1	0.41156095	low	1.0	very high	unclassified	PDF, def; peptide deformylase [EC:3.5.1.88]	0.0	low	0.0	low
vRhyme_bin_1__BAr2D2E2F_000000011539_5	vRhyme_bin_1__BAr2D2E2F_000000011539	BAr2D2E2F_vRhyme_bin_1	0.829275	medium	1.0	very high	unclassified		0.0	low	0.0	low
vRhyme_bin_1__BAr2D2E2F_000000011539_6	vRhyme_bin_1__BAr2D2E2F_000000011539	BAr2D2E2F_vRhyme_bin_1	0.7626073	medium	0.9436	high	unclassified	udg; uracil-DNA glycosylase [EC:3.2.2.27]	0.9524	very high	0.8987	high
vRhyme_bin_1__BAr2D2E2F_000000011539_7	vRhyme_bin_1__BAr2D2E2F_000000011539	BAr2D2E2F_vRhyme_bin_1	0.79472774	medium	1.0	very high	unclassified		0.0	low	0.0	low
vRhyme_bin_1__BAr2D2E2F_000000011539_8	vRhyme_bin_1__BAr2D2E2F_000000011539	BAr2D2E2F_vRhyme_bin_1	0.7789002	medium	1.0	very high	unclassified		0.0	low	0.0	low
vRhyme_bin_1__BAr2D2E2F_000000011539_9	vRhyme_bin_1__BAr2D2E2F_000000011539	BAr2D2E2F_vRhyme_bin_1	0.7999263	medium	1.0	very high	unclassified		0.0	low	0.0	low
vRhyme_bin_1__BAr2D2E2F_000000011539_10	vRhyme_bin_1__BAr2D2E2F_000000011539	BAr2D2E2F_vRhyme_bin_1	0.82031095	medium	1.0	very high	unclassified		0.0	low	0.0	low
vRhyme_bin_1__BAr2D2E2F_000000011539_11	vRhyme_bin_1__BAr2D2E2F_000000011539	BAr2D2E2F_vRhyme_bin_1	0.8105715	medium	1.0	very high	unclassified		0.0	low	0.0	low
vRhyme_bin_1__BAr2D2E2F_000000011539_12	vRhyme_bin_1__BAr2D2E2F_000000011539	BAr2D2E2F_vRhyme_bin_1	0.5501106	low	1.0	very high	unclassified		0.0	low	0.0	low
vRhyme_bin_1__BAr2D2E2F_000000011539_13	vRhyme_bin_1__BAr2D2E2F_000000011539	BAr2D2E2F_vRhyme_bin_1	0.8747842	medium	1.0	very high	unclassified		0.0	low	0.0	low
vRhyme_bin_1__BAr2D2E2F_000000011539_14	vRhyme_bin_1__BAr2D2E2F_000000011539	BAr2D2E2F_vRhyme_bin_1	0.8569056	medium	1.0	very high	unclassified		0.0	low	0.0	low
vRhyme_bin_1__BAr2D2E2F_000000011539_15	vRhyme_bin_1__BAr2D2E2F_000000011539	BAr2D2E2F_vRhyme_bin_1	0.8639545	medium	1.0	very high	unclassified		0.0	low	0.0	low
vRhyme_bin_1__BAr2D2E2F_000000011539_16	vRhyme_bin_1__BAr2D2E2F_000000011539	BAr2D2E2F_vRhyme_bin_1	0.8676951	medium	1.0	very high	unclassified		0.0	low	0.0	low
vRhyme_bin_1__BAr2D2E2F_000000011539_17	vRhyme_bin_1__BAr2D2E2F_000000011539	BAr2D2E2F_vRhyme_bin_1	0.84519607	medium	1.0	very high	unclassified		0.0	low	0.0	low
vRhyme_bin_1__BAr2D2E2F_000000011539_18	vRhyme_bin_1__BAr2D2E2F_000000011539	BAr2D2E2F_vRhyme_bin_1	0.48252496	low	1.0	very high	unclassified		0.0	low	0.0	low
vRhyme_bin_1__BAr2D2E2F_000000011539_19	vRhyme_bin_1__BAr2D2E2F_000000011539	BAr2D2E2F_vRhyme_bin_1	0.8005252	medium	1.0	very high	unclassified		0.0	low	0.0	low
vRhyme_bin_1__BAr2D2E2F_000000011539_20	vRhyme_bin_1__BAr2D2E2F_000000011539	BAr2D2E2F_vRhyme_bin_1	0.8226733	medium	1.0	very high	unclassified	""	0.0	low	0.0	low
vRhyme_bin_1__BAr2D2E2F_000000011539_21	vRhyme_bin_1__BAr2D2E2F_000000011539	BAr2D2E2F_vRhyme_bin_1	0.8701398	medium	1.0	very high	unclassified		0.0	low	0.0	low
vRhyme_bin_1__BAr2D2E2F_000000011539_22	vRhyme_bin_1__BAr2D2E2F_000000011539	BAr2D2E2F_vRhyme_bin_1	0.7464214	medium	1.0	very high	unclassified		0.0	low	0.0	low
vRhyme_bin_1__BAr2D2E2F_000000011539_23	vRhyme_bin_1__BAr2D2E2F_000000011539	BAr2D2E2F_vRhyme_bin_1	0.8829341	medium	1.0	very high	unclassified		0.0	low	0.0	low
vRhyme_bin_1__BAr2D2E2F_000000011539_24	vRhyme_bin_1__BAr2D2E2F_000000011539	BAr2D2E2F_vRhyme_bin_1	0.88571334	medium	1.0	very high	unclassified		0.0	low	0.0	low
vRhyme_bin_1__BAr2D2E2F_000000011539_25	vRhyme_bin_1__BAr2D2E2F_000000011539	BAr2D2E2F_vRhyme_bin_1	0.8962724	medium	1.0	very high	unclassified		0.0	low	0.0	low
vRhyme_bin_1__BAr2D2E2F_000000011539_26	vRhyme_bin_1__BAr2D2E2F_000000011539	BAr2D2E2F_vRhyme_bin_1	0.893614	medium	1.0	very high	unclassified		0.0	low	0.0	low
vRhyme_bin_1__BAr2D2E2F_000000011539_27	vRhyme_bin_1__BAr2D2E2F_000000011539	BAr2D2E2F_vRhyme_bin_1	0.9025942	medium	1.0	very high	unclassified		0.0	low	0.0	low
vRhyme_bin_1__BAr2D2E2F_000000011539_28	vRhyme_bin_1__BAr2D2E2F_000000011539	BAr2D2E2F_vRhyme_bin_1	0.8674597	medium	1.0	very high	unclassified		0.0	low	0.0	low
vRhyme_bin_1__BAr2D2E2F_000000011539_29	vRhyme_bin_1__BAr2D2E2F_000000011539	BAr2D2E2F_vRhyme_bin_1	0.872783	medium	1.0	very high	unclassified		0.0	low	0.0	low
vRhyme_bin_1__BAr2D2E2F_000000011539_30	vRhyme_bin_1__BAr2D2E2F_000000011539	BAr2D2E2F_vRhyme_bin_1	0.8506706	medium	1.0	very high	unclassified		0.0	low	0.0	low
vRhyme_bin_1__BAr2D2E2F_000000011539_31	vRhyme_bin_1__BAr2D2E2F_000000011539	BAr2D2E2F_vRhyme_bin_1	0.85400414	medium	1.0	very high	unclassified		0.0	low	0.0	low
vRhyme_bin_1__BAr2D2E2F_000000011539_32	vRhyme_bin_1__BAr2D2E2F_000000011539	BAr2D2E2F_vRhyme_bin_1	0.8721503	medium	1.0	very high	unclassified		0.0	low	0.0	low
vRhyme_bin_1__BAr2D2E2F_000000011539_33	vRhyme_bin_1__BAr2D2E2F_000000011539	BAr2D2E2F_vRhyme_bin_1	0.8721503	medium	1.0	very high	unclassified		0.0	low	0.0	low
vRhyme_bin_1__BAr2D2E2F_000000011539_34	vRhyme_bin_1__BAr2D2E2F_000000011539	BAr2D2E2F_vRhyme_bin_1	0.8796219	medium	1.0	very high	unclassified		0.0	low	0.0	low
vRhyme_bin_1__BAr2D2E2F_000000017828_1	vRhyme_bin_1__BAr2D2E2F_000000017828	BAr2D2E2F_vRhyme_bin_1	0.92073107	high	1.0	very high	unclassified		0.0	low	0.0	low
vRhyme_bin_1__BAr2D2E2F_000000017828_2	vRhyme_bin_1__BAr2D2E2F_000000017828	BAr2D2E2F_vRhyme_bin_1	0.9277912	high	1.0	very high	unclassified		0.4601	high	0.4601	high
vRhyme_bin_1__BAr2D2E2F_000000017828_3	vRhyme_bin_1__BAr2D2E2F_000000017828	BAr2D2E2F_vRhyme_bin_1	0.931579	high	1.0	very high	unclassified		0.0	low	0.0	low
vRhyme_bin_1__BAr2D2E2F_000000017828_4	vRhyme_bin_1__BAr2D2E2F_000000017828	BAr2D2E2F_vRhyme_bin_1	0.9318476	high	1.0	very high	unclassified		0.0	low	0.0	low
vRhyme_bin_1__BAr2D2E2F_000000017828_5	vRhyme_bin_1__BAr2D2E2F_000000017828	BAr2D2E2F_vRhyme_bin_1	0.93055046	high	1.0	very high	unclassified		0.0	low	0.0	low
vRhyme_bin_1__BAr2D2E2F_000000017828_6	vRhyme_bin_1__BAr2D2E2F_000000017828	BAr2D2E2F_vRhyme_bin_1	0.96796703	high	1.0	very high	unclassified		0.0	low	0.0	low
vRhyme_bin_1__BAr2D2E2F_000000017828_7	vRhyme_bin_1__BAr2D2E2F_000000017828	BAr2D2E2F_vRhyme_bin_1	0.9844857	high	1.0	very high	unclassified		0.0	low	0.0	low
vRhyme_bin_1__BAr2D2E2F_000000017828_8	vRhyme_bin_1__BAr2D2E2F_000000017828	BAr2D2E2F_vRhyme_bin_1	0.97917384	high	1.0	very high	unclassified		0.0	low	0.0	low
vRhyme_bin_1__BAr2D2E2F_000000017828_9	vRhyme_bin_1__BAr2D2E2F_000000017828	BAr2D2E2F_vRhyme_bin_1	0.9796394	high	1.0	very high	unclassified		0.0	low	0.0	low
vRhyme_bin_1__BAr2D2E2F_000000017828_10	vRhyme_bin_1__BAr2D2E2F_000000017828	BAr2D2E2F_vRhyme_bin_1	0.97962785	high	1.0	very high	unclassified		0.0	low	0.0	low
vRhyme_bin_1__BAr2D2E2F_000000017828_11	vRhyme_bin_1__BAr2D2E2F_000000017828	BAr2D2E2F_vRhyme_bin_1	0.9700709	high	1.0	very high	unclassified		0.0	low	0.0	low
vRhyme_bin_1__BAr2D2E2F_000000017828_12	vRhyme_bin_1__BAr2D2E2F_000000017828	BAr2D2E2F_vRhyme_bin_1	0.97574615	high	1.0	very high	unclassified		0.0	low	0.0	low
vRhyme_bin_1__BAr2D2E2F_000000017828_13	vRhyme_bin_1__BAr2D2E2F_000000017828	BAr2D2E2F_vRhyme_bin_1	0.9299013	high	1.0	very high	unclassified		0.0	low	0.0	low
vRhyme_bin_1__BAr2D2E2F_000000017828_14	vRhyme_bin_1__BAr2D2E2F_000000017828	BAr2D2E2F_vRhyme_bin_1	0.9316573	high	1.0	very high	unclassified		0.0	low	0.0	low
vRhyme_bin_1__BAr2D2E2F_000000017828_15	vRhyme_bin_1__BAr2D2E2F_000000017828	BAr2D2E2F_vRhyme_bin_1	0.97471434	high	1.0	very high	unclassified		0.0	low	0.0	low
vRhyme_bin_1__BAr2D2E2F_000000017828_16	vRhyme_bin_1__BAr2D2E2F_000000017828	BAr2D2E2F_vRhyme_bin_1	0.9741515	high	1.0	very high	unclassified		0.0	low	0.0	low
vRhyme_bin_1__BAr2D2E2F_000000017828_17	vRhyme_bin_1__BAr2D2E2F_000000017828	BAr2D2E2F_vRhyme_bin_1	0.9771816	high	1.0	very high	unclassified		0.0	low	0.0	low
vRhyme_bin_1__BAr2D2E2F_000000017828_18	vRhyme_bin_1__BAr2D2E2F_000000017828	BAr2D2E2F_vRhyme_bin_1	0.966465	high	1.0	very high	unclassified		0.0	low	0.0	low
vRhyme_bin_1__BAr2D2E2F_000000017828_19	vRhyme_bin_1__BAr2D2E2F_000000017828	BAr2D2E2F_vRhyme_bin_1	0.96691656	high	1.0	very high	unclassified		0.0	low	0.0	low
vRhyme_bin_1__BAr2D2E2F_000000017828_20	vRhyme_bin_1__BAr2D2E2F_000000017828	BAr2D2E2F_vRhyme_bin_1	0.9683861	high	1.0	very high	unclassified		0.0	low	0.0	low
vRhyme_bin_1__BAr2D2E2F_000000017828_21	vRhyme_bin_1__BAr2D2E2F_000000017828	BAr2D2E2F_vRhyme_bin_1	0.9150161	high	1.0	very high	unclassified		0.0	low	0.0	low
vRhyme_bin_1__BAr2D2E2F_000000017828_22	vRhyme_bin_1__BAr2D2E2F_000000017828	BAr2D2E2F_vRhyme_bin_1	0.9204863	high	1.0	very high	unclassified		0.0	low	0.0	low
vRhyme_bin_1__BAr2D2E2F_000000017828_23	vRhyme_bin_1__BAr2D2E2F_000000017828	BAr2D2E2F_vRhyme_bin_1	0.9282246	high	1.0	very high	unclassified		0.0	low	0.0	low
vRhyme_bin_1__BAr2D2E2F_000000017828_24	vRhyme_bin_1__BAr2D2E2F_000000017828	BAr2D2E2F_vRhyme_bin_1	0.9243337	high	1.0	very high	unclassified		0.0	low	0.0	low
vRhyme_bin_1__BAr2D2E2F_000000017828_25	vRhyme_bin_1__BAr2D2E2F_000000017828	BAr2D2E2F_vRhyme_bin_1	0.9196831	high	1.0	very high	unclassified		0.0	low	0.0	low
vRhyme_bin_1__BAr2D2E2F_000000017828_26	vRhyme_bin_1__BAr2D2E2F_000000017828	BAr2D2E2F_vRhyme_bin_1	0.9319587	high	0.9028	high	unclassified		0.0	low	0.0	low
vRhyme_bin_1__BAr2D2E2F_000000017828_27	vRhyme_bin_1__BAr2D2E2F_000000017828	BAr2D2E2F_vRhyme_bin_1	0.93445647	high	1.0	very high	unclassified		0.0	low	0.0	low
vRhyme_bin_1__BAr2D2E2F_000000017828_28	vRhyme_bin_1__BAr2D2E2F_000000017828	BAr2D2E2F_vRhyme_bin_1	0.9156381	high	1.0	very high	unclassified		0.0	low	0.0	low
vRhyme_bin_1__BAr2D2E2F_000000017828_29	vRhyme_bin_1__BAr2D2E2F_000000017828	BAr2D2E2F_vRhyme_bin_1	0.91099155	medium	1.0	very high	unclassified		0.0	low	0.0	low
vRhyme_bin_1__BAr2D2E2F_000000017828_30	vRhyme_bin_1__BAr2D2E2F_000000017828	BAr2D2E2F_vRhyme_bin_1	0.82138515	medium	1.0	very high	unclassified		0.0	low	0.0	low
vRhyme_bin_1__BAr2D2E2F_000000017828_31	vRhyme_bin_1__BAr2D2E2F_000000017828	BAr2D2E2F_vRhyme_bin_1	0.8232392	medium	1.0	very high	unclassified		0.0	low	0.0	low
vRhyme_bin_1__BAr2D2E2F_000000017828_32	vRhyme_bin_1__BAr2D2E2F_000000017828	BAr2D2E2F_vRhyme_bin_1	0.83321637	medium	0.9476	high	unclassified		0.0	low	0.0	low
vRhyme_bin_1__BAr2D2E2F_000000017828_33	vRhyme_bin_1__BAr2D2E2F_000000017828	BAr2D2E2F_vRhyme_bin_1	0.73951936	medium	1.0	very high	unclassified		0.0	low	0.0	low
vRhyme_bin_1__BAr2D2E2F_000000017828_34	vRhyme_bin_1__BAr2D2E2F_000000017828	BAr2D2E2F_vRhyme_bin_1	0.7465744	medium	1.0	very high	unclassified		0.0	low	0.0	low
vRhyme_bin_1__BAr2D2E2F_000000017828_35	vRhyme_bin_1__BAr2D2E2F_000000017828	BAr2D2E2F_vRhyme_bin_1	0.71624494	medium	1.0	very high	unclassified		0.0	low	0.0	low
vRhyme_bin_1__BAr2D2E2F_000000017828_36	vRhyme_bin_1__BAr2D2E2F_000000017828	BAr2D2E2F_vRhyme_bin_1	0.7126664	medium	1.0	very high	unclassified		0.0	low	0.0	low
vRhyme_bin_1__BAr2D2E2F_000000017828_37	vRhyme_bin_1__BAr2D2E2F_000000017828	BAr2D2E2F_vRhyme_bin_1	0.8827985	medium	1.0	very high	unclassified	radA, sms; DNA repair protein RadA/Sms	0.0	low	0.0	low
vRhyme_bin_1__BAr2D2E2F_000000017828_38	vRhyme_bin_1__BAr2D2E2F_000000017828	BAr2D2E2F_vRhyme_bin_1	0.79101545	medium	1.0	very high	unclassified		0.0482	low	0.0482	low
vRhyme_bin_1__BAr2D2E2F_000000017828_39	vRhyme_bin_1__BAr2D2E2F_000000017828	BAr2D2E2F_vRhyme_bin_1	0.84313124	medium	1.0	very high	unclassified		0.0	low	0.0	low
vRhyme_bin_1__BAr2D2E2F_000000017828_40	vRhyme_bin_1__BAr2D2E2F_000000017828	BAr2D2E2F_vRhyme_bin_1	0.8200304	medium	1.0	very high	unclassified		0.0	low	0.0	low
vRhyme_bin_1__BAr2D2E2F_000000017828_41	vRhyme_bin_1__BAr2D2E2F_000000017828	BAr2D2E2F_vRhyme_bin_1	0.7866617	medium	1.0	very high	unclassified		0.0	low	0.0	low
vRhyme_bin_1__BAr2D2E2F_000000017828_42	vRhyme_bin_1__BAr2D2E2F_000000017828	BAr2D2E2F_vRhyme_bin_1	0.7752959	medium	1.0	very high	unclassified		0.0	low	0.0	low
vRhyme_bin_1__BAr2D2E2F_000000017828_43	vRhyme_bin_1__BAr2D2E2F_000000017828	BAr2D2E2F_vRhyme_bin_1	0.74849254	medium	1.0	very high	unclassified	pyrophosphatase	0.0	low	0.0	low
vRhyme_bin_1__BAr2D2E2F_000000017828_44	vRhyme_bin_1__BAr2D2E2F_000000017828	BAr2D2E2F_vRhyme_bin_1	0.7025629	medium	1.0	very high	unclassified		0.0	low	0.0	low
vRhyme_bin_1__BAr2D2E2F_000000017828_45	vRhyme_bin_1__BAr2D2E2F_000000017828	BAr2D2E2F_vRhyme_bin_1	0.704481	medium	1.0	very high	unclassified		0.0	low	0.0	low
vRhyme_bin_1__BAr2D2E2F_000000017828_46	vRhyme_bin_1__BAr2D2E2F_000000017828	BAr2D2E2F_vRhyme_bin_1	0.7878869	medium	1.0	very high	unclassified	""	0.0	low	0.0	low
vRhyme_bin_1__BAr2D2E2F_000000017828_47	vRhyme_bin_1__BAr2D2E2F_000000017828	BAr2D2E2F_vRhyme_bin_1	0.9327281	high	1.0	very high	unclassified		0.0	low	0.0	low
vRhyme_bin_1__BAr2D2E2F_000000017828_48	vRhyme_bin_1__BAr2D2E2F_000000017828	BAr2D2E2F_vRhyme_bin_1	0.9126987	medium	1.0	very high	unclassified		0.0	low	0.0	low
vRhyme_bin_1__BAr2D2E2F_000000017828_49	vRhyme_bin_1__BAr2D2E2F_000000017828	BAr2D2E2F_vRhyme_bin_1	0.90975267	medium	1.0	very high	unclassified		0.0	low	0.0	low
vRhyme_bin_1__BAr2D2E2F_000000017828_50	vRhyme_bin_1__BAr2D2E2F_000000017828	BAr2D2E2F_vRhyme_bin_1	0.897764	medium	1.0	very high	unclassified		0.0	low	0.0	low
vRhyme_bin_1__BAr2D2E2F_000000026327_1	vRhyme_bin_1__BAr2D2E2F_000000026327	BAr2D2E2F_vRhyme_bin_1	0.9879197	high	1.0	very high	unclassified		0.0	low	0.0	low
vRhyme_bin_1__BAr2D2E2F_000000026327_2	vRhyme_bin_1__BAr2D2E2F_000000026327	BAr2D2E2F_vRhyme_bin_1	0.9865736	high	1.0	very high	unclassified		0.0	low	0.0	low
vRhyme_bin_1__BAr2D2E2F_000000026327_3	vRhyme_bin_1__BAr2D2E2F_000000026327	BAr2D2E2F_vRhyme_bin_1	0.9863692	high	1.0	very high	unclassified		0.0	low	0.0	low
vRhyme_bin_1__BAr2D2E2F_000000026327_4	vRhyme_bin_1__BAr2D2E2F_000000026327	BAr2D2E2F_vRhyme_bin_1	0.98208106	high	1.0	very high	unclassified		0.0	low	0.0	low
vRhyme_bin_1__BAr2D2E2F_000000026327_5	vRhyme_bin_1__BAr2D2E2F_000000026327	BAr2D2E2F_vRhyme_bin_1	0.9875613	high	1.0	very high	unclassified	""	0.0	low	0.0	low
vRhyme_bin_1__BAr2D2E2F_000000026327_6	vRhyme_bin_1__BAr2D2E2F_000000026327	BAr2D2E2F_vRhyme_bin_1	0.9859587	high	0.9553	high	unclassified		0.0	low	0.0	low
vRhyme_bin_1__BAr2D2E2F_000000026327_7	vRhyme_bin_1__BAr2D2E2F_000000026327	BAr2D2E2F_vRhyme_bin_1	0.9865426	high	1.0	very high	unclassified		0.0	low	0.0	low
vRhyme_bin_1__BAr2D2E2F_000000026327_8	vRhyme_bin_1__BAr2D2E2F_000000026327	BAr2D2E2F_vRhyme_bin_1	0.9888523	high	1.0	very high	unclassified		0.0	low	0.0	low
vRhyme_bin_1__BAr2D2E2F_000000026327_9	vRhyme_bin_1__BAr2D2E2F_000000026327	BAr2D2E2F_vRhyme_bin_1	0.9881608	high	1.0	very high	unclassified		0.0	low	0.0	low
vRhyme_bin_1__BAr2D2E2F_000000026327_10	vRhyme_bin_1__BAr2D2E2F_000000026327	BAr2D2E2F_vRhyme_bin_1	0.99037004	high	1.0	very high	unclassified		0.0	low	0.0	low
vRhyme_bin_1__BAr2D2E2F_000000026327_11	vRhyme_bin_1__BAr2D2E2F_000000026327	BAr2D2E2F_vRhyme_bin_1	0.9894481	high	1.0	very high	unclassified		0.0	low	0.0	low
vRhyme_bin_1__BAr2D2E2F_000000026327_12	vRhyme_bin_1__BAr2D2E2F_000000026327	BAr2D2E2F_vRhyme_bin_1	0.99102813	high	1.0	very high	unclassified		0.0	low	0.0	low
vRhyme_bin_1__BAr2D2E2F_000000026327_13	vRhyme_bin_1__BAr2D2E2F_000000026327	BAr2D2E2F_vRhyme_bin_1	0.99118894	high	1.0	very high	unclassified		0.0	low	0.0	low
vRhyme_bin_1__BAr2D2E2F_000000026327_14	vRhyme_bin_1__BAr2D2E2F_000000026327	BAr2D2E2F_vRhyme_bin_1	0.9927922	high	1.0	very high	unclassified		0.0	low	0.0	low
vRhyme_bin_1__BAr2D2E2F_000000026327_15	vRhyme_bin_1__BAr2D2E2F_000000026327	BAr2D2E2F_vRhyme_bin_1	0.9899377	high	1.0	very high	unclassified		0.0	low	0.0	low
vRhyme_bin_1__BAr2D2E2F_000000026327_16	vRhyme_bin_1__BAr2D2E2F_000000026327	BAr2D2E2F_vRhyme_bin_1	0.9907261	high	1.0	very high	unclassified		0.0	low	0.0	low
vRhyme_bin_1__BAr2D2E2F_000000026327_17	vRhyme_bin_1__BAr2D2E2F_000000026327	BAr2D2E2F_vRhyme_bin_1	0.97936314	high	1.0	very high	unclassified		0.0	low	0.0	low
vRhyme_bin_1__BAr2D2E2F_000000026327_18	vRhyme_bin_1__BAr2D2E2F_000000026327	BAr2D2E2F_vRhyme_bin_1	0.99458027	high	1.0	very high	unclassified	""	0.0	low	0.0	low
vRhyme_bin_1__BAr2D2E2F_000000026327_19	vRhyme_bin_1__BAr2D2E2F_000000026327	BAr2D2E2F_vRhyme_bin_1	0.99935776	high	1.0	very high	unclassified	E2.7.11.1; non-specific serine/threonine protein kinase [EC:2.7.11.1]	0.3603	medium	0.3603	high
vRhyme_bin_1__BAr2D2E2F_000000026327_20	vRhyme_bin_1__BAr2D2E2F_000000026327	BAr2D2E2F_vRhyme_bin_1	0.9974372	high	1.0	very high	unclassified		0.0	low	0.0	low
vRhyme_bin_1__BAr2D2E2F_000000026327_21	vRhyme_bin_1__BAr2D2E2F_000000026327	BAr2D2E2F_vRhyme_bin_1	0.99774563	high	1.0	very high	unclassified		0.0	low	0.0	low
vRhyme_bin_1__BAr2D2E2F_000000026327_22	vRhyme_bin_1__BAr2D2E2F_000000026327	BAr2D2E2F_vRhyme_bin_1	0.9978892	high	1.0	very high	unclassified		0.0	low	0.0	low
vRhyme_bin_1__BAr2D2E2F_000000026327_23	vRhyme_bin_1__BAr2D2E2F_000000026327	BAr2D2E2F_vRhyme_bin_1	0.9974736	high	1.0	very high	unclassified		0.0	low	0.0	low
vRhyme_bin_1__BAr2D2E2F_000000026327_24	vRhyme_bin_1__BAr2D2E2F_000000026327	BAr2D2E2F_vRhyme_bin_1	0.9969456	high	1.0	very high	unclassified		0.0	low	0.0	low
vRhyme_bin_1__BAr2D2E2F_000000026327_25	vRhyme_bin_1__BAr2D2E2F_000000026327	BAr2D2E2F_vRhyme_bin_1	0.9970322	high	1.0	very high	unclassified		0.0	low	0.0	low
vRhyme_bin_1__BAr2D2E2F_000000026327_26	vRhyme_bin_1__BAr2D2E2F_000000026327	BAr2D2E2F_vRhyme_bin_1	0.95414054	high	1.0	very high	unclassified		0.0	low	0.0	low
vRhyme_bin_1__BAr2D2E2F_000000026327_27	vRhyme_bin_1__BAr2D2E2F_000000026327	BAr2D2E2F_vRhyme_bin_1	0.9968023	high	1.0	very high	unclassified		0.0	low	0.0	low
vRhyme_bin_1__BAr2D2E2F_000000033052_1	vRhyme_bin_1__BAr2D2E2F_000000033052	BAr2D2E2F_vRhyme_bin_1	0.95264554	high	1.0	very high	unclassified		0.0	low	0.0	low
vRhyme_bin_1__BAr2D2E2F_000000033052_2	vRhyme_bin_1__BAr2D2E2F_000000033052	BAr2D2E2F_vRhyme_bin_1	0.9253079	high	1.0	very high	unclassified		0.0	low	0.0	low
vRhyme_bin_1__BAr2D2E2F_000000033052_3	vRhyme_bin_1__BAr2D2E2F_000000033052	BAr2D2E2F_vRhyme_bin_1	0.9286968	high	1.0	very high	unclassified		0.0	low	0.0	low
vRhyme_bin_1__BAr2D2E2F_000000033052_4	vRhyme_bin_1__BAr2D2E2F_000000033052	BAr2D2E2F_vRhyme_bin_1	0.81358755	medium	1.0	very high	unclassified		0.0	low	0.0	low
vRhyme_bin_1__BAr2D2E2F_000000033052_5	vRhyme_bin_1__BAr2D2E2F_000000033052	BAr2D2E2F_vRhyme_bin_1	0.93537676	high	1.0	very high	unclassified		0.0	low	0.0	low
vRhyme_bin_1__BAr2D2E2F_000000033052_6	vRhyme_bin_1__BAr2D2E2F_000000033052	BAr2D2E2F_vRhyme_bin_1	0.96634436	high	1.0	very high	unclassified	KTSC domain	0.0	low	0.0	low
vRhyme_bin_1__BAr2D2E2F_000000033052_7	vRhyme_bin_1__BAr2D2E2F_000000033052	BAr2D2E2F_vRhyme_bin_1	0.9584899	high	1.0	very high	unclassified		0.0	low	0.0	low
vRhyme_bin_1__BAr2D2E2F_000000033052_8	vRhyme_bin_1__BAr2D2E2F_000000033052	BAr2D2E2F_vRhyme_bin_1	0.96569407	high	1.0	very high	unclassified		0.0	low	0.0	low
vRhyme_bin_1__BAr2D2E2F_000000033052_9	vRhyme_bin_1__BAr2D2E2F_000000033052	BAr2D2E2F_vRhyme_bin_1	0.96130717	high	1.0	very high	unclassified		0.0	low	0.0	low
vRhyme_bin_1__BAr2D2E2F_000000033052_10	vRhyme_bin_1__BAr2D2E2F_000000033052	BAr2D2E2F_vRhyme_bin_1	0.96498996	high	1.0	very high	unclassified	endonuclease	0.0	low	0.0	low
vRhyme_bin_1__BAr2D2E2F_000000033052_11	vRhyme_bin_1__BAr2D2E2F_000000033052	BAr2D2E2F_vRhyme_bin_1	0.963789	high	1.0	very high	unclassified		0.0	low	0.0	low
vRhyme_bin_1__BAr2D2E2F_000000033052_12	vRhyme_bin_1__BAr2D2E2F_000000033052	BAr2D2E2F_vRhyme_bin_1	0.96944344	high	1.0	very high	unclassified		0.0	low	0.0	low
vRhyme_bin_1__BAr2D2E2F_000000033052_13	vRhyme_bin_1__BAr2D2E2F_000000033052	BAr2D2E2F_vRhyme_bin_1	0.9100622	medium	1.0	very high	unclassified	""	0.0	low	0.0	low
vRhyme_bin_1__BAr2D2E2F_000000033052_14	vRhyme_bin_1__BAr2D2E2F_000000033052	BAr2D2E2F_vRhyme_bin_1	0.7848921	medium	1.0	very high	unclassified		0.0	low	0.0	low
vRhyme_bin_1__BAr2D2E2F_000000033052_15	vRhyme_bin_1__BAr2D2E2F_000000033052	BAr2D2E2F_vRhyme_bin_1	0.91911924	high	1.0	very high	unclassified		0.0	low	0.0	low
vRhyme_bin_1__BAr2D2E2F_000000033052_16	vRhyme_bin_1__BAr2D2E2F_000000033052	BAr2D2E2F_vRhyme_bin_1	0.9368031	high	1.0	very high	unclassified		0.0	low	0.0	low
vRhyme_bin_1__BAr2D2E2F_000000033052_17	vRhyme_bin_1__BAr2D2E2F_000000033052	BAr2D2E2F_vRhyme_bin_1	0.94619	high	1.0	very high	unclassified		0.0	low	0.0	low
vRhyme_bin_1__BAr2D2E2F_000000033052_18	vRhyme_bin_1__BAr2D2E2F_000000033052	BAr2D2E2F_vRhyme_bin_1	0.94910514	high	1.0	very high	unclassified		0.0	low	0.0	low
vRhyme_bin_1__BAr2D2E2F_000000033052_19	vRhyme_bin_1__BAr2D2E2F_000000033052	BAr2D2E2F_vRhyme_bin_1	0.9556017	high	1.0	very high	unclassified		0.0	low	0.0	low
vRhyme_bin_1__BAr2D2E2F_000000033052_20	vRhyme_bin_1__BAr2D2E2F_000000033052	BAr2D2E2F_vRhyme_bin_1	0.9597379	high	1.0	very high	unclassified		0.0	low	0.0	low
vRhyme_bin_1__BAr2D2E2F_000000033052_21	vRhyme_bin_1__BAr2D2E2F_000000033052	BAr2D2E2F_vRhyme_bin_1	0.90942323	medium	1.0	very high	unclassified		0.0	low	0.0	low
vRhyme_bin_1__BAr2D2E2F_000000033052_22	vRhyme_bin_1__BAr2D2E2F_000000033052	BAr2D2E2F_vRhyme_bin_1	0.943956	high	1.0	very high	unclassified		0.0	low	0.0	low
vRhyme_bin_1__BAr2D2E2F_000000033052_23	vRhyme_bin_1__BAr2D2E2F_000000033052	BAr2D2E2F_vRhyme_bin_1	0.9464811	high	1.0	very high	unclassified		0.0	low	0.0	low
vRhyme_bin_1__BAr2D2E2F_000000033052_24	vRhyme_bin_1__BAr2D2E2F_000000033052	BAr2D2E2F_vRhyme_bin_1	0.9436482	high	1.0	very high	unclassified		0.0	low	0.0	low
vRhyme_bin_1__BAr2D2E2F_000000033052_25	vRhyme_bin_1__BAr2D2E2F_000000033052	BAr2D2E2F_vRhyme_bin_1	0.9492955	high	1.0	very high	unclassified		0.0	low	0.0	low
vRhyme_bin_1__BAr2D2E2F_000000033052_26	vRhyme_bin_1__BAr2D2E2F_000000033052	BAr2D2E2F_vRhyme_bin_1	0.9600607	high	1.0	very high	unclassified		0.0	low	0.0	low
vRhyme_bin_1__BAr2D2E2F_000000109736_1	vRhyme_bin_1__BAr2D2E2F_000000109736	BAr2D2E2F_vRhyme_bin_1	0.92671084	high	1.0	very high	unclassified		0.0	low	0.0	low
vRhyme_bin_1__BAr2D2E2F_000000109736_2	vRhyme_bin_1__BAr2D2E2F_000000109736	BAr2D2E2F_vRhyme_bin_1	0.9157216	high	1.0	very high	unclassified	""	0.0	low	0.0	low
vRhyme_bin_1__BAr2D2E2F_000000109736_3	vRhyme_bin_1__BAr2D2E2F_000000109736	BAr2D2E2F_vRhyme_bin_1	0.90489626	medium	1.0	very high	unclassified		0.0	low	0.0	low
vRhyme_bin_1__BAr2D2E2F_000000109736_4	vRhyme_bin_1__BAr2D2E2F_000000109736	BAr2D2E2F_vRhyme_bin_1	0.90305746	medium	1.0	very high	unclassified		0.0	low	0.0	low
vRhyme_bin_1__BAr2D2E2F_000000109736_5	vRhyme_bin_1__BAr2D2E2F_000000109736	BAr2D2E2F_vRhyme_bin_1	0.8939455	medium	1.0	very high	unclassified		0.0	low	0.0	low
vRhyme_bin_1__BAr2D2E2F_000000109736_6	vRhyme_bin_1__BAr2D2E2F_000000109736	BAr2D2E2F_vRhyme_bin_1	0.882487	medium	1.0	very high	unclassified		0.0	low	0.0	low
vRhyme_bin_1__BAr2D2E2F_000000109736_7	vRhyme_bin_1__BAr2D2E2F_000000109736	BAr2D2E2F_vRhyme_bin_1	0.872468	medium	1.0	very high	unclassified		0.0	low	0.0	low
vRhyme_bin_1__BAr2D2E2F_000000109736_8	vRhyme_bin_1__BAr2D2E2F_000000109736	BAr2D2E2F_vRhyme_bin_1	0.8524823	medium	1.0	very high	unclassified		0.0	low	0.0	low
vRhyme_bin_1__BAr2D2E2F_000000109736_9	vRhyme_bin_1__BAr2D2E2F_000000109736	BAr2D2E2F_vRhyme_bin_1	0.8404452	medium	1.0	very high	unclassified		0.0	low	0.0	low
vRhyme_bin_1__BAr2D2E2F_000000109736_10	vRhyme_bin_1__BAr2D2E2F_000000109736	BAr2D2E2F_vRhyme_bin_1	0.84578985	medium	1.0	very high	unclassified		0.0	low	0.0	low
vRhyme_bin_1__BAr2D2E2F_000000109736_11	vRhyme_bin_1__BAr2D2E2F_000000109736	BAr2D2E2F_vRhyme_bin_1	0.7869898	medium	1.0	very high	unclassified		0.0	low	0.0	low
vRhyme_bin_1__BAr2D2E2F_000000109736_12	vRhyme_bin_1__BAr2D2E2F_000000109736	BAr2D2E2F_vRhyme_bin_1	0.6322908	medium	1.0	very high	unclassified		0.0	low	0.0	low
vRhyme_bin_1__BAr2D2E2F_000000109736_13	vRhyme_bin_1__BAr2D2E2F_000000109736	BAr2D2E2F_vRhyme_bin_1	0.6081299	medium	1.0	very high	unclassified		0.0	low	0.0	low
vRhyme_bin_1__BAr2D2E2F_000000109736_14	vRhyme_bin_1__BAr2D2E2F_000000109736	BAr2D2E2F_vRhyme_bin_1	0.19337796	low	1.0	very high	unclassified		0.0	low	0.0	low
vRhyme_bin_1__BAr2D2E2F_000000109736_15	vRhyme_bin_1__BAr2D2E2F_000000109736	BAr2D2E2F_vRhyme_bin_1	0.52181786	low	1.0	very high	unclassified		0.0	low	0.0	low
vRhyme_bin_1__BAr2D2E2F_000000109736_16	vRhyme_bin_1__BAr2D2E2F_000000109736	BAr2D2E2F_vRhyme_bin_1	0.548327	low	1.0	very high	unclassified		0.0	low	0.0	low
vRhyme_bin_1__BAr2D2E2F_000000109736_17	vRhyme_bin_1__BAr2D2E2F_000000109736	BAr2D2E2F_vRhyme_bin_1	0.68272585	medium	1.0	very high	unclassified		0.0	low	0.0	low
vRhyme_bin_1__BAr2D2E2F_000000109736_18	vRhyme_bin_1__BAr2D2E2F_000000109736	BAr2D2E2F_vRhyme_bin_1	0.9250853	high	1.0	very high	unclassified		0.0	low	0.0	low
vRhyme_bin_1__BAr2D2E2F_000000109736_19	vRhyme_bin_1__BAr2D2E2F_000000109736	BAr2D2E2F_vRhyme_bin_1	0.93623513	high	1.0	very high	unclassified	""	0.0	low	0.0	low
vRhyme_bin_1__BAr2D2E2F_000000109736_20	vRhyme_bin_1__BAr2D2E2F_000000109736	BAr2D2E2F_vRhyme_bin_1	0.96454906	high	1.0	very high	unclassified		0.0	low	0.0	low
vRhyme_bin_1__BAr2D2E2F_000000109736_21	vRhyme_bin_1__BAr2D2E2F_000000109736	BAr2D2E2F_vRhyme_bin_1	0.95315796	high	1.0	very high	unclassified		0.0	low	0.0	low
vRhyme_bin_1__BAr2D2E2F_000000109736_22	vRhyme_bin_1__BAr2D2E2F_000000109736	BAr2D2E2F_vRhyme_bin_1	0.94037586	high	1.0	very high	unclassified		0.0	low	0.0	low
vRhyme_bin_1__BAr2D2E2F_000000109736_23	vRhyme_bin_1__BAr2D2E2F_000000109736	BAr2D2E2F_vRhyme_bin_1	0.8756593	medium	1.0	very high	unclassified		0.0	low	0.0	low
vRhyme_bin_1__BAr2D2E2F_000000109736_24	vRhyme_bin_1__BAr2D2E2F_000000109736	BAr2D2E2F_vRhyme_bin_1	0.92872477	high	1.0	very high	unclassified		0.0	low	0.0	low
vRhyme_bin_1__BAr2D2E2F_000000109736_25	vRhyme_bin_1__BAr2D2E2F_000000109736	BAr2D2E2F_vRhyme_bin_1	0.84875685	medium	0.9434	high	unclassified		0.0	low	0.0	low
vRhyme_bin_1__BAr2D2E2F_000000109736_26	vRhyme_bin_1__BAr2D2E2F_000000109736	BAr2D2E2F_vRhyme_bin_1	0.92153335	high	1.0	very high	unclassified		0.0	low	0.0	low
vRhyme_bin_1__BAr2D2E2F_000000109736_27	vRhyme_bin_1__BAr2D2E2F_000000109736	BAr2D2E2F_vRhyme_bin_1	0.91188824	medium	1.0	very high	unclassified		0.0	low	0.0	low
vRhyme_bin_1__BAr2D2E2F_000000166864_1	vRhyme_bin_1__BAr2D2E2F_000000166864	BAr2D2E2F_vRhyme_bin_1	0.9918426	high	1.0	very high	unclassified		0.0	low	0.0	low
vRhyme_bin_1__BAr2D2E2F_000000166864_2	vRhyme_bin_1__BAr2D2E2F_000000166864	BAr2D2E2F_vRhyme_bin_1	0.98082304	high	1.0	very high	unclassified	baseplate wedge subunit	0.0	low	0.0	low
vRhyme_bin_1__BAr2D2E2F_000000166864_3	vRhyme_bin_1__BAr2D2E2F_000000166864	BAr2D2E2F_vRhyme_bin_1	0.9975371	high	1.0	very high	unclassified		0.0	low	0.0	low
vRhyme_bin_1__BAr2D2E2F_000000166864_4	vRhyme_bin_1__BAr2D2E2F_000000166864	BAr2D2E2F_vRhyme_bin_1	0.9980663	high	1.0	very high	unclassified		0.0	low	0.0	low
vRhyme_bin_1__BAr2D2E2F_000000166864_5	vRhyme_bin_1__BAr2D2E2F_000000166864	BAr2D2E2F_vRhyme_bin_1	0.99720234	high	1.0	very high	unclassified		0.0	low	0.0	low
vRhyme_bin_1__BAr2D2E2F_000000166864_6	vRhyme_bin_1__BAr2D2E2F_000000166864	BAr2D2E2F_vRhyme_bin_1	0.99769217	high	1.0	very high	unclassified		0.0	low	0.0	low
vRhyme_bin_1__BAr2D2E2F_000000166864_7	vRhyme_bin_1__BAr2D2E2F_000000166864	BAr2D2E2F_vRhyme_bin_1	0.9971672	high	1.0	very high	unclassified		0.0	low	0.0	low
vRhyme_bin_1__BAr2D2E2F_000000166864_8	vRhyme_bin_1__BAr2D2E2F_000000166864	BAr2D2E2F_vRhyme_bin_1	0.9976019	high	1.0	very high	unclassified		0.0	low	0.0	low
vRhyme_bin_1__BAr2D2E2F_000000166864_9	vRhyme_bin_1__BAr2D2E2F_000000166864	BAr2D2E2F_vRhyme_bin_1	0.99786955	high	1.0	very high	unclassified		0.0	low	0.0	low
vRhyme_bin_1__BAr2D2E2F_000000166864_10	vRhyme_bin_1__BAr2D2E2F_000000166864	BAr2D2E2F_vRhyme_bin_1	0.9866053	high	1.0	very high	unclassified		0.0	low	0.0	low
vRhyme_bin_1__BAr2D2E2F_000000166864_11	vRhyme_bin_1__BAr2D2E2F_000000166864	BAr2D2E2F_vRhyme_bin_1	0.9756719	high	1.0	very high	unclassified		0.0	low	0.0	low
vRhyme_bin_1__BAr2D2E2F_000000166864_12	vRhyme_bin_1__BAr2D2E2F_000000166864	BAr2D2E2F_vRhyme_bin_1	0.97651255	high	1.0	very high	unclassified		0.0	low	0.0	low
vRhyme_bin_1__BAr2D2E2F_000000166864_13	vRhyme_bin_1__BAr2D2E2F_000000166864	BAr2D2E2F_vRhyme_bin_1	0.97691846	high	1.0	very high	unclassified		0.0	low	0.0	low
vRhyme_bin_1__BAr2D2E2F_000000166864_14	vRhyme_bin_1__BAr2D2E2F_000000166864	BAr2D2E2F_vRhyme_bin_1	0.9760324	high	1.0	very high	unclassified		0.0	low	0.0	low
vRhyme_bin_1__BAr2D2E2F_000000166864_15	vRhyme_bin_1__BAr2D2E2F_000000166864	BAr2D2E2F_vRhyme_bin_1	0.9919653	high	1.0	very high	unclassified	thyX, thy1; thymidylate synthase (FAD) [EC:2.1.1.148]	0.0	low	0.0	low
vRhyme_bin_1__BAr2D2E2F_000000166864_16	vRhyme_bin_1__BAr2D2E2F_000000166864	BAr2D2E2F_vRhyme_bin_1	0.9679766	high	1.0	very high	unclassified	DnaB-like replicative helicase	0.0	low	0.0	low
vRhyme_bin_1__BAr2D2E2F_000000166864_17	vRhyme_bin_1__BAr2D2E2F_000000166864	BAr2D2E2F_vRhyme_bin_1	0.988012	high	1.0	very high	unclassified		0.0	low	0.0	low
vRhyme_bin_1__BAr2D2E2F_000000166864_18	vRhyme_bin_1__BAr2D2E2F_000000166864	BAr2D2E2F_vRhyme_bin_1	0.984377	high	1.0	very high	unclassified		0.0	low	0.0	low
vRhyme_bin_1__BAr2D2E2F_000000166864_19	vRhyme_bin_1__BAr2D2E2F_000000166864	BAr2D2E2F_vRhyme_bin_1	0.94259113	high	1.0	very high	unclassified		0.0	low	0.0	low
vRhyme_bin_1__BAr2D2E2F_000000166864_20	vRhyme_bin_1__BAr2D2E2F_000000166864	BAr2D2E2F_vRhyme_bin_1	0.7853218	medium	1.0	very high	unclassified		0.0	low	0.0	low
vRhyme_bin_1__BAr2D2E2F_000000166864_21	vRhyme_bin_1__BAr2D2E2F_000000166864	BAr2D2E2F_vRhyme_bin_1	0.96615195	high	1.0	very high	unclassified		0.0	low	0.0	low
vRhyme_bin_1__BAr2D2E2F_000000166864_22	vRhyme_bin_1__BAr2D2E2F_000000166864	BAr2D2E2F_vRhyme_bin_1	0.9657313	high	1.0	very high	unclassified		0.0	low	0.0	low
vRhyme_bin_1__BAr2D2E2F_000000166864_23	vRhyme_bin_1__BAr2D2E2F_000000166864	BAr2D2E2F_vRhyme_bin_1	0.964324	high	1.0	very high	unclassified	""	0.0	low	0.0	low
vRhyme_bin_1__BAr2D2E2F_000000166864_24	vRhyme_bin_1__BAr2D2E2F_000000166864	BAr2D2E2F_vRhyme_bin_1	0.9775746	high	1.0	very high	unclassified		0.0	low	0.0	low
vRhyme_bin_1__BAr2D2E2F_000000166864_25	vRhyme_bin_1__BAr2D2E2F_000000166864	BAr2D2E2F_vRhyme_bin_1	0.9776068	high	1.0	very high	unclassified		0.0	low	0.0	low
vRhyme_bin_1__BAr2D2E2F_000000370749_1	vRhyme_bin_1__BAr2D2E2F_000000370749	BAr2D2E2F_vRhyme_bin_1	0.99585265	high	1.0	very high	unclassified		0.0	low	0.0	low
vRhyme_bin_1__BAr2D2E2F_000000370749_2	vRhyme_bin_1__BAr2D2E2F_000000370749	BAr2D2E2F_vRhyme_bin_1	0.9975245	high	1.0	very high	unclassified		0.0	low	0.0	low
vRhyme_bin_1__BAr2D2E2F_000000370749_3	vRhyme_bin_1__BAr2D2E2F_000000370749	BAr2D2E2F_vRhyme_bin_1	0.98959345	high	1.0	very high	unclassified	5-hmdU DNA kinase, helical domain	0.0	low	0.0	low
vRhyme_bin_1__BAr2D2E2F_000000370749_4	vRhyme_bin_1__BAr2D2E2F_000000370749	BAr2D2E2F_vRhyme_bin_1	0.98904485	high	1.0	very high	unclassified		0.0	low	0.0	low
vRhyme_bin_1__BAr2D2E2F_000000370749_5	vRhyme_bin_1__BAr2D2E2F_000000370749	BAr2D2E2F_vRhyme_bin_1	0.9891405	high	1.0	very high	unclassified		0.0	low	0.0	low
vRhyme_bin_1__BAr2D2E2F_000000370749_6	vRhyme_bin_1__BAr2D2E2F_000000370749	BAr2D2E2F_vRhyme_bin_1	0.9887656	high	1.0	very high	unclassified		0.0	low	0.0	low
vRhyme_bin_1__BAr2D2E2F_000000370749_7	vRhyme_bin_1__BAr2D2E2F_000000370749	BAr2D2E2F_vRhyme_bin_1	0.98812956	high	1.0	very high	unclassified		0.0	low	0.0	low
vRhyme_bin_1__BAr2D2E2F_000000370749_8	vRhyme_bin_1__BAr2D2E2F_000000370749	BAr2D2E2F_vRhyme_bin_1	0.9874184	high	1.0	very high	unclassified		0.0	low	0.0	low
vRhyme_bin_1__BAr2D2E2F_000000370749_9	vRhyme_bin_1__BAr2D2E2F_000000370749	BAr2D2E2F_vRhyme_bin_1	0.98883015	high	1.0	very high	unclassified		0.0	low	0.0	low
vRhyme_bin_1__BAr2D2E2F_000000370749_10	vRhyme_bin_1__BAr2D2E2F_000000370749	BAr2D2E2F_vRhyme_bin_1	0.98635846	high	1.0	very high	unclassified		0.0	low	0.0	low
vRhyme_bin_1__BAr2D2E2F_000000370749_11	vRhyme_bin_1__BAr2D2E2F_000000370749	BAr2D2E2F_vRhyme_bin_1	0.974798	high	1.0	very high	unclassified	RNA ligase	0.0	low	0.0	low
vRhyme_bin_1__BAr2D2E2F_000000370749_12	vRhyme_bin_1__BAr2D2E2F_000000370749	BAr2D2E2F_vRhyme_bin_1	0.9976219	high	1.0	very high	regulatory	single strand DNA binding protein	1.0	very high	1.0	very high
vRhyme_bin_1__BAr2D2E2F_000000370749_13	vRhyme_bin_1__BAr2D2E2F_000000370749	BAr2D2E2F_vRhyme_bin_1	0.99773735	high	1.0	very high	unclassified		0.0	low	0.0	low
vRhyme_bin_1__BAr2D2E2F_000000370749_14	vRhyme_bin_1__BAr2D2E2F_000000370749	BAr2D2E2F_vRhyme_bin_1	0.997208	high	1.0	very high	unclassified		0.0	low	0.0	low
vRhyme_bin_1__BAr2D2E2F_000000370749_15	vRhyme_bin_1__BAr2D2E2F_000000370749	BAr2D2E2F_vRhyme_bin_1	0.99719936	high	1.0	very high	unclassified		0.0	low	0.0	low
vRhyme_bin_1__BAr2D2E2F_000000370749_16	vRhyme_bin_1__BAr2D2E2F_000000370749	BAr2D2E2F_vRhyme_bin_1	0.9976296	high	1.0	very high	unclassified		0.0	low	0.0	low
vRhyme_bin_1__BAr2D2E2F_000000370749_17	vRhyme_bin_1__BAr2D2E2F_000000370749	BAr2D2E2F_vRhyme_bin_1	0.9977611	high	1.0	very high	unclassified		0.0	low	0.0	low
vRhyme_bin_1__BAr2D2E2F_000000370749_18	vRhyme_bin_1__BAr2D2E2F_000000370749	BAr2D2E2F_vRhyme_bin_1	0.9966642	high	1.0	very high	unclassified		0.0	low	0.0	low
vRhyme_bin_1__BAr2D2E2F_000000370749_19	vRhyme_bin_1__BAr2D2E2F_000000370749	BAr2D2E2F_vRhyme_bin_1	0.9969055	high	1.0	very high	unclassified		0.0	low	0.0	low
vRhyme_bin_1__BAr2D2E2F_000000370749_20	vRhyme_bin_1__BAr2D2E2F_000000370749	BAr2D2E2F_vRhyme_bin_1	0.9962997	high	1.0	very high	unclassified		0.0	low	0.0	low
vRhyme_bin_1__BAr2D2E2F_000000370749_21	vRhyme_bin_1__BAr2D2E2F_000000370749	BAr2D2E2F_vRhyme_bin_1	0.99630463	high	1.0	very high	unclassified		0.0	low	0.0	low
vRhyme_bin_1__BAr2D2E2F_000000370749_22	vRhyme_bin_1__BAr2D2E2F_000000370749	BAr2D2E2F_vRhyme_bin_1	0.99670756	high	1.0	very high	unclassified		0.0	low	0.0	low
vRhyme_bin_1__BAr2D2E2F_000000370749_23	vRhyme_bin_1__BAr2D2E2F_000000370749	BAr2D2E2F_vRhyme_bin_1	0.9966545	high	1.0	very high	unclassified		0.0	low	0.0	low
vRhyme_bin_1__BAr2D2E2F_000000370749_24	vRhyme_bin_1__BAr2D2E2F_000000370749	BAr2D2E2F_vRhyme_bin_1	0.99671924	high	1.0	very high	unclassified		0.0	low	0.0	low
vRhyme_bin_1__BAr2D2E2F_000000370749_25	vRhyme_bin_1__BAr2D2E2F_000000370749	BAr2D2E2F_vRhyme_bin_1	0.99332696	high	1.0	very high	unclassified		0.0	low	0.0	low
vRhyme_bin_1__BAr2D2E2F_000000370749_26	vRhyme_bin_1__BAr2D2E2F_000000370749	BAr2D2E2F_vRhyme_bin_1	0.9951061	high	1.0	very high	unclassified		0.0	low	0.0	low
vRhyme_bin_1__BAr2D2E2F_000000370749_27	vRhyme_bin_1__BAr2D2E2F_000000370749	BAr2D2E2F_vRhyme_bin_1	0.9950787	high	1.0	very high	unclassified		0.0	low	0.0	low
vRhyme_bin_1__BAr2D2E2F_000000370749_28	vRhyme_bin_1__BAr2D2E2F_000000370749	BAr2D2E2F_vRhyme_bin_1	0.99421465	high	1.0	very high	unclassified		0.0	low	0.0	low
vRhyme_bin_1__BAr2D2E2F_000000370749_29	vRhyme_bin_1__BAr2D2E2F_000000370749	BAr2D2E2F_vRhyme_bin_1	0.9933857	high	1.0	very high	unclassified		0.0	low	0.0	low
vRhyme_bin_1__BAr2D2E2F_000000370749_30	vRhyme_bin_1__BAr2D2E2F_000000370749	BAr2D2E2F_vRhyme_bin_1	0.9937795	high	1.0	very high	unclassified		0.0	low	0.0	low
vRhyme_bin_1__BAr2D2E2F_000000370749_31	vRhyme_bin_1__BAr2D2E2F_000000370749	BAr2D2E2F_vRhyme_bin_1	0.9957558	high	1.0	very high	unclassified	mutT, NUDT15, MTH2; 8-oxo-dGTP diphosphatase [EC:3.6.1.55]	0.0	low	0.0	low
vRhyme_bin_1__BAr2D2E2F_000000370749_32	vRhyme_bin_1__BAr2D2E2F_000000370749	BAr2D2E2F_vRhyme_bin_1	0.99330467	high	1.0	very high	unclassified		0.0	low	0.0	low
vRhyme_bin_1__BAr2D2E2F_000000370749_33	vRhyme_bin_1__BAr2D2E2F_000000370749	BAr2D2E2F_vRhyme_bin_1	0.9931099	high	1.0	very high	unclassified		0.0	low	0.0	low
vRhyme_bin_1__BAr2D2E2F_000000370749_34	vRhyme_bin_1__BAr2D2E2F_000000370749	BAr2D2E2F_vRhyme_bin_1	0.9924485	high	1.0	very high	unclassified		0.0	low	0.0	low
vRhyme_bin_1__BAr2D2E2F_000000370749_35	vRhyme_bin_1__BAr2D2E2F_000000370749	BAr2D2E2F_vRhyme_bin_1	0.9906619	high	1.0	very high	unclassified		0.0	low	0.0	low
vRhyme_bin_1__BAr2D2E2F_000000370749_36	vRhyme_bin_1__BAr2D2E2F_000000370749	BAr2D2E2F_vRhyme_bin_1	0.99025774	high	1.0	very high	unclassified		0.0	low	0.0	low
vRhyme_bin_1__BAr2D2E2F_000000370749_37	vRhyme_bin_1__BAr2D2E2F_000000370749	BAr2D2E2F_vRhyme_bin_1	0.99041164	high	1.0	very high	unclassified		0.0	low	0.0	low
vRhyme_bin_1__BAr2D2E2F_000000370749_38	vRhyme_bin_1__BAr2D2E2F_000000370749	BAr2D2E2F_vRhyme_bin_1	0.9918776	high	1.0	very high	unclassified		0.0	low	0.0	low
vRhyme_bin_1__BAr2D2E2F_000000370749_39	vRhyme_bin_1__BAr2D2E2F_000000370749	BAr2D2E2F_vRhyme_bin_1	0.9945927	high	1.0	very high	regulatory	lexA; repressor LexA [EC:3.4.21.88]	1.0	very high	1.0	very high
vRhyme_bin_1__BAr2D2E2F_000000370749_40	vRhyme_bin_1__BAr2D2E2F_000000370749	BAr2D2E2F_vRhyme_bin_1	0.98557633	high	1.0	very high	unclassified	RadC-like JAB domain	0.0	low	0.0	low
vRhyme_bin_1__BAr2D2E2F_000000370749_41	vRhyme_bin_1__BAr2D2E2F_000000370749	BAr2D2E2F_vRhyme_bin_1	0.9956631	high	1.0	very high	unclassified	""	0.0	low	0.0	low
vRhyme_bin_1__BAr2D2E2F_000000370749_42	vRhyme_bin_1__BAr2D2E2F_000000370749	BAr2D2E2F_vRhyme_bin_1	0.9902002	high	0.9506	high	unclassified	""	0.0	low	0.0	low
vRhyme_bin_1__BAr2D2E2F_000000370749_43	vRhyme_bin_1__BAr2D2E2F_000000370749	BAr2D2E2F_vRhyme_bin_1	0.9900802	high	1.0	very high	unclassified		0.0	low	0.0	low
vRhyme_bin_1__BAr2D2E2F_000000370749_44	vRhyme_bin_1__BAr2D2E2F_000000370749	BAr2D2E2F_vRhyme_bin_1	0.9890131	high	1.0	very high	unclassified		0.0	low	0.0	low
vRhyme_bin_1__BAr2D2E2F_000000370749_45	vRhyme_bin_1__BAr2D2E2F_000000370749	BAr2D2E2F_vRhyme_bin_1	0.9895242	high	1.0	very high	unclassified		0.0	low	0.0	low
vRhyme_bin_1__BAr2D2E2F_000000370749_46	vRhyme_bin_1__BAr2D2E2F_000000370749	BAr2D2E2F_vRhyme_bin_1	0.9902731	high	1.0	very high	unclassified		0.0	low	0.0	low
vRhyme_bin_1__BAr2D2E2F_000000370749_47	vRhyme_bin_1__BAr2D2E2F_000000370749	BAr2D2E2F_vRhyme_bin_1	0.9890674	high	1.0	very high	unclassified		0.0	low	0.0	low
vRhyme_bin_1__BAr2D2E2F_000000370749_48	vRhyme_bin_1__BAr2D2E2F_000000370749	BAr2D2E2F_vRhyme_bin_1	0.99063367	high	1.0	very high	unclassified		0.0	low	0.0	low
vRhyme_bin_1__BAr2D2E2F_000000370749_49	vRhyme_bin_1__BAr2D2E2F_000000370749	BAr2D2E2F_vRhyme_bin_1	0.9924343	high	1.0	very high	unclassified		0.0	low	0.0	low
vRhyme_bin_1__BAr2D2E2F_000000370749_50	vRhyme_bin_1__BAr2D2E2F_000000370749	BAr2D2E2F_vRhyme_bin_1	0.97450113	high	1.0	very high	unclassified		0.0	low	0.0	low
vRhyme_bin_1__BAr2D2E2F_000000370749_51	vRhyme_bin_1__BAr2D2E2F_000000370749	BAr2D2E2F_vRhyme_bin_1	0.99134195	high	1.0	very high	unclassified	Domain of unknown function (DUF7352)	0.0	low	0.0	low
vRhyme_bin_1__BAr2D2E2F_000000370749_52	vRhyme_bin_1__BAr2D2E2F_000000370749	BAr2D2E2F_vRhyme_bin_1	0.99069464	high	0.951	high	unclassified		0.0	low	0.0	low
vRhyme_bin_1__BAr2D2E2F_000000370749_53	vRhyme_bin_1__BAr2D2E2F_000000370749	BAr2D2E2F_vRhyme_bin_1	0.96511114	high	1.0	very high	unclassified	radD; DNA repair protein RadD	0.0	low	0.0	low
vRhyme_bin_1__BAr2D2E2F_000000370749_54	vRhyme_bin_1__BAr2D2E2F_000000370749	BAr2D2E2F_vRhyme_bin_1	0.9724594	high	1.0	very high	unclassified		0.0	low	0.0	low
vRhyme_bin_11__LABRr1A1B1C_000000014874_1	vRhyme_bin_11__LABRr1A1B1C_000000014874	LABRr1A1B1C_vRhyme_bin_11	0.94706655	high	1.0	very high	unclassified		0.0	low	0.0	low
vRhyme_bin_11__LABRr1A1B1C_000000014874_2	vRhyme_bin_11__LABRr1A1B1C_000000014874	LABRr1A1B1C_vRhyme_bin_11	0.94704974	high	1.0	very high	unclassified		0.0	low	0.0	low
vRhyme_bin_11__LABRr1A1B1C_000000014874_3	vRhyme_bin_11__LABRr1A1B1C_000000014874	LABRr1A1B1C_vRhyme_bin_11	0.76432455	medium	1.0	very high	unclassified		0.0552	low	0.0552	low
vRhyme_bin_11__LABRr1A1B1C_000000014874_4	vRhyme_bin_11__LABRr1A1B1C_000000014874	LABRr1A1B1C_vRhyme_bin_11	0.85548294	medium	1.0	very high	unclassified	head-tail joining	0.0	low	0.0	low
vRhyme_bin_11__LABRr1A1B1C_000000014874_5	vRhyme_bin_11__LABRr1A1B1C_000000014874	LABRr1A1B1C_vRhyme_bin_11	0.9963714	high	1.0	very high	unclassified	Phage portal protein, lambda family	0.0	low	0.0	low
vRhyme_bin_11__LABRr1A1B1C_000000014874_6	vRhyme_bin_11__LABRr1A1B1C_000000014874	LABRr1A1B1C_vRhyme_bin_11	0.9944411	high	1.0	very high	unclassified	major head protein	0.0	low	0.0	low
vRhyme_bin_11__LABRr1A1B1C_000000014874_7	vRhyme_bin_11__LABRr1A1B1C_000000014874	LABRr1A1B1C_vRhyme_bin_11	0.99195707	high	1.0	very high	unclassified		0.0	low	0.0	low
vRhyme_bin_11__LABRr1A1B1C_000000014874_8	vRhyme_bin_11__LABRr1A1B1C_000000014874	LABRr1A1B1C_vRhyme_bin_11	0.9916215	high	1.0	very high	unclassified		0.0	low	0.0	low
vRhyme_bin_11__LABRr1A1B1C_000000014874_9	vRhyme_bin_11__LABRr1A1B1C_000000014874	LABRr1A1B1C_vRhyme_bin_11	0.9862854	high	1.0	very high	unclassified		0.0	low	0.0	low
vRhyme_bin_11__LABRr1A1B1C_000000014874_10	vRhyme_bin_11__LABRr1A1B1C_000000014874	LABRr1A1B1C_vRhyme_bin_11	0.99016535	high	1.0	very high	unclassified		0.0	low	0.0	low
vRhyme_bin_11__LABRr1A1B1C_000000014874_11	vRhyme_bin_11__LABRr1A1B1C_000000014874	LABRr1A1B1C_vRhyme_bin_11	0.99062884	high	1.0	very high	unclassified		0.0	low	0.0	low
vRhyme_bin_11__LABRr1A1B1C_000000014874_12	vRhyme_bin_11__LABRr1A1B1C_000000014874	LABRr1A1B1C_vRhyme_bin_11	0.98778784	high	1.0	very high	unclassified		0.0	low	0.0	low
vRhyme_bin_11__LABRr1A1B1C_000000014874_13	vRhyme_bin_11__LABRr1A1B1C_000000014874	LABRr1A1B1C_vRhyme_bin_11	0.9832908	high	1.0	very high	unclassified		0.0	low	0.0	low
vRhyme_bin_11__LABRr1A1B1C_000000014874_14	vRhyme_bin_11__LABRr1A1B1C_000000014874	LABRr1A1B1C_vRhyme_bin_11	0.9870004	high	1.0	very high	unclassified		0.0	low	0.0	low
vRhyme_bin_11__LABRr1A1B1C_000000014874_15	vRhyme_bin_11__LABRr1A1B1C_000000014874	LABRr1A1B1C_vRhyme_bin_11	0.9897294	high	1.0	very high	unclassified		0.0	low	0.0	low
vRhyme_bin_11__LABRr1A1B1C_000000014874_16	vRhyme_bin_11__LABRr1A1B1C_000000014874	LABRr1A1B1C_vRhyme_bin_11	0.9447814	high	1.0	very high	unclassified		0.0	low	0.0	low
vRhyme_bin_11__LABRr1A1B1C_000000014874_17	vRhyme_bin_11__LABRr1A1B1C_000000014874	LABRr1A1B1C_vRhyme_bin_11	0.93766993	high	0.9585	high	unclassified		0.0	low	0.0	low
vRhyme_bin_11__LABRr1A1B1C_000000039540_1	vRhyme_bin_11__LABRr1A1B1C_000000039540	LABRr1A1B1C_vRhyme_bin_11	0.98055553	high	1.0	very high	unclassified		0.0	low	0.0	low
vRhyme_bin_11__LABRr1A1B1C_000000039540_2	vRhyme_bin_11__LABRr1A1B1C_000000039540	LABRr1A1B1C_vRhyme_bin_11	0.9820888	high	1.0	very high	unclassified		0.0	low	0.0	low
vRhyme_bin_11__LABRr1A1B1C_000000039540_3	vRhyme_bin_11__LABRr1A1B1C_000000039540	LABRr1A1B1C_vRhyme_bin_11	0.97818804	high	1.0	very high	unclassified	HNH endonuclease	0.0	low	0.0	low
vRhyme_bin_11__LABRr1A1B1C_000000039540_4	vRhyme_bin_11__LABRr1A1B1C_000000039540	LABRr1A1B1C_vRhyme_bin_11	0.9829852	high	1.0	very high	unclassified		0.0	low	0.0	low
vRhyme_bin_11__LABRr1A1B1C_000000039540_5	vRhyme_bin_11__LABRr1A1B1C_000000039540	LABRr1A1B1C_vRhyme_bin_11	0.975943	high	1.0	very high	unclassified		0.0	low	0.0	low
vRhyme_bin_11__LABRr1A1B1C_000000039540_6	vRhyme_bin_11__LABRr1A1B1C_000000039540	LABRr1A1B1C_vRhyme_bin_11	0.9750877	high	1.0	very high	unclassified	endonuclease VII	0.0	low	0.0	low
vRhyme_bin_11__LABRr1A1B1C_000000039540_7	vRhyme_bin_11__LABRr1A1B1C_000000039540	LABRr1A1B1C_vRhyme_bin_11	0.98393697	high	1.0	very high	unclassified		0.0	low	0.0	low
vRhyme_bin_11__LABRr1A1B1C_000000039540_8	vRhyme_bin_11__LABRr1A1B1C_000000039540	LABRr1A1B1C_vRhyme_bin_11	0.9818816	high	1.0	very high	unclassified	HNH endonuclease	0.0	low	0.0	low
vRhyme_bin_11__LABRr1A1B1C_000000039540_9	vRhyme_bin_11__LABRr1A1B1C_000000039540	LABRr1A1B1C_vRhyme_bin_11	0.9689314	high	1.0	very high	unclassified		0.0	low	0.0	low
vRhyme_bin_11__LABRr1A1B1C_000000039540_10	vRhyme_bin_11__LABRr1A1B1C_000000039540	LABRr1A1B1C_vRhyme_bin_11	0.97145855	high	1.0	very high	unclassified		0.0	low	0.0	low
vRhyme_bin_11__LABRr1A1B1C_000000039540_11	vRhyme_bin_11__LABRr1A1B1C_000000039540	LABRr1A1B1C_vRhyme_bin_11	0.9829696	high	1.0	very high	unclassified		0.0	low	0.0	low
vRhyme_bin_11__LABRr1A1B1C_000000039540_12	vRhyme_bin_11__LABRr1A1B1C_000000039540	LABRr1A1B1C_vRhyme_bin_11	0.9674496	high	1.0	very high	unclassified		0.0	low	0.0	low
vRhyme_bin_11__LABRr1A1B1C_000000039540_13	vRhyme_bin_11__LABRr1A1B1C_000000039540	LABRr1A1B1C_vRhyme_bin_11	0.962966	high	1.0	very high	unclassified		0.0	low	0.0	low
vRhyme_bin_11__LABRr1A1B1C_000000039540_14	vRhyme_bin_11__LABRr1A1B1C_000000039540	LABRr1A1B1C_vRhyme_bin_11	0.97005165	high	1.0	very high	unclassified		0.0	low	0.0	low
vRhyme_bin_11__LABRr1A1B1C_000000039540_15	vRhyme_bin_11__LABRr1A1B1C_000000039540	LABRr1A1B1C_vRhyme_bin_11	0.9700227	high	1.0	very high	unclassified		0.0	low	0.0	low
vRhyme_bin_11__LABRr1A1B1C_000000039540_16	vRhyme_bin_11__LABRr1A1B1C_000000039540	LABRr1A1B1C_vRhyme_bin_11	0.9708071	high	1.0	very high	unclassified		0.0	low	0.0	low
vRhyme_bin_11__LABRr1A1B1C_000000039540_17	vRhyme_bin_11__LABRr1A1B1C_000000039540	LABRr1A1B1C_vRhyme_bin_11	0.9686515	high	1.0	very high	unclassified		0.0	low	0.0	low
vRhyme_bin_11__LABRr1A1B1C_000000039540_18	vRhyme_bin_11__LABRr1A1B1C_000000039540	LABRr1A1B1C_vRhyme_bin_11	0.97140473	high	1.0	very high	unclassified		0.0	low	0.0	low
vRhyme_bin_11__LABRr1A1B1C_000000039540_19	vRhyme_bin_11__LABRr1A1B1C_000000039540	LABRr1A1B1C_vRhyme_bin_11	0.96887517	high	1.0	very high	unclassified		0.0	low	0.0	low
vRhyme_bin_11__LABRr1A1B1C_000000039540_20	vRhyme_bin_11__LABRr1A1B1C_000000039540	LABRr1A1B1C_vRhyme_bin_11	0.9980763	high	1.0	very high	unclassified	nucleotidyltransferase	0.0	low	0.0	low
vRhyme_bin_11__LABRr1A1B1C_000000039540_21	vRhyme_bin_11__LABRr1A1B1C_000000039540	LABRr1A1B1C_vRhyme_bin_11	0.9865182	high	1.0	very high	unclassified		0.0	low	0.0	low
vRhyme_bin_11__LABRr1A1B1C_000000039540_22	vRhyme_bin_11__LABRr1A1B1C_000000039540	LABRr1A1B1C_vRhyme_bin_11	0.98670393	high	1.0	very high	unclassified		0.0	low	0.0	low
vRhyme_bin_11__LABRr1A1B1C_000000039540_23	vRhyme_bin_11__LABRr1A1B1C_000000039540	LABRr1A1B1C_vRhyme_bin_11	0.9938852	high	1.0	very high	unclassified		0.0	low	0.0	low
vRhyme_bin_11__LABRr1A1B1C_000000039540_24	vRhyme_bin_11__LABRr1A1B1C_000000039540	LABRr1A1B1C_vRhyme_bin_11	0.99202174	high	1.0	very high	unclassified		0.0	low	0.0	low
vRhyme_bin_11__LABRr1A1B1C_000000039540_25	vRhyme_bin_11__LABRr1A1B1C_000000039540	LABRr1A1B1C_vRhyme_bin_11	0.9935041	high	1.0	very high	unclassified		0.0	low	0.0	low
vRhyme_bin_11__LABRr1A1B1C_000000039540_26	vRhyme_bin_11__LABRr1A1B1C_000000039540	LABRr1A1B1C_vRhyme_bin_11	0.9924223	high	1.0	very high	unclassified		0.0	low	0.0	low
vRhyme_bin_11__LABRr1A1B1C_000000039540_27	vRhyme_bin_11__LABRr1A1B1C_000000039540	LABRr1A1B1C_vRhyme_bin_11	0.993372	high	1.0	very high	unclassified		0.0	low	0.0	low
vRhyme_bin_11__LABRr1A1B1C_000000039540_28	vRhyme_bin_11__LABRr1A1B1C_000000039540	LABRr1A1B1C_vRhyme_bin_11	0.9624219	high	1.0	very high	unclassified		0.0	low	0.0	low
vRhyme_bin_11__LABRr1A1B1C_000000039540_29	vRhyme_bin_11__LABRr1A1B1C_000000039540	LABRr1A1B1C_vRhyme_bin_11	0.9929058	high	1.0	very high	unclassified		0.0	low	0.0	low
vRhyme_bin_11__LABRr1A1B1C_000000039540_30	vRhyme_bin_11__LABRr1A1B1C_000000039540	LABRr1A1B1C_vRhyme_bin_11	0.9932311	high	1.0	very high	unclassified		0.0	low	0.0	low
vRhyme_bin_11__LABRr1A1B1C_000000039540_31	vRhyme_bin_11__LABRr1A1B1C_000000039540	LABRr1A1B1C_vRhyme_bin_11	0.99342346	high	1.0	very high	unclassified		0.0	low	0.0	low
vRhyme_bin_11__LABRr1A1B1C_000000039540_32	vRhyme_bin_11__LABRr1A1B1C_000000039540	LABRr1A1B1C_vRhyme_bin_11	0.9920533	high	1.0	very high	unclassified		0.0	low	0.0	low
vRhyme_bin_11__LABRr1A1B1C_000000039540_33	vRhyme_bin_11__LABRr1A1B1C_000000039540	LABRr1A1B1C_vRhyme_bin_11	0.9920797	high	1.0	very high	unclassified		0.0	low	0.0	low
vRhyme_bin_11__LABRr1A1B1C_000000039540_34	vRhyme_bin_11__LABRr1A1B1C_000000039540	LABRr1A1B1C_vRhyme_bin_11	0.98860365	high	1.0	very high	unclassified		0.0	low	0.0	low
vRhyme_bin_11__LABRr1A1B1C_000000039540_35	vRhyme_bin_11__LABRr1A1B1C_000000039540	LABRr1A1B1C_vRhyme_bin_11	0.98416024	high	1.0	very high	unclassified		0.0	low	0.0	low
vRhyme_bin_11__LABRr1A1B1C_000000039540_36	vRhyme_bin_11__LABRr1A1B1C_000000039540	LABRr1A1B1C_vRhyme_bin_11	0.9836497	high	1.0	very high	unclassified		0.0	low	0.0	low
vRhyme_bin_11__LABRr1A1B1C_000000039540_37	vRhyme_bin_11__LABRr1A1B1C_000000039540	LABRr1A1B1C_vRhyme_bin_11	0.9791629	high	1.0	very high	unclassified		0.0	low	0.0	low
vRhyme_bin_11__LABRr1A1B1C_000000039540_38	vRhyme_bin_11__LABRr1A1B1C_000000039540	LABRr1A1B1C_vRhyme_bin_11	0.9783494	high	1.0	very high	unclassified		0.0	low	0.0	low
vRhyme_bin_11__LABRr1A1B1C_000000039540_39	vRhyme_bin_11__LABRr1A1B1C_000000039540	LABRr1A1B1C_vRhyme_bin_11	0.9766615	high	1.0	very high	unclassified		0.0	low	0.0	low
vRhyme_bin_11__LABRr1A1B1C_000000039540_40	vRhyme_bin_11__LABRr1A1B1C_000000039540	LABRr1A1B1C_vRhyme_bin_11	0.9802724	high	1.0	very high	unclassified		0.0	low	0.0	low
vRhyme_bin_11__LABRr1A1B1C_000000039540_41	vRhyme_bin_11__LABRr1A1B1C_000000039540	LABRr1A1B1C_vRhyme_bin_11	0.9808584	high	1.0	very high	unclassified		0.0	low	0.0	low
vRhyme_bin_11__LABRr1A1B1C_000000039540_42	vRhyme_bin_11__LABRr1A1B1C_000000039540	LABRr1A1B1C_vRhyme_bin_11	0.9846429	high	1.0	very high	unclassified	Domain of unknown function (DUF4326)	0.0	low	0.0	low
vRhyme_bin_11__LABRr1A1B1C_000000039540_43	vRhyme_bin_11__LABRr1A1B1C_000000039540	LABRr1A1B1C_vRhyme_bin_11	0.98810816	high	1.0	very high	unclassified		0.0	low	0.0	low
vRhyme_bin_11__LABRr1A1B1C_000000039540_44	vRhyme_bin_11__LABRr1A1B1C_000000039540	LABRr1A1B1C_vRhyme_bin_11	0.9807597	high	1.0	very high	unclassified		0.0	low	0.0	low
vRhyme_bin_11__LABRr1A1B1C_000000080164_1	vRhyme_bin_11__LABRr1A1B1C_000000080164	LABRr1A1B1C_vRhyme_bin_11	0.9934281	high	1.0	very high	unclassified		0.0	low	0.0	low
vRhyme_bin_11__LABRr1A1B1C_000000080164_2	vRhyme_bin_11__LABRr1A1B1C_000000080164	LABRr1A1B1C_vRhyme_bin_11	0.9893721	high	1.0	very high	unclassified		0.0	low	0.0	low
vRhyme_bin_11__LABRr1A1B1C_000000080164_3	vRhyme_bin_11__LABRr1A1B1C_000000080164	LABRr1A1B1C_vRhyme_bin_11	0.99745274	high	1.0	very high	unclassified		0.0	low	0.0	low
vRhyme_bin_11__LABRr1A1B1C_000000080164_4	vRhyme_bin_11__LABRr1A1B1C_000000080164	LABRr1A1B1C_vRhyme_bin_11	0.99360067	high	1.0	very high	unclassified	DNA transfer protein	0.0	low	0.0	low
vRhyme_bin_11__LABRr1A1B1C_000000080164_5	vRhyme_bin_11__LABRr1A1B1C_000000080164	LABRr1A1B1C_vRhyme_bin_11	0.99671113	high	1.0	very high	unclassified		0.0	low	0.0	low
vRhyme_bin_11__LABRr1A1B1C_000000080164_6	vRhyme_bin_11__LABRr1A1B1C_000000080164	LABRr1A1B1C_vRhyme_bin_11	0.99382794	high	1.0	very high	unclassified	""	0.0	low	0.0	low
vRhyme_bin_11__LABRr1A1B1C_000000080164_7	vRhyme_bin_11__LABRr1A1B1C_000000080164	LABRr1A1B1C_vRhyme_bin_11	0.98808056	high	1.0	very high	unclassified		0.0	low	0.0	low
vRhyme_bin_11__LABRr1A1B1C_000000080164_8	vRhyme_bin_11__LABRr1A1B1C_000000080164	LABRr1A1B1C_vRhyme_bin_11	0.9957646	high	1.0	very high	unclassified		0.0	low	0.0	low
vRhyme_bin_11__LABRr1A1B1C_000000080164_9	vRhyme_bin_11__LABRr1A1B1C_000000080164	LABRr1A1B1C_vRhyme_bin_11	0.99456674	high	1.0	very high	unclassified		0.0	low	0.0	low
vRhyme_bin_11__LABRr1A1B1C_000000080164_10	vRhyme_bin_11__LABRr1A1B1C_000000080164	LABRr1A1B1C_vRhyme_bin_11	0.9937587	high	1.0	very high	unclassified		0.0	low	0.0	low
vRhyme_bin_11__LABRr1A1B1C_000000080164_11	vRhyme_bin_11__LABRr1A1B1C_000000080164	LABRr1A1B1C_vRhyme_bin_11	0.99207735	high	1.0	very high	unclassified		0.0	low	0.0	low
vRhyme_bin_11__LABRr1A1B1C_000000080164_12	vRhyme_bin_11__LABRr1A1B1C_000000080164	LABRr1A1B1C_vRhyme_bin_11	0.9939862	high	1.0	very high	unclassified	DNA polymerase exonuclease subunit	0.0	low	0.0	low
vRhyme_bin_11__LABRr1A1B1C_000000080164_13	vRhyme_bin_11__LABRr1A1B1C_000000080164	LABRr1A1B1C_vRhyme_bin_11	0.99870145	high	1.0	very high	unclassified		0.0	low	0.0	low
vRhyme_bin_11__LABRr1A1B1C_000000080164_14	vRhyme_bin_11__LABRr1A1B1C_000000080164	LABRr1A1B1C_vRhyme_bin_11	0.9925258	high	1.0	very high	unclassified		0.0	low	0.0	low
vRhyme_bin_11__LABRr1A1B1C_000000080164_15	vRhyme_bin_11__LABRr1A1B1C_000000080164	LABRr1A1B1C_vRhyme_bin_11	0.999271	high	1.0	very high	unclassified	pol; Casjensviridae DNA polymerase	0.0	low	0.0	low
vRhyme_bin_11__LABRr1A1B1C_000000080164_16	vRhyme_bin_11__LABRr1A1B1C_000000080164	LABRr1A1B1C_vRhyme_bin_11	0.980868	high	1.0	very high	unclassified		0.0	low	0.0	low
vRhyme_bin_11__LABRr1A1B1C_000000080164_17	vRhyme_bin_11__LABRr1A1B1C_000000080164	LABRr1A1B1C_vRhyme_bin_11	0.98493886	high	1.0	very high	unclassified		0.0	low	0.0	low
vRhyme_bin_11__LABRr1A1B1C_000000080164_18	vRhyme_bin_11__LABRr1A1B1C_000000080164	LABRr1A1B1C_vRhyme_bin_11	0.9450707	high	1.0	very high	unclassified	uvrD, pcrA; ATP-dependent DNA helicase UvrD/PcrA [EC:5.6.2.4]	0.0	low	0.0	low
vRhyme_bin_11__LABRr1A1B1C_000000080164_19	vRhyme_bin_11__LABRr1A1B1C_000000080164	LABRr1A1B1C_vRhyme_bin_11	0.78171617	medium	1.0	very high	unclassified		0.0	low	0.0	low
vRhyme_bin_11__LABRr1A1B1C_000000092334_1	vRhyme_bin_11__LABRr1A1B1C_000000092334	LABRr1A1B1C_vRhyme_bin_11	0.9683524	high	1.0	very high	unclassified		0.0	low	0.0	low
vRhyme_bin_11__LABRr1A1B1C_000000092334_2	vRhyme_bin_11__LABRr1A1B1C_000000092334	LABRr1A1B1C_vRhyme_bin_11	0.96603227	high	1.0	very high	unclassified		0.0	low	0.0	low
vRhyme_bin_11__LABRr1A1B1C_000000092334_3	vRhyme_bin_11__LABRr1A1B1C_000000092334	LABRr1A1B1C_vRhyme_bin_11	0.9640783	high	1.0	very high	unclassified		0.0	low	0.0	low
vRhyme_bin_11__LABRr1A1B1C_000000092334_4	vRhyme_bin_11__LABRr1A1B1C_000000092334	LABRr1A1B1C_vRhyme_bin_11	0.950759	high	1.0	very high	unclassified		0.0	low	0.0	low
vRhyme_bin_11__LABRr1A1B1C_000000092334_5	vRhyme_bin_11__LABRr1A1B1C_000000092334	LABRr1A1B1C_vRhyme_bin_11	0.9704376	high	1.0	very high	unclassified		0.0	low	0.0	low
vRhyme_bin_11__LABRr1A1B1C_000000092334_6	vRhyme_bin_11__LABRr1A1B1C_000000092334	LABRr1A1B1C_vRhyme_bin_11	0.97442573	high	1.0	very high	unclassified		0.0	low	0.0	low
vRhyme_bin_11__LABRr1A1B1C_000000092334_7	vRhyme_bin_11__LABRr1A1B1C_000000092334	LABRr1A1B1C_vRhyme_bin_11	0.9854194	high	1.0	very high	unclassified		0.0	low	0.0	low
vRhyme_bin_11__LABRr1A1B1C_000000092334_8	vRhyme_bin_11__LABRr1A1B1C_000000092334	LABRr1A1B1C_vRhyme_bin_11	0.9873977	high	1.0	very high	unclassified		0.0	low	0.0	low
vRhyme_bin_11__LABRr1A1B1C_000000092334_9	vRhyme_bin_11__LABRr1A1B1C_000000092334	LABRr1A1B1C_vRhyme_bin_11	0.9865245	high	1.0	very high	unclassified		0.0	low	0.0	low
vRhyme_bin_11__LABRr1A1B1C_000000092334_10	vRhyme_bin_11__LABRr1A1B1C_000000092334	LABRr1A1B1C_vRhyme_bin_11	0.98778975	high	1.0	very high	unclassified		0.0	low	0.0	low
vRhyme_bin_11__LABRr1A1B1C_000000092334_11	vRhyme_bin_11__LABRr1A1B1C_000000092334	LABRr1A1B1C_vRhyme_bin_11	0.9879876	high	1.0	very high	unclassified		0.0	low	0.0	low
vRhyme_bin_11__LABRr1A1B1C_000000092334_12	vRhyme_bin_11__LABRr1A1B1C_000000092334	LABRr1A1B1C_vRhyme_bin_11	0.9906965	high	1.0	very high	unclassified	HNH endonuclease	0.0	low	0.0	low
vRhyme_bin_11__LABRr1A1B1C_000000092334_13	vRhyme_bin_11__LABRr1A1B1C_000000092334	LABRr1A1B1C_vRhyme_bin_11	0.96599084	high	1.0	very high	unclassified	Family of unknown function (DUF5715)	0.0	low	0.0	low
vRhyme_bin_11__LABRr1A1B1C_000000092334_14	vRhyme_bin_11__LABRr1A1B1C_000000092334	LABRr1A1B1C_vRhyme_bin_11	0.9911645	high	1.0	very high	unclassified		0.0	low	0.0	low
vRhyme_bin_11__LABRr1A1B1C_000000092334_15	vRhyme_bin_11__LABRr1A1B1C_000000092334	LABRr1A1B1C_vRhyme_bin_11	0.9893498	high	1.0	very high	unclassified		0.0	low	0.0	low
vRhyme_bin_11__LABRr1A1B1C_000000092334_16	vRhyme_bin_11__LABRr1A1B1C_000000092334	LABRr1A1B1C_vRhyme_bin_11	0.9968241	high	1.0	very high	unclassified	""	0.0	low	0.0	low
vRhyme_bin_11__LABRr1A1B1C_000000092334_17	vRhyme_bin_11__LABRr1A1B1C_000000092334	LABRr1A1B1C_vRhyme_bin_11	0.9629866	high	1.0	very high	unclassified		0.0	low	0.0	low
vRhyme_bin_11__LABRr1A1B1C_000000092334_18	vRhyme_bin_11__LABRr1A1B1C_000000092334	LABRr1A1B1C_vRhyme_bin_11	0.96446913	high	1.0	very high	unclassified		0.0	low	0.0	low
vRhyme_bin_11__LABRr1A1B1C_000000092334_19	vRhyme_bin_11__LABRr1A1B1C_000000092334	LABRr1A1B1C_vRhyme_bin_11	0.9703812	high	1.0	very high	unclassified		0.0	low	0.0	low
vRhyme_bin_11__LABRr1A1B1C_000000092334_20	vRhyme_bin_11__LABRr1A1B1C_000000092334	LABRr1A1B1C_vRhyme_bin_11	0.97133964	high	1.0	very high	unclassified		0.0	low	0.0	low
vRhyme_bin_11__LABRr1A1B1C_000000092334_21	vRhyme_bin_11__LABRr1A1B1C_000000092334	LABRr1A1B1C_vRhyme_bin_11	0.97458345	high	1.0	very high	unclassified		0.0	low	0.0	low
vRhyme_bin_11__LABRr1A1B1C_000000092334_22	vRhyme_bin_11__LABRr1A1B1C_000000092334	LABRr1A1B1C_vRhyme_bin_11	0.9769511	high	1.0	very high	unclassified		0.0	low	0.0	low
vRhyme_bin_11__LABRr1A1B1C_000000092334_23	vRhyme_bin_11__LABRr1A1B1C_000000092334	LABRr1A1B1C_vRhyme_bin_11	0.97901213	high	1.0	very high	unclassified		0.0	low	0.0	low
vRhyme_bin_11__LABRr1A1B1C_000000092334_24	vRhyme_bin_11__LABRr1A1B1C_000000092334	LABRr1A1B1C_vRhyme_bin_11	0.9793033	high	1.0	very high	unclassified		0.0	low	0.0	low
vRhyme_bin_11__LABRr1A1B1C_000000092334_25	vRhyme_bin_11__LABRr1A1B1C_000000092334	LABRr1A1B1C_vRhyme_bin_11	0.95989025	high	1.0	very high	unclassified		0.0	low	0.0	low
vRhyme_bin_11__LABRr1A1B1C_000000092334_26	vRhyme_bin_11__LABRr1A1B1C_000000092334	LABRr1A1B1C_vRhyme_bin_11	0.9648473	high	1.0	very high	unclassified		0.0	low	0.0	low
vRhyme_bin_11__LABRr1A1B1C_000000092334_27	vRhyme_bin_11__LABRr1A1B1C_000000092334	LABRr1A1B1C_vRhyme_bin_11	0.98447466	high	1.0	very high	unclassified		0.0	low	0.0	low
vRhyme_bin_11__LABRr1A1B1C_000000092334_28	vRhyme_bin_11__LABRr1A1B1C_000000092334	LABRr1A1B1C_vRhyme_bin_11	0.9759731	high	1.0	very high	unclassified		0.0	low	0.0	low
vRhyme_bin_11__LABRr1A1B1C_000000092334_29	vRhyme_bin_11__LABRr1A1B1C_000000092334	LABRr1A1B1C_vRhyme_bin_11	0.9647656	high	1.0	very high	unclassified		0.0	low	0.0	low
vRhyme_bin_11__LABRr1A1B1C_000000092334_30	vRhyme_bin_11__LABRr1A1B1C_000000092334	LABRr1A1B1C_vRhyme_bin_11	0.9747921	high	1.0	very high	unclassified		0.0	low	0.0	low
vRhyme_bin_11__LABRr1A1B1C_000000092334_31	vRhyme_bin_11__LABRr1A1B1C_000000092334	LABRr1A1B1C_vRhyme_bin_11	0.9704907	high	0.951	high	unclassified		0.0	low	0.0	low
vRhyme_bin_11__LABRr1A1B1C_000000092334_32	vRhyme_bin_11__LABRr1A1B1C_000000092334	LABRr1A1B1C_vRhyme_bin_11	0.9829518	high	1.0	very high	unclassified		0.0	low	0.0	low
vRhyme_bin_11__LABRr1A1B1C_000000092334_33	vRhyme_bin_11__LABRr1A1B1C_000000092334	LABRr1A1B1C_vRhyme_bin_11	0.97747636	high	1.0	very high	unclassified		0.0	low	0.0	low
vRhyme_bin_11__LABRr1A1B1C_000000092334_34	vRhyme_bin_11__LABRr1A1B1C_000000092334	LABRr1A1B1C_vRhyme_bin_11	0.9763679	high	1.0	very high	unclassified		0.0	low	0.0	low
vRhyme_bin_11__LABRr1A1B1C_000000092334_35	vRhyme_bin_11__LABRr1A1B1C_000000092334	LABRr1A1B1C_vRhyme_bin_11	0.96040076	high	1.0	very high	unclassified	dnaX; DNA polymerase III subunit gamma/tau [EC:2.7.7.7]	0.0	low	0.0	low
vRhyme_bin_11__LABRr1A1B1C_000000092334_36	vRhyme_bin_11__LABRr1A1B1C_000000092334	LABRr1A1B1C_vRhyme_bin_11	0.82356364	medium	1.0	very high	unclassified		0.0	low	0.0	low
vRhyme_bin_11__LABRr1A1B1C_000000092334_37	vRhyme_bin_11__LABRr1A1B1C_000000092334	LABRr1A1B1C_vRhyme_bin_11	0.81381387	medium	1.0	very high	unclassified		0.0	low	0.0	low
vRhyme_bin_11__LABRr1A1B1C_000000092334_38	vRhyme_bin_11__LABRr1A1B1C_000000092334	LABRr1A1B1C_vRhyme_bin_11	0.7922834	medium	1.0	very high	unclassified		0.0	low	0.0	low
vRhyme_bin_11__LABRr1A1B1C_000000092334_39	vRhyme_bin_11__LABRr1A1B1C_000000092334	LABRr1A1B1C_vRhyme_bin_11	0.85230255	medium	1.0	very high	unclassified		0.0	low	0.0	low
vRhyme_bin_11__LABRr1A1B1C_000000092334_40	vRhyme_bin_11__LABRr1A1B1C_000000092334	LABRr1A1B1C_vRhyme_bin_11	0.6638096	medium	1.0	very high	unclassified	NUDIX domain	0.0	low	0.0	low
vRhyme_bin_11__LABRr1A1B1C_000000092334_41	vRhyme_bin_11__LABRr1A1B1C_000000092334	LABRr1A1B1C_vRhyme_bin_11	0.7970312	medium	1.0	very high	unclassified		0.0	low	0.0	low
vRhyme_bin_11__LABRr1A1B1C_000000092334_42	vRhyme_bin_11__LABRr1A1B1C_000000092334	LABRr1A1B1C_vRhyme_bin_11	0.70271486	medium	1.0	very high	unclassified	""	0.0	low	0.0	low
vRhyme_bin_11__LABRr1A1B1C_000000092334_43	vRhyme_bin_11__LABRr1A1B1C_000000092334	LABRr1A1B1C_vRhyme_bin_11	0.7718941	medium	1.0	very high	unclassified	ISXO2-like transposase domain	0.0	low	0.0	low
vRhyme_bin_11__LABRr1A1B1C_000000092334_44	vRhyme_bin_11__LABRr1A1B1C_000000092334	LABRr1A1B1C_vRhyme_bin_11	0.58397335	medium	1.0	very high	unclassified		0.0	low	0.0	low
vRhyme_bin_11__LABRr1A1B1C_000000092334_45	vRhyme_bin_11__LABRr1A1B1C_000000092334	LABRr1A1B1C_vRhyme_bin_11	0.6034457	medium	1.0	very high	unclassified		0.0	low	0.0	low
vRhyme_bin_11__LABRr1A1B1C_000000092334_46	vRhyme_bin_11__LABRr1A1B1C_000000092334	LABRr1A1B1C_vRhyme_bin_11	0.64078295	medium	1.0	very high	unclassified		0.0	low	0.0	low
vRhyme_bin_11__LABRr1A1B1C_000000092334_47	vRhyme_bin_11__LABRr1A1B1C_000000092334	LABRr1A1B1C_vRhyme_bin_11	0.7172714	medium	1.0	very high	unclassified		0.0	low	0.0	low
vRhyme_bin_11__LABRr1A1B1C_000000098710_1	vRhyme_bin_11__LABRr1A1B1C_000000098710	LABRr1A1B1C_vRhyme_bin_11	0.9965494	high	1.0	very high	unclassified		0.0	low	0.0	low
vRhyme_bin_11__LABRr1A1B1C_000000098710_2	vRhyme_bin_11__LABRr1A1B1C_000000098710	LABRr1A1B1C_vRhyme_bin_11	0.99498147	high	1.0	very high	unclassified		0.0	low	0.0	low
vRhyme_bin_11__LABRr1A1B1C_000000098710_3	vRhyme_bin_11__LABRr1A1B1C_000000098710	LABRr1A1B1C_vRhyme_bin_11	0.99557984	high	1.0	very high	unclassified		0.0	low	0.0	low
vRhyme_bin_11__LABRr1A1B1C_000000098710_4	vRhyme_bin_11__LABRr1A1B1C_000000098710	LABRr1A1B1C_vRhyme_bin_11	0.9955995	high	1.0	very high	unclassified		0.0	low	0.0	low
vRhyme_bin_11__LABRr1A1B1C_000000098710_5	vRhyme_bin_11__LABRr1A1B1C_000000098710	LABRr1A1B1C_vRhyme_bin_11	0.9891791	high	1.0	very high	unclassified	endonuclease VII	0.0	low	0.0	low
vRhyme_bin_11__LABRr1A1B1C_000000098710_6	vRhyme_bin_11__LABRr1A1B1C_000000098710	LABRr1A1B1C_vRhyme_bin_11	0.9925663	high	1.0	very high	unclassified		0.0	low	0.0	low
vRhyme_bin_11__LABRr1A1B1C_000000098710_7	vRhyme_bin_11__LABRr1A1B1C_000000098710	LABRr1A1B1C_vRhyme_bin_11	0.9942981	high	1.0	very high	unclassified		0.0	low	0.0	low
vRhyme_bin_11__LABRr1A1B1C_000000098710_8	vRhyme_bin_11__LABRr1A1B1C_000000098710	LABRr1A1B1C_vRhyme_bin_11	0.99455935	high	1.0	very high	unclassified		0.0	low	0.0	low
vRhyme_bin_11__LABRr1A1B1C_000000105942_1	vRhyme_bin_11__LABRr1A1B1C_000000105942	LABRr1A1B1C_vRhyme_bin_11	0.8996307	medium	1.0	very high	unclassified		0.0	low	0.0	low
vRhyme_bin_11__LABRr1A1B1C_000000105942_2	vRhyme_bin_11__LABRr1A1B1C_000000105942	LABRr1A1B1C_vRhyme_bin_11	0.873591	medium	1.0	very high	unclassified	terminase large subunit	0.0	low	0.0	low
vRhyme_bin_11__LABRr1A1B1C_000000105942_3	vRhyme_bin_11__LABRr1A1B1C_000000105942	LABRr1A1B1C_vRhyme_bin_11	0.8638563	medium	1.0	very high	unclassified		0.0	low	0.0	low
vRhyme_bin_11__LABRr1A1B1C_000000105942_4	vRhyme_bin_11__LABRr1A1B1C_000000105942	LABRr1A1B1C_vRhyme_bin_11	0.97158176	high	1.0	very high	unclassified		0.0	low	0.0	low
vRhyme_bin_11__LABRr1A1B1C_000000105942_5	vRhyme_bin_11__LABRr1A1B1C_000000105942	LABRr1A1B1C_vRhyme_bin_11	0.97025245	high	1.0	very high	unclassified		0.0	low	0.0	low
vRhyme_bin_11__LABRr1A1B1C_000000105942_6	vRhyme_bin_11__LABRr1A1B1C_000000105942	LABRr1A1B1C_vRhyme_bin_11	0.96503997	high	1.0	very high	unclassified		0.0	low	0.0	low
vRhyme_bin_11__LABRr1A1B1C_000000105942_7	vRhyme_bin_11__LABRr1A1B1C_000000105942	LABRr1A1B1C_vRhyme_bin_11	0.97130525	high	1.0	very high	unclassified		0.0	low	0.0	low
vRhyme_bin_11__LABRr1A1B1C_000000105942_8	vRhyme_bin_11__LABRr1A1B1C_000000105942	LABRr1A1B1C_vRhyme_bin_11	0.9366811	high	1.0	very high	unclassified		0.0	low	0.0	low
vRhyme_bin_11__LABRr1A1B1C_000000105942_9	vRhyme_bin_11__LABRr1A1B1C_000000105942	LABRr1A1B1C_vRhyme_bin_11	0.92626965	high	1.0	very high	unclassified		0.0	low	0.0	low
vRhyme_bin_11__LABRr1A1B1C_000000105942_10	vRhyme_bin_11__LABRr1A1B1C_000000105942	LABRr1A1B1C_vRhyme_bin_11	0.94487447	high	1.0	very high	unclassified		0.0442	low	0.0442	low
vRhyme_bin_11__LABRr1A1B1C_000000105942_11	vRhyme_bin_11__LABRr1A1B1C_000000105942	LABRr1A1B1C_vRhyme_bin_11	0.9271511	high	1.0	very high	unclassified		0.0	low	0.0	low
vRhyme_bin_11__LABRr1A1B1C_000000105942_12	vRhyme_bin_11__LABRr1A1B1C_000000105942	LABRr1A1B1C_vRhyme_bin_11	0.9389382	high	1.0	very high	unclassified		0.0	low	0.0	low
vRhyme_bin_11__LABRr1A1B1C_000000105942_13	vRhyme_bin_11__LABRr1A1B1C_000000105942	LABRr1A1B1C_vRhyme_bin_11	0.94169503	high	1.0	very high	unclassified		0.0	low	0.0	low
vRhyme_bin_11__LABRr1A1B1C_000000105942_14	vRhyme_bin_11__LABRr1A1B1C_000000105942	LABRr1A1B1C_vRhyme_bin_11	0.91685826	high	1.0	very high	unclassified		0.0	low	0.0	low
vRhyme_bin_11__LABRr1A1B1C_000000105942_15	vRhyme_bin_11__LABRr1A1B1C_000000105942	LABRr1A1B1C_vRhyme_bin_11	0.98935854	high	1.0	very high	unclassified	head closure Hc3	0.0	low	0.0	low
vRhyme_bin_11__LABRr1A1B1C_000000105942_16	vRhyme_bin_11__LABRr1A1B1C_000000105942	LABRr1A1B1C_vRhyme_bin_11	0.9409753	high	1.0	very high	unclassified		0.0	low	0.0	low
vRhyme_bin_11__LABRr1A1B1C_000000105942_17	vRhyme_bin_11__LABRr1A1B1C_000000105942	LABRr1A1B1C_vRhyme_bin_11	0.78770363	medium	1.0	very high	unclassified		0.0	low	0.0	low
vRhyme_bin_11__LABRr1A1B1C_000000105942_18	vRhyme_bin_11__LABRr1A1B1C_000000105942	LABRr1A1B1C_vRhyme_bin_11	0.9128014	medium	1.0	very high	unclassified		0.0	low	0.0	low
vRhyme_bin_11__LABRr1A1B1C_000000105942_19	vRhyme_bin_11__LABRr1A1B1C_000000105942	LABRr1A1B1C_vRhyme_bin_11	0.8817955	medium	1.0	very high	unclassified		0.0	low	0.0	low
vRhyme_bin_11__LABRr1A1B1C_000000105942_20	vRhyme_bin_11__LABRr1A1B1C_000000105942	LABRr1A1B1C_vRhyme_bin_11	0.9122943	medium	1.0	very high	unclassified		0.0	low	0.0	low
vRhyme_bin_11__LABRr1A1B1C_000000105942_21	vRhyme_bin_11__LABRr1A1B1C_000000105942	LABRr1A1B1C_vRhyme_bin_11	0.84419286	medium	1.0	very high	unclassified	purD; phosphoribosylamine---glycine ligase [EC:6.3.4.13]	0.0	low	0.0	low
vRhyme_bin_11__LABRr1A1B1C_000000105942_22	vRhyme_bin_11__LABRr1A1B1C_000000105942	LABRr1A1B1C_vRhyme_bin_11	0.9339514	high	1.0	very high	unclassified		0.0	low	0.0	low
vRhyme_bin_11__LABRr1A1B1C_000000105942_23	vRhyme_bin_11__LABRr1A1B1C_000000105942	LABRr1A1B1C_vRhyme_bin_11	0.9339514	high	1.0	very high	unclassified		0.0	low	0.0	low
vRhyme_bin_11__LABRr1A1B1C_000000110784_1	vRhyme_bin_11__LABRr1A1B1C_000000110784	LABRr1A1B1C_vRhyme_bin_11	0.955262	high	1.0	very high	unclassified		0.0	low	0.0	low
vRhyme_bin_11__LABRr1A1B1C_000000110784_2	vRhyme_bin_11__LABRr1A1B1C_000000110784	LABRr1A1B1C_vRhyme_bin_11	0.955262	high	1.0	very high	unclassified		0.0	low	0.0	low
vRhyme_bin_11__LABRr1A1B1C_000000110784_3	vRhyme_bin_11__LABRr1A1B1C_000000110784	LABRr1A1B1C_vRhyme_bin_11	0.9537587	high	1.0	very high	unclassified		0.0	low	0.0	low
vRhyme_bin_11__LABRr1A1B1C_000000110784_4	vRhyme_bin_11__LABRr1A1B1C_000000110784	LABRr1A1B1C_vRhyme_bin_11	0.9546859	high	1.0	very high	unclassified		0.0	low	0.0	low
vRhyme_bin_11__LABRr1A1B1C_000000110784_5	vRhyme_bin_11__LABRr1A1B1C_000000110784	LABRr1A1B1C_vRhyme_bin_11	0.9901773	high	1.0	very high	unclassified	""	0.0	low	0.0	low
vRhyme_bin_11__LABRr1A1B1C_000000110784_6	vRhyme_bin_11__LABRr1A1B1C_000000110784	LABRr1A1B1C_vRhyme_bin_11	0.9933235	high	1.0	very high	unclassified		0.0	low	0.0	low
vRhyme_bin_11__LABRr1A1B1C_000000110784_7	vRhyme_bin_11__LABRr1A1B1C_000000110784	LABRr1A1B1C_vRhyme_bin_11	0.9928352	high	1.0	very high	unclassified		0.0	low	0.0	low
vRhyme_bin_11__LABRr1A1B1C_000000110784_8	vRhyme_bin_11__LABRr1A1B1C_000000110784	LABRr1A1B1C_vRhyme_bin_11	0.99433404	high	1.0	very high	unclassified	""	0.0	low	0.0	low
vRhyme_bin_11__LABRr1A1B1C_000000110784_9	vRhyme_bin_11__LABRr1A1B1C_000000110784	LABRr1A1B1C_vRhyme_bin_11	0.9923767	high	1.0	very high	unclassified		0.0	low	0.0	low
vRhyme_bin_11__LABRr1A1B1C_000000110784_10	vRhyme_bin_11__LABRr1A1B1C_000000110784	LABRr1A1B1C_vRhyme_bin_11	0.99244016	high	1.0	very high	unclassified		0.0	low	0.0	low
vRhyme_bin_11__LABRr1A1B1C_000000110784_11	vRhyme_bin_11__LABRr1A1B1C_000000110784	LABRr1A1B1C_vRhyme_bin_11	0.9924385	high	1.0	very high	unclassified		0.0	low	0.0	low
vRhyme_bin_11__LABRr1A1B1C_000000110784_12	vRhyme_bin_11__LABRr1A1B1C_000000110784	LABRr1A1B1C_vRhyme_bin_11	0.99230593	high	1.0	very high	unclassified		0.0	low	0.0	low
vRhyme_bin_11__LABRr1A1B1C_000000110784_13	vRhyme_bin_11__LABRr1A1B1C_000000110784	LABRr1A1B1C_vRhyme_bin_11	0.93668187	high	1.0	very high	physiological	anti-restriction protein	1.0	very high	1.0	very high
vRhyme_bin_11__LABRr1A1B1C_000000110784_14	vRhyme_bin_11__LABRr1A1B1C_000000110784	LABRr1A1B1C_vRhyme_bin_11	0.95806766	high	1.0	very high	unclassified		0.0	low	0.0	low
vRhyme_bin_11__LABRr1A1B1C_000000110784_15	vRhyme_bin_11__LABRr1A1B1C_000000110784	LABRr1A1B1C_vRhyme_bin_11	0.9637853	high	1.0	very high	unclassified		0.0	low	0.0	low
vRhyme_bin_11__LABRr1A1B1C_000000110784_16	vRhyme_bin_11__LABRr1A1B1C_000000110784	LABRr1A1B1C_vRhyme_bin_11	0.96644294	high	1.0	very high	unclassified		0.0	low	0.0	low
vRhyme_bin_11__LABRr1A1B1C_000000110784_17	vRhyme_bin_11__LABRr1A1B1C_000000110784	LABRr1A1B1C_vRhyme_bin_11	0.96766937	high	1.0	very high	unclassified		0.0	low	0.0	low
vRhyme_bin_11__LABRr1A1B1C_000000110784_18	vRhyme_bin_11__LABRr1A1B1C_000000110784	LABRr1A1B1C_vRhyme_bin_11	0.9681853	high	1.0	very high	unclassified		0.0	low	0.0	low
vRhyme_bin_11__LABRr1A1B1C_000000110784_19	vRhyme_bin_11__LABRr1A1B1C_000000110784	LABRr1A1B1C_vRhyme_bin_11	0.9680071	high	1.0	very high	unclassified		0.0	low	0.0	low
vRhyme_bin_11__LABRr1A1B1C_000000110784_20	vRhyme_bin_11__LABRr1A1B1C_000000110784	LABRr1A1B1C_vRhyme_bin_11	0.9381712	high	1.0	very high	unclassified		0.0	low	0.0	low
vRhyme_bin_11__LABRr1A1B1C_000000110784_21	vRhyme_bin_11__LABRr1A1B1C_000000110784	LABRr1A1B1C_vRhyme_bin_11	0.93950534	high	1.0	very high	unclassified		0.0	low	0.0	low
vRhyme_bin_11__LABRr1A1B1C_000000110784_22	vRhyme_bin_11__LABRr1A1B1C_000000110784	LABRr1A1B1C_vRhyme_bin_11	0.93747455	high	1.0	very high	unclassified		0.0	low	0.0	low
vRhyme_bin_11__LABRr1A1B1C_000000110784_23	vRhyme_bin_11__LABRr1A1B1C_000000110784	LABRr1A1B1C_vRhyme_bin_11	0.94128036	high	1.0	very high	unclassified		0.0	low	0.0	low
vRhyme_bin_11__LABRr1A1B1C_000000110784_24	vRhyme_bin_11__LABRr1A1B1C_000000110784	LABRr1A1B1C_vRhyme_bin_11	0.94128036	high	1.0	very high	unclassified		0.0	low	0.0	low
vRhyme_bin_11__LABRr1A1B1C_000000110784_25	vRhyme_bin_11__LABRr1A1B1C_000000110784	LABRr1A1B1C_vRhyme_bin_11	0.94128036	high	1.0	very high	unclassified		0.0	low	0.0	low
vRhyme_bin_11__LABRr1A1B1C_000000110784_26	vRhyme_bin_11__LABRr1A1B1C_000000110784	LABRr1A1B1C_vRhyme_bin_11	0.9499561	high	0.9509	high	unclassified		0.0	low	0.0	low
vRhyme_bin_11__LABRr1A1B1C_000000110784_27	vRhyme_bin_11__LABRr1A1B1C_000000110784	LABRr1A1B1C_vRhyme_bin_11	0.9521097	high	1.0	very high	unclassified		0.0	low	0.0	low
vRhyme_bin_11__LABRr1A1B1C_000000110784_28	vRhyme_bin_11__LABRr1A1B1C_000000110784	LABRr1A1B1C_vRhyme_bin_11	0.95275146	high	1.0	very high	unclassified		0.0	low	0.0	low
vRhyme_bin_11__LABRr1A1B1C_000000110784_29	vRhyme_bin_11__LABRr1A1B1C_000000110784	LABRr1A1B1C_vRhyme_bin_11	0.9569896	high	1.0	very high	unclassified		0.0	low	0.0	low
vRhyme_bin_11__LABRr1A1B1C_000000110784_30	vRhyme_bin_11__LABRr1A1B1C_000000110784	LABRr1A1B1C_vRhyme_bin_11	0.95394	high	1.0	very high	unclassified		0.0	low	0.0	low
vRhyme_bin_11__LABRr1A1B1C_000000110784_31	vRhyme_bin_11__LABRr1A1B1C_000000110784	LABRr1A1B1C_vRhyme_bin_11	0.95394	high	1.0	very high	unclassified		0.0	low	0.0	low
vRhyme_bin_11__LABRr1A1B1C_000000110784_32	vRhyme_bin_11__LABRr1A1B1C_000000110784	LABRr1A1B1C_vRhyme_bin_11	0.9603732	high	1.0	very high	unclassified		0.0	low	0.0	low
vRhyme_bin_11__LABRr1A1B1C_000000110784_33	vRhyme_bin_11__LABRr1A1B1C_000000110784	LABRr1A1B1C_vRhyme_bin_11	0.96213555	high	1.0	very high	unclassified		0.0	low	0.0	low
vRhyme_bin_11__LABRr1A1B1C_000000110784_34	vRhyme_bin_11__LABRr1A1B1C_000000110784	LABRr1A1B1C_vRhyme_bin_11	0.96213555	high	1.0	very high	unclassified		0.0	low	0.0	low
vRhyme_bin_11__LABRr1A1B1C_000000110784_35	vRhyme_bin_11__LABRr1A1B1C_000000110784	LABRr1A1B1C_vRhyme_bin_11	0.96213555	high	1.0	very high	unclassified		0.0	low	0.0	low
vRhyme_bin_11__LABRr1A1B1C_000000110784_36	vRhyme_bin_11__LABRr1A1B1C_000000110784	LABRr1A1B1C_vRhyme_bin_11	0.966153	high	1.0	very high	unclassified		0.0	low	0.0	low
vRhyme_bin_11__LABRr1A1B1C_000000110784_37	vRhyme_bin_11__LABRr1A1B1C_000000110784	LABRr1A1B1C_vRhyme_bin_11	0.9731191	high	1.0	very high	unclassified		0.0	low	0.0	low
vRhyme_bin_11__LABRr1A1B1C_000000110784_38	vRhyme_bin_11__LABRr1A1B1C_000000110784	LABRr1A1B1C_vRhyme_bin_11	0.9745051	high	1.0	very high	unclassified		0.0	low	0.0	low
vRhyme_bin_11__LABRr1A1B1C_000000115427_1	vRhyme_bin_11__LABRr1A1B1C_000000115427	LABRr1A1B1C_vRhyme_bin_11	0.68307817	medium	1.0	very high	unclassified		0.0	low	0.0	low
vRhyme_bin_11__LABRr1A1B1C_000000115427_2	vRhyme_bin_11__LABRr1A1B1C_000000115427	LABRr1A1B1C_vRhyme_bin_11	0.68307817	medium	1.0	very high	unclassified		0.0	low	0.0	low
vRhyme_bin_11__LABRr1A1B1C_000000115427_3	vRhyme_bin_11__LABRr1A1B1C_000000115427	LABRr1A1B1C_vRhyme_bin_11	0.68307817	medium	1.0	very high	unclassified		0.0	low	0.0	low
vRhyme_bin_11__LABRr1A1B1C_000000115427_4	vRhyme_bin_11__LABRr1A1B1C_000000115427	LABRr1A1B1C_vRhyme_bin_11	0.68307817	medium	1.0	very high	unclassified		0.0	low	0.0	low
vRhyme_bin_11__LABRr1A1B1C_000000115427_5	vRhyme_bin_11__LABRr1A1B1C_000000115427	LABRr1A1B1C_vRhyme_bin_11	0.68307817	medium	1.0	very high	unclassified		0.0	low	0.0	low
vRhyme_bin_11__LABRr1A1B1C_000000115427_6	vRhyme_bin_11__LABRr1A1B1C_000000115427	LABRr1A1B1C_vRhyme_bin_11	0.68307817	medium	1.0	very high	unclassified		0.0	low	0.0	low
vRhyme_bin_11__LABRr1A1B1C_000000115427_7	vRhyme_bin_11__LABRr1A1B1C_000000115427	LABRr1A1B1C_vRhyme_bin_11	0.68307817	medium	1.0	very high	unclassified		0.0	low	0.0	low
vRhyme_bin_11__LABRr1A1B1C_000000115427_8	vRhyme_bin_11__LABRr1A1B1C_000000115427	LABRr1A1B1C_vRhyme_bin_11	0.68307817	medium	1.0	very high	unclassified		0.0	low	0.0	low
vRhyme_bin_11__LABRr1A1B1C_000000115427_9	vRhyme_bin_11__LABRr1A1B1C_000000115427	LABRr1A1B1C_vRhyme_bin_11	0.68307817	medium	1.0	very high	unclassified		0.0	low	0.0	low
vRhyme_bin_11__LABRr1A1B1C_000000115427_10	vRhyme_bin_11__LABRr1A1B1C_000000115427	LABRr1A1B1C_vRhyme_bin_11	0.68307817	medium	1.0	very high	unclassified		0.0	low	0.0	low
vRhyme_bin_11__LABRr1A1B1C_000000115427_11	vRhyme_bin_11__LABRr1A1B1C_000000115427	LABRr1A1B1C_vRhyme_bin_11	0.68307817	medium	1.0	very high	unclassified		0.0	low	0.0	low
vRhyme_bin_11__LABRr1A1B1C_000000115427_12	vRhyme_bin_11__LABRr1A1B1C_000000115427	LABRr1A1B1C_vRhyme_bin_11	0.68307817	medium	1.0	very high	unclassified		0.0	low	0.0	low
vRhyme_bin_11__LABRr1A1B1C_000000115427_13	vRhyme_bin_11__LABRr1A1B1C_000000115427	LABRr1A1B1C_vRhyme_bin_11	0.68307817	medium	1.0	very high	unclassified		0.0	low	0.0	low
vRhyme_bin_11__LABRr1A1B1C_000000140205_1	vRhyme_bin_11__LABRr1A1B1C_000000140205	LABRr1A1B1C_vRhyme_bin_11	0.79484135	medium	1.0	very high	unclassified		0.0	low	0.0	low
vRhyme_bin_11__LABRr1A1B1C_000000140205_2	vRhyme_bin_11__LABRr1A1B1C_000000140205	LABRr1A1B1C_vRhyme_bin_11	0.7822615	medium	1.0	very high	unclassified		0.0	low	0.0	low
vRhyme_bin_11__LABRr1A1B1C_000000140205_3	vRhyme_bin_11__LABRr1A1B1C_000000140205	LABRr1A1B1C_vRhyme_bin_11	0.7822615	medium	0.9288	high	unclassified		0.0	low	0.0	low
vRhyme_bin_11__LABRr1A1B1C_000000140205_4	vRhyme_bin_11__LABRr1A1B1C_000000140205	LABRr1A1B1C_vRhyme_bin_11	0.8027227	medium	1.0	very high	unclassified		0.0	low	0.0	low
vRhyme_bin_11__LABRr1A1B1C_000000140205_5	vRhyme_bin_11__LABRr1A1B1C_000000140205	LABRr1A1B1C_vRhyme_bin_11	0.8146775	medium	1.0	very high	unclassified		0.0	low	0.0	low
vRhyme_bin_11__LABRr1A1B1C_000000140205_6	vRhyme_bin_11__LABRr1A1B1C_000000140205	LABRr1A1B1C_vRhyme_bin_11	0.7994053	medium	1.0	very high	unclassified		0.0	low	0.0	low
vRhyme_bin_11__LABRr1A1B1C_000000140205_7	vRhyme_bin_11__LABRr1A1B1C_000000140205	LABRr1A1B1C_vRhyme_bin_11	0.7952962	medium	1.0	very high	unclassified		0.0	low	0.0	low
vRhyme_bin_11__LABRr1A1B1C_000000140205_8	vRhyme_bin_11__LABRr1A1B1C_000000140205	LABRr1A1B1C_vRhyme_bin_11	0.7952962	medium	1.0	very high	unclassified		0.0	low	0.0	low
vRhyme_bin_11__LABRr1A1B1C_000000140205_9	vRhyme_bin_11__LABRr1A1B1C_000000140205	LABRr1A1B1C_vRhyme_bin_11	0.80453056	medium	1.0	very high	unclassified		0.0	low	0.0	low
vRhyme_bin_11__LABRr1A1B1C_000000140205_10	vRhyme_bin_11__LABRr1A1B1C_000000140205	LABRr1A1B1C_vRhyme_bin_11	0.82163346	medium	1.0	very high	unclassified		0.0	low	0.0	low
vRhyme_bin_11__LABRr1A1B1C_000000140205_11	vRhyme_bin_11__LABRr1A1B1C_000000140205	LABRr1A1B1C_vRhyme_bin_11	0.808118	medium	1.0	very high	unclassified		0.0	low	0.0	low
vRhyme_bin_11__LABRr1A1B1C_000000140205_12	vRhyme_bin_11__LABRr1A1B1C_000000140205	LABRr1A1B1C_vRhyme_bin_11	0.76605403	medium	1.0	very high	unclassified		0.0	low	0.0	low
vRhyme_bin_11__LABRr1A1B1C_000000140205_13	vRhyme_bin_11__LABRr1A1B1C_000000140205	LABRr1A1B1C_vRhyme_bin_11	0.76111966	medium	1.0	very high	unclassified		0.0	low	0.0	low
vRhyme_bin_11__LABRr1A1B1C_000000140205_14	vRhyme_bin_11__LABRr1A1B1C_000000140205	LABRr1A1B1C_vRhyme_bin_11	0.76112056	medium	1.0	very high	unclassified	""	0.0	low	0.0	low
vRhyme_bin_11__LABRr1A1B1C_000000140205_15	vRhyme_bin_11__LABRr1A1B1C_000000140205	LABRr1A1B1C_vRhyme_bin_11	0.7676532	medium	1.0	very high	unclassified		0.0	low	0.0	low
vRhyme_bin_11__LABRr1A1B1C_000000140205_16	vRhyme_bin_11__LABRr1A1B1C_000000140205	LABRr1A1B1C_vRhyme_bin_11	0.80653924	medium	1.0	very high	unclassified		0.0	low	0.0	low
vRhyme_bin_11__LABRr1A1B1C_000000140205_17	vRhyme_bin_11__LABRr1A1B1C_000000140205	LABRr1A1B1C_vRhyme_bin_11	0.8279068	medium	1.0	very high	unclassified		0.0	low	0.0	low
vRhyme_bin_11__LABRr1A1B1C_000000140205_18	vRhyme_bin_11__LABRr1A1B1C_000000140205	LABRr1A1B1C_vRhyme_bin_11	0.82477045	medium	1.0	very high	unclassified		0.0	low	0.0	low
vRhyme_bin_11__LABRr1A1B1C_000000140205_19	vRhyme_bin_11__LABRr1A1B1C_000000140205	LABRr1A1B1C_vRhyme_bin_11	0.80920583	medium	1.0	very high	unclassified		0.0	low	0.0	low
vRhyme_bin_11__LABRr1A1B1C_000000140205_20	vRhyme_bin_11__LABRr1A1B1C_000000140205	LABRr1A1B1C_vRhyme_bin_11	0.64857143	medium	1.0	very high	unclassified		0.0	low	0.0	low
vRhyme_bin_11__LABRr1A1B1C_000000140205_21	vRhyme_bin_11__LABRr1A1B1C_000000140205	LABRr1A1B1C_vRhyme_bin_11	0.73012704	medium	1.0	very high	unclassified		0.0	low	0.0	low
vRhyme_bin_11__LABRr1A1B1C_000000140205_22	vRhyme_bin_11__LABRr1A1B1C_000000140205	LABRr1A1B1C_vRhyme_bin_11	0.67399555	medium	1.0	very high	unclassified		0.0	low	0.0	low
vRhyme_bin_11__LABRr1A1B1C_000000140205_23	vRhyme_bin_11__LABRr1A1B1C_000000140205	LABRr1A1B1C_vRhyme_bin_11	0.650895	medium	0.9566	high	unclassified		0.0	low	0.0	low
vRhyme_bin_11__LABRr1A1B1C_000000140205_24	vRhyme_bin_11__LABRr1A1B1C_000000140205	LABRr1A1B1C_vRhyme_bin_11	0.6214656	medium	0.9569	high	unclassified	SPM domain	0.0	low	0.0	low
vRhyme_bin_11__LABRr1A1B1C_000000140205_25	vRhyme_bin_11__LABRr1A1B1C_000000140205	LABRr1A1B1C_vRhyme_bin_11	0.5137038	low	1.0	very high	unclassified		0.0	low	0.0	low
vRhyme_bin_11__LABRr1A1B1C_000000140205_26	vRhyme_bin_11__LABRr1A1B1C_000000140205	LABRr1A1B1C_vRhyme_bin_11	0.4871555	low	1.0	very high	unclassified		0.0	low	0.0	low
vRhyme_bin_11__LABRr1A1B1C_000000140205_27	vRhyme_bin_11__LABRr1A1B1C_000000140205	LABRr1A1B1C_vRhyme_bin_11	0.4133224	low	1.0	very high	unclassified		0.0	low	0.0	low
vRhyme_bin_11__LABRr1A1B1C_000000140205_28	vRhyme_bin_11__LABRr1A1B1C_000000140205	LABRr1A1B1C_vRhyme_bin_11	0.17094849	low	1.0	very high	unclassified		0.0	low	0.0	low
vRhyme_bin_11__LABRr1A1B1C_000000140205_29	vRhyme_bin_11__LABRr1A1B1C_000000140205	LABRr1A1B1C_vRhyme_bin_11	0.39884958	low	1.0	very high	unclassified	2-aminooxy adenylosuccinate synthetase	0.0	low	0.0	low
vRhyme_bin_11__LABRr1A1B1C_000000140205_30	vRhyme_bin_11__LABRr1A1B1C_000000140205	LABRr1A1B1C_vRhyme_bin_11	0.6033088	medium	1.0	very high	unclassified	""	0.0	low	0.0	low
vRhyme_bin_11__LABRr1A1B1C_000000140205_31	vRhyme_bin_11__LABRr1A1B1C_000000140205	LABRr1A1B1C_vRhyme_bin_11	0.6949942	medium	1.0	very high	unclassified	""	0.0	low	0.0	low
vRhyme_bin_11__LABRr1A1B1C_000000140205_32	vRhyme_bin_11__LABRr1A1B1C_000000140205	LABRr1A1B1C_vRhyme_bin_11	0.64735466	medium	1.0	very high	unclassified	kinase	0.0	low	0.0	low
vRhyme_bin_11__LABRr1A1B1C_000000140205_33	vRhyme_bin_11__LABRr1A1B1C_000000140205	LABRr1A1B1C_vRhyme_bin_11	0.78383917	medium	1.0	very high	unclassified		0.0	low	0.0	low
vRhyme_bin_11__LABRr1A1B1C_000000140205_34	vRhyme_bin_11__LABRr1A1B1C_000000140205	LABRr1A1B1C_vRhyme_bin_11	0.7829531	medium	1.0	very high	unclassified		0.0	low	0.0	low
vRhyme_bin_11__LABRr1A1B1C_000000140205_35	vRhyme_bin_11__LABRr1A1B1C_000000140205	LABRr1A1B1C_vRhyme_bin_11	0.81621826	medium	1.0	very high	unclassified		0.0	low	0.0	low
vRhyme_bin_11__LABRr1A1B1C_000000140205_36	vRhyme_bin_11__LABRr1A1B1C_000000140205	LABRr1A1B1C_vRhyme_bin_11	0.80926734	medium	1.0	very high	unclassified		0.0	low	0.0	low
vRhyme_bin_11__LABRr1A1B1C_000000140205_37	vRhyme_bin_11__LABRr1A1B1C_000000140205	LABRr1A1B1C_vRhyme_bin_11	0.7896615	medium	1.0	very high	unclassified		0.0	low	0.0	low
vRhyme_bin_11__LABRr1A1B1C_000000140205_38	vRhyme_bin_11__LABRr1A1B1C_000000140205	LABRr1A1B1C_vRhyme_bin_11	0.67778426	medium	1.0	very high	unclassified		0.0	low	0.0	low
vRhyme_bin_11__LABRr1A1B1C_000000140205_39	vRhyme_bin_11__LABRr1A1B1C_000000140205	LABRr1A1B1C_vRhyme_bin_11	0.6655864	medium	1.0	very high	unclassified		0.0	low	0.0	low
vRhyme_bin_11__LABRr1A1B1C_000000147842_1	vRhyme_bin_11__LABRr1A1B1C_000000147842	LABRr1A1B1C_vRhyme_bin_11	0.99835443	high	1.0	very high	unclassified		0.0	low	0.0	low
vRhyme_bin_11__LABRr1A1B1C_000000147842_2	vRhyme_bin_11__LABRr1A1B1C_000000147842	LABRr1A1B1C_vRhyme_bin_11	0.99835443	high	1.0	very high	unclassified		0.0	low	0.0	low
vRhyme_bin_11__LABRr1A1B1C_000000147842_3	vRhyme_bin_11__LABRr1A1B1C_000000147842	LABRr1A1B1C_vRhyme_bin_11	0.99835443	high	1.0	very high	unclassified		0.0	low	0.0	low
vRhyme_bin_11__LABRr1A1B1C_000000147842_4	vRhyme_bin_11__LABRr1A1B1C_000000147842	LABRr1A1B1C_vRhyme_bin_11	0.9989408	high	1.0	very high	unclassified	homing endonuclease	0.0	low	0.0	low
vRhyme_bin_11__LABRr1A1B1C_000000147842_5	vRhyme_bin_11__LABRr1A1B1C_000000147842	LABRr1A1B1C_vRhyme_bin_11	0.9995918	high	1.0	very high	unclassified		0.0	low	0.0	low
vRhyme_bin_11__LABRr1A1B1C_000000147842_6	vRhyme_bin_11__LABRr1A1B1C_000000147842	LABRr1A1B1C_vRhyme_bin_11	0.99914306	high	1.0	very high	unclassified		0.0	low	0.0	low
vRhyme_bin_11__LABRr1A1B1C_000000147842_7	vRhyme_bin_11__LABRr1A1B1C_000000147842	LABRr1A1B1C_vRhyme_bin_11	0.9993642	high	1.0	very high	unclassified		0.0	low	0.0	low
vRhyme_bin_11__LABRr1A1B1C_000000147842_8	vRhyme_bin_11__LABRr1A1B1C_000000147842	LABRr1A1B1C_vRhyme_bin_11	0.99886215	high	1.0	very high	unclassified		0.0	low	0.0	low
vRhyme_bin_11__LABRr1A1B1C_000000147842_9	vRhyme_bin_11__LABRr1A1B1C_000000147842	LABRr1A1B1C_vRhyme_bin_11	0.9995965	high	1.0	very high	unclassified	homing endonuclease	0.0	low	0.0	low
vRhyme_bin_11__LABRr1A1B1C_000000147842_10	vRhyme_bin_11__LABRr1A1B1C_000000147842	LABRr1A1B1C_vRhyme_bin_11	0.9995396	high	1.0	very high	unclassified		0.0	low	0.0	low
vRhyme_bin_11__LABRr1A1B1C_000000147842_11	vRhyme_bin_11__LABRr1A1B1C_000000147842	LABRr1A1B1C_vRhyme_bin_11	0.9994626	high	1.0	very high	unclassified		0.0	low	0.0	low
vRhyme_bin_11__LABRr1A1B1C_000000147842_12	vRhyme_bin_11__LABRr1A1B1C_000000147842	LABRr1A1B1C_vRhyme_bin_11	0.99965817	high	1.0	very high	unclassified		0.0	low	0.0	low
vRhyme_bin_11__LABRr1A1B1C_000000147842_13	vRhyme_bin_11__LABRr1A1B1C_000000147842	LABRr1A1B1C_vRhyme_bin_11	0.99962425	high	1.0	very high	unclassified		0.0	low	0.0	low
vRhyme_bin_11__LABRr1A1B1C_000000147842_14	vRhyme_bin_11__LABRr1A1B1C_000000147842	LABRr1A1B1C_vRhyme_bin_11	0.9992998	high	1.0	very high	unclassified	homing endonuclease	0.0	low	0.0	low
vRhyme_bin_11__LABRr1A1B1C_000000147842_15	vRhyme_bin_11__LABRr1A1B1C_000000147842	LABRr1A1B1C_vRhyme_bin_11	0.992225	high	1.0	very high	unclassified	Putative Ig domain	0.0	low	0.0	low
vRhyme_bin_11__LABRr1A1B1C_000000147842_16	vRhyme_bin_11__LABRr1A1B1C_000000147842	LABRr1A1B1C_vRhyme_bin_11	0.9946264	high	1.0	very high	unclassified		0.0	low	0.0	low
vRhyme_bin_11__LABRr1A1B1C_000000175166_1	vRhyme_bin_11__LABRr1A1B1C_000000175166	LABRr1A1B1C_vRhyme_bin_11	0.9128707	medium	1.0	very high	unclassified		0.0	low	0.0	low
vRhyme_bin_11__LABRr1A1B1C_000000175166_2	vRhyme_bin_11__LABRr1A1B1C_000000175166	LABRr1A1B1C_vRhyme_bin_11	0.89155656	medium	1.0	very high	unclassified		0.0	low	0.0	low
vRhyme_bin_11__LABRr1A1B1C_000000175166_3	vRhyme_bin_11__LABRr1A1B1C_000000175166	LABRr1A1B1C_vRhyme_bin_11	0.8897774	medium	1.0	very high	unclassified		0.0	low	0.0	low
vRhyme_bin_11__LABRr1A1B1C_000000175166_4	vRhyme_bin_11__LABRr1A1B1C_000000175166	LABRr1A1B1C_vRhyme_bin_11	0.89180213	medium	1.0	very high	unclassified		0.0	low	0.0	low
vRhyme_bin_11__LABRr1A1B1C_000000175166_5	vRhyme_bin_11__LABRr1A1B1C_000000175166	LABRr1A1B1C_vRhyme_bin_11	0.89180213	medium	1.0	very high	unclassified	""	0.0	low	0.0	low
vRhyme_bin_11__LABRr1A1B1C_000000175166_6	vRhyme_bin_11__LABRr1A1B1C_000000175166	LABRr1A1B1C_vRhyme_bin_11	0.90081996	medium	1.0	very high	unclassified		0.0	low	0.0	low
vRhyme_bin_11__LABRr1A1B1C_000000175166_7	vRhyme_bin_11__LABRr1A1B1C_000000175166	LABRr1A1B1C_vRhyme_bin_11	0.89791644	medium	1.0	very high	unclassified		0.0	low	0.0	low
vRhyme_bin_11__LABRr1A1B1C_000000175166_8	vRhyme_bin_11__LABRr1A1B1C_000000175166	LABRr1A1B1C_vRhyme_bin_11	0.8891517	medium	1.0	very high	unclassified		0.0	low	0.0	low
vRhyme_bin_11__LABRr1A1B1C_000000175166_9	vRhyme_bin_11__LABRr1A1B1C_000000175166	LABRr1A1B1C_vRhyme_bin_11	0.8891517	medium	1.0	very high	unclassified		0.0	low	0.0	low
vRhyme_bin_11__LABRr1A1B1C_000000175166_10	vRhyme_bin_11__LABRr1A1B1C_000000175166	LABRr1A1B1C_vRhyme_bin_11	0.876328	medium	1.0	very high	unclassified		0.0	low	0.0	low
vRhyme_bin_11__LABRr1A1B1C_000000175166_11	vRhyme_bin_11__LABRr1A1B1C_000000175166	LABRr1A1B1C_vRhyme_bin_11	0.8765576	medium	1.0	very high	unclassified		0.0	low	0.0	low
vRhyme_bin_11__LABRr1A1B1C_000000175166_12	vRhyme_bin_11__LABRr1A1B1C_000000175166	LABRr1A1B1C_vRhyme_bin_11	0.8837599	medium	1.0	very high	unclassified		0.0	low	0.0	low
vRhyme_bin_11__LABRr1A1B1C_000000175166_13	vRhyme_bin_11__LABRr1A1B1C_000000175166	LABRr1A1B1C_vRhyme_bin_11	0.947456	high	1.0	very high	unclassified		0.0	low	0.0	low
vRhyme_bin_11__LABRr1A1B1C_000000175166_14	vRhyme_bin_11__LABRr1A1B1C_000000175166	LABRr1A1B1C_vRhyme_bin_11	0.9107481	medium	1.0	very high	unclassified		0.0	low	0.0	low
vRhyme_bin_11__LABRr1A1B1C_000000175166_15	vRhyme_bin_11__LABRr1A1B1C_000000175166	LABRr1A1B1C_vRhyme_bin_11	0.9769757	high	1.0	very high	unclassified		0.0	low	0.0	low
vRhyme_bin_11__LABRr1A1B1C_000000175166_16	vRhyme_bin_11__LABRr1A1B1C_000000175166	LABRr1A1B1C_vRhyme_bin_11	0.90193087	medium	1.0	very high	unclassified		0.0	low	0.0	low
vRhyme_bin_11__LABRr1A1B1C_000000175166_17	vRhyme_bin_11__LABRr1A1B1C_000000175166	LABRr1A1B1C_vRhyme_bin_11	0.9053061	medium	1.0	very high	unclassified		0.0	low	0.0	low
vRhyme_bin_11__LABRr1A1B1C_000000175166_18	vRhyme_bin_11__LABRr1A1B1C_000000175166	LABRr1A1B1C_vRhyme_bin_11	0.9001982	medium	1.0	very high	unclassified		0.0	low	0.0	low
vRhyme_bin_11__LABRr1A1B1C_000000175166_19	vRhyme_bin_11__LABRr1A1B1C_000000175166	LABRr1A1B1C_vRhyme_bin_11	0.8884117	medium	1.0	very high	unclassified	major head protein	0.0	low	0.0	low
vRhyme_bin_11__LABRr1A1B1C_000000175166_20	vRhyme_bin_11__LABRr1A1B1C_000000175166	LABRr1A1B1C_vRhyme_bin_11	0.8952451	medium	1.0	very high	unclassified		0.0	low	0.0	low
vRhyme_bin_11__LABRr1A1B1C_000000175166_21	vRhyme_bin_11__LABRr1A1B1C_000000175166	LABRr1A1B1C_vRhyme_bin_11	0.8571968	medium	1.0	very high	unclassified		0.0	low	0.0	low
vRhyme_bin_11__LABRr1A1B1C_000000175166_22	vRhyme_bin_11__LABRr1A1B1C_000000175166	LABRr1A1B1C_vRhyme_bin_11	0.8535417	medium	1.0	very high	unclassified		0.0	low	0.0	low
vRhyme_bin_11__LABRr1A1B1C_000000175166_23	vRhyme_bin_11__LABRr1A1B1C_000000175166	LABRr1A1B1C_vRhyme_bin_11	0.85772306	medium	1.0	very high	unclassified		0.0	low	0.0	low
vRhyme_bin_11__LABRr1A1B1C_000000192364_1	vRhyme_bin_11__LABRr1A1B1C_000000192364	LABRr1A1B1C_vRhyme_bin_11	0.8010721	medium	1.0	very high	unclassified		0.0	low	0.0	low
vRhyme_bin_11__LABRr1A1B1C_000000192364_2	vRhyme_bin_11__LABRr1A1B1C_000000192364	LABRr1A1B1C_vRhyme_bin_11	0.7930959	medium	1.0	very high	unclassified		0.0	low	0.0	low
vRhyme_bin_11__LABRr1A1B1C_000000192364_3	vRhyme_bin_11__LABRr1A1B1C_000000192364	LABRr1A1B1C_vRhyme_bin_11	0.82882714	medium	1.0	very high	unclassified		0.0	low	0.0	low
vRhyme_bin_11__LABRr1A1B1C_000000192364_4	vRhyme_bin_11__LABRr1A1B1C_000000192364	LABRr1A1B1C_vRhyme_bin_11	0.8104419	medium	1.0	very high	unclassified	Domain of unknown function (DUF3850)	0.0	low	0.0	low
vRhyme_bin_11__LABRr1A1B1C_000000192364_5	vRhyme_bin_11__LABRr1A1B1C_000000192364	LABRr1A1B1C_vRhyme_bin_11	0.96938914	high	1.0	very high	unclassified		0.0	low	0.0	low
vRhyme_bin_11__LABRr1A1B1C_000000192364_6	vRhyme_bin_11__LABRr1A1B1C_000000192364	LABRr1A1B1C_vRhyme_bin_11	0.8628377	medium	1.0	very high	unclassified		0.0	low	0.0	low
vRhyme_bin_11__LABRr1A1B1C_000000192364_7	vRhyme_bin_11__LABRr1A1B1C_000000192364	LABRr1A1B1C_vRhyme_bin_11	0.8585688	medium	1.0	very high	unclassified		0.0	low	0.0	low
vRhyme_bin_11__LABRr1A1B1C_000000192364_8	vRhyme_bin_11__LABRr1A1B1C_000000192364	LABRr1A1B1C_vRhyme_bin_11	0.42113167	low	1.0	very high	unclassified		0.4655	high	0.4655	high
vRhyme_bin_11__LABRr1A1B1C_000000192364_9	vRhyme_bin_11__LABRr1A1B1C_000000192364	LABRr1A1B1C_vRhyme_bin_11	0.8654405	medium	1.0	very high	unclassified		0.0	low	0.0	low
vRhyme_bin_11__LABRr1A1B1C_000000192364_10	vRhyme_bin_11__LABRr1A1B1C_000000192364	LABRr1A1B1C_vRhyme_bin_11	0.9801974	high	1.0	very high	unclassified	NUMOD3 motif	0.0	low	0.0	low
vRhyme_bin_11__LABRr1A1B1C_000000192364_11	vRhyme_bin_11__LABRr1A1B1C_000000192364	LABRr1A1B1C_vRhyme_bin_11	0.8382905	medium	1.0	very high	unclassified	uvrD, pcrA; ATP-dependent DNA helicase UvrD/PcrA [EC:5.6.2.4]	0.0	low	0.0	low
vRhyme_bin_11__LABRr1A1B1C_000000192364_12	vRhyme_bin_11__LABRr1A1B1C_000000192364	LABRr1A1B1C_vRhyme_bin_11	0.93125784	high	1.0	very high	unclassified		0.0	low	0.0	low
vRhyme_bin_11__LABRr1A1B1C_000000192364_13	vRhyme_bin_11__LABRr1A1B1C_000000192364	LABRr1A1B1C_vRhyme_bin_11	0.88137674	medium	1.0	very high	unclassified		0.0	low	0.0	low
vRhyme_bin_11__LABRr1A1B1C_000000192364_14	vRhyme_bin_11__LABRr1A1B1C_000000192364	LABRr1A1B1C_vRhyme_bin_11	0.89169717	medium	1.0	very high	unclassified		0.0	low	0.0	low
vRhyme_bin_11__LABRr1A1B1C_000000192364_15	vRhyme_bin_11__LABRr1A1B1C_000000192364	LABRr1A1B1C_vRhyme_bin_11	0.91159594	medium	1.0	very high	unclassified		0.0	low	0.0	low
vRhyme_bin_11__LABRr1A1B1C_000000192364_16	vRhyme_bin_11__LABRr1A1B1C_000000192364	LABRr1A1B1C_vRhyme_bin_11	0.8753953	medium	1.0	very high	unclassified		0.0	low	0.0	low
vRhyme_bin_11__LABRr1A1B1C_000000192364_17	vRhyme_bin_11__LABRr1A1B1C_000000192364	LABRr1A1B1C_vRhyme_bin_11	0.9476628	high	1.0	very high	unclassified		0.0	low	0.0	low
vRhyme_bin_11__LABRr1A1B1C_000000192364_18	vRhyme_bin_11__LABRr1A1B1C_000000192364	LABRr1A1B1C_vRhyme_bin_11	0.94159174	high	1.0	very high	unclassified	Domain of unknown function (DUF6899)	0.0	low	0.0	low
vRhyme_bin_11__LABRr1A1B1C_000000192364_19	vRhyme_bin_11__LABRr1A1B1C_000000192364	LABRr1A1B1C_vRhyme_bin_11	0.93355155	high	1.0	very high	unclassified		0.0	low	0.0	low
vRhyme_bin_11__LABRr1A1B1C_000000192364_20	vRhyme_bin_11__LABRr1A1B1C_000000192364	LABRr1A1B1C_vRhyme_bin_11	0.94237447	high	1.0	very high	unclassified		0.0	low	0.0	low
vRhyme_bin_11__LABRr1A1B1C_000000192364_21	vRhyme_bin_11__LABRr1A1B1C_000000192364	LABRr1A1B1C_vRhyme_bin_11	0.9341866	high	1.0	very high	unclassified		0.0	low	0.0	low
vRhyme_bin_11__LABRr1A1B1C_000000203956_1	vRhyme_bin_11__LABRr1A1B1C_000000203956	LABRr1A1B1C_vRhyme_bin_11	0.07610954	low	0.9195	high	metabolic	Ribulose-phosphate 3 epimerase family	0.0	low	0.0	low
vRhyme_bin_11__LABRr1A1B1C_000000203956_2	vRhyme_bin_11__LABRr1A1B1C_000000203956	LABRr1A1B1C_vRhyme_bin_11	0.21213321	low	1.0	very high	unclassified		0.0	low	0.0	low
vRhyme_bin_11__LABRr1A1B1C_000000203956_3	vRhyme_bin_11__LABRr1A1B1C_000000203956	LABRr1A1B1C_vRhyme_bin_11	0.26369888	low	1.0	very high	unclassified		0.0	low	0.0	low
vRhyme_bin_11__LABRr1A1B1C_000000203956_4	vRhyme_bin_11__LABRr1A1B1C_000000203956	LABRr1A1B1C_vRhyme_bin_11	0.2773432	low	1.0	very high	unclassified		0.0	low	0.0	low
vRhyme_bin_11__LABRr1A1B1C_000000203956_5	vRhyme_bin_11__LABRr1A1B1C_000000203956	LABRr1A1B1C_vRhyme_bin_11	0.2855547	low	1.0	very high	unclassified		0.0	low	0.0	low
vRhyme_bin_11__LABRr1A1B1C_000000203956_6	vRhyme_bin_11__LABRr1A1B1C_000000203956	LABRr1A1B1C_vRhyme_bin_11	0.38742083	low	1.0	very high	unclassified	terminase large subunit	0.0	low	0.0	low
vRhyme_bin_11__LABRr1A1B1C_000000203956_7	vRhyme_bin_11__LABRr1A1B1C_000000203956	LABRr1A1B1C_vRhyme_bin_11	0.14972384	low	1.0	very high	unclassified		0.0	low	0.0	low
vRhyme_bin_11__LABRr1A1B1C_000000203956_8	vRhyme_bin_11__LABRr1A1B1C_000000203956	LABRr1A1B1C_vRhyme_bin_11	0.25911894	low	1.0	very high	unclassified	portal protein	0.0	low	0.0	low
vRhyme_bin_11__LABRr1A1B1C_000000203956_9	vRhyme_bin_11__LABRr1A1B1C_000000203956	LABRr1A1B1C_vRhyme_bin_11	0.5515785	low	0.9513	high	unclassified		0.0	low	0.0	low
vRhyme_bin_11__LABRr1A1B1C_000000203956_10	vRhyme_bin_11__LABRr1A1B1C_000000203956	LABRr1A1B1C_vRhyme_bin_11	0.5722347	low	1.0	very high	unclassified		0.0	low	0.0	low
vRhyme_bin_11__LABRr1A1B1C_000000203956_11	vRhyme_bin_11__LABRr1A1B1C_000000203956	LABRr1A1B1C_vRhyme_bin_11	0.5467025	low	1.0	very high	unclassified		0.0	low	0.0	low
vRhyme_bin_11__LABRr1A1B1C_000000203956_12	vRhyme_bin_11__LABRr1A1B1C_000000203956	LABRr1A1B1C_vRhyme_bin_11	0.5543105	low	1.0	very high	unclassified		0.0	low	0.0	low
vRhyme_bin_11__LABRr1A1B1C_000000203956_13	vRhyme_bin_11__LABRr1A1B1C_000000203956	LABRr1A1B1C_vRhyme_bin_11	0.56716627	low	1.0	very high	unclassified		0.0	low	0.0	low
vRhyme_bin_11__LABRr1A1B1C_000000203956_14	vRhyme_bin_11__LABRr1A1B1C_000000203956	LABRr1A1B1C_vRhyme_bin_11	0.732887	medium	1.0	very high	unclassified		0.0	low	0.0	low
vRhyme_bin_11__LABRr1A1B1C_000000220419_1	vRhyme_bin_11__LABRr1A1B1C_000000220419	LABRr1A1B1C_vRhyme_bin_11	0.9909127	high	1.0	very high	unclassified		0.0	low	0.0	low
vRhyme_bin_11__LABRr1A1B1C_000000220419_2	vRhyme_bin_11__LABRr1A1B1C_000000220419	LABRr1A1B1C_vRhyme_bin_11	0.99182177	high	1.0	very high	unclassified		0.0	low	0.0	low
vRhyme_bin_11__LABRr1A1B1C_000000220419_3	vRhyme_bin_11__LABRr1A1B1C_000000220419	LABRr1A1B1C_vRhyme_bin_11	0.99074787	high	1.0	very high	unclassified		0.0	low	0.0	low
vRhyme_bin_11__LABRr1A1B1C_000000220419_4	vRhyme_bin_11__LABRr1A1B1C_000000220419	LABRr1A1B1C_vRhyme_bin_11	0.9958345	high	1.0	very high	unclassified	dnaN; DNA polymerase III subunit beta [EC:2.7.7.7]	0.0	low	0.0	low
vRhyme_bin_11__LABRr1A1B1C_000000220419_5	vRhyme_bin_11__LABRr1A1B1C_000000220419	LABRr1A1B1C_vRhyme_bin_11	0.99884015	high	1.0	very high	unclassified	KTSC domain	0.0	low	0.0	low
vRhyme_bin_11__LABRr1A1B1C_000000220419_6	vRhyme_bin_11__LABRr1A1B1C_000000220419	LABRr1A1B1C_vRhyme_bin_11	0.9992118	high	1.0	very high	unclassified		0.0	low	0.0	low
vRhyme_bin_11__LABRr1A1B1C_000000220419_7	vRhyme_bin_11__LABRr1A1B1C_000000220419	LABRr1A1B1C_vRhyme_bin_11	0.9993877	high	1.0	very high	unclassified		0.0	low	0.0	low
vRhyme_bin_11__LABRr1A1B1C_000000220419_8	vRhyme_bin_11__LABRr1A1B1C_000000220419	LABRr1A1B1C_vRhyme_bin_11	0.9988445	high	1.0	very high	unclassified		0.0	low	0.0	low
vRhyme_bin_11__LABRr1A1B1C_000000220419_9	vRhyme_bin_11__LABRr1A1B1C_000000220419	LABRr1A1B1C_vRhyme_bin_11	0.9980063	high	1.0	very high	unclassified	RecT-like ssDNA annealing protein	0.0	low	0.0	low
vRhyme_bin_11__LABRr1A1B1C_000000220419_10	vRhyme_bin_11__LABRr1A1B1C_000000220419	LABRr1A1B1C_vRhyme_bin_11	0.9960241	high	1.0	very high	unclassified		0.4945	high	0.4945	high
vRhyme_bin_11__LABRr1A1B1C_000000220419_11	vRhyme_bin_11__LABRr1A1B1C_000000220419	LABRr1A1B1C_vRhyme_bin_11	0.991979	high	1.0	very high	unclassified	exonuclease	0.0	low	0.0	low
vRhyme_bin_11__LABRr1A1B1C_000000220419_12	vRhyme_bin_11__LABRr1A1B1C_000000220419	LABRr1A1B1C_vRhyme_bin_11	0.99357724	high	1.0	very high	unclassified		0.0	low	0.0	low
vRhyme_bin_11__LABRr1A1B1C_000000220419_13	vRhyme_bin_11__LABRr1A1B1C_000000220419	LABRr1A1B1C_vRhyme_bin_11	0.99490744	high	1.0	very high	unclassified		0.0	low	0.0	low
vRhyme_bin_11__LABRr1A1B1C_000000220419_14	vRhyme_bin_11__LABRr1A1B1C_000000220419	LABRr1A1B1C_vRhyme_bin_11	0.99609005	high	1.0	very high	unclassified	IRC3; ATP-dependent helicase IRC3 [EC:5.6.2.-]	0.0	low	0.0	low
vRhyme_bin_11__LABRr1A1B1C_000000220419_15	vRhyme_bin_11__LABRr1A1B1C_000000220419	LABRr1A1B1C_vRhyme_bin_11	0.99738234	high	1.0	very high	unclassified		0.0	low	0.0	low
vRhyme_bin_11__LABRr1A1B1C_000000220419_16	vRhyme_bin_11__LABRr1A1B1C_000000220419	LABRr1A1B1C_vRhyme_bin_11	0.9973134	high	1.0	very high	unclassified		0.0	low	0.0	low
vRhyme_bin_11__LABRr1A1B1C_000000220419_17	vRhyme_bin_11__LABRr1A1B1C_000000220419	LABRr1A1B1C_vRhyme_bin_11	0.9968331	high	1.0	very high	unclassified		0.0	low	0.0	low
vRhyme_bin_11__LABRr1A1B1C_000000220419_18	vRhyme_bin_11__LABRr1A1B1C_000000220419	LABRr1A1B1C_vRhyme_bin_11	0.9965772	high	1.0	very high	unclassified		0.0	low	0.0	low
vRhyme_bin_11__LABRr1A1B1C_000000220419_19	vRhyme_bin_11__LABRr1A1B1C_000000220419	LABRr1A1B1C_vRhyme_bin_11	0.9962643	high	1.0	very high	unclassified		0.0	low	0.0	low
vRhyme_bin_11__LABRr1A1B1C_000000220419_20	vRhyme_bin_11__LABRr1A1B1C_000000220419	LABRr1A1B1C_vRhyme_bin_11	0.99550885	high	1.0	very high	unclassified	dnaB; replicative DNA helicase [EC:5.6.2.3]	0.0	low	0.0	low
vRhyme_bin_11__LABRr1A1B1C_000000220419_21	vRhyme_bin_11__LABRr1A1B1C_000000220419	LABRr1A1B1C_vRhyme_bin_11	0.9969983	high	1.0	very high	unclassified		0.0	low	0.0	low
vRhyme_bin_11__LABRr1A1B1C_000000220419_22	vRhyme_bin_11__LABRr1A1B1C_000000220419	LABRr1A1B1C_vRhyme_bin_11	0.99609965	high	1.0	very high	unclassified	protease	0.0	low	0.0	low
vRhyme_bin_11__LABRr1A1B1C_000000220419_23	vRhyme_bin_11__LABRr1A1B1C_000000220419	LABRr1A1B1C_vRhyme_bin_11	0.9972703	high	1.0	very high	unclassified		0.0	low	0.0	low
vRhyme_bin_11__LABRr1A1B1C_000000220419_24	vRhyme_bin_11__LABRr1A1B1C_000000220419	LABRr1A1B1C_vRhyme_bin_11	0.9958984	high	1.0	very high	unclassified		0.0	low	0.0	low
vRhyme_bin_11__LABRr1A1B1C_000000220419_25	vRhyme_bin_11__LABRr1A1B1C_000000220419	LABRr1A1B1C_vRhyme_bin_11	0.994558	high	1.0	very high	unclassified		0.0	low	0.0	low
vRhyme_bin_11__LABRr1A1B1C_000000220419_26	vRhyme_bin_11__LABRr1A1B1C_000000220419	LABRr1A1B1C_vRhyme_bin_11	0.9962119	high	1.0	very high	unclassified		0.0	low	0.0	low
vRhyme_bin_11__LABRr1A1B1C_000000220419_27	vRhyme_bin_11__LABRr1A1B1C_000000220419	LABRr1A1B1C_vRhyme_bin_11	0.995257	high	1.0	very high	unclassified	""	0.0	low	0.0	low
vRhyme_bin_11__LABRr1A1B1C_000000220419_28	vRhyme_bin_11__LABRr1A1B1C_000000220419	LABRr1A1B1C_vRhyme_bin_11	0.9961019	high	1.0	very high	unclassified	phosphoadenosine phosphosulfate reductase	0.0	low	0.0	low
vRhyme_bin_11__LABRr1A1B1C_000000220419_29	vRhyme_bin_11__LABRr1A1B1C_000000220419	LABRr1A1B1C_vRhyme_bin_11	0.99629915	high	1.0	very high	unclassified		0.0	low	0.0	low
vRhyme_bin_11__LABRr1A1B1C_000000220419_30	vRhyme_bin_11__LABRr1A1B1C_000000220419	LABRr1A1B1C_vRhyme_bin_11	0.9980197	high	1.0	very high	unclassified		0.0	low	0.0	low
vRhyme_bin_11__LABRr1A1B1C_000000220419_31	vRhyme_bin_11__LABRr1A1B1C_000000220419	LABRr1A1B1C_vRhyme_bin_11	0.99860454	high	1.0	very high	unclassified		0.0	low	0.0	low
vRhyme_bin_11__LABRr1A1B1C_000000220419_32	vRhyme_bin_11__LABRr1A1B1C_000000220419	LABRr1A1B1C_vRhyme_bin_11	0.99788946	high	1.0	very high	unclassified		0.0	low	0.0	low
vRhyme_bin_11__LABRr1A1B1C_000000220419_33	vRhyme_bin_11__LABRr1A1B1C_000000220419	LABRr1A1B1C_vRhyme_bin_11	0.9995084	high	1.0	very high	unclassified	""	0.0	low	0.0	low
vRhyme_bin_11__LABRr1A1B1C_000000220419_34	vRhyme_bin_11__LABRr1A1B1C_000000220419	LABRr1A1B1C_vRhyme_bin_11	0.9982652	high	1.0	very high	unclassified		0.0	low	0.0	low
vRhyme_bin_11__LABRr1A1B1C_000000220419_35	vRhyme_bin_11__LABRr1A1B1C_000000220419	LABRr1A1B1C_vRhyme_bin_11	0.9970164	high	1.0	very high	unclassified		0.0	low	0.0	low
vRhyme_bin_11__LABRr1A1B1C_000000220419_36	vRhyme_bin_11__LABRr1A1B1C_000000220419	LABRr1A1B1C_vRhyme_bin_11	0.9977124	high	1.0	very high	unclassified		0.0	low	0.0	low
vRhyme_bin_11__LABRr1A1B1C_000000220419_37	vRhyme_bin_11__LABRr1A1B1C_000000220419	LABRr1A1B1C_vRhyme_bin_11	0.99819446	high	1.0	very high	unclassified		0.0	low	0.0	low
vRhyme_bin_11__LABRr1A1B1C_000000220419_38	vRhyme_bin_11__LABRr1A1B1C_000000220419	LABRr1A1B1C_vRhyme_bin_11	0.99474555	high	1.0	very high	unclassified		0.0	low	0.0	low
vRhyme_bin_11__LABRr1A1B1C_000000220419_39	vRhyme_bin_11__LABRr1A1B1C_000000220419	LABRr1A1B1C_vRhyme_bin_11	0.9955217	high	1.0	very high	unclassified		0.0	low	0.0	low
vRhyme_bin_11__LABRr1A1B1C_000000220419_40	vRhyme_bin_11__LABRr1A1B1C_000000220419	LABRr1A1B1C_vRhyme_bin_11	0.9966596	high	1.0	very high	unclassified		0.0	low	0.0	low
vRhyme_bin_11__LABRr1A1B1C_000000220419_41	vRhyme_bin_11__LABRr1A1B1C_000000220419	LABRr1A1B1C_vRhyme_bin_11	0.99727374	high	1.0	very high	unclassified		0.0	low	0.0	low
vRhyme_bin_11__LABRr1A1B1C_000000220419_42	vRhyme_bin_11__LABRr1A1B1C_000000220419	LABRr1A1B1C_vRhyme_bin_11	0.9957635	high	1.0	very high	unclassified		0.0	low	0.0	low
vRhyme_bin_11__LABRr1A1B1C_000000230540_1	vRhyme_bin_11__LABRr1A1B1C_000000230540	LABRr1A1B1C_vRhyme_bin_11	0.9961244	high	1.0	very high	unclassified		0.0	low	0.0	low
vRhyme_bin_11__LABRr1A1B1C_000000230540_2	vRhyme_bin_11__LABRr1A1B1C_000000230540	LABRr1A1B1C_vRhyme_bin_11	0.9961244	high	1.0	very high	unclassified		0.0	low	0.0	low
vRhyme_bin_11__LABRr1A1B1C_000000230540_3	vRhyme_bin_11__LABRr1A1B1C_000000230540	LABRr1A1B1C_vRhyme_bin_11	0.9961423	high	1.0	very high	unclassified		0.0	low	0.0	low
vRhyme_bin_11__LABRr1A1B1C_000000230540_4	vRhyme_bin_11__LABRr1A1B1C_000000230540	LABRr1A1B1C_vRhyme_bin_11	0.99501246	high	1.0	very high	unclassified		0.0	low	0.0	low
vRhyme_bin_11__LABRr1A1B1C_000000230540_5	vRhyme_bin_11__LABRr1A1B1C_000000230540	LABRr1A1B1C_vRhyme_bin_11	0.99144614	high	1.0	very high	unclassified		0.0	low	0.0	low
vRhyme_bin_11__LABRr1A1B1C_000000230540_6	vRhyme_bin_11__LABRr1A1B1C_000000230540	LABRr1A1B1C_vRhyme_bin_11	0.9905491	high	1.0	very high	unclassified		0.0	low	0.0	low
vRhyme_bin_11__LABRr1A1B1C_000000230540_7	vRhyme_bin_11__LABRr1A1B1C_000000230540	LABRr1A1B1C_vRhyme_bin_11	0.99057186	high	1.0	very high	unclassified		0.0	low	0.0	low
vRhyme_bin_11__LABRr1A1B1C_000000230540_8	vRhyme_bin_11__LABRr1A1B1C_000000230540	LABRr1A1B1C_vRhyme_bin_11	0.99128824	high	1.0	very high	unclassified		0.0	low	0.0	low
vRhyme_bin_11__LABRr1A1B1C_000000230540_9	vRhyme_bin_11__LABRr1A1B1C_000000230540	LABRr1A1B1C_vRhyme_bin_11	0.9901617	high	1.0	very high	unclassified	DnaB-like replicative helicase	0.0	low	0.0	low
vRhyme_bin_11__LABRr1A1B1C_000000230540_10	vRhyme_bin_11__LABRr1A1B1C_000000230540	LABRr1A1B1C_vRhyme_bin_11	0.9692346	high	1.0	very high	unclassified		0.0	low	0.0	low
vRhyme_bin_11__LABRr1A1B1C_000000230540_11	vRhyme_bin_11__LABRr1A1B1C_000000230540	LABRr1A1B1C_vRhyme_bin_11	0.9919973	high	1.0	very high	unclassified		0.0	low	0.0	low
vRhyme_bin_11__LABRr1A1B1C_000000230540_12	vRhyme_bin_11__LABRr1A1B1C_000000230540	LABRr1A1B1C_vRhyme_bin_11	0.9905064	high	1.0	very high	unclassified		0.0	low	0.0	low
vRhyme_bin_11__LABRr1A1B1C_000000230540_13	vRhyme_bin_11__LABRr1A1B1C_000000230540	LABRr1A1B1C_vRhyme_bin_11	0.99154365	high	1.0	very high	unclassified	rtpR; ribonucleoside-triphosphate reductase (thioredoxin) [EC:1.17.4.2]	0.0	low	0.0	low
vRhyme_bin_11__LABRr1A1B1C_000000230540_14	vRhyme_bin_11__LABRr1A1B1C_000000230540	LABRr1A1B1C_vRhyme_bin_11	0.9941891	high	1.0	very high	unclassified		0.0	low	0.0	low
vRhyme_bin_11__LABRr1A1B1C_000000238963_1	vRhyme_bin_11__LABRr1A1B1C_000000238963	LABRr1A1B1C_vRhyme_bin_11	0.9911599	high	1.0	very high	unclassified		0.0	low	0.0	low
vRhyme_bin_11__LABRr1A1B1C_000000238963_2	vRhyme_bin_11__LABRr1A1B1C_000000238963	LABRr1A1B1C_vRhyme_bin_11	0.98043436	high	1.0	very high	unclassified		0.0	low	0.0	low
vRhyme_bin_11__LABRr1A1B1C_000000238963_3	vRhyme_bin_11__LABRr1A1B1C_000000238963	LABRr1A1B1C_vRhyme_bin_11	0.99200046	high	1.0	very high	unclassified		0.0	low	0.0	low
vRhyme_bin_11__LABRr1A1B1C_000000238963_4	vRhyme_bin_11__LABRr1A1B1C_000000238963	LABRr1A1B1C_vRhyme_bin_11	0.98277617	high	1.0	very high	unclassified		0.0	low	0.0	low
vRhyme_bin_11__LABRr1A1B1C_000000238963_5	vRhyme_bin_11__LABRr1A1B1C_000000238963	LABRr1A1B1C_vRhyme_bin_11	0.98174274	high	1.0	very high	unclassified		0.0	low	0.0	low
vRhyme_bin_11__LABRr1A1B1C_000000238963_6	vRhyme_bin_11__LABRr1A1B1C_000000238963	LABRr1A1B1C_vRhyme_bin_11	0.97494704	high	1.0	very high	unclassified		0.0	low	0.0	low
vRhyme_bin_11__LABRr1A1B1C_000000238963_7	vRhyme_bin_11__LABRr1A1B1C_000000238963	LABRr1A1B1C_vRhyme_bin_11	0.9761699	high	1.0	very high	unclassified		0.0	low	0.0	low
vRhyme_bin_11__LABRr1A1B1C_000000238963_8	vRhyme_bin_11__LABRr1A1B1C_000000238963	LABRr1A1B1C_vRhyme_bin_11	0.9761699	high	1.0	very high	unclassified		0.0	low	0.0	low
vRhyme_bin_11__LABRr1A1B1C_000000238963_9	vRhyme_bin_11__LABRr1A1B1C_000000238963	LABRr1A1B1C_vRhyme_bin_11	0.97396475	high	1.0	very high	unclassified		0.0	low	0.0	low
vRhyme_bin_11__LABRr1A1B1C_000000238963_10	vRhyme_bin_11__LABRr1A1B1C_000000238963	LABRr1A1B1C_vRhyme_bin_11	0.98159146	high	1.0	very high	unclassified	K27561; Bacillus phage HNH endonuclease	0.0	low	0.0	low
vRhyme_bin_11__LABRr1A1B1C_000000238963_11	vRhyme_bin_11__LABRr1A1B1C_000000238963	LABRr1A1B1C_vRhyme_bin_11	0.9827437	high	1.0	very high	unclassified		0.0	low	0.0	low
vRhyme_bin_11__LABRr1A1B1C_000000262686_1	vRhyme_bin_11__LABRr1A1B1C_000000262686	LABRr1A1B1C_vRhyme_bin_11	0.9873395	high	1.0	very high	unclassified		0.0	low	0.0	low
vRhyme_bin_11__LABRr1A1B1C_000000262686_2	vRhyme_bin_11__LABRr1A1B1C_000000262686	LABRr1A1B1C_vRhyme_bin_11	0.9280179	high	1.0	very high	unclassified	metallo-phosphoesterase	0.0	low	0.0	low
vRhyme_bin_11__LABRr1A1B1C_000000262686_3	vRhyme_bin_11__LABRr1A1B1C_000000262686	LABRr1A1B1C_vRhyme_bin_11	0.9742851	high	1.0	very high	unclassified		0.0	low	0.0	low
vRhyme_bin_11__LABRr1A1B1C_000000262686_4	vRhyme_bin_11__LABRr1A1B1C_000000262686	LABRr1A1B1C_vRhyme_bin_11	0.97276115	high	1.0	very high	unclassified		0.0	low	0.0	low
vRhyme_bin_11__LABRr1A1B1C_000000262686_5	vRhyme_bin_11__LABRr1A1B1C_000000262686	LABRr1A1B1C_vRhyme_bin_11	0.9682005	high	1.0	very high	unclassified		0.0	low	0.0	low
vRhyme_bin_11__LABRr1A1B1C_000000262686_6	vRhyme_bin_11__LABRr1A1B1C_000000262686	LABRr1A1B1C_vRhyme_bin_11	0.98444206	high	1.0	very high	unclassified		0.0	low	0.0	low
vRhyme_bin_11__LABRr1A1B1C_000000262686_7	vRhyme_bin_11__LABRr1A1B1C_000000262686	LABRr1A1B1C_vRhyme_bin_11	0.97218865	high	1.0	very high	unclassified	""	0.0	low	0.0	low
vRhyme_bin_11__LABRr1A1B1C_000000262686_8	vRhyme_bin_11__LABRr1A1B1C_000000262686	LABRr1A1B1C_vRhyme_bin_11	0.9190841	high	1.0	very high	unclassified	homing endonuclease	0.0	low	0.0	low
vRhyme_bin_11__LABRr1A1B1C_000000262686_9	vRhyme_bin_11__LABRr1A1B1C_000000262686	LABRr1A1B1C_vRhyme_bin_11	0.9681329	high	1.0	very high	unclassified		0.0	low	0.0	low
vRhyme_bin_11__LABRr1A1B1C_000000262686_10	vRhyme_bin_11__LABRr1A1B1C_000000262686	LABRr1A1B1C_vRhyme_bin_11	0.94173735	high	1.0	very high	unclassified		0.0	low	0.0	low
vRhyme_bin_11__LABRr1A1B1C_000000262686_11	vRhyme_bin_11__LABRr1A1B1C_000000262686	LABRr1A1B1C_vRhyme_bin_11	0.93788695	high	1.0	very high	unclassified		0.0	low	0.0	low
vRhyme_bin_11__LABRr1A1B1C_000000262686_12	vRhyme_bin_11__LABRr1A1B1C_000000262686	LABRr1A1B1C_vRhyme_bin_11	0.9602973	high	1.0	very high	unclassified		0.0	low	0.0	low
vRhyme_bin_11__LABRr1A1B1C_000000262686_13	vRhyme_bin_11__LABRr1A1B1C_000000262686	LABRr1A1B1C_vRhyme_bin_11	0.9602973	high	1.0	very high	unclassified		0.0	low	0.0	low
vRhyme_bin_11__LABRr1A1B1C_000000270577_1	vRhyme_bin_11__LABRr1A1B1C_000000270577	LABRr1A1B1C_vRhyme_bin_11	0.99026805	high	1.0	very high	unclassified	SNF2-related domain	0.0	low	0.0	low
vRhyme_bin_11__LABRr1A1B1C_000000270577_2	vRhyme_bin_11__LABRr1A1B1C_000000270577	LABRr1A1B1C_vRhyme_bin_11	0.9953067	high	1.0	very high	unclassified		0.0	low	0.0	low
vRhyme_bin_11__LABRr1A1B1C_000000270577_3	vRhyme_bin_11__LABRr1A1B1C_000000270577	LABRr1A1B1C_vRhyme_bin_11	0.9956214	high	1.0	very high	unclassified		0.0	low	0.0	low
vRhyme_bin_11__LABRr1A1B1C_000000270577_4	vRhyme_bin_11__LABRr1A1B1C_000000270577	LABRr1A1B1C_vRhyme_bin_11	0.97063524	high	1.0	very high	unclassified		0.0	low	0.0	low
vRhyme_bin_11__LABRr1A1B1C_000000270577_5	vRhyme_bin_11__LABRr1A1B1C_000000270577	LABRr1A1B1C_vRhyme_bin_11	0.96934295	high	1.0	very high	unclassified		0.0	low	0.0	low
vRhyme_bin_11__LABRr1A1B1C_000000270577_6	vRhyme_bin_11__LABRr1A1B1C_000000270577	LABRr1A1B1C_vRhyme_bin_11	0.96441454	high	1.0	very high	unclassified		0.0	low	0.0	low
vRhyme_bin_11__LABRr1A1B1C_000000270577_7	vRhyme_bin_11__LABRr1A1B1C_000000270577	LABRr1A1B1C_vRhyme_bin_11	0.966021	high	1.0	very high	unclassified		0.0	low	0.0	low
vRhyme_bin_11__LABRr1A1B1C_000000270577_8	vRhyme_bin_11__LABRr1A1B1C_000000270577	LABRr1A1B1C_vRhyme_bin_11	0.9274314	high	1.0	very high	unclassified		0.0	low	0.0	low
vRhyme_bin_11__LABRr1A1B1C_000000270577_9	vRhyme_bin_11__LABRr1A1B1C_000000270577	LABRr1A1B1C_vRhyme_bin_11	0.9559541	high	1.0	very high	unclassified		0.0	low	0.0	low
vRhyme_bin_11__LABRr1A1B1C_000000270577_10	vRhyme_bin_11__LABRr1A1B1C_000000270577	LABRr1A1B1C_vRhyme_bin_11	0.95371145	high	1.0	very high	unclassified		0.0	low	0.0	low
vRhyme_bin_11__LABRr1A1B1C_000000270577_11	vRhyme_bin_11__LABRr1A1B1C_000000270577	LABRr1A1B1C_vRhyme_bin_11	0.9571484	high	1.0	very high	unclassified		0.0	low	0.0	low
vRhyme_bin_11__LABRr1A1B1C_000000270577_12	vRhyme_bin_11__LABRr1A1B1C_000000270577	LABRr1A1B1C_vRhyme_bin_11	0.95733	high	1.0	very high	unclassified		0.0	low	0.0	low
vRhyme_bin_11__LABRr1A1B1C_000000270577_13	vRhyme_bin_11__LABRr1A1B1C_000000270577	LABRr1A1B1C_vRhyme_bin_11	0.93427134	high	1.0	very high	unclassified		0.0	low	0.0	low
vRhyme_bin_11__LABRr1A1B1C_000000270577_14	vRhyme_bin_11__LABRr1A1B1C_000000270577	LABRr1A1B1C_vRhyme_bin_11	0.91306853	high	1.0	very high	unclassified		0.0	low	0.0	low
vRhyme_bin_11__LABRr1A1B1C_000000270577_15	vRhyme_bin_11__LABRr1A1B1C_000000270577	LABRr1A1B1C_vRhyme_bin_11	0.9069836	medium	1.0	very high	unclassified		0.0	low	0.0	low
vRhyme_bin_11__LABRr1A1B1C_000000270577_16	vRhyme_bin_11__LABRr1A1B1C_000000270577	LABRr1A1B1C_vRhyme_bin_11	0.9153762	high	1.0	very high	unclassified		0.0	low	0.0	low
vRhyme_bin_11__LABRr1A1B1C_000000270577_17	vRhyme_bin_11__LABRr1A1B1C_000000270577	LABRr1A1B1C_vRhyme_bin_11	0.90298694	medium	1.0	very high	unclassified		0.0	low	0.0	low
vRhyme_bin_11__LABRr1A1B1C_000000270577_18	vRhyme_bin_11__LABRr1A1B1C_000000270577	LABRr1A1B1C_vRhyme_bin_11	0.7683242	medium	1.0	very high	unclassified	E2.4.2.6; nucleoside deoxyribosyltransferase [EC:2.4.2.6]	0.0	low	0.0	low
vRhyme_bin_11__LABRr1A1B1C_000000270577_19	vRhyme_bin_11__LABRr1A1B1C_000000270577	LABRr1A1B1C_vRhyme_bin_11	0.94860554	high	1.0	very high	unclassified		0.0	low	0.0	low
vRhyme_bin_11__LABRr1A1B1C_000000270577_20	vRhyme_bin_11__LABRr1A1B1C_000000270577	LABRr1A1B1C_vRhyme_bin_11	0.9040668	medium	1.0	very high	unclassified		0.0	low	0.0	low
vRhyme_bin_11__LABRr1A1B1C_000000270577_21	vRhyme_bin_11__LABRr1A1B1C_000000270577	LABRr1A1B1C_vRhyme_bin_11	0.5813215	medium	1.0	very high	metabolic	Dual specificity phosphatase, catalytic domain	0.0927	medium	0.0927	medium
vRhyme_bin_11__LABRr1A1B1C_000000270577_22	vRhyme_bin_11__LABRr1A1B1C_000000270577	LABRr1A1B1C_vRhyme_bin_11	0.6804209	medium	1.0	very high	unclassified		0.0	low	0.0	low
vRhyme_bin_11__LABRr1A1B1C_000000270577_23	vRhyme_bin_11__LABRr1A1B1C_000000270577	LABRr1A1B1C_vRhyme_bin_11	0.9011585	medium	1.0	very high	unclassified		0.0	low	0.0	low
vRhyme_bin_11__LABRr1A1B1C_000000270577_24	vRhyme_bin_11__LABRr1A1B1C_000000270577	LABRr1A1B1C_vRhyme_bin_11	0.87856984	medium	1.0	very high	unclassified	HNH endonuclease	0.0	low	0.0	low
vRhyme_bin_11__LABRr1A1B1C_000000270577_25	vRhyme_bin_11__LABRr1A1B1C_000000270577	LABRr1A1B1C_vRhyme_bin_11	0.94243973	high	1.0	very high	unclassified	""	0.0	low	0.0	low
vRhyme_bin_11__LABRr1A1B1C_000000270577_26	vRhyme_bin_11__LABRr1A1B1C_000000270577	LABRr1A1B1C_vRhyme_bin_11	0.94902724	high	1.0	very high	unclassified		0.0	low	0.0	low
vRhyme_bin_11__LABRr1A1B1C_000000270577_27	vRhyme_bin_11__LABRr1A1B1C_000000270577	LABRr1A1B1C_vRhyme_bin_11	0.87521046	medium	1.0	very high	unclassified	erpA; iron-sulfur cluster insertion protein	0.0	low	0.0	low
vRhyme_bin_11__LABRr1A1B1C_000000270577_28	vRhyme_bin_11__LABRr1A1B1C_000000270577	LABRr1A1B1C_vRhyme_bin_11	0.7748037	medium	1.0	very high	unclassified		0.0	low	0.0	low
vRhyme_bin_11__LABRr1A1B1C_000000270577_29	vRhyme_bin_11__LABRr1A1B1C_000000270577	LABRr1A1B1C_vRhyme_bin_11	0.7323461	medium	1.0	very high	unclassified		0.0	low	0.0	low
vRhyme_bin_11__LABRr1A1B1C_000000270577_30	vRhyme_bin_11__LABRr1A1B1C_000000270577	LABRr1A1B1C_vRhyme_bin_11	0.53701377	low	1.0	very high	unclassified	NifU-like N terminal domain	0.0	low	0.0	low
vRhyme_bin_11__LABRr1A1B1C_000000270577_31	vRhyme_bin_11__LABRr1A1B1C_000000270577	LABRr1A1B1C_vRhyme_bin_11	0.7802642	medium	1.0	very high	unclassified		0.0	low	0.0	low
vRhyme_bin_11__LABRr1A1B1C_000000270577_32	vRhyme_bin_11__LABRr1A1B1C_000000270577	LABRr1A1B1C_vRhyme_bin_11	0.8137762	medium	1.0	very high	unclassified		0.0	low	0.0	low
vRhyme_bin_11__LABRr1A1B1C_000000270577_33	vRhyme_bin_11__LABRr1A1B1C_000000270577	LABRr1A1B1C_vRhyme_bin_11	0.80065995	medium	1.0	very high	unclassified		0.0	low	0.0	low
vRhyme_bin_11__LABRr1A1B1C_000000270577_34	vRhyme_bin_11__LABRr1A1B1C_000000270577	LABRr1A1B1C_vRhyme_bin_11	0.795324	medium	1.0	very high	unclassified	""	0.0	low	0.0	low
vRhyme_bin_11__LABRr1A1B1C_000000270577_35	vRhyme_bin_11__LABRr1A1B1C_000000270577	LABRr1A1B1C_vRhyme_bin_11	0.6438144	medium	1.0	very high	unclassified		0.0	low	0.0	low
vRhyme_bin_11__LABRr1A1B1C_000000270577_36	vRhyme_bin_11__LABRr1A1B1C_000000270577	LABRr1A1B1C_vRhyme_bin_11	0.9379688	high	1.0	very high	unclassified		0.0	low	0.0	low
vRhyme_bin_11__LABRr1A1B1C_000000270577_37	vRhyme_bin_11__LABRr1A1B1C_000000270577	LABRr1A1B1C_vRhyme_bin_11	0.97799295	high	1.0	very high	unclassified	K27287; Autographiviridae endonuclease VII	0.0	low	0.0	low
vRhyme_bin_11__LABRr1A1B1C_000000270577_38	vRhyme_bin_11__LABRr1A1B1C_000000270577	LABRr1A1B1C_vRhyme_bin_11	0.9898272	high	1.0	very high	unclassified	K27456; Schitoviridae thymidylate synthase	0.0	low	0.0	low
vRhyme_bin_11__LABRr1A1B1C_000000270577_39	vRhyme_bin_11__LABRr1A1B1C_000000270577	LABRr1A1B1C_vRhyme_bin_11	0.9781779	high	1.0	very high	unclassified		0.0	low	0.0	low
vRhyme_bin_11__LABRr1A1B1C_000000287262_1	vRhyme_bin_11__LABRr1A1B1C_000000287262	LABRr1A1B1C_vRhyme_bin_11	0.985905	high	1.0	very high	unclassified		0.0	low	0.0	low
vRhyme_bin_11__LABRr1A1B1C_000000287262_2	vRhyme_bin_11__LABRr1A1B1C_000000287262	LABRr1A1B1C_vRhyme_bin_11	0.98308253	high	1.0	very high	unclassified		0.0	low	0.0	low
vRhyme_bin_11__LABRr1A1B1C_000000287262_3	vRhyme_bin_11__LABRr1A1B1C_000000287262	LABRr1A1B1C_vRhyme_bin_11	0.9799003	high	1.0	very high	unclassified		0.0	low	0.0	low
vRhyme_bin_11__LABRr1A1B1C_000000287262_4	vRhyme_bin_11__LABRr1A1B1C_000000287262	LABRr1A1B1C_vRhyme_bin_11	0.9799003	high	1.0	very high	unclassified		0.0	low	0.0	low
vRhyme_bin_11__LABRr1A1B1C_000000287262_5	vRhyme_bin_11__LABRr1A1B1C_000000287262	LABRr1A1B1C_vRhyme_bin_11	0.9823729	high	1.0	very high	unclassified	terminase large subunit	0.0	low	0.0	low
vRhyme_bin_11__LABRr1A1B1C_000000287262_6	vRhyme_bin_11__LABRr1A1B1C_000000287262	LABRr1A1B1C_vRhyme_bin_11	0.9764352	high	1.0	very high	unclassified		0.0	low	0.0	low
vRhyme_bin_11__LABRr1A1B1C_000000287262_7	vRhyme_bin_11__LABRr1A1B1C_000000287262	LABRr1A1B1C_vRhyme_bin_11	0.9750808	high	1.0	very high	unclassified		0.0	low	0.0	low
vRhyme_bin_11__LABRr1A1B1C_000000287262_8	vRhyme_bin_11__LABRr1A1B1C_000000287262	LABRr1A1B1C_vRhyme_bin_11	0.944503	high	1.0	very high	unclassified		0.0	low	0.0	low
vRhyme_bin_11__LABRr1A1B1C_000000287262_9	vRhyme_bin_11__LABRr1A1B1C_000000287262	LABRr1A1B1C_vRhyme_bin_11	0.94562805	high	1.0	very high	unclassified		0.0	low	0.0	low
vRhyme_bin_11__LABRr1A1B1C_000000287262_10	vRhyme_bin_11__LABRr1A1B1C_000000287262	LABRr1A1B1C_vRhyme_bin_11	0.98151755	high	1.0	very high	unclassified		0.0	low	0.0	low
vRhyme_bin_11__LABRr1A1B1C_000000287262_11	vRhyme_bin_11__LABRr1A1B1C_000000287262	LABRr1A1B1C_vRhyme_bin_11	0.9802875	high	1.0	very high	unclassified		0.0	low	0.0	low
vRhyme_bin_11__LABRr1A1B1C_000000287262_12	vRhyme_bin_11__LABRr1A1B1C_000000287262	LABRr1A1B1C_vRhyme_bin_11	0.9727378	high	1.0	very high	unclassified		0.0	low	0.0	low
vRhyme_bin_11__LABRr1A1B1C_000000287262_13	vRhyme_bin_11__LABRr1A1B1C_000000287262	LABRr1A1B1C_vRhyme_bin_11	0.97590435	high	1.0	very high	unclassified		0.0	low	0.0	low
vRhyme_bin_11__LABRr1A1B1C_000000287262_14	vRhyme_bin_11__LABRr1A1B1C_000000287262	LABRr1A1B1C_vRhyme_bin_11	0.95641077	high	1.0	very high	unclassified		0.0	low	0.0	low
vRhyme_bin_11__LABRr1A1B1C_000000287262_15	vRhyme_bin_11__LABRr1A1B1C_000000287262	LABRr1A1B1C_vRhyme_bin_11	0.9403808	high	1.0	very high	unclassified		0.0	low	0.0	low
vRhyme_bin_11__LABRr1A1B1C_000000287262_16	vRhyme_bin_11__LABRr1A1B1C_000000287262	LABRr1A1B1C_vRhyme_bin_11	0.9337801	high	1.0	very high	unclassified		0.0	low	0.0	low
vRhyme_bin_11__LABRr1A1B1C_000000287262_17	vRhyme_bin_11__LABRr1A1B1C_000000287262	LABRr1A1B1C_vRhyme_bin_11	0.9176516	high	1.0	very high	unclassified		0.0	low	0.0	low
vRhyme_bin_11__LABRr1A1B1C_000000287262_18	vRhyme_bin_11__LABRr1A1B1C_000000287262	LABRr1A1B1C_vRhyme_bin_11	0.90798753	medium	1.0	very high	unclassified		0.0	low	0.0	low
vRhyme_bin_11__LABRr1A1B1C_000000287262_19	vRhyme_bin_11__LABRr1A1B1C_000000287262	LABRr1A1B1C_vRhyme_bin_11	0.8927973	medium	1.0	very high	unclassified		0.0	low	0.0	low
vRhyme_bin_11__LABRr1A1B1C_000000287262_20	vRhyme_bin_11__LABRr1A1B1C_000000287262	LABRr1A1B1C_vRhyme_bin_11	0.8928836	medium	1.0	very high	unclassified		0.0	low	0.0	low
vRhyme_bin_11__LABRr1A1B1C_000000287262_21	vRhyme_bin_11__LABRr1A1B1C_000000287262	LABRr1A1B1C_vRhyme_bin_11	0.8906992	medium	1.0	very high	unclassified		0.0	low	0.0	low
vRhyme_bin_11__LABRr1A1B1C_000000287262_22	vRhyme_bin_11__LABRr1A1B1C_000000287262	LABRr1A1B1C_vRhyme_bin_11	0.8428009	medium	1.0	very high	unclassified		0.0	low	0.0	low
vRhyme_bin_11__LABRr1A1B1C_000000287262_23	vRhyme_bin_11__LABRr1A1B1C_000000287262	LABRr1A1B1C_vRhyme_bin_11	0.72318155	medium	1.0	very high	unclassified		0.0	low	0.0	low
vRhyme_bin_11__LABRr1A1B1C_000000287262_24	vRhyme_bin_11__LABRr1A1B1C_000000287262	LABRr1A1B1C_vRhyme_bin_11	0.7557493	medium	1.0	very high	unclassified		0.0	low	0.0	low
vRhyme_bin_11__LABRr1A1B1C_000000287262_25	vRhyme_bin_11__LABRr1A1B1C_000000287262	LABRr1A1B1C_vRhyme_bin_11	0.7899293	medium	1.0	very high	unclassified		0.0	low	0.0	low
vRhyme_bin_11__LABRr1A1B1C_000000287262_26	vRhyme_bin_11__LABRr1A1B1C_000000287262	LABRr1A1B1C_vRhyme_bin_11	0.83013725	medium	1.0	very high	unclassified		0.0	low	0.0	low
vRhyme_bin_11__LABRr1A1B1C_000000287262_27	vRhyme_bin_11__LABRr1A1B1C_000000287262	LABRr1A1B1C_vRhyme_bin_11	0.8297348	medium	1.0	very high	unclassified		0.0	low	0.0	low
vRhyme_bin_11__LABRr1A1B1C_000000287262_28	vRhyme_bin_11__LABRr1A1B1C_000000287262	LABRr1A1B1C_vRhyme_bin_11	0.843359	medium	1.0	very high	unclassified		0.0	low	0.0	low
vRhyme_bin_11__LABRr1A1B1C_000000287262_29	vRhyme_bin_11__LABRr1A1B1C_000000287262	LABRr1A1B1C_vRhyme_bin_11	0.89240164	medium	1.0	very high	unclassified		0.0	low	0.0	low
vRhyme_bin_11__LABRr1A1B1C_000000321934_1	vRhyme_bin_11__LABRr1A1B1C_000000321934	LABRr1A1B1C_vRhyme_bin_11	0.99454254	high	1.0	very high	unclassified		0.0	low	0.0	low
vRhyme_bin_11__LABRr1A1B1C_000000321934_2	vRhyme_bin_11__LABRr1A1B1C_000000321934	LABRr1A1B1C_vRhyme_bin_11	0.99245447	high	1.0	very high	unclassified	K27455; Staphylococcus phage HNH endonuclease	0.0	low	0.0	low
vRhyme_bin_11__LABRr1A1B1C_000000321934_3	vRhyme_bin_11__LABRr1A1B1C_000000321934	LABRr1A1B1C_vRhyme_bin_11	0.9940632	high	1.0	very high	unclassified		0.0	low	0.0	low
vRhyme_bin_11__LABRr1A1B1C_000000321934_4	vRhyme_bin_11__LABRr1A1B1C_000000321934	LABRr1A1B1C_vRhyme_bin_11	0.9946178	high	1.0	very high	unclassified		0.0	low	0.0	low
vRhyme_bin_11__LABRr1A1B1C_000000321934_5	vRhyme_bin_11__LABRr1A1B1C_000000321934	LABRr1A1B1C_vRhyme_bin_11	0.99212795	high	1.0	very high	unclassified		0.0	low	0.0	low
vRhyme_bin_11__LABRr1A1B1C_000000321934_6	vRhyme_bin_11__LABRr1A1B1C_000000321934	LABRr1A1B1C_vRhyme_bin_11	0.9925217	high	1.0	very high	unclassified		0.0	low	0.0	low
vRhyme_bin_11__LABRr1A1B1C_000000321934_7	vRhyme_bin_11__LABRr1A1B1C_000000321934	LABRr1A1B1C_vRhyme_bin_11	0.99244076	high	1.0	very high	unclassified		0.0	low	0.0	low
vRhyme_bin_11__LABRr1A1B1C_000000321934_8	vRhyme_bin_11__LABRr1A1B1C_000000321934	LABRr1A1B1C_vRhyme_bin_11	0.9924161	high	1.0	very high	unclassified		0.144	medium	0.144	medium
vRhyme_bin_11__LABRr1A1B1C_000000321934_9	vRhyme_bin_11__LABRr1A1B1C_000000321934	LABRr1A1B1C_vRhyme_bin_11	0.98456883	high	0.947	high	unclassified		0.0941	medium	0.0891	medium
vRhyme_bin_11__LABRr1A1B1C_000000321934_10	vRhyme_bin_11__LABRr1A1B1C_000000321934	LABRr1A1B1C_vRhyme_bin_11	0.99250764	high	1.0	very high	unclassified		0.0	low	0.0	low
vRhyme_bin_11__LABRr1A1B1C_000000321934_11	vRhyme_bin_11__LABRr1A1B1C_000000321934	LABRr1A1B1C_vRhyme_bin_11	0.9974759	high	1.0	very high	unclassified		0.0	low	0.0	low
vRhyme_bin_11__LABRr1A1B1C_000000321934_12	vRhyme_bin_11__LABRr1A1B1C_000000321934	LABRr1A1B1C_vRhyme_bin_11	0.9982848	high	1.0	very high	unclassified		0.0	low	0.0	low
vRhyme_bin_11__LABRr1A1B1C_000000321934_13	vRhyme_bin_11__LABRr1A1B1C_000000321934	LABRr1A1B1C_vRhyme_bin_11	0.9837312	high	1.0	very high	unclassified	DNA polymerase exonuclease subunit	0.0	low	0.0	low
vRhyme_bin_11__LABRr1A1B1C_000000321934_14	vRhyme_bin_11__LABRr1A1B1C_000000321934	LABRr1A1B1C_vRhyme_bin_11	0.98881793	high	1.0	very high	unclassified		0.0	low	0.0	low
vRhyme_bin_11__LABRr1A1B1C_000000321934_15	vRhyme_bin_11__LABRr1A1B1C_000000321934	LABRr1A1B1C_vRhyme_bin_11	0.98291576	high	1.0	very high	unclassified		0.0	low	0.0	low
vRhyme_bin_11__LABRr1A1B1C_000000321934_16	vRhyme_bin_11__LABRr1A1B1C_000000321934	LABRr1A1B1C_vRhyme_bin_11	0.9945621	high	1.0	very high	unclassified		0.0	low	0.0	low
vRhyme_bin_11__LABRr1A1B1C_000000321934_17	vRhyme_bin_11__LABRr1A1B1C_000000321934	LABRr1A1B1C_vRhyme_bin_11	0.9945221	high	1.0	very high	unclassified		0.0	low	0.0	low
vRhyme_bin_11__LABRr1A1B1C_000000321934_18	vRhyme_bin_11__LABRr1A1B1C_000000321934	LABRr1A1B1C_vRhyme_bin_11	0.9698362	high	1.0	very high	unclassified	UvsX-like recombinase	0.0	low	0.0	low
vRhyme_bin_11__LABRr1A1B1C_000000321934_19	vRhyme_bin_11__LABRr1A1B1C_000000321934	LABRr1A1B1C_vRhyme_bin_11	0.98084736	high	1.0	very high	unclassified		0.0	low	0.0	low
vRhyme_bin_11__LABRr1A1B1C_000000350032_1	vRhyme_bin_11__LABRr1A1B1C_000000350032	LABRr1A1B1C_vRhyme_bin_11	0.68307817	medium	1.0	very high	unclassified		0.0	low	0.0	low
vRhyme_bin_11__LABRr1A1B1C_000000350032_2	vRhyme_bin_11__LABRr1A1B1C_000000350032	LABRr1A1B1C_vRhyme_bin_11	0.68307817	medium	1.0	very high	unclassified		0.0	low	0.0	low
vRhyme_bin_11__LABRr1A1B1C_000000350032_3	vRhyme_bin_11__LABRr1A1B1C_000000350032	LABRr1A1B1C_vRhyme_bin_11	0.68307817	medium	1.0	very high	unclassified		0.0	low	0.0	low
vRhyme_bin_11__LABRr1A1B1C_000000350032_4	vRhyme_bin_11__LABRr1A1B1C_000000350032	LABRr1A1B1C_vRhyme_bin_11	0.68307817	medium	1.0	very high	unclassified		0.0	low	0.0	low
vRhyme_bin_11__LABRr1A1B1C_000000350032_5	vRhyme_bin_11__LABRr1A1B1C_000000350032	LABRr1A1B1C_vRhyme_bin_11	0.68307817	medium	1.0	very high	unclassified		0.0	low	0.0	low
vRhyme_bin_11__LABRr1A1B1C_000000350032_6	vRhyme_bin_11__LABRr1A1B1C_000000350032	LABRr1A1B1C_vRhyme_bin_11	0.68307817	medium	1.0	very high	unclassified	ATPase	0.0	low	0.0	low
vRhyme_bin_11__LABRr1A1B1C_000000350032_7	vRhyme_bin_11__LABRr1A1B1C_000000350032	LABRr1A1B1C_vRhyme_bin_11	0.68307817	medium	0.8901	high	unclassified		0.0	low	0.0	low
vRhyme_bin_11__LABRr1A1B1C_000000350032_8	vRhyme_bin_11__LABRr1A1B1C_000000350032	LABRr1A1B1C_vRhyme_bin_11	0.68307817	medium	1.0	very high	unclassified		0.0	low	0.0	low
vRhyme_bin_12__LABRr1A1B1C_000000038288_1	vRhyme_bin_12__LABRr1A1B1C_000000038288	LABRr1A1B1C_vRhyme_bin_12	0.9976869	high	1.0	very high	unclassified		0.0	low	0.0	low
vRhyme_bin_12__LABRr1A1B1C_000000038288_2	vRhyme_bin_12__LABRr1A1B1C_000000038288	LABRr1A1B1C_vRhyme_bin_12	0.9976869	high	1.0	very high	unclassified		0.0	low	0.0	low
vRhyme_bin_12__LABRr1A1B1C_000000038288_3	vRhyme_bin_12__LABRr1A1B1C_000000038288	LABRr1A1B1C_vRhyme_bin_12	0.9975742	high	1.0	very high	unclassified		0.0	low	0.0	low
vRhyme_bin_12__LABRr1A1B1C_000000038288_4	vRhyme_bin_12__LABRr1A1B1C_000000038288	LABRr1A1B1C_vRhyme_bin_12	0.9973024	high	1.0	very high	unclassified	SU10 adaptor protein	0.0	low	0.0	low
vRhyme_bin_12__LABRr1A1B1C_000000038288_5	vRhyme_bin_12__LABRr1A1B1C_000000038288	LABRr1A1B1C_vRhyme_bin_12	0.99727625	high	1.0	very high	unclassified		0.0	low	0.0	low
vRhyme_bin_12__LABRr1A1B1C_000000038288_6	vRhyme_bin_12__LABRr1A1B1C_000000038288	LABRr1A1B1C_vRhyme_bin_12	0.99727625	high	1.0	very high	unclassified		0.0	low	0.0	low
vRhyme_bin_12__LABRr1A1B1C_000000038288_7	vRhyme_bin_12__LABRr1A1B1C_000000038288	LABRr1A1B1C_vRhyme_bin_12	0.9954533	high	0.9497	high	unclassified		0.0	low	0.0	low
vRhyme_bin_12__LABRr1A1B1C_000000038288_8	vRhyme_bin_12__LABRr1A1B1C_000000038288	LABRr1A1B1C_vRhyme_bin_12	0.9956115	high	1.0	very high	unclassified		0.0	low	0.0	low
vRhyme_bin_12__LABRr1A1B1C_000000038288_9	vRhyme_bin_12__LABRr1A1B1C_000000038288	LABRr1A1B1C_vRhyme_bin_12	0.99389535	high	1.0	very high	unclassified		0.0	low	0.0	low
vRhyme_bin_12__LABRr1A1B1C_000000038288_10	vRhyme_bin_12__LABRr1A1B1C_000000038288	LABRr1A1B1C_vRhyme_bin_12	0.9935212	high	1.0	very high	unclassified	major head protein	0.0	low	0.0	low
vRhyme_bin_12__LABRr1A1B1C_000000038288_11	vRhyme_bin_12__LABRr1A1B1C_000000038288	LABRr1A1B1C_vRhyme_bin_12	0.9918513	high	1.0	very high	unclassified		0.0	low	0.0	low
vRhyme_bin_12__LABRr1A1B1C_000000038288_12	vRhyme_bin_12__LABRr1A1B1C_000000038288	LABRr1A1B1C_vRhyme_bin_12	0.99143386	high	1.0	very high	unclassified		0.0	low	0.0	low
vRhyme_bin_12__LABRr1A1B1C_000000038288_13	vRhyme_bin_12__LABRr1A1B1C_000000038288	LABRr1A1B1C_vRhyme_bin_12	0.9913682	high	1.0	very high	unclassified		0.0	low	0.0	low
vRhyme_bin_12__LABRr1A1B1C_000000038288_14	vRhyme_bin_12__LABRr1A1B1C_000000038288	LABRr1A1B1C_vRhyme_bin_12	0.99141014	high	1.0	very high	unclassified		0.0	low	0.0	low
vRhyme_bin_12__LABRr1A1B1C_000000038288_15	vRhyme_bin_12__LABRr1A1B1C_000000038288	LABRr1A1B1C_vRhyme_bin_12	0.99107486	high	1.0	very high	unclassified		0.0	low	0.0	low
vRhyme_bin_12__LABRr1A1B1C_000000038288_16	vRhyme_bin_12__LABRr1A1B1C_000000038288	LABRr1A1B1C_vRhyme_bin_12	0.9969537	high	1.0	very high	unclassified	portal protein	0.0	low	0.0	low
vRhyme_bin_12__LABRr1A1B1C_000000038288_17	vRhyme_bin_12__LABRr1A1B1C_000000038288	LABRr1A1B1C_vRhyme_bin_12	0.99447286	high	1.0	very high	unclassified		0.0	low	0.0	low
vRhyme_bin_12__LABRr1A1B1C_000000038288_18	vRhyme_bin_12__LABRr1A1B1C_000000038288	LABRr1A1B1C_vRhyme_bin_12	0.995067	high	1.0	very high	unclassified	terminase large subunit	0.0	low	0.0	low
vRhyme_bin_12__LABRr1A1B1C_000000038288_19	vRhyme_bin_12__LABRr1A1B1C_000000038288	LABRr1A1B1C_vRhyme_bin_12	0.9958189	high	1.0	very high	unclassified		0.0	low	0.0	low
vRhyme_bin_12__LABRr1A1B1C_000000038288_20	vRhyme_bin_12__LABRr1A1B1C_000000038288	LABRr1A1B1C_vRhyme_bin_12	0.9952745	high	1.0	very high	unclassified		0.0	low	0.0	low
vRhyme_bin_12__LABRr1A1B1C_000000038288_21	vRhyme_bin_12__LABRr1A1B1C_000000038288	LABRr1A1B1C_vRhyme_bin_12	0.9952745	high	1.0	very high	unclassified		0.0	low	0.0	low
vRhyme_bin_12__LABRr1A1B1C_000000038288_22	vRhyme_bin_12__LABRr1A1B1C_000000038288	LABRr1A1B1C_vRhyme_bin_12	0.9952745	high	1.0	very high	unclassified		0.0	low	0.0	low
vRhyme_bin_12__LABRr1A1B1C_000000038288_23	vRhyme_bin_12__LABRr1A1B1C_000000038288	LABRr1A1B1C_vRhyme_bin_12	0.9952745	high	1.0	very high	unclassified		0.0	low	0.0	low
vRhyme_bin_12__LABRr1A1B1C_000000038288_24	vRhyme_bin_12__LABRr1A1B1C_000000038288	LABRr1A1B1C_vRhyme_bin_12	0.9952745	high	1.0	very high	unclassified		0.0	low	0.0	low
vRhyme_bin_12__LABRr1A1B1C_000000038288_25	vRhyme_bin_12__LABRr1A1B1C_000000038288	LABRr1A1B1C_vRhyme_bin_12	0.99389356	high	1.0	very high	unclassified		0.7091	high	0.7091	high
vRhyme_bin_12__LABRr1A1B1C_000000038288_26	vRhyme_bin_12__LABRr1A1B1C_000000038288	LABRr1A1B1C_vRhyme_bin_12	0.99389356	high	1.0	very high	unclassified		0.0	low	0.0	low
vRhyme_bin_12__LABRr1A1B1C_000000038288_27	vRhyme_bin_12__LABRr1A1B1C_000000038288	LABRr1A1B1C_vRhyme_bin_12	0.99389356	high	1.0	very high	unclassified		0.0	low	0.0	low
vRhyme_bin_12__LABRr1A1B1C_000000038288_28	vRhyme_bin_12__LABRr1A1B1C_000000038288	LABRr1A1B1C_vRhyme_bin_12	0.99639684	high	1.0	very high	unclassified		0.0	low	0.0	low
vRhyme_bin_12__LABRr1A1B1C_000000038288_29	vRhyme_bin_12__LABRr1A1B1C_000000038288	LABRr1A1B1C_vRhyme_bin_12	0.99672276	high	1.0	very high	unclassified		0.0	low	0.0	low
vRhyme_bin_12__LABRr1A1B1C_000000038288_30	vRhyme_bin_12__LABRr1A1B1C_000000038288	LABRr1A1B1C_vRhyme_bin_12	0.9969963	high	1.0	very high	unclassified		0.0	low	0.0	low
vRhyme_bin_12__LABRr1A1B1C_000000038288_31	vRhyme_bin_12__LABRr1A1B1C_000000038288	LABRr1A1B1C_vRhyme_bin_12	0.99690956	high	1.0	very high	unclassified		0.0	low	0.0	low
vRhyme_bin_12__LABRr1A1B1C_000000105372_1	vRhyme_bin_12__LABRr1A1B1C_000000105372	LABRr1A1B1C_vRhyme_bin_12	0.6319478	medium	1.0	very high	unclassified		0.0	low	0.0	low
vRhyme_bin_12__LABRr1A1B1C_000000105372_2	vRhyme_bin_12__LABRr1A1B1C_000000105372	LABRr1A1B1C_vRhyme_bin_12	0.60084474	medium	1.0	very high	unclassified		0.0	low	0.0	low
vRhyme_bin_12__LABRr1A1B1C_000000105372_3	vRhyme_bin_12__LABRr1A1B1C_000000105372	LABRr1A1B1C_vRhyme_bin_12	0.67991304	medium	1.0	very high	unclassified	DNA repair protein	0.0	low	0.0	low
vRhyme_bin_12__LABRr1A1B1C_000000105372_4	vRhyme_bin_12__LABRr1A1B1C_000000105372	LABRr1A1B1C_vRhyme_bin_12	0.6029457	medium	1.0	very high	unclassified		0.0	low	0.0	low
vRhyme_bin_12__LABRr1A1B1C_000000105372_5	vRhyme_bin_12__LABRr1A1B1C_000000105372	LABRr1A1B1C_vRhyme_bin_12	0.6467405	medium	1.0	very high	unclassified		0.0	low	0.0	low
vRhyme_bin_12__LABRr1A1B1C_000000105372_6	vRhyme_bin_12__LABRr1A1B1C_000000105372	LABRr1A1B1C_vRhyme_bin_12	0.65558845	medium	1.0	very high	unclassified		0.7075	high	0.7075	high
vRhyme_bin_12__LABRr1A1B1C_000000105372_7	vRhyme_bin_12__LABRr1A1B1C_000000105372	LABRr1A1B1C_vRhyme_bin_12	0.6850364	medium	1.0	very high	unclassified		0.0	low	0.0	low
vRhyme_bin_12__LABRr1A1B1C_000000105372_8	vRhyme_bin_12__LABRr1A1B1C_000000105372	LABRr1A1B1C_vRhyme_bin_12	0.6850364	medium	1.0	very high	unclassified		0.0	low	0.0	low
vRhyme_bin_12__LABRr1A1B1C_000000105372_9	vRhyme_bin_12__LABRr1A1B1C_000000105372	LABRr1A1B1C_vRhyme_bin_12	0.6948823	medium	1.0	very high	unclassified		0.0	low	0.0	low
vRhyme_bin_12__LABRr1A1B1C_000000105372_10	vRhyme_bin_12__LABRr1A1B1C_000000105372	LABRr1A1B1C_vRhyme_bin_12	0.7473684	medium	1.0	very high	unclassified		0.0	low	0.0	low
vRhyme_bin_12__LABRr1A1B1C_000000105372_11	vRhyme_bin_12__LABRr1A1B1C_000000105372	LABRr1A1B1C_vRhyme_bin_12	0.69613427	medium	1.0	very high	unclassified		0.0	low	0.0	low
vRhyme_bin_12__LABRr1A1B1C_000000105372_12	vRhyme_bin_12__LABRr1A1B1C_000000105372	LABRr1A1B1C_vRhyme_bin_12	0.7543597	medium	1.0	very high	unclassified		0.0	low	0.0	low
vRhyme_bin_12__LABRr1A1B1C_000000105372_13	vRhyme_bin_12__LABRr1A1B1C_000000105372	LABRr1A1B1C_vRhyme_bin_12	0.7709924	medium	1.0	very high	unclassified		0.0	low	0.0	low
vRhyme_bin_12__LABRr1A1B1C_000000105372_14	vRhyme_bin_12__LABRr1A1B1C_000000105372	LABRr1A1B1C_vRhyme_bin_12	0.7709924	medium	1.0	very high	unclassified		0.0	low	0.0	low
vRhyme_bin_12__LABRr1A1B1C_000000105372_15	vRhyme_bin_12__LABRr1A1B1C_000000105372	LABRr1A1B1C_vRhyme_bin_12	0.7757009	medium	1.0	very high	unclassified		0.0	low	0.0	low
vRhyme_bin_12__LABRr1A1B1C_000000124220_1	vRhyme_bin_12__LABRr1A1B1C_000000124220	LABRr1A1B1C_vRhyme_bin_12	0.0796186	low	0.8944	high	unclassified		0.0504	low	0.045	low
vRhyme_bin_12__LABRr1A1B1C_000000124220_2	vRhyme_bin_12__LABRr1A1B1C_000000124220	LABRr1A1B1C_vRhyme_bin_12	0.23059209	low	0.8192	high	unclassified		0.0	low	0.0	low
vRhyme_bin_12__LABRr1A1B1C_000000124220_3	vRhyme_bin_12__LABRr1A1B1C_000000124220	LABRr1A1B1C_vRhyme_bin_12	0.37080094	low	0.9029	high	unclassified	integrase	0.0	low	0.0	low
vRhyme_bin_12__LABRr1A1B1C_000000124220_4	vRhyme_bin_12__LABRr1A1B1C_000000124220	LABRr1A1B1C_vRhyme_bin_12	0.41591197	low	1.0	very high	unclassified		0.0	low	0.0	low
vRhyme_bin_12__LABRr1A1B1C_000000124220_5	vRhyme_bin_12__LABRr1A1B1C_000000124220	LABRr1A1B1C_vRhyme_bin_12	0.5401899	low	0.908	high	unclassified		0.0421	low	0.0382	low
vRhyme_bin_12__LABRr1A1B1C_000000124220_6	vRhyme_bin_12__LABRr1A1B1C_000000124220	LABRr1A1B1C_vRhyme_bin_12	0.5494837	low	0.9262	high	unclassified		0.0	low	0.0	low
vRhyme_bin_12__LABRr1A1B1C_000000124220_7	vRhyme_bin_12__LABRr1A1B1C_000000124220	LABRr1A1B1C_vRhyme_bin_12	0.8728461	medium	1.0	very high	unclassified	xtmB; phage terminase large subunit	0.0	low	0.0	low
vRhyme_bin_12__LABRr1A1B1C_000000124220_8	vRhyme_bin_12__LABRr1A1B1C_000000124220	LABRr1A1B1C_vRhyme_bin_12	0.7221522	medium	0.9537	high	unclassified		0.0	low	0.0	low
vRhyme_bin_12__LABRr1A1B1C_000000124220_9	vRhyme_bin_12__LABRr1A1B1C_000000124220	LABRr1A1B1C_vRhyme_bin_12	0.8574971	medium	1.0	very high	unclassified	xtmB; phage terminase large subunit	0.0	low	0.0	low
vRhyme_bin_12__LABRr1A1B1C_000000124220_10	vRhyme_bin_12__LABRr1A1B1C_000000124220	LABRr1A1B1C_vRhyme_bin_12	0.89168996	medium	1.0	very high	unclassified	xtmB; phage terminase large subunit	0.0	low	0.0	low
vRhyme_bin_12__LABRr1A1B1C_000000124220_11	vRhyme_bin_12__LABRr1A1B1C_000000124220	LABRr1A1B1C_vRhyme_bin_12	0.71954507	medium	1.0	very high	unclassified		0.0	low	0.0	low
vRhyme_bin_12__LABRr1A1B1C_000000124220_12	vRhyme_bin_12__LABRr1A1B1C_000000124220	LABRr1A1B1C_vRhyme_bin_12	0.83667326	medium	1.0	very high	unclassified		0.0	low	0.0	low
vRhyme_bin_12__LABRr1A1B1C_000000124220_13	vRhyme_bin_12__LABRr1A1B1C_000000124220	LABRr1A1B1C_vRhyme_bin_12	0.8490568	medium	1.0	very high	unclassified	DNA methyltransferase	0.0	low	0.0	low
vRhyme_bin_12__LABRr1A1B1C_000000124220_14	vRhyme_bin_12__LABRr1A1B1C_000000124220	LABRr1A1B1C_vRhyme_bin_12	0.7350657	medium	1.0	very high	physiological	higB-1; toxin HigB-1	0.6372	high	0.6372	high
vRhyme_bin_12__LABRr1A1B1C_000000124220_15	vRhyme_bin_12__LABRr1A1B1C_000000124220	LABRr1A1B1C_vRhyme_bin_12	0.6918231	medium	1.0	very high	regulatory	higA; HTH-type transcriptional regulator / antitoxin HigA	0.9506	very high	0.9506	very high
vRhyme_bin_12__LABRr1A1B1C_000000124220_16	vRhyme_bin_12__LABRr1A1B1C_000000124220	LABRr1A1B1C_vRhyme_bin_12	0.678099	medium	1.0	very high	unclassified		0.0	low	0.0	low
vRhyme_bin_12__LABRr1A1B1C_000000124220_17	vRhyme_bin_12__LABRr1A1B1C_000000124220	LABRr1A1B1C_vRhyme_bin_12	0.60108095	medium	1.0	very high	unclassified		0.0	low	0.0	low
vRhyme_bin_12__LABRr1A1B1C_000000124220_18	vRhyme_bin_12__LABRr1A1B1C_000000124220	LABRr1A1B1C_vRhyme_bin_12	0.639921	medium	1.0	very high	unclassified		0.0	low	0.0	low
vRhyme_bin_12__LABRr1A1B1C_000000124220_19	vRhyme_bin_12__LABRr1A1B1C_000000124220	LABRr1A1B1C_vRhyme_bin_12	0.6674509	medium	1.0	very high	unclassified		0.0	low	0.0	low
vRhyme_bin_12__LABRr1A1B1C_000000124220_20	vRhyme_bin_12__LABRr1A1B1C_000000124220	LABRr1A1B1C_vRhyme_bin_12	0.5470275	low	1.0	very high	unclassified		0.0	low	0.0	low
vRhyme_bin_12__LABRr1A1B1C_000000124220_21	vRhyme_bin_12__LABRr1A1B1C_000000124220	LABRr1A1B1C_vRhyme_bin_12	0.5861271	medium	1.0	very high	unclassified	Protein of unknown function (DUF3987)	0.0471	low	0.0471	low
vRhyme_bin_12__LABRr1A1B1C_000000124220_22	vRhyme_bin_12__LABRr1A1B1C_000000124220	LABRr1A1B1C_vRhyme_bin_12	0.401378	low	0.948	high	unclassified		0.0	low	0.0	low
vRhyme_bin_12__LABRr1A1B1C_000000124220_23	vRhyme_bin_12__LABRr1A1B1C_000000124220	LABRr1A1B1C_vRhyme_bin_12	0.9618351	high	1.0	very high	unclassified	integrase	0.0	low	0.0	low
vRhyme_bin_12__LABRr1A1B1C_000000124220_24	vRhyme_bin_12__LABRr1A1B1C_000000124220	LABRr1A1B1C_vRhyme_bin_12	0.91041684	medium	1.0	very high	unclassified		0.0	low	0.0	low
vRhyme_bin_12__LABRr1A1B1C_000000124220_25	vRhyme_bin_12__LABRr1A1B1C_000000124220	LABRr1A1B1C_vRhyme_bin_12	0.92184746	high	0.943	high	unclassified		0.0	low	0.0	low
vRhyme_bin_12__LABRr1A1B1C_000000124220_26	vRhyme_bin_12__LABRr1A1B1C_000000124220	LABRr1A1B1C_vRhyme_bin_12	0.6552594	medium	0.0	low	unclassified	tlyA; 23S rRNA (cytidine1920-2'-O)/16S rRNA (cytidine1409-2'-O)-methyltransferase [EC:2.1.1.226 2.1.1.227]	0.0	low	0.0	low
vRhyme_bin_12__LABRr1A1B1C_000000124220_27	vRhyme_bin_12__LABRr1A1B1C_000000124220	LABRr1A1B1C_vRhyme_bin_12	0.6436108	medium	0.0	low	unclassified	GAE, cap1J; UDP-glucuronate 4-epimerase [EC:5.1.3.6]	0.0	low	0.0	low
vRhyme_bin_12__LABRr1A1B1C_000000137286_1	vRhyme_bin_12__LABRr1A1B1C_000000137286	LABRr1A1B1C_vRhyme_bin_12	0.97583354	high	1.0	very high	unclassified		0.0	low	0.0	low
vRhyme_bin_12__LABRr1A1B1C_000000137286_2	vRhyme_bin_12__LABRr1A1B1C_000000137286	LABRr1A1B1C_vRhyme_bin_12	0.93797976	high	1.0	very high	unclassified	tail length tape measure protein	0.0	low	0.0	low
vRhyme_bin_12__LABRr1A1B1C_000000137286_3	vRhyme_bin_12__LABRr1A1B1C_000000137286	LABRr1A1B1C_vRhyme_bin_12	0.986428	high	1.0	very high	unclassified		0.0	low	0.0	low
vRhyme_bin_12__LABRr1A1B1C_000000137286_4	vRhyme_bin_12__LABRr1A1B1C_000000137286	LABRr1A1B1C_vRhyme_bin_12	0.9880355	high	1.0	very high	unclassified		0.0	low	0.0	low
vRhyme_bin_12__LABRr1A1B1C_000000137286_5	vRhyme_bin_12__LABRr1A1B1C_000000137286	LABRr1A1B1C_vRhyme_bin_12	0.98861134	high	1.0	very high	unclassified		0.0	low	0.0	low
vRhyme_bin_12__LABRr1A1B1C_000000137286_6	vRhyme_bin_12__LABRr1A1B1C_000000137286	LABRr1A1B1C_vRhyme_bin_12	0.99846286	high	1.0	very high	unclassified	minor tail protein	0.0	low	0.0	low
vRhyme_bin_12__LABRr1A1B1C_000000137286_7	vRhyme_bin_12__LABRr1A1B1C_000000137286	LABRr1A1B1C_vRhyme_bin_12	0.9929786	high	1.0	very high	unclassified		0.0	low	0.0	low
vRhyme_bin_12__LABRr1A1B1C_000000137286_8	vRhyme_bin_12__LABRr1A1B1C_000000137286	LABRr1A1B1C_vRhyme_bin_12	0.99530154	high	1.0	very high	unclassified		0.0	low	0.0	low
vRhyme_bin_12__LABRr1A1B1C_000000137286_9	vRhyme_bin_12__LABRr1A1B1C_000000137286	LABRr1A1B1C_vRhyme_bin_12	0.9943486	high	1.0	very high	unclassified		0.0	low	0.0	low
vRhyme_bin_12__LABRr1A1B1C_000000137286_10	vRhyme_bin_12__LABRr1A1B1C_000000137286	LABRr1A1B1C_vRhyme_bin_12	0.9557073	high	1.0	very high	unclassified		0.0	low	0.0	low
vRhyme_bin_12__LABRr1A1B1C_000000142893_1	vRhyme_bin_12__LABRr1A1B1C_000000142893	LABRr1A1B1C_vRhyme_bin_12	0.9937857	high	1.0	very high	unclassified		0.0	low	0.0	low
vRhyme_bin_12__LABRr1A1B1C_000000142893_2	vRhyme_bin_12__LABRr1A1B1C_000000142893	LABRr1A1B1C_vRhyme_bin_12	0.99417865	high	1.0	very high	unclassified		0.0	low	0.0	low
vRhyme_bin_12__LABRr1A1B1C_000000142893_3	vRhyme_bin_12__LABRr1A1B1C_000000142893	LABRr1A1B1C_vRhyme_bin_12	0.99473804	high	1.0	very high	unclassified		0.0	low	0.0	low
vRhyme_bin_12__LABRr1A1B1C_000000142893_4	vRhyme_bin_12__LABRr1A1B1C_000000142893	LABRr1A1B1C_vRhyme_bin_12	0.9960653	high	1.0	very high	unclassified	terminase large subunit	0.0	low	0.0	low
vRhyme_bin_12__LABRr1A1B1C_000000142893_5	vRhyme_bin_12__LABRr1A1B1C_000000142893	LABRr1A1B1C_vRhyme_bin_12	0.9982434	high	1.0	very high	unclassified		0.0	low	0.0	low
vRhyme_bin_12__LABRr1A1B1C_000000142893_6	vRhyme_bin_12__LABRr1A1B1C_000000142893	LABRr1A1B1C_vRhyme_bin_12	0.99806744	high	1.0	very high	unclassified		0.0	low	0.0	low
vRhyme_bin_12__LABRr1A1B1C_000000142893_7	vRhyme_bin_12__LABRr1A1B1C_000000142893	LABRr1A1B1C_vRhyme_bin_12	0.9989615	high	1.0	very high	unclassified	portal protein	0.0	low	0.0	low
vRhyme_bin_12__LABRr1A1B1C_000000142893_8	vRhyme_bin_12__LABRr1A1B1C_000000142893	LABRr1A1B1C_vRhyme_bin_12	0.9877571	high	1.0	very high	unclassified	GP4; Escherichia/Staphylococcus phage prohead protease	0.0	low	0.0	low
vRhyme_bin_12__LABRr1A1B1C_000000142893_9	vRhyme_bin_12__LABRr1A1B1C_000000142893	LABRr1A1B1C_vRhyme_bin_12	0.9972263	high	1.0	very high	unclassified	major head protein	0.0	low	0.0	low
vRhyme_bin_12__LABRr1A1B1C_000000142893_10	vRhyme_bin_12__LABRr1A1B1C_000000142893	LABRr1A1B1C_vRhyme_bin_12	0.99620223	high	1.0	very high	unclassified	major head protein	0.0	low	0.0	low
vRhyme_bin_12__LABRr1A1B1C_000000142893_11	vRhyme_bin_12__LABRr1A1B1C_000000142893	LABRr1A1B1C_vRhyme_bin_12	0.99462706	high	1.0	very high	unclassified		0.0	low	0.0	low
vRhyme_bin_12__LABRr1A1B1C_000000142893_12	vRhyme_bin_12__LABRr1A1B1C_000000142893	LABRr1A1B1C_vRhyme_bin_12	0.9918747	high	1.0	very high	unclassified		0.0	low	0.0	low
vRhyme_bin_12__LABRr1A1B1C_000000142893_13	vRhyme_bin_12__LABRr1A1B1C_000000142893	LABRr1A1B1C_vRhyme_bin_12	0.9669233	high	1.0	very high	unclassified		0.0	low	0.0	low
vRhyme_bin_12__LABRr1A1B1C_000000142893_14	vRhyme_bin_12__LABRr1A1B1C_000000142893	LABRr1A1B1C_vRhyme_bin_12	0.9872723	high	1.0	very high	unclassified		0.0	low	0.0	low
vRhyme_bin_12__LABRr1A1B1C_000000142893_15	vRhyme_bin_12__LABRr1A1B1C_000000142893	LABRr1A1B1C_vRhyme_bin_12	0.9889487	high	1.0	very high	unclassified		0.0	low	0.0	low
vRhyme_bin_12__LABRr1A1B1C_000000142893_16	vRhyme_bin_12__LABRr1A1B1C_000000142893	LABRr1A1B1C_vRhyme_bin_12	0.98975533	high	1.0	very high	unclassified		0.0	low	0.0	low
vRhyme_bin_12__LABRr1A1B1C_000000142893_17	vRhyme_bin_12__LABRr1A1B1C_000000142893	LABRr1A1B1C_vRhyme_bin_12	0.9902231	high	1.0	very high	unclassified		0.0	low	0.0	low
vRhyme_bin_12__LABRr1A1B1C_000000142893_18	vRhyme_bin_12__LABRr1A1B1C_000000142893	LABRr1A1B1C_vRhyme_bin_12	0.9916032	high	1.0	very high	unclassified		0.0	low	0.0	low
vRhyme_bin_11__MGr3G3H3I_000000044066_1	vRhyme_bin_11__MGr3G3H3I_000000044066	MGr3G3H3I_vRhyme_bin_11	0.11550996	low	0.9521	high	metabolic	ABC.CD.P; putative ABC transport system permease protein	0.7998	high	0.7616	high
vRhyme_bin_11__MGr3G3H3I_000000044066_2	vRhyme_bin_11__MGr3G3H3I_000000044066	MGr3G3H3I_vRhyme_bin_11	0.6306112	medium	1.0	very high	unclassified		0.0	low	0.0	low
vRhyme_bin_11__MGr3G3H3I_000000044066_3	vRhyme_bin_11__MGr3G3H3I_000000044066	MGr3G3H3I_vRhyme_bin_11	0.5797427	medium	0.9526	high	unclassified		0.0	low	0.0	low
vRhyme_bin_11__MGr3G3H3I_000000044066_4	vRhyme_bin_11__MGr3G3H3I_000000044066	MGr3G3H3I_vRhyme_bin_11	0.55470884	low	1.0	very high	unclassified	""	0.0	low	0.0	low
vRhyme_bin_11__MGr3G3H3I_000000044066_5	vRhyme_bin_11__MGr3G3H3I_000000044066	MGr3G3H3I_vRhyme_bin_11	0.5187497	low	1.0	very high	unclassified		0.0	low	0.0	low
vRhyme_bin_11__MGr3G3H3I_000000044066_6	vRhyme_bin_11__MGr3G3H3I_000000044066	MGr3G3H3I_vRhyme_bin_11	0.5099088	low	1.0	very high	unclassified	""	0.0	low	0.0	low
vRhyme_bin_11__MGr3G3H3I_000000044066_7	vRhyme_bin_11__MGr3G3H3I_000000044066	MGr3G3H3I_vRhyme_bin_11	0.29403007	low	1.0	very high	unclassified		0.0	low	0.0	low
vRhyme_bin_11__MGr3G3H3I_000000044066_8	vRhyme_bin_11__MGr3G3H3I_000000044066	MGr3G3H3I_vRhyme_bin_11	0.48901466	low	1.0	very high	unclassified		0.0	low	0.0	low
vRhyme_bin_11__MGr3G3H3I_000000044066_9	vRhyme_bin_11__MGr3G3H3I_000000044066	MGr3G3H3I_vRhyme_bin_11	0.48732492	low	1.0	very high	unclassified	head-tail adaptor	0.0	low	0.0	low
vRhyme_bin_11__MGr3G3H3I_000000044066_10	vRhyme_bin_11__MGr3G3H3I_000000044066	MGr3G3H3I_vRhyme_bin_11	0.46111104	low	1.0	very high	unclassified		0.0	low	0.0	low
vRhyme_bin_11__MGr3G3H3I_000000044066_11	vRhyme_bin_11__MGr3G3H3I_000000044066	MGr3G3H3I_vRhyme_bin_11	0.52022666	low	1.0	very high	unclassified		0.0	low	0.0	low
vRhyme_bin_11__MGr3G3H3I_000000044066_12	vRhyme_bin_11__MGr3G3H3I_000000044066	MGr3G3H3I_vRhyme_bin_11	0.51916176	low	1.0	very high	unclassified	""	0.0	low	0.0	low
vRhyme_bin_11__MGr3G3H3I_000000044066_13	vRhyme_bin_11__MGr3G3H3I_000000044066	MGr3G3H3I_vRhyme_bin_11	0.6750967	medium	1.0	very high	unclassified		0.0	low	0.0	low
vRhyme_bin_11__MGr3G3H3I_000000044066_14	vRhyme_bin_11__MGr3G3H3I_000000044066	MGr3G3H3I_vRhyme_bin_11	0.30793732	low	1.0	very high	unclassified		0.0	low	0.0	low
vRhyme_bin_11__MGr3G3H3I_000000044066_15	vRhyme_bin_11__MGr3G3H3I_000000044066	MGr3G3H3I_vRhyme_bin_11	0.27141944	low	1.0	very high	unclassified		0.0	low	0.0	low
vRhyme_bin_11__MGr3G3H3I_000000044066_16	vRhyme_bin_11__MGr3G3H3I_000000044066	MGr3G3H3I_vRhyme_bin_11	0.5796269	medium	1.0	very high	unclassified		0.0	low	0.0	low
vRhyme_bin_11__MGr3G3H3I_000000044066_17	vRhyme_bin_11__MGr3G3H3I_000000044066	MGr3G3H3I_vRhyme_bin_11	0.5983333	medium	1.0	very high	unclassified		0.0	low	0.0	low
vRhyme_bin_11__MGr3G3H3I_000000044066_18	vRhyme_bin_11__MGr3G3H3I_000000044066	MGr3G3H3I_vRhyme_bin_11	0.6615639	medium	1.0	very high	unclassified		0.0	low	0.0	low
vRhyme_bin_11__MGr3G3H3I_000000155796_1	vRhyme_bin_11__MGr3G3H3I_000000155796	MGr3G3H3I_vRhyme_bin_11	0.959141	high	1.0	very high	unclassified		0.0	low	0.0	low
vRhyme_bin_11__MGr3G3H3I_000000155796_2	vRhyme_bin_11__MGr3G3H3I_000000155796	MGr3G3H3I_vRhyme_bin_11	0.954346	high	0.9477	high	unclassified		0.0	low	0.0	low
vRhyme_bin_11__MGr3G3H3I_000000155796_3	vRhyme_bin_11__MGr3G3H3I_000000155796	MGr3G3H3I_vRhyme_bin_11	0.945553	high	1.0	very high	unclassified		0.0	low	0.0	low
vRhyme_bin_11__MGr3G3H3I_000000155796_4	vRhyme_bin_11__MGr3G3H3I_000000155796	MGr3G3H3I_vRhyme_bin_11	0.94735646	high	1.0	very high	unclassified		0.0	low	0.0	low
vRhyme_bin_11__MGr3G3H3I_000000155796_5	vRhyme_bin_11__MGr3G3H3I_000000155796	MGr3G3H3I_vRhyme_bin_11	0.94414073	high	1.0	very high	unclassified		0.0	low	0.0	low
vRhyme_bin_11__MGr3G3H3I_000000155796_6	vRhyme_bin_11__MGr3G3H3I_000000155796	MGr3G3H3I_vRhyme_bin_11	0.988479	high	1.0	very high	unclassified		0.0	low	0.0	low
vRhyme_bin_11__MGr3G3H3I_000000155796_7	vRhyme_bin_11__MGr3G3H3I_000000155796	MGr3G3H3I_vRhyme_bin_11	0.98539954	high	1.0	very high	unclassified	Lysozyme g	0.0	low	0.0	low
vRhyme_bin_11__MGr3G3H3I_000000155796_8	vRhyme_bin_11__MGr3G3H3I_000000155796	MGr3G3H3I_vRhyme_bin_11	0.9958111	high	1.0	very high	unclassified		0.0	low	0.0	low
vRhyme_bin_11__MGr3G3H3I_000000155796_9	vRhyme_bin_11__MGr3G3H3I_000000155796	MGr3G3H3I_vRhyme_bin_11	0.9969849	high	1.0	very high	unclassified		0.0	low	0.0	low
vRhyme_bin_11__MGr3G3H3I_000000155796_10	vRhyme_bin_11__MGr3G3H3I_000000155796	MGr3G3H3I_vRhyme_bin_11	0.99318814	high	1.0	very high	unclassified		0.0	low	0.0	low
vRhyme_bin_11__MGr3G3H3I_000000155796_11	vRhyme_bin_11__MGr3G3H3I_000000155796	MGr3G3H3I_vRhyme_bin_11	0.9950987	high	1.0	very high	unclassified		0.0	low	0.0	low
vRhyme_bin_11__MGr3G3H3I_000000155796_12	vRhyme_bin_11__MGr3G3H3I_000000155796	MGr3G3H3I_vRhyme_bin_11	0.99165	high	1.0	very high	unclassified		0.0	low	0.0	low
vRhyme_bin_11__MGr3G3H3I_000000155796_13	vRhyme_bin_11__MGr3G3H3I_000000155796	MGr3G3H3I_vRhyme_bin_11	0.98986644	high	0.9502	high	unclassified		0.0	low	0.0	low
vRhyme_bin_11__MGr3G3H3I_000000155796_14	vRhyme_bin_11__MGr3G3H3I_000000155796	MGr3G3H3I_vRhyme_bin_11	0.99551463	high	1.0	very high	unclassified		0.0	low	0.0	low
vRhyme_bin_11__MGr3G3H3I_000000155796_15	vRhyme_bin_11__MGr3G3H3I_000000155796	MGr3G3H3I_vRhyme_bin_11	0.9969867	high	1.0	very high	unclassified		0.0	low	0.0	low
vRhyme_bin_11__MGr3G3H3I_000000155796_16	vRhyme_bin_11__MGr3G3H3I_000000155796	MGr3G3H3I_vRhyme_bin_11	0.9971646	high	1.0	very high	unclassified		0.0	low	0.0	low
vRhyme_bin_11__MGr3G3H3I_000000155796_17	vRhyme_bin_11__MGr3G3H3I_000000155796	MGr3G3H3I_vRhyme_bin_11	0.9980661	high	1.0	very high	unclassified		0.0	low	0.0	low
vRhyme_bin_11__MGr3G3H3I_000000155796_18	vRhyme_bin_11__MGr3G3H3I_000000155796	MGr3G3H3I_vRhyme_bin_11	0.9987078	high	1.0	very high	unclassified		0.0	low	0.0	low
vRhyme_bin_11__MGr3G3H3I_000000155796_19	vRhyme_bin_11__MGr3G3H3I_000000155796	MGr3G3H3I_vRhyme_bin_11	0.9995631	high	1.0	very high	unclassified	""	0.0	low	0.0	low
vRhyme_bin_11__MGr3G3H3I_000000155796_20	vRhyme_bin_11__MGr3G3H3I_000000155796	MGr3G3H3I_vRhyme_bin_11	0.99951386	high	1.0	very high	unclassified		0.0	low	0.0	low
vRhyme_bin_11__MGr3G3H3I_000000155796_21	vRhyme_bin_11__MGr3G3H3I_000000155796	MGr3G3H3I_vRhyme_bin_11	0.99944633	high	1.0	very high	unclassified		0.0	low	0.0	low
vRhyme_bin_11__MGr3G3H3I_000000155796_22	vRhyme_bin_11__MGr3G3H3I_000000155796	MGr3G3H3I_vRhyme_bin_11	0.99938035	high	1.0	very high	unclassified		0.0	low	0.0	low
vRhyme_bin_11__MGr3G3H3I_000000155796_23	vRhyme_bin_11__MGr3G3H3I_000000155796	MGr3G3H3I_vRhyme_bin_11	0.99948394	high	1.0	very high	unclassified		0.0	low	0.0	low
vRhyme_bin_11__MGr3G3H3I_000000155796_24	vRhyme_bin_11__MGr3G3H3I_000000155796	MGr3G3H3I_vRhyme_bin_11	0.999487	high	1.0	very high	unclassified		0.0	low	0.0	low
vRhyme_bin_11__MGr3G3H3I_000000155796_25	vRhyme_bin_11__MGr3G3H3I_000000155796	MGr3G3H3I_vRhyme_bin_11	0.9995532	high	0.9516	high	unclassified	head-tail adaptor	0.0	low	0.0	low
vRhyme_bin_11__MGr3G3H3I_000000155796_26	vRhyme_bin_11__MGr3G3H3I_000000155796	MGr3G3H3I_vRhyme_bin_11	0.999582	high	1.0	very high	unclassified		0.0	low	0.0	low
vRhyme_bin_11__MGr3G3H3I_000000155796_27	vRhyme_bin_11__MGr3G3H3I_000000155796	MGr3G3H3I_vRhyme_bin_11	0.99958277	high	1.0	very high	unclassified	""	0.0	low	0.0	low
vRhyme_bin_11__MGr3G3H3I_000000155796_28	vRhyme_bin_11__MGr3G3H3I_000000155796	MGr3G3H3I_vRhyme_bin_11	0.9998493	high	1.0	very high	unclassified	major head protein	0.0	low	0.0	low
vRhyme_bin_11__MGr3G3H3I_000000155796_29	vRhyme_bin_11__MGr3G3H3I_000000155796	MGr3G3H3I_vRhyme_bin_11	0.9989878	high	1.0	very high	unclassified		0.0	low	0.0	low
vRhyme_bin_11__MGr3G3H3I_000000155796_30	vRhyme_bin_11__MGr3G3H3I_000000155796	MGr3G3H3I_vRhyme_bin_11	0.9994518	high	1.0	very high	unclassified		0.0	low	0.0	low
vRhyme_bin_11__MGr3G3H3I_000000155796_31	vRhyme_bin_11__MGr3G3H3I_000000155796	MGr3G3H3I_vRhyme_bin_11	0.9991646	high	1.0	very high	unclassified	portal protein	0.0	low	0.0	low
vRhyme_bin_11__MGr3G3H3I_000000155796_32	vRhyme_bin_11__MGr3G3H3I_000000155796	MGr3G3H3I_vRhyme_bin_11	0.99502075	high	1.0	very high	unclassified		0.0	low	0.0	low
vRhyme_bin_11__MGr3G3H3I_000000155796_33	vRhyme_bin_11__MGr3G3H3I_000000155796	MGr3G3H3I_vRhyme_bin_11	0.99280936	high	0.9132	high	unclassified	Lon-like protease BrxL-like, ATPase domain	0.0	low	0.0	low
vRhyme_bin_11__MGr3G3H3I_000000155796_34	vRhyme_bin_11__MGr3G3H3I_000000155796	MGr3G3H3I_vRhyme_bin_11	0.99575454	high	1.0	very high	unclassified		0.0	low	0.0	low
vRhyme_bin_11__MGr3G3H3I_000000213947_1	vRhyme_bin_11__MGr3G3H3I_000000213947	MGr3G3H3I_vRhyme_bin_11	0.99261034	high	1.0	very high	unclassified	tail assembly protein	0.0	low	0.0	low
vRhyme_bin_11__MGr3G3H3I_000000213947_2	vRhyme_bin_11__MGr3G3H3I_000000213947	MGr3G3H3I_vRhyme_bin_11	0.9972956	high	1.0	very high	unclassified		0.0	low	0.0	low
vRhyme_bin_11__MGr3G3H3I_000000213947_3	vRhyme_bin_11__MGr3G3H3I_000000213947	MGr3G3H3I_vRhyme_bin_11	0.9981194	high	1.0	very high	unclassified	tail fiber assembly	0.0	low	0.0	low
vRhyme_bin_11__MGr3G3H3I_000000213947_4	vRhyme_bin_11__MGr3G3H3I_000000213947	MGr3G3H3I_vRhyme_bin_11	0.99225646	high	1.0	very high	unclassified	tail protein	0.0	low	0.0	low
vRhyme_bin_11__MGr3G3H3I_000000213947_5	vRhyme_bin_11__MGr3G3H3I_000000213947	MGr3G3H3I_vRhyme_bin_11	0.9956555	high	1.0	very high	regulatory	'Cold-shock' DNA-binding domain	1.0	very high	1.0	very high
vRhyme_bin_11__MGr3G3H3I_000000213947_6	vRhyme_bin_11__MGr3G3H3I_000000213947	MGr3G3H3I_vRhyme_bin_11	0.98620045	high	1.0	very high	unclassified		0.0	low	0.0	low
vRhyme_bin_11__MGr3G3H3I_000000213947_7	vRhyme_bin_11__MGr3G3H3I_000000213947	MGr3G3H3I_vRhyme_bin_11	0.99211603	high	1.0	very high	unclassified	tail assembly protein	0.0	low	0.0	low
vRhyme_bin_11__MGr3G3H3I_000000213947_8	vRhyme_bin_11__MGr3G3H3I_000000213947	MGr3G3H3I_vRhyme_bin_11	0.9960135	high	1.0	very high	unclassified		0.0	low	0.0	low
vRhyme_bin_11__MGr3G3H3I_000000213947_9	vRhyme_bin_11__MGr3G3H3I_000000213947	MGr3G3H3I_vRhyme_bin_11	0.964931	high	1.0	very high	unclassified	glycoside hydrolase	0.0	low	0.0	low
vRhyme_bin_11__MGr3G3H3I_000000213947_10	vRhyme_bin_11__MGr3G3H3I_000000213947	MGr3G3H3I_vRhyme_bin_11	0.9884524	high	1.0	very high	unclassified	tail length tape measure protein	0.0	low	0.0	low
vRhyme_bin_11__MHr2D2E2F_000000040067_1	vRhyme_bin_11__MHr2D2E2F_000000040067	MHr2D2E2F_vRhyme_bin_11	0.6596701	medium	1.0	very high	unclassified		0.0	low	0.0	low
vRhyme_bin_11__MHr2D2E2F_000000040067_2	vRhyme_bin_11__MHr2D2E2F_000000040067	MHr2D2E2F_vRhyme_bin_11	0.6351078	medium	1.0	very high	unclassified		0.0	low	0.0	low
vRhyme_bin_11__MHr2D2E2F_000000040067_3	vRhyme_bin_11__MHr2D2E2F_000000040067	MHr2D2E2F_vRhyme_bin_11	0.6732296	medium	1.0	very high	unclassified		0.0	low	0.0	low
vRhyme_bin_11__MHr2D2E2F_000000040067_4	vRhyme_bin_11__MHr2D2E2F_000000040067	MHr2D2E2F_vRhyme_bin_11	0.7594296	medium	1.0	very high	unclassified		0.0	low	0.0	low
vRhyme_bin_11__MHr2D2E2F_000000040067_5	vRhyme_bin_11__MHr2D2E2F_000000040067	MHr2D2E2F_vRhyme_bin_11	0.79905355	medium	1.0	very high	unclassified		0.0	low	0.0	low
vRhyme_bin_11__MHr2D2E2F_000000040067_6	vRhyme_bin_11__MHr2D2E2F_000000040067	MHr2D2E2F_vRhyme_bin_11	0.79738474	medium	1.0	very high	unclassified		0.0	low	0.0	low
vRhyme_bin_11__MHr2D2E2F_000000040067_7	vRhyme_bin_11__MHr2D2E2F_000000040067	MHr2D2E2F_vRhyme_bin_11	0.81906074	medium	1.0	very high	unclassified		0.0	low	0.0	low
vRhyme_bin_11__MHr2D2E2F_000000040067_8	vRhyme_bin_11__MHr2D2E2F_000000040067	MHr2D2E2F_vRhyme_bin_11	0.8224529	medium	1.0	very high	unclassified		0.0	low	0.0	low
vRhyme_bin_11__MHr2D2E2F_000000040067_9	vRhyme_bin_11__MHr2D2E2F_000000040067	MHr2D2E2F_vRhyme_bin_11	0.833578	medium	1.0	very high	unclassified		0.0	low	0.0	low
vRhyme_bin_11__MHr2D2E2F_000000040067_10	vRhyme_bin_11__MHr2D2E2F_000000040067	MHr2D2E2F_vRhyme_bin_11	0.8329166	medium	1.0	very high	unclassified		0.0	low	0.0	low
vRhyme_bin_11__MHr2D2E2F_000000040067_11	vRhyme_bin_11__MHr2D2E2F_000000040067	MHr2D2E2F_vRhyme_bin_11	0.82383865	medium	1.0	very high	unclassified		0.0	low	0.0	low
vRhyme_bin_11__MHr2D2E2F_000000040067_12	vRhyme_bin_11__MHr2D2E2F_000000040067	MHr2D2E2F_vRhyme_bin_11	0.9371922	high	1.0	very high	unclassified		0.0	low	0.0	low
vRhyme_bin_11__MHr2D2E2F_000000040067_13	vRhyme_bin_11__MHr2D2E2F_000000040067	MHr2D2E2F_vRhyme_bin_11	0.9379456	high	1.0	very high	unclassified		0.0	low	0.0	low
vRhyme_bin_11__MHr2D2E2F_000000040067_14	vRhyme_bin_11__MHr2D2E2F_000000040067	MHr2D2E2F_vRhyme_bin_11	0.93823963	high	1.0	very high	unclassified		0.0	low	0.0	low
vRhyme_bin_11__MHr2D2E2F_000000040067_15	vRhyme_bin_11__MHr2D2E2F_000000040067	MHr2D2E2F_vRhyme_bin_11	0.823828	medium	1.0	very high	unclassified		0.0	low	0.0	low
vRhyme_bin_11__MHr2D2E2F_000000040067_16	vRhyme_bin_11__MHr2D2E2F_000000040067	MHr2D2E2F_vRhyme_bin_11	0.823828	medium	1.0	very high	unclassified		0.0	low	0.0	low
vRhyme_bin_11__MHr2D2E2F_000000040067_17	vRhyme_bin_11__MHr2D2E2F_000000040067	MHr2D2E2F_vRhyme_bin_11	0.8760165	medium	1.0	very high	unclassified		0.0	low	0.0	low
vRhyme_bin_11__MHr2D2E2F_000000040067_18	vRhyme_bin_11__MHr2D2E2F_000000040067	MHr2D2E2F_vRhyme_bin_11	0.87663454	medium	1.0	very high	unclassified		0.0	low	0.0	low
vRhyme_bin_11__MHr2D2E2F_000000040067_19	vRhyme_bin_11__MHr2D2E2F_000000040067	MHr2D2E2F_vRhyme_bin_11	0.8935674	medium	1.0	very high	unclassified		0.0	low	0.0	low
vRhyme_bin_11__MHr2D2E2F_000000040067_20	vRhyme_bin_11__MHr2D2E2F_000000040067	MHr2D2E2F_vRhyme_bin_11	0.8942532	medium	1.0	very high	unclassified		0.0	low	0.0	low
vRhyme_bin_11__MHr2D2E2F_000000040067_21	vRhyme_bin_11__MHr2D2E2F_000000040067	MHr2D2E2F_vRhyme_bin_11	0.8942532	medium	1.0	very high	unclassified		0.0	low	0.0	low
vRhyme_bin_11__MHr2D2E2F_000000040067_22	vRhyme_bin_11__MHr2D2E2F_000000040067	MHr2D2E2F_vRhyme_bin_11	0.89630234	medium	1.0	very high	unclassified		0.0	low	0.0	low
vRhyme_bin_11__MHr2D2E2F_000000040067_23	vRhyme_bin_11__MHr2D2E2F_000000040067	MHr2D2E2F_vRhyme_bin_11	0.89980525	medium	1.0	very high	unclassified		0.0	low	0.0	low
vRhyme_bin_11__MHr2D2E2F_000000040067_24	vRhyme_bin_11__MHr2D2E2F_000000040067	MHr2D2E2F_vRhyme_bin_11	0.89980525	medium	1.0	very high	unclassified		0.0	low	0.0	low
vRhyme_bin_11__MHr2D2E2F_000000040067_25	vRhyme_bin_11__MHr2D2E2F_000000040067	MHr2D2E2F_vRhyme_bin_11	0.89679444	medium	1.0	very high	unclassified		0.0	low	0.0	low
vRhyme_bin_11__MHr2D2E2F_000000040067_26	vRhyme_bin_11__MHr2D2E2F_000000040067	MHr2D2E2F_vRhyme_bin_11	0.89451426	medium	1.0	very high	unclassified		0.0	low	0.0	low
vRhyme_bin_11__MHr2D2E2F_000000040067_27	vRhyme_bin_11__MHr2D2E2F_000000040067	MHr2D2E2F_vRhyme_bin_11	0.88415575	medium	1.0	very high	unclassified		0.0	low	0.0	low
vRhyme_bin_11__MHr2D2E2F_000000040067_28	vRhyme_bin_11__MHr2D2E2F_000000040067	MHr2D2E2F_vRhyme_bin_11	0.88020825	medium	1.0	very high	unclassified		0.0	low	0.0	low
vRhyme_bin_11__MHr2D2E2F_000000040067_29	vRhyme_bin_11__MHr2D2E2F_000000040067	MHr2D2E2F_vRhyme_bin_11	0.8765506	medium	1.0	very high	unclassified		0.0	low	0.0	low
vRhyme_bin_11__MHr2D2E2F_000000040067_30	vRhyme_bin_11__MHr2D2E2F_000000040067	MHr2D2E2F_vRhyme_bin_11	0.88062644	medium	1.0	very high	unclassified		0.0	low	0.0	low
vRhyme_bin_11__MHr2D2E2F_000000040067_31	vRhyme_bin_11__MHr2D2E2F_000000040067	MHr2D2E2F_vRhyme_bin_11	0.55941606	low	1.0	very high	unclassified		0.0	low	0.0	low
vRhyme_bin_11__MHr2D2E2F_000000040067_32	vRhyme_bin_11__MHr2D2E2F_000000040067	MHr2D2E2F_vRhyme_bin_11	0.8850598	medium	1.0	very high	unclassified		0.0	low	0.0	low
vRhyme_bin_11__MHr2D2E2F_000000040067_33	vRhyme_bin_11__MHr2D2E2F_000000040067	MHr2D2E2F_vRhyme_bin_11	0.88733375	medium	1.0	very high	unclassified		0.0	low	0.0	low
vRhyme_bin_11__MHr2D2E2F_000000040067_34	vRhyme_bin_11__MHr2D2E2F_000000040067	MHr2D2E2F_vRhyme_bin_11	0.87698454	medium	0.9482	high	unclassified		0.0	low	0.0	low
vRhyme_bin_11__MHr2D2E2F_000000040067_35	vRhyme_bin_11__MHr2D2E2F_000000040067	MHr2D2E2F_vRhyme_bin_11	0.8997028	medium	1.0	very high	unclassified		0.0	low	0.0	low
vRhyme_bin_11__MHr2D2E2F_000000040067_36	vRhyme_bin_11__MHr2D2E2F_000000040067	MHr2D2E2F_vRhyme_bin_11	0.8997028	medium	1.0	very high	unclassified		0.0	low	0.0	low
vRhyme_bin_11__MHr2D2E2F_000000040067_37	vRhyme_bin_11__MHr2D2E2F_000000040067	MHr2D2E2F_vRhyme_bin_11	0.8997028	medium	1.0	very high	unclassified		0.0	low	0.0	low
vRhyme_bin_11__MHr2D2E2F_000000040067_38	vRhyme_bin_11__MHr2D2E2F_000000040067	MHr2D2E2F_vRhyme_bin_11	0.8997028	medium	0.9511	high	unclassified		0.0	low	0.0	low
vRhyme_bin_11__MHr2D2E2F_000000040067_39	vRhyme_bin_11__MHr2D2E2F_000000040067	MHr2D2E2F_vRhyme_bin_11	0.8997028	medium	1.0	very high	unclassified		0.0	low	0.0	low
vRhyme_bin_11__MHr2D2E2F_000000040067_40	vRhyme_bin_11__MHr2D2E2F_000000040067	MHr2D2E2F_vRhyme_bin_11	0.8685926	medium	1.0	very high	unclassified		0.0	low	0.0	low
vRhyme_bin_11__MHr2D2E2F_000000040067_41	vRhyme_bin_11__MHr2D2E2F_000000040067	MHr2D2E2F_vRhyme_bin_11	0.68598247	medium	1.0	very high	unclassified		0.0	low	0.0	low
vRhyme_bin_11__MHr2D2E2F_000000040067_42	vRhyme_bin_11__MHr2D2E2F_000000040067	MHr2D2E2F_vRhyme_bin_11	0.850409	medium	1.0	very high	unclassified		0.0	low	0.0	low
vRhyme_bin_11__MHr2D2E2F_000000040067_43	vRhyme_bin_11__MHr2D2E2F_000000040067	MHr2D2E2F_vRhyme_bin_11	0.84660894	medium	1.0	very high	unclassified		0.0	low	0.0	low
vRhyme_bin_11__MHr2D2E2F_000000040067_44	vRhyme_bin_11__MHr2D2E2F_000000040067	MHr2D2E2F_vRhyme_bin_11	0.87742835	medium	1.0	very high	unclassified		0.0	low	0.0	low
vRhyme_bin_11__MHr2D2E2F_000000040067_45	vRhyme_bin_11__MHr2D2E2F_000000040067	MHr2D2E2F_vRhyme_bin_11	0.8298566	medium	1.0	very high	unclassified		0.0	low	0.0	low
vRhyme_bin_11__MHr2D2E2F_000000040067_46	vRhyme_bin_11__MHr2D2E2F_000000040067	MHr2D2E2F_vRhyme_bin_11	0.7149903	medium	1.0	very high	unclassified		0.0	low	0.0	low
vRhyme_bin_11__MHr2D2E2F_000000040067_47	vRhyme_bin_11__MHr2D2E2F_000000040067	MHr2D2E2F_vRhyme_bin_11	0.74026966	medium	1.0	very high	unclassified		0.0	low	0.0	low
vRhyme_bin_11__MHr2D2E2F_000000040067_48	vRhyme_bin_11__MHr2D2E2F_000000040067	MHr2D2E2F_vRhyme_bin_11	0.74170333	medium	1.0	very high	unclassified		0.0	low	0.0	low
vRhyme_bin_11__MHr2D2E2F_000000040067_49	vRhyme_bin_11__MHr2D2E2F_000000040067	MHr2D2E2F_vRhyme_bin_11	0.6620414	medium	1.0	very high	unclassified		0.0	low	0.0	low
vRhyme_bin_11__MHr2D2E2F_000000040067_50	vRhyme_bin_11__MHr2D2E2F_000000040067	MHr2D2E2F_vRhyme_bin_11	0.6294923	medium	1.0	very high	unclassified		0.0	low	0.0	low
vRhyme_bin_11__MHr2D2E2F_000000040067_51	vRhyme_bin_11__MHr2D2E2F_000000040067	MHr2D2E2F_vRhyme_bin_11	0.6274313	medium	1.0	very high	unclassified		0.0	low	0.0	low
vRhyme_bin_11__MHr2D2E2F_000000040067_52	vRhyme_bin_11__MHr2D2E2F_000000040067	MHr2D2E2F_vRhyme_bin_11	0.63974047	medium	1.0	very high	unclassified		0.0	low	0.0	low
vRhyme_bin_11__MHr2D2E2F_000000040067_53	vRhyme_bin_11__MHr2D2E2F_000000040067	MHr2D2E2F_vRhyme_bin_11	0.41131052	low	1.0	very high	unclassified		0.0543	low	0.0543	low
vRhyme_bin_11__MHr2D2E2F_000000040067_54	vRhyme_bin_11__MHr2D2E2F_000000040067	MHr2D2E2F_vRhyme_bin_11	0.665876	medium	1.0	very high	unclassified		0.0	low	0.0	low
vRhyme_bin_11__MHr2D2E2F_000000040067_55	vRhyme_bin_11__MHr2D2E2F_000000040067	MHr2D2E2F_vRhyme_bin_11	0.6666412	medium	1.0	very high	unclassified		0.0	low	0.0	low
vRhyme_bin_11__MHr2D2E2F_000000047197_1	vRhyme_bin_11__MHr2D2E2F_000000047197	MHr2D2E2F_vRhyme_bin_11	0.96883106	high	1.0	very high	unclassified		0.0	low	0.0	low
vRhyme_bin_11__MHr2D2E2F_000000047197_2	vRhyme_bin_11__MHr2D2E2F_000000047197	MHr2D2E2F_vRhyme_bin_11	0.98585814	high	0.9625	high	unclassified	phosphoadenosine phosphosulfate reductase	0.0	low	0.0	low
vRhyme_bin_11__MHr2D2E2F_000000047197_3	vRhyme_bin_11__MHr2D2E2F_000000047197	MHr2D2E2F_vRhyme_bin_11	0.991268	high	1.0	very high	unclassified		0.0	low	0.0	low
vRhyme_bin_11__MHr2D2E2F_000000047197_4	vRhyme_bin_11__MHr2D2E2F_000000047197	MHr2D2E2F_vRhyme_bin_11	0.99181944	high	1.0	very high	unclassified		0.0	low	0.0	low
vRhyme_bin_11__MHr2D2E2F_000000047197_5	vRhyme_bin_11__MHr2D2E2F_000000047197	MHr2D2E2F_vRhyme_bin_11	0.9881129	high	0.9362	high	unclassified		0.0	low	0.0	low
vRhyme_bin_11__MHr2D2E2F_000000047197_6	vRhyme_bin_11__MHr2D2E2F_000000047197	MHr2D2E2F_vRhyme_bin_11	0.9880271	high	0.9545	high	unclassified		0.0	low	0.0	low
vRhyme_bin_11__MHr2D2E2F_000000047197_7	vRhyme_bin_11__MHr2D2E2F_000000047197	MHr2D2E2F_vRhyme_bin_11	0.98877186	high	1.0	very high	unclassified		0.0	low	0.0	low
vRhyme_bin_11__MHr2D2E2F_000000047197_8	vRhyme_bin_11__MHr2D2E2F_000000047197	MHr2D2E2F_vRhyme_bin_11	0.98975855	high	0.918	high	unclassified		0.0	low	0.0	low
vRhyme_bin_11__MHr2D2E2F_000000047197_9	vRhyme_bin_11__MHr2D2E2F_000000047197	MHr2D2E2F_vRhyme_bin_11	0.9880507	high	1.0	very high	unclassified		0.0	low	0.0	low
vRhyme_bin_11__MHr2D2E2F_000000047197_10	vRhyme_bin_11__MHr2D2E2F_000000047197	MHr2D2E2F_vRhyme_bin_11	0.9882349	high	1.0	very high	unclassified		0.0	low	0.0	low
vRhyme_bin_11__MHr2D2E2F_000000047197_11	vRhyme_bin_11__MHr2D2E2F_000000047197	MHr2D2E2F_vRhyme_bin_11	0.98844194	high	1.0	very high	unclassified		0.0	low	0.0	low
vRhyme_bin_11__MHr2D2E2F_000000047197_12	vRhyme_bin_11__MHr2D2E2F_000000047197	MHr2D2E2F_vRhyme_bin_11	0.99352854	high	1.0	very high	unclassified		0.0	low	0.0	low
vRhyme_bin_11__MHr2D2E2F_000000047197_13	vRhyme_bin_11__MHr2D2E2F_000000047197	MHr2D2E2F_vRhyme_bin_11	0.99337727	high	0.9578	high	unclassified		0.0	low	0.0	low
vRhyme_bin_11__MHr2D2E2F_000000047197_14	vRhyme_bin_11__MHr2D2E2F_000000047197	MHr2D2E2F_vRhyme_bin_11	0.993527	high	1.0	very high	unclassified		0.0	low	0.0	low
vRhyme_bin_11__MHr2D2E2F_000000047197_15	vRhyme_bin_11__MHr2D2E2F_000000047197	MHr2D2E2F_vRhyme_bin_11	0.99447435	high	1.0	very high	unclassified	""	0.0	low	0.0	low
vRhyme_bin_11__MHr2D2E2F_000000047197_16	vRhyme_bin_11__MHr2D2E2F_000000047197	MHr2D2E2F_vRhyme_bin_11	0.9789388	high	1.0	very high	unclassified	mutT, NUDT15, MTH2; 8-oxo-dGTP diphosphatase [EC:3.6.1.55]	0.0	low	0.0	low
vRhyme_bin_11__MHr2D2E2F_000000047197_17	vRhyme_bin_11__MHr2D2E2F_000000047197	MHr2D2E2F_vRhyme_bin_11	0.9747733	high	1.0	very high	unclassified		0.0	low	0.0	low
vRhyme_bin_11__MHr2D2E2F_000000047197_18	vRhyme_bin_11__MHr2D2E2F_000000047197	MHr2D2E2F_vRhyme_bin_11	0.9708909	high	1.0	very high	unclassified		0.0	low	0.0	low
vRhyme_bin_11__MHr2D2E2F_000000047197_19	vRhyme_bin_11__MHr2D2E2F_000000047197	MHr2D2E2F_vRhyme_bin_11	0.8768545	medium	1.0	very high	unclassified	lytH; peptidoglycan LD-endopeptidase LytH [EC:3.4.-.-]	0.0	low	0.0	low
vRhyme_bin_11__MHr2D2E2F_000000047197_20	vRhyme_bin_11__MHr2D2E2F_000000047197	MHr2D2E2F_vRhyme_bin_11	0.9615707	high	1.0	very high	unclassified		0.0	low	0.0	low
vRhyme_bin_11__MHr2D2E2F_000000047197_21	vRhyme_bin_11__MHr2D2E2F_000000047197	MHr2D2E2F_vRhyme_bin_11	0.96140176	high	1.0	very high	unclassified		0.0	low	0.0	low
vRhyme_bin_11__MHr2D2E2F_000000047197_22	vRhyme_bin_11__MHr2D2E2F_000000047197	MHr2D2E2F_vRhyme_bin_11	0.9657369	high	1.0	very high	unclassified		0.0	low	0.0	low
vRhyme_bin_11__MHr2D2E2F_000000049988_1	vRhyme_bin_11__MHr2D2E2F_000000049988	MHr2D2E2F_vRhyme_bin_11	0.95383143	high	1.0	very high	unclassified		0.0	low	0.0	low
vRhyme_bin_11__MHr2D2E2F_000000049988_2	vRhyme_bin_11__MHr2D2E2F_000000049988	MHr2D2E2F_vRhyme_bin_11	0.95510757	high	1.0	very high	unclassified		0.0	low	0.0	low
vRhyme_bin_11__MHr2D2E2F_000000049988_3	vRhyme_bin_11__MHr2D2E2F_000000049988	MHr2D2E2F_vRhyme_bin_11	0.9519462	high	1.0	very high	unclassified		0.0	low	0.0	low
vRhyme_bin_11__MHr2D2E2F_000000049988_4	vRhyme_bin_11__MHr2D2E2F_000000049988	MHr2D2E2F_vRhyme_bin_11	0.9519462	high	1.0	very high	unclassified		0.0	low	0.0	low
vRhyme_bin_11__MHr2D2E2F_000000049988_5	vRhyme_bin_11__MHr2D2E2F_000000049988	MHr2D2E2F_vRhyme_bin_11	0.94590425	high	1.0	very high	unclassified		0.0	low	0.0	low
vRhyme_bin_11__MHr2D2E2F_000000049988_6	vRhyme_bin_11__MHr2D2E2F_000000049988	MHr2D2E2F_vRhyme_bin_11	0.9449617	high	1.0	very high	unclassified		0.0	low	0.0	low
vRhyme_bin_11__MHr2D2E2F_000000049988_7	vRhyme_bin_11__MHr2D2E2F_000000049988	MHr2D2E2F_vRhyme_bin_11	0.93934107	high	1.0	very high	unclassified		0.0	low	0.0	low
vRhyme_bin_11__MHr2D2E2F_000000049988_8	vRhyme_bin_11__MHr2D2E2F_000000049988	MHr2D2E2F_vRhyme_bin_11	0.92336863	high	1.0	very high	unclassified		0.0	low	0.0	low
vRhyme_bin_11__MHr2D2E2F_000000049988_9	vRhyme_bin_11__MHr2D2E2F_000000049988	MHr2D2E2F_vRhyme_bin_11	0.9428304	high	1.0	very high	unclassified		0.0	low	0.0	low
vRhyme_bin_11__MHr2D2E2F_000000049988_10	vRhyme_bin_11__MHr2D2E2F_000000049988	MHr2D2E2F_vRhyme_bin_11	0.92554504	high	1.0	very high	unclassified		0.0	low	0.0	low
vRhyme_bin_11__MHr2D2E2F_000000049988_11	vRhyme_bin_11__MHr2D2E2F_000000049988	MHr2D2E2F_vRhyme_bin_11	0.91595286	high	1.0	very high	unclassified	""	0.0	low	0.0	low
vRhyme_bin_11__MHr2D2E2F_000000049988_12	vRhyme_bin_11__MHr2D2E2F_000000049988	MHr2D2E2F_vRhyme_bin_11	0.8907517	medium	1.0	very high	unclassified		0.0	low	0.0	low
vRhyme_bin_11__MHr2D2E2F_000000049988_13	vRhyme_bin_11__MHr2D2E2F_000000049988	MHr2D2E2F_vRhyme_bin_11	0.88490343	medium	1.0	very high	unclassified		0.0	low	0.0	low
vRhyme_bin_11__MHr2D2E2F_000000049988_14	vRhyme_bin_11__MHr2D2E2F_000000049988	MHr2D2E2F_vRhyme_bin_11	0.8734759	medium	1.0	very high	unclassified		0.0	low	0.0	low
vRhyme_bin_11__MHr2D2E2F_000000049988_15	vRhyme_bin_11__MHr2D2E2F_000000049988	MHr2D2E2F_vRhyme_bin_11	0.84987134	medium	1.0	very high	unclassified		0.0	low	0.0	low
vRhyme_bin_11__MHr2D2E2F_000000049988_16	vRhyme_bin_11__MHr2D2E2F_000000049988	MHr2D2E2F_vRhyme_bin_11	0.847795	medium	1.0	very high	unclassified		0.0	low	0.0	low
vRhyme_bin_11__MHr2D2E2F_000000049988_17	vRhyme_bin_11__MHr2D2E2F_000000049988	MHr2D2E2F_vRhyme_bin_11	0.7702879	medium	1.0	very high	unclassified		0.0	low	0.0	low
vRhyme_bin_11__MHr2D2E2F_000000049988_18	vRhyme_bin_11__MHr2D2E2F_000000049988	MHr2D2E2F_vRhyme_bin_11	0.6666575	medium	1.0	very high	unclassified		0.0	low	0.0	low
vRhyme_bin_11__MHr2D2E2F_000000049988_19	vRhyme_bin_11__MHr2D2E2F_000000049988	MHr2D2E2F_vRhyme_bin_11	0.5929169	medium	1.0	very high	unclassified		0.0	low	0.0	low
vRhyme_bin_11__MHr2D2E2F_000000049988_20	vRhyme_bin_11__MHr2D2E2F_000000049988	MHr2D2E2F_vRhyme_bin_11	0.5599896	low	1.0	very high	unclassified		0.0	low	0.0	low
vRhyme_bin_11__MHr2D2E2F_000000049988_21	vRhyme_bin_11__MHr2D2E2F_000000049988	MHr2D2E2F_vRhyme_bin_11	0.55629295	low	1.0	very high	unclassified		0.0	low	0.0	low
vRhyme_bin_11__MHr2D2E2F_000000049988_22	vRhyme_bin_11__MHr2D2E2F_000000049988	MHr2D2E2F_vRhyme_bin_11	0.50842446	low	1.0	very high	unclassified		0.0	low	0.0	low
vRhyme_bin_11__MHr2D2E2F_000000049988_23	vRhyme_bin_11__MHr2D2E2F_000000049988	MHr2D2E2F_vRhyme_bin_11	0.4589814	low	1.0	very high	unclassified		0.0	low	0.0	low
vRhyme_bin_11__MHr2D2E2F_000000049988_24	vRhyme_bin_11__MHr2D2E2F_000000049988	MHr2D2E2F_vRhyme_bin_11	0.1374205	low	1.0	very high	unclassified		0.0	low	0.0	low
vRhyme_bin_11__MHr2D2E2F_000000049988_25	vRhyme_bin_11__MHr2D2E2F_000000049988	MHr2D2E2F_vRhyme_bin_11	0.03463783	low	1.0	very high	regulatory	cheA; two-component system, chemotaxis family, sensor kinase CheA [EC:2.7.13.3]	0.9493	high	0.9493	very high
vRhyme_bin_11__MHr2D2E2F_000000049988_26	vRhyme_bin_11__MHr2D2E2F_000000049988	MHr2D2E2F_vRhyme_bin_11	0.36101842	low	1.0	very high	unclassified		0.0	low	0.0	low
vRhyme_bin_11__MHr2D2E2F_000000049988_27	vRhyme_bin_11__MHr2D2E2F_000000049988	MHr2D2E2F_vRhyme_bin_11	0.40481424	low	1.0	very high	unclassified		0.0	low	0.0	low
vRhyme_bin_11__MHr2D2E2F_000000049988_28	vRhyme_bin_11__MHr2D2E2F_000000049988	MHr2D2E2F_vRhyme_bin_11	0.42776933	low	1.0	very high	unclassified		0.0	low	0.0	low
vRhyme_bin_11__MHr2D2E2F_000000049988_29	vRhyme_bin_11__MHr2D2E2F_000000049988	MHr2D2E2F_vRhyme_bin_11	0.91107166	medium	1.0	very high	unclassified	ATPase	0.0	low	0.0	low
vRhyme_bin_11__MHr2D2E2F_000000049988_30	vRhyme_bin_11__MHr2D2E2F_000000049988	MHr2D2E2F_vRhyme_bin_11	0.86085516	medium	1.0	very high	unclassified		0.0	low	0.0	low
vRhyme_bin_11__MHr2D2E2F_000000049988_31	vRhyme_bin_11__MHr2D2E2F_000000049988	MHr2D2E2F_vRhyme_bin_11	0.83556086	medium	1.0	very high	unclassified		0.0	low	0.0	low
vRhyme_bin_11__MHr2D2E2F_000000049988_32	vRhyme_bin_11__MHr2D2E2F_000000049988	MHr2D2E2F_vRhyme_bin_11	0.85480684	medium	1.0	very high	unclassified		0.0	low	0.0	low
vRhyme_bin_11__MHr2D2E2F_000000049988_33	vRhyme_bin_11__MHr2D2E2F_000000049988	MHr2D2E2F_vRhyme_bin_11	0.86684746	medium	1.0	very high	unclassified	""	0.0	low	0.0	low
vRhyme_bin_11__MHr2D2E2F_000000049988_34	vRhyme_bin_11__MHr2D2E2F_000000049988	MHr2D2E2F_vRhyme_bin_11	0.8929901	medium	1.0	very high	unclassified		0.0	low	0.0	low
vRhyme_bin_11__MHr2D2E2F_000000049988_35	vRhyme_bin_11__MHr2D2E2F_000000049988	MHr2D2E2F_vRhyme_bin_11	0.87580025	medium	1.0	very high	unclassified		0.0	low	0.0	low
vRhyme_bin_11__MHr2D2E2F_000000049988_36	vRhyme_bin_11__MHr2D2E2F_000000049988	MHr2D2E2F_vRhyme_bin_11	0.85760045	medium	1.0	very high	unclassified		0.0	low	0.0	low
vRhyme_bin_11__MHr2D2E2F_000000049988_37	vRhyme_bin_11__MHr2D2E2F_000000049988	MHr2D2E2F_vRhyme_bin_11	0.87326103	medium	1.0	very high	unclassified		0.0	low	0.0	low
vRhyme_bin_11__MHr2D2E2F_000000049988_38	vRhyme_bin_11__MHr2D2E2F_000000049988	MHr2D2E2F_vRhyme_bin_11	0.89974624	medium	0.9504	high	unclassified		0.0	low	0.0	low
vRhyme_bin_11__MHr2D2E2F_000000049988_39	vRhyme_bin_11__MHr2D2E2F_000000049988	MHr2D2E2F_vRhyme_bin_11	0.9249816	high	1.0	very high	unclassified		0.0	low	0.0	low
vRhyme_bin_11__MHr2D2E2F_000000049988_40	vRhyme_bin_11__MHr2D2E2F_000000049988	MHr2D2E2F_vRhyme_bin_11	0.927621	high	1.0	very high	unclassified		0.0	low	0.0	low
vRhyme_bin_11__MHr2D2E2F_000000049988_41	vRhyme_bin_11__MHr2D2E2F_000000049988	MHr2D2E2F_vRhyme_bin_11	0.92891043	high	1.0	very high	unclassified		0.0	low	0.0	low
vRhyme_bin_11__MHr2D2E2F_000000049988_42	vRhyme_bin_11__MHr2D2E2F_000000049988	MHr2D2E2F_vRhyme_bin_11	0.9281395	high	1.0	very high	unclassified		0.0	low	0.0	low
vRhyme_bin_11__MHr2D2E2F_000000049988_43	vRhyme_bin_11__MHr2D2E2F_000000049988	MHr2D2E2F_vRhyme_bin_11	0.9097186	medium	1.0	very high	unclassified		0.0	low	0.0	low
vRhyme_bin_11__MHr2D2E2F_000000049988_44	vRhyme_bin_11__MHr2D2E2F_000000049988	MHr2D2E2F_vRhyme_bin_11	0.90659255	medium	1.0	very high	unclassified		0.0	low	0.0	low
vRhyme_bin_11__MHr2D2E2F_000000049988_45	vRhyme_bin_11__MHr2D2E2F_000000049988	MHr2D2E2F_vRhyme_bin_11	0.8798465	medium	1.0	very high	unclassified	Family of unknown function (DUF6166)	0.0	low	0.0	low
vRhyme_bin_11__MHr2D2E2F_000000049988_46	vRhyme_bin_11__MHr2D2E2F_000000049988	MHr2D2E2F_vRhyme_bin_11	0.9303574	high	1.0	very high	unclassified		0.0	low	0.0	low
vRhyme_bin_11__MHr2D2E2F_000000049988_47	vRhyme_bin_11__MHr2D2E2F_000000049988	MHr2D2E2F_vRhyme_bin_11	0.93815583	high	1.0	very high	unclassified		0.0	low	0.0	low
vRhyme_bin_11__MHr2D2E2F_000000049988_48	vRhyme_bin_11__MHr2D2E2F_000000049988	MHr2D2E2F_vRhyme_bin_11	0.9313022	high	1.0	very high	unclassified		0.0	low	0.0	low
vRhyme_bin_11__MHr2D2E2F_000000049988_49	vRhyme_bin_11__MHr2D2E2F_000000049988	MHr2D2E2F_vRhyme_bin_11	0.9473637	high	1.0	very high	unclassified		0.0	low	0.0	low
vRhyme_bin_11__MHr2D2E2F_000000049988_50	vRhyme_bin_11__MHr2D2E2F_000000049988	MHr2D2E2F_vRhyme_bin_11	0.9416068	high	1.0	very high	unclassified		0.0	low	0.0	low
vRhyme_bin_11__MHr2D2E2F_000000049988_51	vRhyme_bin_11__MHr2D2E2F_000000049988	MHr2D2E2F_vRhyme_bin_11	0.94724977	high	1.0	very high	unclassified		0.0	low	0.0	low
vRhyme_bin_11__MHr2D2E2F_000000049988_52	vRhyme_bin_11__MHr2D2E2F_000000049988	MHr2D2E2F_vRhyme_bin_11	0.9400719	high	1.0	very high	unclassified		0.0	low	0.0	low
vRhyme_bin_11__MHr2D2E2F_000000049988_53	vRhyme_bin_11__MHr2D2E2F_000000049988	MHr2D2E2F_vRhyme_bin_11	0.9455242	high	1.0	very high	unclassified		0.0	low	0.0	low
vRhyme_bin_11__MHr2D2E2F_000000049988_54	vRhyme_bin_11__MHr2D2E2F_000000049988	MHr2D2E2F_vRhyme_bin_11	0.93383604	high	1.0	very high	unclassified		0.0	low	0.0	low
vRhyme_bin_11__MHr2D2E2F_000000049988_55	vRhyme_bin_11__MHr2D2E2F_000000049988	MHr2D2E2F_vRhyme_bin_11	0.9064509	medium	1.0	very high	unclassified		0.0	low	0.0	low
vRhyme_bin_11__MHr2D2E2F_000000049988_56	vRhyme_bin_11__MHr2D2E2F_000000049988	MHr2D2E2F_vRhyme_bin_11	0.89345574	medium	1.0	very high	unclassified		0.0	low	0.0	low
vRhyme_bin_11__MHr2D2E2F_000000049988_57	vRhyme_bin_11__MHr2D2E2F_000000049988	MHr2D2E2F_vRhyme_bin_11	0.7344749	medium	1.0	very high	unclassified		0.0	low	0.0	low
vRhyme_bin_11__MHr2D2E2F_000000084120_1	vRhyme_bin_11__MHr2D2E2F_000000084120	MHr2D2E2F_vRhyme_bin_11	0.889838	medium	0.9544	high	unclassified		0.0	low	0.0	low
vRhyme_bin_11__MHr2D2E2F_000000084120_2	vRhyme_bin_11__MHr2D2E2F_000000084120	MHr2D2E2F_vRhyme_bin_11	0.889838	medium	1.0	very high	unclassified		0.0	low	0.0	low
vRhyme_bin_11__MHr2D2E2F_000000084120_3	vRhyme_bin_11__MHr2D2E2F_000000084120	MHr2D2E2F_vRhyme_bin_11	0.889838	medium	0.9487	high	unclassified		0.0	low	0.0	low
vRhyme_bin_11__MHr2D2E2F_000000084120_4	vRhyme_bin_11__MHr2D2E2F_000000084120	MHr2D2E2F_vRhyme_bin_11	0.85749793	medium	0.9502	high	unclassified		0.0	low	0.0	low
vRhyme_bin_11__MHr2D2E2F_000000084120_5	vRhyme_bin_11__MHr2D2E2F_000000084120	MHr2D2E2F_vRhyme_bin_11	0.85749793	medium	1.0	very high	unclassified		0.0	low	0.0	low
vRhyme_bin_11__MHr2D2E2F_000000084120_6	vRhyme_bin_11__MHr2D2E2F_000000084120	MHr2D2E2F_vRhyme_bin_11	0.8542715	medium	0.9507	high	unclassified		0.0	low	0.0	low
vRhyme_bin_11__MHr2D2E2F_000000084120_7	vRhyme_bin_11__MHr2D2E2F_000000084120	MHr2D2E2F_vRhyme_bin_11	0.8542715	medium	1.0	very high	unclassified		0.0	low	0.0	low
vRhyme_bin_11__MHr2D2E2F_000000084120_8	vRhyme_bin_11__MHr2D2E2F_000000084120	MHr2D2E2F_vRhyme_bin_11	0.8542715	medium	0.9573	high	unclassified		0.0	low	0.0	low
vRhyme_bin_11__MHr2D2E2F_000000084120_9	vRhyme_bin_11__MHr2D2E2F_000000084120	MHr2D2E2F_vRhyme_bin_11	0.8505351	medium	1.0	very high	unclassified		0.0	low	0.0	low
vRhyme_bin_11__MHr2D2E2F_000000084120_10	vRhyme_bin_11__MHr2D2E2F_000000084120	MHr2D2E2F_vRhyme_bin_11	0.8224604	medium	1.0	very high	unclassified		0.0	low	0.0	low
vRhyme_bin_11__MHr2D2E2F_000000084120_11	vRhyme_bin_11__MHr2D2E2F_000000084120	MHr2D2E2F_vRhyme_bin_11	0.82447207	medium	1.0	very high	unclassified		0.0	low	0.0	low
vRhyme_bin_11__MHr2D2E2F_000000084120_12	vRhyme_bin_11__MHr2D2E2F_000000084120	MHr2D2E2F_vRhyme_bin_11	0.8208697	medium	1.0	very high	unclassified		0.0	low	0.0	low
vRhyme_bin_11__MHr2D2E2F_000000084120_13	vRhyme_bin_11__MHr2D2E2F_000000084120	MHr2D2E2F_vRhyme_bin_11	0.7919914	medium	1.0	very high	unclassified		0.0	low	0.0	low
vRhyme_bin_11__MHr2D2E2F_000000084120_14	vRhyme_bin_11__MHr2D2E2F_000000084120	MHr2D2E2F_vRhyme_bin_11	0.46739963	low	0.9449	high	unclassified		0.0	low	0.0	low
vRhyme_bin_11__MHr2D2E2F_000000084120_15	vRhyme_bin_11__MHr2D2E2F_000000084120	MHr2D2E2F_vRhyme_bin_11	0.46105123	low	1.0	very high	unclassified		0.0	low	0.0	low
vRhyme_bin_11__MHr2D2E2F_000000084120_16	vRhyme_bin_11__MHr2D2E2F_000000084120	MHr2D2E2F_vRhyme_bin_11	0.49520108	low	1.0	very high	unclassified		0.0	low	0.0	low
vRhyme_bin_11__MHr2D2E2F_000000084120_17	vRhyme_bin_11__MHr2D2E2F_000000084120	MHr2D2E2F_vRhyme_bin_11	0.40039274	low	1.0	very high	unclassified	""	0.0	low	0.0	low
vRhyme_bin_11__MHr2D2E2F_000000084120_18	vRhyme_bin_11__MHr2D2E2F_000000084120	MHr2D2E2F_vRhyme_bin_11	0.36683533	low	0.95	high	unclassified		0.0	low	0.0	low
vRhyme_bin_11__MHr2D2E2F_000000084120_19	vRhyme_bin_11__MHr2D2E2F_000000084120	MHr2D2E2F_vRhyme_bin_11	0.35825074	low	0.9569	high	unclassified		0.0	low	0.0	low
vRhyme_bin_11__MHr2D2E2F_000000084120_20	vRhyme_bin_11__MHr2D2E2F_000000084120	MHr2D2E2F_vRhyme_bin_11	0.32339346	low	1.0	very high	unclassified		0.0	low	0.0	low
vRhyme_bin_11__MHr2D2E2F_000000084120_21	vRhyme_bin_11__MHr2D2E2F_000000084120	MHr2D2E2F_vRhyme_bin_11	0.31276712	low	1.0	very high	unclassified		0.0	low	0.0	low
vRhyme_bin_11__MHr2D2E2F_000000084120_22	vRhyme_bin_11__MHr2D2E2F_000000084120	MHr2D2E2F_vRhyme_bin_11	0.30322218	low	1.0	very high	unclassified		0.0	low	0.0	low
vRhyme_bin_11__MHr2D2E2F_000000084120_23	vRhyme_bin_11__MHr2D2E2F_000000084120	MHr2D2E2F_vRhyme_bin_11	0.27693206	low	1.0	very high	unclassified		0.0	low	0.0	low
vRhyme_bin_11__MHr2D2E2F_000000084120_24	vRhyme_bin_11__MHr2D2E2F_000000084120	MHr2D2E2F_vRhyme_bin_11	0.20928022	low	1.0	very high	unclassified		0.0	low	0.0	low
vRhyme_bin_11__MHr2D2E2F_000000084120_25	vRhyme_bin_11__MHr2D2E2F_000000084120	MHr2D2E2F_vRhyme_bin_11	0.17062771	low	1.0	very high	unclassified		0.0	low	0.0	low
vRhyme_bin_11__MHr2D2E2F_000000084120_26	vRhyme_bin_11__MHr2D2E2F_000000084120	MHr2D2E2F_vRhyme_bin_11	0.04753104	low	1.0	very high	unclassified	Glycosyl transferase family 1	0.0	low	0.0	low
vRhyme_bin_11__MHr2D2E2F_000000084120_27	vRhyme_bin_11__MHr2D2E2F_000000084120	MHr2D2E2F_vRhyme_bin_11	0.10311735	low	1.0	very high	unclassified	cpdA; 3',5'-cyclic-AMP phosphodiesterase [EC:3.1.4.53]	0.0	low	0.0	low
vRhyme_bin_11__MHr2D2E2F_000000084120_28	vRhyme_bin_11__MHr2D2E2F_000000084120	MHr2D2E2F_vRhyme_bin_11	0.23660843	low	1.0	very high	unclassified		0.0	low	0.0	low
vRhyme_bin_11__MHr2D2E2F_000000084120_29	vRhyme_bin_11__MHr2D2E2F_000000084120	MHr2D2E2F_vRhyme_bin_11	0.271948	low	1.0	very high	unclassified		0.0	low	0.0	low
vRhyme_bin_11__MHr2D2E2F_000000084120_30	vRhyme_bin_11__MHr2D2E2F_000000084120	MHr2D2E2F_vRhyme_bin_11	0.20886241	low	1.0	very high	unclassified		0.0	low	0.0	low
vRhyme_bin_11__MHr2D2E2F_000000084120_31	vRhyme_bin_11__MHr2D2E2F_000000084120	MHr2D2E2F_vRhyme_bin_11	0.19809413	low	1.0	very high	unclassified		0.0	low	0.0	low
vRhyme_bin_11__MHr2D2E2F_000000084120_32	vRhyme_bin_11__MHr2D2E2F_000000084120	MHr2D2E2F_vRhyme_bin_11	0.2143529	low	1.0	very high	unclassified		0.0	low	0.0	low
vRhyme_bin_11__MHr2D2E2F_000000084120_33	vRhyme_bin_11__MHr2D2E2F_000000084120	MHr2D2E2F_vRhyme_bin_11	0.20585437	low	1.0	very high	unclassified		0.0	low	0.0	low
vRhyme_bin_11__MHr2D2E2F_000000084120_34	vRhyme_bin_11__MHr2D2E2F_000000084120	MHr2D2E2F_vRhyme_bin_11	0.2373693	low	1.0	very high	unclassified		0.0	low	0.0	low
vRhyme_bin_11__MHr2D2E2F_000000084120_35	vRhyme_bin_11__MHr2D2E2F_000000084120	MHr2D2E2F_vRhyme_bin_11	0.23962013	low	1.0	very high	unclassified		0.0	low	0.0	low
vRhyme_bin_11__MHr2D2E2F_000000084120_36	vRhyme_bin_11__MHr2D2E2F_000000084120	MHr2D2E2F_vRhyme_bin_11	0.25333366	low	1.0	very high	unclassified		0.0	low	0.0	low
vRhyme_bin_11__MHr2D2E2F_000000084120_37	vRhyme_bin_11__MHr2D2E2F_000000084120	MHr2D2E2F_vRhyme_bin_11	0.22275957	low	1.0	very high	unclassified		0.0	low	0.0	low
vRhyme_bin_11__MHr2D2E2F_000000084120_38	vRhyme_bin_11__MHr2D2E2F_000000084120	MHr2D2E2F_vRhyme_bin_11	0.2401751	low	1.0	very high	unclassified		0.0	low	0.0	low
vRhyme_bin_11__MHr2D2E2F_000000084120_39	vRhyme_bin_11__MHr2D2E2F_000000084120	MHr2D2E2F_vRhyme_bin_11	0.26961607	low	1.0	very high	unclassified		0.0	low	0.0	low
vRhyme_bin_11__MHr2D2E2F_000000084120_40	vRhyme_bin_11__MHr2D2E2F_000000084120	MHr2D2E2F_vRhyme_bin_11	0.31957802	low	1.0	very high	unclassified		0.0	low	0.0	low
vRhyme_bin_11__MHr2D2E2F_000000084120_41	vRhyme_bin_11__MHr2D2E2F_000000084120	MHr2D2E2F_vRhyme_bin_11	0.73172367	medium	1.0	very high	unclassified	""	0.0	low	0.0	low
vRhyme_bin_11__MHr2D2E2F_000000084120_42	vRhyme_bin_11__MHr2D2E2F_000000084120	MHr2D2E2F_vRhyme_bin_11	0.68250096	medium	1.0	very high	unclassified		0.0	low	0.0	low
vRhyme_bin_11__MHr2D2E2F_000000084120_43	vRhyme_bin_11__MHr2D2E2F_000000084120	MHr2D2E2F_vRhyme_bin_11	0.45227972	low	1.0	very high	unclassified		0.0	low	0.0	low
vRhyme_bin_11__MHr2D2E2F_000000084120_44	vRhyme_bin_11__MHr2D2E2F_000000084120	MHr2D2E2F_vRhyme_bin_11	0.42767256	low	1.0	very high	unclassified		0.0	low	0.0	low
vRhyme_bin_11__MHr2D2E2F_000000121636_1	vRhyme_bin_11__MHr2D2E2F_000000121636	MHr2D2E2F_vRhyme_bin_11	0.92578167	high	1.0	very high	unclassified		0.0	low	0.0	low
vRhyme_bin_11__MHr2D2E2F_000000121636_2	vRhyme_bin_11__MHr2D2E2F_000000121636	MHr2D2E2F_vRhyme_bin_11	0.9308351	high	1.0	very high	unclassified		0.0	low	0.0	low
vRhyme_bin_11__MHr2D2E2F_000000121636_3	vRhyme_bin_11__MHr2D2E2F_000000121636	MHr2D2E2F_vRhyme_bin_11	0.92311925	high	1.0	very high	unclassified		0.0	low	0.0	low
vRhyme_bin_11__MHr2D2E2F_000000121636_4	vRhyme_bin_11__MHr2D2E2F_000000121636	MHr2D2E2F_vRhyme_bin_11	0.9247848	high	1.0	very high	unclassified		0.0	low	0.0	low
vRhyme_bin_11__MHr2D2E2F_000000121636_5	vRhyme_bin_11__MHr2D2E2F_000000121636	MHr2D2E2F_vRhyme_bin_11	0.86261827	medium	0.8881	high	regulatory	Global regulator protein family	0.5023	high	0.4461	high
vRhyme_bin_11__MHr2D2E2F_000000121636_6	vRhyme_bin_11__MHr2D2E2F_000000121636	MHr2D2E2F_vRhyme_bin_11	0.9425436	high	1.0	very high	unclassified		0.0	low	0.0	low
vRhyme_bin_11__MHr2D2E2F_000000121636_7	vRhyme_bin_11__MHr2D2E2F_000000121636	MHr2D2E2F_vRhyme_bin_11	0.9526317	high	1.0	very high	unclassified		0.0	low	0.0	low
vRhyme_bin_11__MHr2D2E2F_000000121636_8	vRhyme_bin_11__MHr2D2E2F_000000121636	MHr2D2E2F_vRhyme_bin_11	0.9544211	high	1.0	very high	unclassified		0.0	low	0.0	low
vRhyme_bin_11__MHr2D2E2F_000000121636_9	vRhyme_bin_11__MHr2D2E2F_000000121636	MHr2D2E2F_vRhyme_bin_11	0.9677466	high	1.0	very high	unclassified		0.0	low	0.0	low
vRhyme_bin_11__MHr2D2E2F_000000121636_10	vRhyme_bin_11__MHr2D2E2F_000000121636	MHr2D2E2F_vRhyme_bin_11	0.95508724	high	1.0	very high	unclassified		0.0	low	0.0	low
vRhyme_bin_11__MHr2D2E2F_000000121636_11	vRhyme_bin_11__MHr2D2E2F_000000121636	MHr2D2E2F_vRhyme_bin_11	0.9552432	high	1.0	very high	unclassified		0.0	low	0.0	low
vRhyme_bin_11__MHr2D2E2F_000000121636_12	vRhyme_bin_11__MHr2D2E2F_000000121636	MHr2D2E2F_vRhyme_bin_11	0.94643265	high	1.0	very high	unclassified		0.0	low	0.0	low
vRhyme_bin_11__MHr2D2E2F_000000121636_13	vRhyme_bin_11__MHr2D2E2F_000000121636	MHr2D2E2F_vRhyme_bin_11	0.9302537	high	0.955	high	unclassified	DNA methylase	0.0	low	0.0	low
vRhyme_bin_11__MHr2D2E2F_000000121636_14	vRhyme_bin_11__MHr2D2E2F_000000121636	MHr2D2E2F_vRhyme_bin_11	0.9083088	medium	1.0	very high	unclassified		0.0	low	0.0	low
vRhyme_bin_11__MHr2D2E2F_000000121636_15	vRhyme_bin_11__MHr2D2E2F_000000121636	MHr2D2E2F_vRhyme_bin_11	0.82506824	medium	1.0	very high	unclassified		0.0	low	0.0	low
vRhyme_bin_11__MHr2D2E2F_000000121636_16	vRhyme_bin_11__MHr2D2E2F_000000121636	MHr2D2E2F_vRhyme_bin_11	0.74702185	medium	1.0	very high	unclassified	norQ; nitric oxide reductase NorQ protein	0.0	low	0.0	low
vRhyme_bin_11__MHr2D2E2F_000000121636_17	vRhyme_bin_11__MHr2D2E2F_000000121636	MHr2D2E2F_vRhyme_bin_11	0.38611177	low	1.0	very high	unclassified		0.0	low	0.0	low
vRhyme_bin_11__MHr2D2E2F_000000136596_1	vRhyme_bin_11__MHr2D2E2F_000000136596	MHr2D2E2F_vRhyme_bin_11	0.418461	low	1.0	very high	unclassified		0.0	low	0.0	low
vRhyme_bin_11__MHr2D2E2F_000000136596_2	vRhyme_bin_11__MHr2D2E2F_000000136596	MHr2D2E2F_vRhyme_bin_11	0.3916941	low	1.0	very high	unclassified		0.0	low	0.0	low
vRhyme_bin_11__MHr2D2E2F_000000136596_3	vRhyme_bin_11__MHr2D2E2F_000000136596	MHr2D2E2F_vRhyme_bin_11	0.33950463	low	1.0	very high	unclassified		0.0	low	0.0	low
vRhyme_bin_11__MHr2D2E2F_000000136596_4	vRhyme_bin_11__MHr2D2E2F_000000136596	MHr2D2E2F_vRhyme_bin_11	0.7865282	medium	1.0	very high	unclassified		0.0	low	0.0	low
vRhyme_bin_11__MHr2D2E2F_000000136596_5	vRhyme_bin_11__MHr2D2E2F_000000136596	MHr2D2E2F_vRhyme_bin_11	0.48021713	low	0.9506	high	unclassified		0.0	low	0.0	low
vRhyme_bin_11__MHr2D2E2F_000000136596_6	vRhyme_bin_11__MHr2D2E2F_000000136596	MHr2D2E2F_vRhyme_bin_11	0.4036197	low	1.0	very high	unclassified		0.0	low	0.0	low
vRhyme_bin_11__MHr2D2E2F_000000136596_7	vRhyme_bin_11__MHr2D2E2F_000000136596	MHr2D2E2F_vRhyme_bin_11	0.43483627	low	0.904	high	unclassified		0.0	low	0.0	low
vRhyme_bin_11__MHr2D2E2F_000000136596_8	vRhyme_bin_11__MHr2D2E2F_000000136596	MHr2D2E2F_vRhyme_bin_11	0.4716099	low	1.0	very high	unclassified		0.0	low	0.0	low
vRhyme_bin_11__MHr2D2E2F_000000136596_9	vRhyme_bin_11__MHr2D2E2F_000000136596	MHr2D2E2F_vRhyme_bin_11	0.5739789	low	1.0	very high	unclassified		0.0	low	0.0	low
vRhyme_bin_11__MHr2D2E2F_000000136596_10	vRhyme_bin_11__MHr2D2E2F_000000136596	MHr2D2E2F_vRhyme_bin_11	0.64615214	medium	1.0	very high	unclassified		0.0	low	0.0	low
vRhyme_bin_11__MHr2D2E2F_000000136596_11	vRhyme_bin_11__MHr2D2E2F_000000136596	MHr2D2E2F_vRhyme_bin_11	0.7087995	medium	1.0	very high	unclassified		0.0	low	0.0	low
vRhyme_bin_11__MHr2D2E2F_000000136596_12	vRhyme_bin_11__MHr2D2E2F_000000136596	MHr2D2E2F_vRhyme_bin_11	0.7241785	medium	0.9541	high	unclassified		0.0	low	0.0	low
vRhyme_bin_11__MHr2D2E2F_000000136596_13	vRhyme_bin_11__MHr2D2E2F_000000136596	MHr2D2E2F_vRhyme_bin_11	0.77765447	medium	1.0	very high	unclassified		0.0	low	0.0	low
vRhyme_bin_11__MHr2D2E2F_000000136596_14	vRhyme_bin_11__MHr2D2E2F_000000136596	MHr2D2E2F_vRhyme_bin_11	0.7279813	medium	1.0	very high	unclassified	K09005; uncharacterized protein	0.0	low	0.0	low
vRhyme_bin_11__MHr2D2E2F_000000136596_15	vRhyme_bin_11__MHr2D2E2F_000000136596	MHr2D2E2F_vRhyme_bin_11	0.80932605	medium	1.0	very high	unclassified		0.0	low	0.0	low
vRhyme_bin_11__MHr2D2E2F_000000136596_16	vRhyme_bin_11__MHr2D2E2F_000000136596	MHr2D2E2F_vRhyme_bin_11	0.80932605	medium	0.9546	high	unclassified		0.0	low	0.0	low
vRhyme_bin_11__MHr2D2E2F_000000151933_1	vRhyme_bin_11__MHr2D2E2F_000000151933	MHr2D2E2F_vRhyme_bin_11	0.7706905	medium	0.959	high	unclassified		0.0	low	0.0	low
vRhyme_bin_11__MHr2D2E2F_000000151933_2	vRhyme_bin_11__MHr2D2E2F_000000151933	MHr2D2E2F_vRhyme_bin_11	0.7706905	medium	0.9021	high	unclassified		0.0	low	0.0	low
vRhyme_bin_11__MHr2D2E2F_000000151933_3	vRhyme_bin_11__MHr2D2E2F_000000151933	MHr2D2E2F_vRhyme_bin_11	0.74329793	medium	0.858	high	unclassified		0.0	low	0.0	low
vRhyme_bin_11__MHr2D2E2F_000000151933_4	vRhyme_bin_11__MHr2D2E2F_000000151933	MHr2D2E2F_vRhyme_bin_11	0.6419182	medium	0.8967	high	unclassified		0.0	low	0.0	low
vRhyme_bin_11__MHr2D2E2F_000000151933_5	vRhyme_bin_11__MHr2D2E2F_000000151933	MHr2D2E2F_vRhyme_bin_11	0.33880317	low	1.0	very high	unclassified		0.0	low	0.0	low
vRhyme_bin_11__MHr2D2E2F_000000151933_6	vRhyme_bin_11__MHr2D2E2F_000000151933	MHr2D2E2F_vRhyme_bin_11	0.3418698	low	1.0	very high	unclassified		0.0	low	0.0	low
vRhyme_bin_11__MHr2D2E2F_000000151933_7	vRhyme_bin_11__MHr2D2E2F_000000151933	MHr2D2E2F_vRhyme_bin_11	0.33113208	low	1.0	very high	unclassified		0.0	low	0.0	low
vRhyme_bin_11__MHr2D2E2F_000000151933_8	vRhyme_bin_11__MHr2D2E2F_000000151933	MHr2D2E2F_vRhyme_bin_11	0.32735923	low	1.0	very high	unclassified		0.0	low	0.0	low
vRhyme_bin_11__MHr2D2E2F_000000151933_9	vRhyme_bin_11__MHr2D2E2F_000000151933	MHr2D2E2F_vRhyme_bin_11	0.3109696	low	0.9126	high	unclassified		0.0	low	0.0	low
vRhyme_bin_11__MHr2D2E2F_000000151933_10	vRhyme_bin_11__MHr2D2E2F_000000151933	MHr2D2E2F_vRhyme_bin_11	0.29164466	low	0.8439	high	unclassified		0.0	low	0.0	low
vRhyme_bin_11__MHr2D2E2F_000000151933_11	vRhyme_bin_11__MHr2D2E2F_000000151933	MHr2D2E2F_vRhyme_bin_11	0.26092434	low	1.0	very high	unclassified		0.0	low	0.0	low
vRhyme_bin_11__MHr2D2E2F_000000151933_12	vRhyme_bin_11__MHr2D2E2F_000000151933	MHr2D2E2F_vRhyme_bin_11	0.2314821	low	1.0	very high	unclassified		0.0	low	0.0	low
vRhyme_bin_11__MHr2D2E2F_000000151933_13	vRhyme_bin_11__MHr2D2E2F_000000151933	MHr2D2E2F_vRhyme_bin_11	0.21604913	low	0.9293	high	unclassified		0.0	low	0.0	low
vRhyme_bin_11__MHr2D2E2F_000000151933_14	vRhyme_bin_11__MHr2D2E2F_000000151933	MHr2D2E2F_vRhyme_bin_11	0.2012022	low	1.0	very high	unclassified		0.0	low	0.0	low
vRhyme_bin_11__MHr2D2E2F_000000151933_15	vRhyme_bin_11__MHr2D2E2F_000000151933	MHr2D2E2F_vRhyme_bin_11	0.33513653	low	1.0	very high	unclassified		0.0	low	0.0	low
vRhyme_bin_11__MHr2D2E2F_000000151933_16	vRhyme_bin_11__MHr2D2E2F_000000151933	MHr2D2E2F_vRhyme_bin_11	0.31519136	low	0.9603	high	unclassified		0.0	low	0.0	low
vRhyme_bin_11__MHr2D2E2F_000000151933_17	vRhyme_bin_11__MHr2D2E2F_000000151933	MHr2D2E2F_vRhyme_bin_11	0.26705727	low	1.0	very high	unclassified		0.0	low	0.0	low
vRhyme_bin_11__MHr2D2E2F_000000151933_18	vRhyme_bin_11__MHr2D2E2F_000000151933	MHr2D2E2F_vRhyme_bin_11	0.25351793	low	0.9537	high	unclassified		0.0	low	0.0	low
vRhyme_bin_11__MHr2D2E2F_000000151933_19	vRhyme_bin_11__MHr2D2E2F_000000151933	MHr2D2E2F_vRhyme_bin_11	0.11661035	low	0.9579	high	unclassified		0.0	low	0.0	low
vRhyme_bin_11__MHr2D2E2F_000000151933_20	vRhyme_bin_11__MHr2D2E2F_000000151933	MHr2D2E2F_vRhyme_bin_11	0.23615324	low	1.0	very high	unclassified		0.0	low	0.0	low
vRhyme_bin_11__MHr2D2E2F_000000151933_21	vRhyme_bin_11__MHr2D2E2F_000000151933	MHr2D2E2F_vRhyme_bin_11	0.13650793	low	0.8856	high	unclassified	herA; DNA double-strand break repair helicase HerA and related ATPase	0.0	low	0.0	low
vRhyme_bin_11__MHr2D2E2F_000000151933_22	vRhyme_bin_11__MHr2D2E2F_000000151933	MHr2D2E2F_vRhyme_bin_11	0.06054886	low	0.9504	high	unclassified		0.0	low	0.0	low
vRhyme_bin_11__MHr2D2E2F_000000151933_23	vRhyme_bin_11__MHr2D2E2F_000000151933	MHr2D2E2F_vRhyme_bin_11	0.26954952	low	0.8921	high	unclassified		0.0	low	0.0	low
vRhyme_bin_11__MHr2D2E2F_000000151933_24	vRhyme_bin_11__MHr2D2E2F_000000151933	MHr2D2E2F_vRhyme_bin_11	0.2552975	low	0.9503	high	unclassified		0.0	low	0.0	low
vRhyme_bin_11__MHr2D2E2F_000000151933_25	vRhyme_bin_11__MHr2D2E2F_000000151933	MHr2D2E2F_vRhyme_bin_11	0.2996447	low	1.0	very high	unclassified		0.0	low	0.0	low
vRhyme_bin_11__MHr2D2E2F_000000151933_26	vRhyme_bin_11__MHr2D2E2F_000000151933	MHr2D2E2F_vRhyme_bin_11	0.31404138	low	1.0	very high	unclassified		0.0	low	0.0	low
vRhyme_bin_11__MHr2D2E2F_000000151933_27	vRhyme_bin_11__MHr2D2E2F_000000151933	MHr2D2E2F_vRhyme_bin_11	0.33339635	low	1.0	very high	unclassified		0.0	low	0.0	low
vRhyme_bin_11__MHr2D2E2F_000000151933_28	vRhyme_bin_11__MHr2D2E2F_000000151933	MHr2D2E2F_vRhyme_bin_11	0.17461096	low	1.0	very high	unclassified	D12 class N6 adenine-specific DNA methyltransferase	0.0	low	0.0	low
vRhyme_bin_11__MHr2D2E2F_000000167594_1	vRhyme_bin_11__MHr2D2E2F_000000167594	MHr2D2E2F_vRhyme_bin_11	0.77148086	medium	1.0	very high	unclassified		0.0	low	0.0	low
vRhyme_bin_11__MHr2D2E2F_000000167594_2	vRhyme_bin_11__MHr2D2E2F_000000167594	MHr2D2E2F_vRhyme_bin_11	0.7404804	medium	1.0	very high	unclassified		0.0	low	0.0	low
vRhyme_bin_11__MHr2D2E2F_000000167594_3	vRhyme_bin_11__MHr2D2E2F_000000167594	MHr2D2E2F_vRhyme_bin_11	0.20383388	low	1.0	very high	unclassified		0.0	low	0.0	low
vRhyme_bin_11__MHr2D2E2F_000000167594_4	vRhyme_bin_11__MHr2D2E2F_000000167594	MHr2D2E2F_vRhyme_bin_11	0.3245454	low	1.0	very high	unclassified		0.0	low	0.0	low
vRhyme_bin_11__MHr2D2E2F_000000167594_5	vRhyme_bin_11__MHr2D2E2F_000000167594	MHr2D2E2F_vRhyme_bin_11	0.33388326	low	1.0	very high	metabolic	ABC.SN.P; NitT/TauT family transport system permease protein	1.0	very high	1.0	very high
vRhyme_bin_11__MHr2D2E2F_000000167594_6	vRhyme_bin_11__MHr2D2E2F_000000167594	MHr2D2E2F_vRhyme_bin_11	0.32763138	low	0.9479	high	unclassified		0.0	low	0.0	low
vRhyme_bin_11__MHr2D2E2F_000000167594_7	vRhyme_bin_11__MHr2D2E2F_000000167594	MHr2D2E2F_vRhyme_bin_11	0.276781	low	1.0	very high	unclassified	ABC.SN.A; NitT/TauT family transport system ATP-binding protein	0.0	low	0.0	low
vRhyme_bin_11__MHr2D2E2F_000000167594_8	vRhyme_bin_11__MHr2D2E2F_000000167594	MHr2D2E2F_vRhyme_bin_11	0.762728	medium	1.0	very high	unclassified		0.0	low	0.0	low
vRhyme_bin_11__MHr2D2E2F_000000167594_9	vRhyme_bin_11__MHr2D2E2F_000000167594	MHr2D2E2F_vRhyme_bin_11	0.7348852	medium	1.0	very high	unclassified		0.0	low	0.0	low
vRhyme_bin_11__MHr2D2E2F_000000167594_10	vRhyme_bin_11__MHr2D2E2F_000000167594	MHr2D2E2F_vRhyme_bin_11	0.85915375	medium	1.0	very high	unclassified		0.0	low	0.0	low
vRhyme_bin_11__MHr2D2E2F_000000167594_11	vRhyme_bin_11__MHr2D2E2F_000000167594	MHr2D2E2F_vRhyme_bin_11	0.82254153	medium	1.0	very high	unclassified		0.0	low	0.0	low
vRhyme_bin_11__MHr2D2E2F_000000167594_12	vRhyme_bin_11__MHr2D2E2F_000000167594	MHr2D2E2F_vRhyme_bin_11	0.8257377	medium	1.0	very high	unclassified		0.0	low	0.0	low
vRhyme_bin_11__MHr2D2E2F_000000167594_13	vRhyme_bin_11__MHr2D2E2F_000000167594	MHr2D2E2F_vRhyme_bin_11	0.82617897	medium	1.0	very high	unclassified		0.0	low	0.0	low
vRhyme_bin_11__MHr2D2E2F_000000167594_14	vRhyme_bin_11__MHr2D2E2F_000000167594	MHr2D2E2F_vRhyme_bin_11	0.8474237	medium	1.0	very high	unclassified		0.0	low	0.0	low
vRhyme_bin_11__MHr2D2E2F_000000167594_15	vRhyme_bin_11__MHr2D2E2F_000000167594	MHr2D2E2F_vRhyme_bin_11	0.87256783	medium	1.0	very high	unclassified		0.0	low	0.0	low
vRhyme_bin_11__MHr2D2E2F_000000167594_16	vRhyme_bin_11__MHr2D2E2F_000000167594	MHr2D2E2F_vRhyme_bin_11	0.87533873	medium	1.0	very high	unclassified		0.0	low	0.0	low
vRhyme_bin_11__MHr2D2E2F_000000167594_17	vRhyme_bin_11__MHr2D2E2F_000000167594	MHr2D2E2F_vRhyme_bin_11	0.8742875	medium	1.0	very high	unclassified		0.0	low	0.0	low
vRhyme_bin_11__MHr2D2E2F_000000167594_18	vRhyme_bin_11__MHr2D2E2F_000000167594	MHr2D2E2F_vRhyme_bin_11	0.89159423	medium	1.0	very high	unclassified		0.0	low	0.0	low
vRhyme_bin_11__MHr2D2E2F_000000167594_19	vRhyme_bin_11__MHr2D2E2F_000000167594	MHr2D2E2F_vRhyme_bin_11	0.9065475	medium	1.0	very high	unclassified		0.0	low	0.0	low
vRhyme_bin_11__MHr2D2E2F_000000167594_20	vRhyme_bin_11__MHr2D2E2F_000000167594	MHr2D2E2F_vRhyme_bin_11	0.9146694	high	1.0	very high	unclassified		0.0	low	0.0	low
vRhyme_bin_11__MHr2D2E2F_000000167594_21	vRhyme_bin_11__MHr2D2E2F_000000167594	MHr2D2E2F_vRhyme_bin_11	0.91644704	high	1.0	very high	unclassified		0.0	low	0.0	low
vRhyme_bin_11__MHr2D2E2F_000000167594_22	vRhyme_bin_11__MHr2D2E2F_000000167594	MHr2D2E2F_vRhyme_bin_11	0.9239486	high	1.0	very high	unclassified		0.0	low	0.0	low
vRhyme_bin_11__MHr2D2E2F_000000167594_23	vRhyme_bin_11__MHr2D2E2F_000000167594	MHr2D2E2F_vRhyme_bin_11	0.9415843	high	1.0	very high	unclassified		0.0	low	0.0	low
vRhyme_bin_11__MHr2D2E2F_000000167594_24	vRhyme_bin_11__MHr2D2E2F_000000167594	MHr2D2E2F_vRhyme_bin_11	0.93925697	high	1.0	very high	unclassified		0.0	low	0.0	low
vRhyme_bin_11__MHr2D2E2F_000000167594_25	vRhyme_bin_11__MHr2D2E2F_000000167594	MHr2D2E2F_vRhyme_bin_11	0.93632615	high	1.0	very high	unclassified		0.0	low	0.0	low
vRhyme_bin_11__MHr2D2E2F_000000167594_26	vRhyme_bin_11__MHr2D2E2F_000000167594	MHr2D2E2F_vRhyme_bin_11	0.93614036	high	1.0	very high	unclassified		0.0	low	0.0	low
vRhyme_bin_11__MHr2D2E2F_000000167594_27	vRhyme_bin_11__MHr2D2E2F_000000167594	MHr2D2E2F_vRhyme_bin_11	0.9353574	high	1.0	very high	unclassified		0.0	low	0.0	low
vRhyme_bin_11__MHr2D2E2F_000000167594_28	vRhyme_bin_11__MHr2D2E2F_000000167594	MHr2D2E2F_vRhyme_bin_11	0.8949	medium	1.0	very high	unclassified		0.0	low	0.0	low
vRhyme_bin_11__MHr2D2E2F_000000167594_29	vRhyme_bin_11__MHr2D2E2F_000000167594	MHr2D2E2F_vRhyme_bin_11	0.88866556	medium	1.0	very high	unclassified	HNH endonuclease	0.0852	medium	0.0852	medium
vRhyme_bin_11__MHr2D2E2F_000000167594_30	vRhyme_bin_11__MHr2D2E2F_000000167594	MHr2D2E2F_vRhyme_bin_11	0.8873222	medium	1.0	very high	unclassified		0.0	low	0.0	low
vRhyme_bin_11__MHr2D2E2F_000000167594_31	vRhyme_bin_11__MHr2D2E2F_000000167594	MHr2D2E2F_vRhyme_bin_11	0.9269489	high	1.0	very high	unclassified	PD-(D/E)XK endonuclease	0.0	low	0.0	low
vRhyme_bin_11__MHr2D2E2F_000000167594_32	vRhyme_bin_11__MHr2D2E2F_000000167594	MHr2D2E2F_vRhyme_bin_11	0.9055893	medium	1.0	very high	unclassified		0.0	low	0.0	low
vRhyme_bin_11__MHr2D2E2F_000000167594_33	vRhyme_bin_11__MHr2D2E2F_000000167594	MHr2D2E2F_vRhyme_bin_11	0.8927077	medium	1.0	very high	unclassified		0.0	low	0.0	low
vRhyme_bin_11__MHr2D2E2F_000000172760_1	vRhyme_bin_11__MHr2D2E2F_000000172760	MHr2D2E2F_vRhyme_bin_11	0.979761	high	1.0	very high	unclassified		0.0	low	0.0	low
vRhyme_bin_11__MHr2D2E2F_000000172760_2	vRhyme_bin_11__MHr2D2E2F_000000172760	MHr2D2E2F_vRhyme_bin_11	0.979761	high	1.0	very high	unclassified		0.0	low	0.0	low
vRhyme_bin_11__MHr2D2E2F_000000172760_3	vRhyme_bin_11__MHr2D2E2F_000000172760	MHr2D2E2F_vRhyme_bin_11	0.97737926	high	1.0	very high	unclassified		0.0	low	0.0	low
vRhyme_bin_11__MHr2D2E2F_000000172760_4	vRhyme_bin_11__MHr2D2E2F_000000172760	MHr2D2E2F_vRhyme_bin_11	0.97737926	high	1.0	very high	unclassified		0.0	low	0.0	low
vRhyme_bin_11__MHr2D2E2F_000000172760_5	vRhyme_bin_11__MHr2D2E2F_000000172760	MHr2D2E2F_vRhyme_bin_11	0.97737926	high	1.0	very high	unclassified		0.0	low	0.0	low
vRhyme_bin_11__MHr2D2E2F_000000172760_6	vRhyme_bin_11__MHr2D2E2F_000000172760	MHr2D2E2F_vRhyme_bin_11	0.9701801	high	1.0	very high	unclassified		0.0	low	0.0	low
vRhyme_bin_11__MHr2D2E2F_000000172760_7	vRhyme_bin_11__MHr2D2E2F_000000172760	MHr2D2E2F_vRhyme_bin_11	0.96030223	high	1.0	very high	unclassified		0.0	low	0.0	low
vRhyme_bin_11__MHr2D2E2F_000000172760_8	vRhyme_bin_11__MHr2D2E2F_000000172760	MHr2D2E2F_vRhyme_bin_11	0.9579338	high	1.0	very high	unclassified		0.0	low	0.0	low
vRhyme_bin_11__MHr2D2E2F_000000172760_9	vRhyme_bin_11__MHr2D2E2F_000000172760	MHr2D2E2F_vRhyme_bin_11	0.9521454	high	1.0	very high	unclassified		0.0	low	0.0	low
vRhyme_bin_11__MHr2D2E2F_000000172760_10	vRhyme_bin_11__MHr2D2E2F_000000172760	MHr2D2E2F_vRhyme_bin_11	0.94980794	high	1.0	very high	unclassified		0.0	low	0.0	low
vRhyme_bin_11__MHr2D2E2F_000000172760_11	vRhyme_bin_11__MHr2D2E2F_000000172760	MHr2D2E2F_vRhyme_bin_11	0.9500675	high	1.0	very high	unclassified		0.0	low	0.0	low
vRhyme_bin_11__MHr2D2E2F_000000172760_12	vRhyme_bin_11__MHr2D2E2F_000000172760	MHr2D2E2F_vRhyme_bin_11	0.9500675	high	1.0	very high	unclassified		0.0	low	0.0	low
vRhyme_bin_11__MHr2D2E2F_000000172760_13	vRhyme_bin_11__MHr2D2E2F_000000172760	MHr2D2E2F_vRhyme_bin_11	0.9500675	high	1.0	very high	unclassified		0.0	low	0.0	low
vRhyme_bin_11__MHr2D2E2F_000000172760_14	vRhyme_bin_11__MHr2D2E2F_000000172760	MHr2D2E2F_vRhyme_bin_11	0.95031905	high	1.0	very high	unclassified		0.0	low	0.0	low
vRhyme_bin_11__MHr2D2E2F_000000172760_15	vRhyme_bin_11__MHr2D2E2F_000000172760	MHr2D2E2F_vRhyme_bin_11	0.9276617	high	1.0	very high	unclassified	Family of unknown function (DUF6283)	0.0	low	0.0	low
vRhyme_bin_11__MHr2D2E2F_000000172760_16	vRhyme_bin_11__MHr2D2E2F_000000172760	MHr2D2E2F_vRhyme_bin_11	0.9324585	high	1.0	very high	unclassified		0.0	low	0.0	low
vRhyme_bin_11__MHr2D2E2F_000000172760_17	vRhyme_bin_11__MHr2D2E2F_000000172760	MHr2D2E2F_vRhyme_bin_11	0.93215877	high	1.0	very high	unclassified		0.0	low	0.0	low
vRhyme_bin_11__MHr2D2E2F_000000172760_18	vRhyme_bin_11__MHr2D2E2F_000000172760	MHr2D2E2F_vRhyme_bin_11	0.9313706	high	1.0	very high	unclassified		0.0	low	0.0	low
vRhyme_bin_11__MHr2D2E2F_000000172760_19	vRhyme_bin_11__MHr2D2E2F_000000172760	MHr2D2E2F_vRhyme_bin_11	0.8541001	medium	1.0	very high	unclassified		0.0	low	0.0	low
vRhyme_bin_11__MHr2D2E2F_000000172760_20	vRhyme_bin_11__MHr2D2E2F_000000172760	MHr2D2E2F_vRhyme_bin_11	0.86161673	medium	1.0	very high	unclassified		0.0	low	0.0	low
vRhyme_bin_11__MHr2D2E2F_000000172760_21	vRhyme_bin_11__MHr2D2E2F_000000172760	MHr2D2E2F_vRhyme_bin_11	0.84976417	medium	1.0	very high	unclassified		0.0	low	0.0	low
vRhyme_bin_11__MHr2D2E2F_000000172760_22	vRhyme_bin_11__MHr2D2E2F_000000172760	MHr2D2E2F_vRhyme_bin_11	0.85227597	medium	1.0	very high	unclassified		0.0	low	0.0	low
vRhyme_bin_11__MHr2D2E2F_000000172760_23	vRhyme_bin_11__MHr2D2E2F_000000172760	MHr2D2E2F_vRhyme_bin_11	0.7876754	medium	1.0	very high	unclassified		0.0	low	0.0	low
vRhyme_bin_11__MHr2D2E2F_000000172760_24	vRhyme_bin_11__MHr2D2E2F_000000172760	MHr2D2E2F_vRhyme_bin_11	0.75806737	medium	1.0	very high	unclassified		0.0	low	0.0	low
vRhyme_bin_11__MHr2D2E2F_000000172760_25	vRhyme_bin_11__MHr2D2E2F_000000172760	MHr2D2E2F_vRhyme_bin_11	0.7612738	medium	0.9521	high	unclassified		0.0	low	0.0	low
vRhyme_bin_11__MHr2D2E2F_000000172760_26	vRhyme_bin_11__MHr2D2E2F_000000172760	MHr2D2E2F_vRhyme_bin_11	0.8902263	medium	1.0	very high	unclassified		0.0	low	0.0	low
vRhyme_bin_11__MHr2D2E2F_000000172760_27	vRhyme_bin_11__MHr2D2E2F_000000172760	MHr2D2E2F_vRhyme_bin_11	0.888772	medium	1.0	very high	unclassified		0.0	low	0.0	low
vRhyme_bin_11__MHr2D2E2F_000000172760_28	vRhyme_bin_11__MHr2D2E2F_000000172760	MHr2D2E2F_vRhyme_bin_11	0.8947655	medium	1.0	very high	unclassified		0.0	low	0.0	low
vRhyme_bin_11__MHr2D2E2F_000000172760_29	vRhyme_bin_11__MHr2D2E2F_000000172760	MHr2D2E2F_vRhyme_bin_11	0.89508754	medium	1.0	very high	unclassified		0.0	low	0.0	low
vRhyme_bin_11__MHr2D2E2F_000000172760_30	vRhyme_bin_11__MHr2D2E2F_000000172760	MHr2D2E2F_vRhyme_bin_11	0.8859569	medium	1.0	very high	unclassified		0.0	low	0.0	low
vRhyme_bin_11__MHr2D2E2F_000000172760_31	vRhyme_bin_11__MHr2D2E2F_000000172760	MHr2D2E2F_vRhyme_bin_11	0.9107021	medium	1.0	very high	unclassified		1.0	very high	1.0	very high
vRhyme_bin_11__MHr2D2E2F_000000172760_32	vRhyme_bin_11__MHr2D2E2F_000000172760	MHr2D2E2F_vRhyme_bin_11	0.78450245	medium	1.0	very high	unclassified		0.0	low	0.0	low
vRhyme_bin_11__MHr2D2E2F_000000251315_1	vRhyme_bin_11__MHr2D2E2F_000000251315	MHr2D2E2F_vRhyme_bin_11	0.6268832	medium	1.0	very high	unclassified	ku; DNA end-binding protein Ku	0.0	low	0.0	low
vRhyme_bin_11__MHr2D2E2F_000000251315_2	vRhyme_bin_11__MHr2D2E2F_000000251315	MHr2D2E2F_vRhyme_bin_11	0.69891584	medium	1.0	very high	unclassified		0.0	low	0.0	low
vRhyme_bin_11__MHr2D2E2F_000000251315_3	vRhyme_bin_11__MHr2D2E2F_000000251315	MHr2D2E2F_vRhyme_bin_11	0.6811999	medium	1.0	very high	unclassified		0.0	low	0.0	low
vRhyme_bin_11__MHr2D2E2F_000000251315_4	vRhyme_bin_11__MHr2D2E2F_000000251315	MHr2D2E2F_vRhyme_bin_11	0.6826673	medium	1.0	very high	unclassified		0.0	low	0.0	low
vRhyme_bin_11__MHr2D2E2F_000000251315_5	vRhyme_bin_11__MHr2D2E2F_000000251315	MHr2D2E2F_vRhyme_bin_11	0.56822944	low	1.0	very high	unclassified		0.0	low	0.0	low
vRhyme_bin_11__MHr2D2E2F_000000251315_6	vRhyme_bin_11__MHr2D2E2F_000000251315	MHr2D2E2F_vRhyme_bin_11	0.5540969	low	1.0	very high	unclassified		0.0	low	0.0	low
vRhyme_bin_11__MHr2D2E2F_000000251315_7	vRhyme_bin_11__MHr2D2E2F_000000251315	MHr2D2E2F_vRhyme_bin_11	0.56486857	low	1.0	very high	unclassified		0.0	low	0.0	low
vRhyme_bin_11__MHr2D2E2F_000000251315_8	vRhyme_bin_11__MHr2D2E2F_000000251315	MHr2D2E2F_vRhyme_bin_11	0.56985295	low	1.0	very high	unclassified		0.0	low	0.0	low
vRhyme_bin_11__MHr2D2E2F_000000251315_9	vRhyme_bin_11__MHr2D2E2F_000000251315	MHr2D2E2F_vRhyme_bin_11	0.5384092	low	1.0	very high	unclassified		0.0	low	0.0	low
vRhyme_bin_11__MHr2D2E2F_000000251315_10	vRhyme_bin_11__MHr2D2E2F_000000251315	MHr2D2E2F_vRhyme_bin_11	0.5541233	low	1.0	very high	unclassified		0.0	low	0.0	low
vRhyme_bin_11__MHr2D2E2F_000000251315_11	vRhyme_bin_11__MHr2D2E2F_000000251315	MHr2D2E2F_vRhyme_bin_11	0.56521654	low	1.0	very high	unclassified		0.0	low	0.0	low
vRhyme_bin_11__MHr2D2E2F_000000251315_12	vRhyme_bin_11__MHr2D2E2F_000000251315	MHr2D2E2F_vRhyme_bin_11	0.56226075	low	1.0	very high	unclassified		0.0	low	0.0	low
vRhyme_bin_11__MHr2D2E2F_000000251315_13	vRhyme_bin_11__MHr2D2E2F_000000251315	MHr2D2E2F_vRhyme_bin_11	0.5291468	low	1.0	very high	unclassified		0.0	low	0.0	low
vRhyme_bin_11__MHr2D2E2F_000000251315_14	vRhyme_bin_11__MHr2D2E2F_000000251315	MHr2D2E2F_vRhyme_bin_11	0.48637953	low	1.0	very high	unclassified	lig; DNA ligase [EC:6.5.1.1]	0.0	low	0.0	low
vRhyme_bin_11__MHr2D2E2F_000000251315_15	vRhyme_bin_11__MHr2D2E2F_000000251315	MHr2D2E2F_vRhyme_bin_11	0.66689986	medium	1.0	very high	unclassified		0.0	low	0.0	low
vRhyme_bin_11__MHr2D2E2F_000000251315_16	vRhyme_bin_11__MHr2D2E2F_000000251315	MHr2D2E2F_vRhyme_bin_11	0.5478549	low	1.0	very high	unclassified		0.0	low	0.0	low
vRhyme_bin_11__MHr2D2E2F_000000251315_17	vRhyme_bin_11__MHr2D2E2F_000000251315	MHr2D2E2F_vRhyme_bin_11	0.8238444	medium	1.0	very high	unclassified		0.0	low	0.0	low
vRhyme_bin_11__MHr2D2E2F_000000251315_18	vRhyme_bin_11__MHr2D2E2F_000000251315	MHr2D2E2F_vRhyme_bin_11	0.86470884	medium	1.0	very high	unclassified		0.0	low	0.0	low
vRhyme_bin_11__MHr2D2E2F_000000251315_19	vRhyme_bin_11__MHr2D2E2F_000000251315	MHr2D2E2F_vRhyme_bin_11	0.8613921	medium	1.0	very high	unclassified		0.0	low	0.0	low
vRhyme_bin_11__MHr2D2E2F_000000251315_20	vRhyme_bin_11__MHr2D2E2F_000000251315	MHr2D2E2F_vRhyme_bin_11	0.90017927	medium	1.0	very high	unclassified		0.0	low	0.0	low
vRhyme_bin_11__MHr2D2E2F_000000251315_21	vRhyme_bin_11__MHr2D2E2F_000000251315	MHr2D2E2F_vRhyme_bin_11	0.8868053	medium	0.9601	high	unclassified		0.0	low	0.0	low
vRhyme_bin_11__MHr2D2E2F_000000251315_22	vRhyme_bin_11__MHr2D2E2F_000000251315	MHr2D2E2F_vRhyme_bin_11	0.8981378	medium	1.0	very high	unclassified		0.0	low	0.0	low
vRhyme_bin_11__MHr2D2E2F_000000251315_23	vRhyme_bin_11__MHr2D2E2F_000000251315	MHr2D2E2F_vRhyme_bin_11	0.8811043	medium	1.0	very high	unclassified		0.0	low	0.0	low
vRhyme_bin_11__MHr2D2E2F_000000251315_24	vRhyme_bin_11__MHr2D2E2F_000000251315	MHr2D2E2F_vRhyme_bin_11	0.8075314	medium	1.0	very high	unclassified	Family of unknown function (DUF6744)	0.0	low	0.0	low
vRhyme_bin_11__MHr2D2E2F_000000251315_25	vRhyme_bin_11__MHr2D2E2F_000000251315	MHr2D2E2F_vRhyme_bin_11	0.88709366	medium	1.0	very high	unclassified		0.0	low	0.0	low
vRhyme_bin_11__MHr2D2E2F_000000251315_26	vRhyme_bin_11__MHr2D2E2F_000000251315	MHr2D2E2F_vRhyme_bin_11	0.9038512	medium	1.0	very high	unclassified		0.0	low	0.0	low
vRhyme_bin_11__MHr2D2E2F_000000251315_27	vRhyme_bin_11__MHr2D2E2F_000000251315	MHr2D2E2F_vRhyme_bin_11	0.89185256	medium	1.0	very high	unclassified	HNH endonuclease	0.0	low	0.0	low
vRhyme_bin_11__MHr2D2E2F_000000251315_28	vRhyme_bin_11__MHr2D2E2F_000000251315	MHr2D2E2F_vRhyme_bin_11	0.9351809	high	1.0	very high	unclassified		0.0	low	0.0	low
vRhyme_bin_11__MHr2D2E2F_000000251315_29	vRhyme_bin_11__MHr2D2E2F_000000251315	MHr2D2E2F_vRhyme_bin_11	0.9315119	high	1.0	very high	unclassified	ATPase	0.0	low	0.0	low
vRhyme_bin_11__MHr2D2E2F_000000251315_30	vRhyme_bin_11__MHr2D2E2F_000000251315	MHr2D2E2F_vRhyme_bin_11	0.64423126	medium	1.0	very high	unclassified	apaH; bis(5'-nucleosyl)-tetraphosphatase (symmetrical) [EC:3.6.1.41]	0.0	low	0.0	low
vRhyme_bin_11__MHr2D2E2F_000000251315_31	vRhyme_bin_11__MHr2D2E2F_000000251315	MHr2D2E2F_vRhyme_bin_11	0.759467	medium	1.0	very high	unclassified		0.0	low	0.0	low
vRhyme_bin_11__MHr2D2E2F_000000251315_32	vRhyme_bin_11__MHr2D2E2F_000000251315	MHr2D2E2F_vRhyme_bin_11	0.7708948	medium	1.0	very high	unclassified		0.0	low	0.0	low
vRhyme_bin_11__MHr2D2E2F_000000286237_1	vRhyme_bin_11__MHr2D2E2F_000000286237	MHr2D2E2F_vRhyme_bin_11	0.43098173	low	1.0	very high	unclassified		0.0	low	0.0	low
vRhyme_bin_11__MHr2D2E2F_000000286237_2	vRhyme_bin_11__MHr2D2E2F_000000286237	MHr2D2E2F_vRhyme_bin_11	0.1749033	low	0.9363	high	unclassified		0.0	low	0.0	low
vRhyme_bin_11__MHr2D2E2F_000000286237_3	vRhyme_bin_11__MHr2D2E2F_000000286237	MHr2D2E2F_vRhyme_bin_11	0.15769653	low	1.0	very high	unclassified		0.0	low	0.0	low
vRhyme_bin_11__MHr2D2E2F_000000286237_4	vRhyme_bin_11__MHr2D2E2F_000000286237	MHr2D2E2F_vRhyme_bin_11	0.1519435	low	1.0	very high	unclassified		0.0	low	0.0	low
vRhyme_bin_11__MHr2D2E2F_000000286237_5	vRhyme_bin_11__MHr2D2E2F_000000286237	MHr2D2E2F_vRhyme_bin_11	0.20062648	low	1.0	very high	unclassified		0.0	low	0.0	low
vRhyme_bin_11__MHr2D2E2F_000000286237_6	vRhyme_bin_11__MHr2D2E2F_000000286237	MHr2D2E2F_vRhyme_bin_11	0.4825585	low	1.0	very high	unclassified		0.0	low	0.0	low
vRhyme_bin_11__MHr2D2E2F_000000286237_7	vRhyme_bin_11__MHr2D2E2F_000000286237	MHr2D2E2F_vRhyme_bin_11	0.2412248	low	1.0	very high	unclassified		0.0	low	0.0	low
vRhyme_bin_11__MHr2D2E2F_000000286237_8	vRhyme_bin_11__MHr2D2E2F_000000286237	MHr2D2E2F_vRhyme_bin_11	0.41737565	low	1.0	very high	unclassified		0.0	low	0.0	low
vRhyme_bin_11__MHr2D2E2F_000000286237_9	vRhyme_bin_11__MHr2D2E2F_000000286237	MHr2D2E2F_vRhyme_bin_11	0.4188755	low	1.0	very high	unclassified	radA, sms; DNA repair protein RadA/Sms	0.0	low	0.0	low
vRhyme_bin_11__MHr2D2E2F_000000286237_10	vRhyme_bin_11__MHr2D2E2F_000000286237	MHr2D2E2F_vRhyme_bin_11	0.69066083	medium	1.0	very high	unclassified		0.0	low	0.0	low
vRhyme_bin_11__MHr2D2E2F_000000286237_11	vRhyme_bin_11__MHr2D2E2F_000000286237	MHr2D2E2F_vRhyme_bin_11	0.7739034	medium	1.0	very high	unclassified		0.0	low	0.0	low
vRhyme_bin_11__MHr2D2E2F_000000286237_12	vRhyme_bin_11__MHr2D2E2F_000000286237	MHr2D2E2F_vRhyme_bin_11	0.7752275	medium	0.9575	high	unclassified		0.0	low	0.0	low
vRhyme_bin_11__MHr2D2E2F_000000286237_13	vRhyme_bin_11__MHr2D2E2F_000000286237	MHr2D2E2F_vRhyme_bin_11	0.76121265	medium	0.8747	high	unclassified		0.0	low	0.0	low
vRhyme_bin_11__MHr2D2E2F_000000286237_14	vRhyme_bin_11__MHr2D2E2F_000000286237	MHr2D2E2F_vRhyme_bin_11	0.7684117	medium	1.0	very high	unclassified		0.0	low	0.0	low
vRhyme_bin_11__MHr2D2E2F_000000286237_15	vRhyme_bin_11__MHr2D2E2F_000000286237	MHr2D2E2F_vRhyme_bin_11	0.82606065	medium	0.9586	high	unclassified		0.0	low	0.0	low
vRhyme_bin_11__MHr2D2E2F_000000286237_16	vRhyme_bin_11__MHr2D2E2F_000000286237	MHr2D2E2F_vRhyme_bin_11	0.8352037	medium	0.9531	high	unclassified		0.0	low	0.0	low
vRhyme_bin_11__MHr2D2E2F_000000286237_17	vRhyme_bin_11__MHr2D2E2F_000000286237	MHr2D2E2F_vRhyme_bin_11	0.7229541	medium	1.0	very high	unclassified		0.0	low	0.0	low
vRhyme_bin_11__MHr2D2E2F_000000286237_18	vRhyme_bin_11__MHr2D2E2F_000000286237	MHr2D2E2F_vRhyme_bin_11	0.8886282	medium	1.0	very high	unclassified		0.0	low	0.0	low
vRhyme_bin_11__MHr2D2E2F_000000286237_19	vRhyme_bin_11__MHr2D2E2F_000000286237	MHr2D2E2F_vRhyme_bin_11	0.77937984	medium	1.0	very high	unclassified		0.0	low	0.0	low
vRhyme_bin_11__MHr2D2E2F_000000286237_20	vRhyme_bin_11__MHr2D2E2F_000000286237	MHr2D2E2F_vRhyme_bin_11	0.62738913	medium	1.0	very high	unclassified		0.0	low	0.0	low
vRhyme_bin_11__MHr2D2E2F_000000286237_21	vRhyme_bin_11__MHr2D2E2F_000000286237	MHr2D2E2F_vRhyme_bin_11	0.64621603	medium	0.8794	high	unclassified		0.0	low	0.0	low
vRhyme_bin_11__MHr2D2E2F_000000286237_22	vRhyme_bin_11__MHr2D2E2F_000000286237	MHr2D2E2F_vRhyme_bin_11	0.128534	low	0.939	high	unclassified		0.0	low	0.0	low
vRhyme_bin_11__MHr2D2E2F_000000286237_23	vRhyme_bin_11__MHr2D2E2F_000000286237	MHr2D2E2F_vRhyme_bin_11	0.6025702	medium	1.0	very high	unclassified		0.0	low	0.0	low
vRhyme_bin_11__MHr2D2E2F_000000286237_24	vRhyme_bin_11__MHr2D2E2F_000000286237	MHr2D2E2F_vRhyme_bin_11	0.111847855	low	1.0	very high	unclassified		0.0	low	0.0	low
vRhyme_bin_11__MHr2D2E2F_000000286237_25	vRhyme_bin_11__MHr2D2E2F_000000286237	MHr2D2E2F_vRhyme_bin_11	0.29904038	low	1.0	very high	unclassified		0.0	low	0.0	low
vRhyme_bin_11__MHr2D2E2F_000000286237_26	vRhyme_bin_11__MHr2D2E2F_000000286237	MHr2D2E2F_vRhyme_bin_11	0.36823627	low	1.0	very high	unclassified		0.0	low	0.0	low
vRhyme_bin_11__MHr2D2E2F_000000286237_27	vRhyme_bin_11__MHr2D2E2F_000000286237	MHr2D2E2F_vRhyme_bin_11	0.35156244	low	1.0	very high	unclassified		0.0	low	0.0	low
vRhyme_bin_11__MHr2D2E2F_000000286237_28	vRhyme_bin_11__MHr2D2E2F_000000286237	MHr2D2E2F_vRhyme_bin_11	0.3569015	low	1.0	very high	unclassified		0.0	low	0.0	low
vRhyme_bin_11__MHr2D2E2F_000000286237_29	vRhyme_bin_11__MHr2D2E2F_000000286237	MHr2D2E2F_vRhyme_bin_11	0.36726433	low	1.0	very high	unclassified		0.0	low	0.0	low
vRhyme_bin_11__MHr2D2E2F_000000286237_30	vRhyme_bin_11__MHr2D2E2F_000000286237	MHr2D2E2F_vRhyme_bin_11	0.33345917	low	1.0	very high	unclassified		0.0	low	0.0	low
vRhyme_bin_11__MHr2D2E2F_000000286237_31	vRhyme_bin_11__MHr2D2E2F_000000286237	MHr2D2E2F_vRhyme_bin_11	0.44750687	low	0.9465	high	unclassified		0.0	low	0.0	low
vRhyme_bin_11__MHr2D2E2F_000000286237_32	vRhyme_bin_11__MHr2D2E2F_000000286237	MHr2D2E2F_vRhyme_bin_11	0.5262714	low	0.9551	high	unclassified		0.0	low	0.0	low
vRhyme_bin_11__MHr2D2E2F_000000286237_33	vRhyme_bin_11__MHr2D2E2F_000000286237	MHr2D2E2F_vRhyme_bin_11	0.88926053	medium	1.0	very high	unclassified	""	0.0	low	0.0	low
vRhyme_bin_11__MHr2D2E2F_000000286237_34	vRhyme_bin_11__MHr2D2E2F_000000286237	MHr2D2E2F_vRhyme_bin_11	0.90690553	medium	0.9577	high	unclassified		0.0	low	0.0	low
vRhyme_bin_11__MHr2D2E2F_000000286237_35	vRhyme_bin_11__MHr2D2E2F_000000286237	MHr2D2E2F_vRhyme_bin_11	0.90690553	medium	1.0	very high	unclassified		0.0	low	0.0	low
vRhyme_bin_11__MHr2D2E2F_000000286237_36	vRhyme_bin_11__MHr2D2E2F_000000286237	MHr2D2E2F_vRhyme_bin_11	0.9247131	high	1.0	very high	unclassified		0.0	low	0.0	low
vRhyme_bin_11__MHr2D2E2F_000000286237_37	vRhyme_bin_11__MHr2D2E2F_000000286237	MHr2D2E2F_vRhyme_bin_11	0.93110216	high	1.0	very high	unclassified		0.0	low	0.0	low
vRhyme_bin_11__MHr2D2E2F_000000308642_1	vRhyme_bin_11__MHr2D2E2F_000000308642	MHr2D2E2F_vRhyme_bin_11	0.9849312	high	1.0	very high	unclassified		0.0	low	0.0	low
vRhyme_bin_11__MHr2D2E2F_000000308642_2	vRhyme_bin_11__MHr2D2E2F_000000308642	MHr2D2E2F_vRhyme_bin_11	0.9899994	high	1.0	very high	unclassified		0.0	low	0.0	low
vRhyme_bin_11__MHr2D2E2F_000000308642_3	vRhyme_bin_11__MHr2D2E2F_000000308642	MHr2D2E2F_vRhyme_bin_11	0.9943528	high	1.0	very high	unclassified		0.0	low	0.0	low
vRhyme_bin_11__MHr2D2E2F_000000308642_4	vRhyme_bin_11__MHr2D2E2F_000000308642	MHr2D2E2F_vRhyme_bin_11	0.99687934	high	1.0	very high	unclassified		0.0	low	0.0	low
vRhyme_bin_11__MHr2D2E2F_000000308642_5	vRhyme_bin_11__MHr2D2E2F_000000308642	MHr2D2E2F_vRhyme_bin_11	0.99652725	high	1.0	very high	unclassified		0.0	low	0.0	low
vRhyme_bin_11__MHr2D2E2F_000000308642_6	vRhyme_bin_11__MHr2D2E2F_000000308642	MHr2D2E2F_vRhyme_bin_11	0.99681413	high	1.0	very high	unclassified		0.0	low	0.0	low
vRhyme_bin_11__MHr2D2E2F_000000308642_7	vRhyme_bin_11__MHr2D2E2F_000000308642	MHr2D2E2F_vRhyme_bin_11	0.9965247	high	1.0	very high	unclassified		0.0	low	0.0	low
vRhyme_bin_11__MHr2D2E2F_000000308642_8	vRhyme_bin_11__MHr2D2E2F_000000308642	MHr2D2E2F_vRhyme_bin_11	0.99713665	high	1.0	very high	unclassified		0.0	low	0.0	low
vRhyme_bin_11__MHr2D2E2F_000000308642_9	vRhyme_bin_11__MHr2D2E2F_000000308642	MHr2D2E2F_vRhyme_bin_11	0.9970574	high	1.0	very high	unclassified		0.0	low	0.0	low
vRhyme_bin_11__MHr2D2E2F_000000308642_10	vRhyme_bin_11__MHr2D2E2F_000000308642	MHr2D2E2F_vRhyme_bin_11	0.98531556	high	1.0	very high	unclassified	DNA polymerase	0.0	low	0.0	low
vRhyme_bin_11__MHr2D2E2F_000000308642_11	vRhyme_bin_11__MHr2D2E2F_000000308642	MHr2D2E2F_vRhyme_bin_11	0.9717766	high	1.0	very high	unclassified		0.0	low	0.0	low
vRhyme_bin_11__MHr2D2E2F_000000308642_12	vRhyme_bin_11__MHr2D2E2F_000000308642	MHr2D2E2F_vRhyme_bin_11	0.9696313	high	1.0	very high	unclassified		0.0	low	0.0	low
vRhyme_bin_11__MHr2D2E2F_000000308642_13	vRhyme_bin_11__MHr2D2E2F_000000308642	MHr2D2E2F_vRhyme_bin_11	0.9762294	high	1.0	very high	unclassified	recD; exodeoxyribonuclease V alpha subunit [EC:3.1.11.5]	0.0	low	0.0	low
vRhyme_bin_11__MHr2D2E2F_000000308642_14	vRhyme_bin_11__MHr2D2E2F_000000308642	MHr2D2E2F_vRhyme_bin_11	0.9775248	high	1.0	very high	unclassified	comEB; dCMP deaminase [EC:3.5.4.12]	0.0	low	0.0	low
vRhyme_bin_11__MHr2D2E2F_000000308642_15	vRhyme_bin_11__MHr2D2E2F_000000308642	MHr2D2E2F_vRhyme_bin_11	0.7385807	medium	1.0	very high	unclassified		0.0	low	0.0	low
vRhyme_bin_11__MHr2D2E2F_000000308642_16	vRhyme_bin_11__MHr2D2E2F_000000308642	MHr2D2E2F_vRhyme_bin_11	0.76372755	medium	1.0	very high	unclassified	nudG; (d)CTP diphosphatase [EC:3.6.1.65]	0.0	low	0.0	low
vRhyme_bin_11__MHr2D2E2F_000000308642_17	vRhyme_bin_11__MHr2D2E2F_000000308642	MHr2D2E2F_vRhyme_bin_11	0.70938045	medium	1.0	very high	unclassified		0.0	low	0.0	low
vRhyme_bin_11__MHr2D2E2F_000000308642_18	vRhyme_bin_11__MHr2D2E2F_000000308642	MHr2D2E2F_vRhyme_bin_11	0.9410054	high	1.0	very high	unclassified	yfdR; 5'-nucleotidase [EC:3.1.3.89]	0.0	low	0.0	low
vRhyme_bin_11__MHr2D2E2F_000000308642_19	vRhyme_bin_11__MHr2D2E2F_000000308642	MHr2D2E2F_vRhyme_bin_11	0.94533277	high	1.0	very high	unclassified		0.0	low	0.0	low
vRhyme_bin_11__MHr2D2E2F_000000308642_20	vRhyme_bin_11__MHr2D2E2F_000000308642	MHr2D2E2F_vRhyme_bin_11	0.93797016	high	1.0	very high	unclassified		0.0	low	0.0	low
vRhyme_bin_11__MHr2D2E2F_000000308642_21	vRhyme_bin_11__MHr2D2E2F_000000308642	MHr2D2E2F_vRhyme_bin_11	0.9011341	medium	1.0	very high	unclassified	rtpR; ribonucleoside-triphosphate reductase (thioredoxin) [EC:1.17.4.2]	0.0	low	0.0	low
vRhyme_bin_11__MHr2D2E2F_000000308642_22	vRhyme_bin_11__MHr2D2E2F_000000308642	MHr2D2E2F_vRhyme_bin_11	0.9364443	high	1.0	very high	unclassified		0.0	low	0.0	low
vRhyme_bin_11__MHr2D2E2F_000000308642_23	vRhyme_bin_11__MHr2D2E2F_000000308642	MHr2D2E2F_vRhyme_bin_11	0.9541239	high	1.0	very high	unclassified		0.0	low	0.0	low
vRhyme_bin_11__MHr2D2E2F_000000308642_24	vRhyme_bin_11__MHr2D2E2F_000000308642	MHr2D2E2F_vRhyme_bin_11	0.98542345	high	1.0	very high	unclassified	thyX, thy1; thymidylate synthase (FAD) [EC:2.1.1.148]	0.0	low	0.0	low
vRhyme_bin_11__MHr2D2E2F_000000308642_25	vRhyme_bin_11__MHr2D2E2F_000000308642	MHr2D2E2F_vRhyme_bin_11	0.94778365	high	1.0	very high	unclassified		0.0	low	0.0	low
vRhyme_bin_11__MHr2D2E2F_000000308642_26	vRhyme_bin_11__MHr2D2E2F_000000308642	MHr2D2E2F_vRhyme_bin_11	0.94432944	high	1.0	very high	unclassified		0.0	low	0.0	low
vRhyme_bin_11__MHr2D2E2F_000000308642_27	vRhyme_bin_11__MHr2D2E2F_000000308642	MHr2D2E2F_vRhyme_bin_11	0.92722464	high	1.0	very high	unclassified	""	0.0	low	0.0	low
vRhyme_bin_11__MHr2D2E2F_000000308642_28	vRhyme_bin_11__MHr2D2E2F_000000308642	MHr2D2E2F_vRhyme_bin_11	0.92239374	high	1.0	very high	unclassified		0.0	low	0.0	low
vRhyme_bin_11__MHr2D2E2F_000000308642_29	vRhyme_bin_11__MHr2D2E2F_000000308642	MHr2D2E2F_vRhyme_bin_11	0.9592637	high	1.0	very high	unclassified		0.0	low	0.0	low
vRhyme_bin_11__MHr2D2E2F_000000308642_30	vRhyme_bin_11__MHr2D2E2F_000000308642	MHr2D2E2F_vRhyme_bin_11	0.96193266	high	1.0	very high	unclassified		0.0	low	0.0	low
vRhyme_bin_11__MHr2D2E2F_000000308642_31	vRhyme_bin_11__MHr2D2E2F_000000308642	MHr2D2E2F_vRhyme_bin_11	0.9637516	high	1.0	very high	unclassified		0.0	low	0.0	low
vRhyme_bin_11__MHr2D2E2F_000000308642_32	vRhyme_bin_11__MHr2D2E2F_000000308642	MHr2D2E2F_vRhyme_bin_11	0.94752187	high	1.0	very high	unclassified	transposase	0.0	low	0.0	low
vRhyme_bin_11__MHr2D2E2F_000000308642_33	vRhyme_bin_11__MHr2D2E2F_000000308642	MHr2D2E2F_vRhyme_bin_11	0.98281336	high	1.0	very high	unclassified		0.0	low	0.0	low
vRhyme_bin_11__MHr2D2E2F_000000308642_34	vRhyme_bin_11__MHr2D2E2F_000000308642	MHr2D2E2F_vRhyme_bin_11	0.9820576	high	1.0	very high	unclassified		0.0	low	0.0	low
vRhyme_bin_11__MHr2D2E2F_000000308642_35	vRhyme_bin_11__MHr2D2E2F_000000308642	MHr2D2E2F_vRhyme_bin_11	0.964528	high	1.0	very high	unclassified		0.0	low	0.0	low
vRhyme_bin_11__MHr2D2E2F_000000308642_36	vRhyme_bin_11__MHr2D2E2F_000000308642	MHr2D2E2F_vRhyme_bin_11	0.97042316	high	1.0	very high	unclassified		0.0	low	0.0	low
vRhyme_bin_11__MHr2D2E2F_000000308642_37	vRhyme_bin_11__MHr2D2E2F_000000308642	MHr2D2E2F_vRhyme_bin_11	0.9731606	high	1.0	very high	unclassified		0.0	low	0.0	low
vRhyme_bin_11__MHr2D2E2F_000000308642_38	vRhyme_bin_11__MHr2D2E2F_000000308642	MHr2D2E2F_vRhyme_bin_11	0.97048575	high	1.0	very high	unclassified		0.0	low	0.0	low
vRhyme_bin_11__MHr2D2E2F_000000308642_39	vRhyme_bin_11__MHr2D2E2F_000000308642	MHr2D2E2F_vRhyme_bin_11	0.97068894	high	0.9521	high	unclassified		0.0	low	0.0	low
vRhyme_bin_11__MHr2D2E2F_000000308642_40	vRhyme_bin_11__MHr2D2E2F_000000308642	MHr2D2E2F_vRhyme_bin_11	0.8816954	medium	1.0	very high	unclassified		0.0	low	0.0	low
vRhyme_bin_11__MHr2D2E2F_000000308642_41	vRhyme_bin_11__MHr2D2E2F_000000308642	MHr2D2E2F_vRhyme_bin_11	0.9723533	high	1.0	very high	unclassified		0.0	low	0.0	low
vRhyme_bin_11__MHr2D2E2F_000000308642_42	vRhyme_bin_11__MHr2D2E2F_000000308642	MHr2D2E2F_vRhyme_bin_11	0.9736637	high	0.9529	high	unclassified		0.0	low	0.0	low
vRhyme_bin_11__MHr2D2E2F_000000308642_43	vRhyme_bin_11__MHr2D2E2F_000000308642	MHr2D2E2F_vRhyme_bin_11	0.97085124	high	1.0	very high	unclassified		0.0	low	0.0	low
vRhyme_bin_11__MHr2D2E2F_000000308642_44	vRhyme_bin_11__MHr2D2E2F_000000308642	MHr2D2E2F_vRhyme_bin_11	0.97276145	high	1.0	very high	unclassified		0.0	low	0.0	low
vRhyme_bin_11__MHr2D2E2F_000000308642_45	vRhyme_bin_11__MHr2D2E2F_000000308642	MHr2D2E2F_vRhyme_bin_11	0.9708135	high	1.0	very high	unclassified		0.0	low	0.0	low
vRhyme_bin_11__MHr2D2E2F_000000308642_46	vRhyme_bin_11__MHr2D2E2F_000000308642	MHr2D2E2F_vRhyme_bin_11	0.9666202	high	1.0	very high	unclassified		0.0	low	0.0	low
vRhyme_bin_11__MHr2D2E2F_000000308642_47	vRhyme_bin_11__MHr2D2E2F_000000308642	MHr2D2E2F_vRhyme_bin_11	0.95753586	high	1.0	very high	unclassified		0.0	low	0.0	low
vRhyme_bin_11__MHr2D2E2F_000000308642_48	vRhyme_bin_11__MHr2D2E2F_000000308642	MHr2D2E2F_vRhyme_bin_11	0.93842787	high	1.0	very high	unclassified		0.0	low	0.0	low
vRhyme_bin_11__MHr2D2E2F_000000308642_49	vRhyme_bin_11__MHr2D2E2F_000000308642	MHr2D2E2F_vRhyme_bin_11	0.93277305	high	1.0	very high	unclassified		0.0	low	0.0	low
vRhyme_bin_11__MHr2D2E2F_000000308642_50	vRhyme_bin_11__MHr2D2E2F_000000308642	MHr2D2E2F_vRhyme_bin_11	0.97198933	high	1.0	very high	unclassified		0.0	low	0.0	low
vRhyme_bin_11__MHr2D2E2F_000000308642_51	vRhyme_bin_11__MHr2D2E2F_000000308642	MHr2D2E2F_vRhyme_bin_11	0.9677587	high	1.0	very high	unclassified		0.0	low	0.0	low
vRhyme_bin_11__MHr2D2E2F_000000308642_52	vRhyme_bin_11__MHr2D2E2F_000000308642	MHr2D2E2F_vRhyme_bin_11	0.9677587	high	1.0	very high	unclassified		0.0	low	0.0	low
vRhyme_bin_11__MHr2D2E2F_000000308642_53	vRhyme_bin_11__MHr2D2E2F_000000308642	MHr2D2E2F_vRhyme_bin_11	0.9603714	high	0.9412	high	unclassified		0.0	low	0.0	low
vRhyme_bin_11__MHr2D2E2F_000000308642_54	vRhyme_bin_11__MHr2D2E2F_000000308642	MHr2D2E2F_vRhyme_bin_11	0.9586647	high	1.0	very high	unclassified		0.0	low	0.0	low
vRhyme_bin_11__MHr2D2E2F_000000308642_55	vRhyme_bin_11__MHr2D2E2F_000000308642	MHr2D2E2F_vRhyme_bin_11	0.9564387	high	0.9491	high	unclassified		0.0	low	0.0	low
vRhyme_bin_11__MHr2D2E2F_000000308642_56	vRhyme_bin_11__MHr2D2E2F_000000308642	MHr2D2E2F_vRhyme_bin_11	0.9588953	high	0.9335	high	unclassified		0.0	low	0.0	low
vRhyme_bin_11__MHr2D2E2F_000000308642_57	vRhyme_bin_11__MHr2D2E2F_000000308642	MHr2D2E2F_vRhyme_bin_11	0.9614362	high	1.0	very high	unclassified		0.0	low	0.0	low
vRhyme_bin_11__MHr2D2E2F_000000308642_58	vRhyme_bin_11__MHr2D2E2F_000000308642	MHr2D2E2F_vRhyme_bin_11	0.96084636	high	1.0	very high	unclassified		0.0	low	0.0	low
vRhyme_bin_11__MHr2D2E2F_000000308642_59	vRhyme_bin_11__MHr2D2E2F_000000308642	MHr2D2E2F_vRhyme_bin_11	0.95246243	high	1.0	very high	unclassified		0.0	low	0.0	low
vRhyme_bin_11__MHr2D2E2F_000000308642_60	vRhyme_bin_11__MHr2D2E2F_000000308642	MHr2D2E2F_vRhyme_bin_11	0.8998459	medium	1.0	very high	unclassified	kscP, scpA; kumamolisin [EC:3.4.21.123]	0.0	low	0.0	low
vRhyme_bin_11__MHr2D2E2F_000000308642_61	vRhyme_bin_11__MHr2D2E2F_000000308642	MHr2D2E2F_vRhyme_bin_11	0.7555843	medium	0.9469	high	unclassified		0.0	low	0.0	low
vRhyme_bin_11__MHr2D2E2F_000000308642_62	vRhyme_bin_11__MHr2D2E2F_000000308642	MHr2D2E2F_vRhyme_bin_11	0.96059334	high	1.0	very high	unclassified		0.0	low	0.0	low
vRhyme_bin_11__MHr2D2E2F_000000308642_63	vRhyme_bin_11__MHr2D2E2F_000000308642	MHr2D2E2F_vRhyme_bin_11	0.9584406	high	1.0	very high	unclassified		0.0	low	0.0	low
vRhyme_bin_11__MHr2D2E2F_000000308642_64	vRhyme_bin_11__MHr2D2E2F_000000308642	MHr2D2E2F_vRhyme_bin_11	0.9557739	high	1.0	very high	unclassified		0.0	low	0.0	low
vRhyme_bin_11__MHr2D2E2F_000000308642_65	vRhyme_bin_11__MHr2D2E2F_000000308642	MHr2D2E2F_vRhyme_bin_11	0.9557739	high	0.9425	high	unclassified		0.0	low	0.0	low
vRhyme_bin_11__MHr2D2E2F_000000308642_66	vRhyme_bin_11__MHr2D2E2F_000000308642	MHr2D2E2F_vRhyme_bin_11	0.9410649	high	1.0	very high	unclassified		0.0	low	0.0	low
vRhyme_bin_11__MHr2D2E2F_000000308642_67	vRhyme_bin_11__MHr2D2E2F_000000308642	MHr2D2E2F_vRhyme_bin_11	0.953677	high	1.0	very high	unclassified		0.0	low	0.0	low
vRhyme_bin_11__MHr2D2E2F_000000342937_1	vRhyme_bin_11__MHr2D2E2F_000000342937	MHr2D2E2F_vRhyme_bin_11	0.9957678	high	1.0	very high	unclassified		0.0	low	0.0	low
vRhyme_bin_11__MHr2D2E2F_000000342937_2	vRhyme_bin_11__MHr2D2E2F_000000342937	MHr2D2E2F_vRhyme_bin_11	0.9956866	high	1.0	very high	unclassified		0.0	low	0.0	low
vRhyme_bin_11__MHr2D2E2F_000000342937_3	vRhyme_bin_11__MHr2D2E2F_000000342937	MHr2D2E2F_vRhyme_bin_11	0.9956866	high	1.0	very high	unclassified		0.0	low	0.0	low
vRhyme_bin_11__MHr2D2E2F_000000342937_4	vRhyme_bin_11__MHr2D2E2F_000000342937	MHr2D2E2F_vRhyme_bin_11	0.9952426	high	1.0	very high	unclassified		0.0	low	0.0	low
vRhyme_bin_11__MHr2D2E2F_000000342937_5	vRhyme_bin_11__MHr2D2E2F_000000342937	MHr2D2E2F_vRhyme_bin_11	0.9953658	high	1.0	very high	unclassified		0.0	low	0.0	low
vRhyme_bin_11__MHr2D2E2F_000000342937_6	vRhyme_bin_11__MHr2D2E2F_000000342937	MHr2D2E2F_vRhyme_bin_11	0.99564105	high	1.0	very high	unclassified		0.0	low	0.0	low
vRhyme_bin_11__MHr2D2E2F_000000342937_7	vRhyme_bin_11__MHr2D2E2F_000000342937	MHr2D2E2F_vRhyme_bin_11	0.996245	high	1.0	very high	unclassified		0.0	low	0.0	low
vRhyme_bin_11__MHr2D2E2F_000000342937_8	vRhyme_bin_11__MHr2D2E2F_000000342937	MHr2D2E2F_vRhyme_bin_11	0.9964483	high	1.0	very high	unclassified		0.0	low	0.0	low
vRhyme_bin_11__MHr2D2E2F_000000342937_9	vRhyme_bin_11__MHr2D2E2F_000000342937	MHr2D2E2F_vRhyme_bin_11	0.9969082	high	1.0	very high	unclassified		0.0	low	0.0	low
vRhyme_bin_11__MHr2D2E2F_000000342937_10	vRhyme_bin_11__MHr2D2E2F_000000342937	MHr2D2E2F_vRhyme_bin_11	0.9974721	high	1.0	very high	unclassified		0.0	low	0.0	low
vRhyme_bin_11__MHr2D2E2F_000000342937_11	vRhyme_bin_11__MHr2D2E2F_000000342937	MHr2D2E2F_vRhyme_bin_11	0.99736583	high	1.0	very high	unclassified		0.0	low	0.0	low
vRhyme_bin_11__MHr2D2E2F_000000342937_12	vRhyme_bin_11__MHr2D2E2F_000000342937	MHr2D2E2F_vRhyme_bin_11	0.9912578	high	1.0	very high	unclassified		0.0	low	0.0	low
vRhyme_bin_11__MHr2D2E2F_000000342937_13	vRhyme_bin_11__MHr2D2E2F_000000342937	MHr2D2E2F_vRhyme_bin_11	0.99840987	high	1.0	very high	unclassified		0.0	low	0.0	low
vRhyme_bin_11__MHr2D2E2F_000000342937_14	vRhyme_bin_11__MHr2D2E2F_000000342937	MHr2D2E2F_vRhyme_bin_11	0.9982819	high	1.0	very high	unclassified		0.0	low	0.0	low
vRhyme_bin_11__MHr2D2E2F_000000342937_15	vRhyme_bin_11__MHr2D2E2F_000000342937	MHr2D2E2F_vRhyme_bin_11	0.99791175	high	1.0	very high	unclassified		0.0	low	0.0	low
vRhyme_bin_11__MHr2D2E2F_000000342937_16	vRhyme_bin_11__MHr2D2E2F_000000342937	MHr2D2E2F_vRhyme_bin_11	0.9985638	high	1.0	very high	unclassified		0.0	low	0.0	low
vRhyme_bin_11__MHr2D2E2F_000000342937_17	vRhyme_bin_11__MHr2D2E2F_000000342937	MHr2D2E2F_vRhyme_bin_11	0.9963185	high	1.0	very high	unclassified		0.0	low	0.0	low
vRhyme_bin_11__MHr2D2E2F_000000342937_18	vRhyme_bin_11__MHr2D2E2F_000000342937	MHr2D2E2F_vRhyme_bin_11	0.9966089	high	1.0	very high	unclassified		0.0	low	0.0	low
vRhyme_bin_11__MHr2D2E2F_000000342937_19	vRhyme_bin_11__MHr2D2E2F_000000342937	MHr2D2E2F_vRhyme_bin_11	0.99621344	high	1.0	very high	unclassified		0.0	low	0.0	low
vRhyme_bin_11__MHr2D2E2F_000000342937_20	vRhyme_bin_11__MHr2D2E2F_000000342937	MHr2D2E2F_vRhyme_bin_11	0.9954387	high	1.0	very high	unclassified		0.0	low	0.0	low
vRhyme_bin_11__MHr2D2E2F_000000342937_21	vRhyme_bin_11__MHr2D2E2F_000000342937	MHr2D2E2F_vRhyme_bin_11	0.9958831	high	1.0	very high	regulatory	RNA-binding protein	1.0	very high	1.0	very high
vRhyme_bin_11__MHr2D2E2F_000000342937_22	vRhyme_bin_11__MHr2D2E2F_000000342937	MHr2D2E2F_vRhyme_bin_11	0.99550223	high	1.0	very high	unclassified		0.0	low	0.0	low
vRhyme_bin_11__MHr2D2E2F_000000342937_23	vRhyme_bin_11__MHr2D2E2F_000000342937	MHr2D2E2F_vRhyme_bin_11	0.99526125	high	1.0	very high	unclassified		0.0	low	0.0	low
vRhyme_bin_11__MHr2D2E2F_000000342937_24	vRhyme_bin_11__MHr2D2E2F_000000342937	MHr2D2E2F_vRhyme_bin_11	0.99751854	high	1.0	very high	unclassified		0.0	low	0.0	low
vRhyme_bin_11__MHr2D2E2F_000000342937_25	vRhyme_bin_11__MHr2D2E2F_000000342937	MHr2D2E2F_vRhyme_bin_11	0.99789083	high	1.0	very high	regulatory	groES, HSPE1; chaperonin GroES	1.0	very high	1.0	very high
vRhyme_bin_11__MHr2D2E2F_000000342937_26	vRhyme_bin_11__MHr2D2E2F_000000342937	MHr2D2E2F_vRhyme_bin_11	0.9791794	high	1.0	very high	unclassified		0.0	low	0.0	low
vRhyme_bin_11__MHr2D2E2F_000000342937_27	vRhyme_bin_11__MHr2D2E2F_000000342937	MHr2D2E2F_vRhyme_bin_11	0.98562634	high	1.0	very high	unclassified		0.0	low	0.0	low
vRhyme_bin_11__MHr2D2E2F_000000342937_28	vRhyme_bin_11__MHr2D2E2F_000000342937	MHr2D2E2F_vRhyme_bin_11	0.9834222	high	1.0	very high	unclassified		0.0	low	0.0	low
vRhyme_bin_11__MHr2D2E2F_000000342937_29	vRhyme_bin_11__MHr2D2E2F_000000342937	MHr2D2E2F_vRhyme_bin_11	0.9814003	high	1.0	very high	unclassified		0.0	low	0.0	low
vRhyme_bin_11__MHr2D2E2F_000000342937_30	vRhyme_bin_11__MHr2D2E2F_000000342937	MHr2D2E2F_vRhyme_bin_11	0.8949745	medium	1.0	very high	unclassified		0.0	low	0.0	low
vRhyme_unbinned_100__MGr3G3H3I_000000103162|provirus_6091_24599_1	vRhyme_unbinned_100__MGr3G3H3I_000000103162|provirus_6091_24599	vRhyme_unbinned_100__MGr3G3H3I_000000103162|provirus_6091_24599	0.12381595	low	0.4652	high	unclassified		0.0	low	0.0	low
vRhyme_unbinned_100__MGr3G3H3I_000000103162|provirus_6091_24599_2	vRhyme_unbinned_100__MGr3G3H3I_000000103162|provirus_6091_24599	vRhyme_unbinned_100__MGr3G3H3I_000000103162|provirus_6091_24599	0.23347364	low	0.3356	medium	unclassified		0.0546	low	0.0183	low
vRhyme_unbinned_100__MGr3G3H3I_000000103162|provirus_6091_24599_3	vRhyme_unbinned_100__MGr3G3H3I_000000103162|provirus_6091_24599	vRhyme_unbinned_100__MGr3G3H3I_000000103162|provirus_6091_24599	0.5911618	medium	0.3213	medium	unclassified		0.0	low	0.0	low
vRhyme_unbinned_100__MGr3G3H3I_000000103162|provirus_6091_24599_4	vRhyme_unbinned_100__MGr3G3H3I_000000103162|provirus_6091_24599	vRhyme_unbinned_100__MGr3G3H3I_000000103162|provirus_6091_24599	0.25326473	low	0.1961	medium	unclassified	K14165; atypical dual specificity phosphatase [EC:3.1.3.16] [EC:3.1.3.48]; E3.1.3.16; protein phosphatase [EC:3.1.3.16]	0.0	low	0.0	low
vRhyme_unbinned_100__MGr3G3H3I_000000103162|provirus_6091_24599_5	vRhyme_unbinned_100__MGr3G3H3I_000000103162|provirus_6091_24599	vRhyme_unbinned_100__MGr3G3H3I_000000103162|provirus_6091_24599	0.44489416	low	0.8711	high	unclassified		0.0	low	0.0	low
vRhyme_unbinned_100__MGr3G3H3I_000000103162|provirus_6091_24599_6	vRhyme_unbinned_100__MGr3G3H3I_000000103162|provirus_6091_24599	vRhyme_unbinned_100__MGr3G3H3I_000000103162|provirus_6091_24599	0.9460538	high	0.6484	high	unclassified		0.0	low	0.0	low
vRhyme_unbinned_100__MGr3G3H3I_000000103162|provirus_6091_24599_7	vRhyme_unbinned_100__MGr3G3H3I_000000103162|provirus_6091_24599	vRhyme_unbinned_100__MGr3G3H3I_000000103162|provirus_6091_24599	0.95505905	high	0.8582	high	unclassified	terminase large subunit	0.0	low	0.0	low
vRhyme_unbinned_100__MGr3G3H3I_000000103162|provirus_6091_24599_8	vRhyme_unbinned_100__MGr3G3H3I_000000103162|provirus_6091_24599	vRhyme_unbinned_100__MGr3G3H3I_000000103162|provirus_6091_24599	0.9280274	high	0.661	high	unclassified		0.0	low	0.0	low
vRhyme_unbinned_100__MGr3G3H3I_000000103162|provirus_6091_24599_9	vRhyme_unbinned_100__MGr3G3H3I_000000103162|provirus_6091_24599	vRhyme_unbinned_100__MGr3G3H3I_000000103162|provirus_6091_24599	0.70163375	medium	0.7929	high	unclassified		0.0888	medium	0.0704	low
vRhyme_unbinned_100__MGr3G3H3I_000000103162|provirus_6091_24599_10	vRhyme_unbinned_100__MGr3G3H3I_000000103162|provirus_6091_24599	vRhyme_unbinned_100__MGr3G3H3I_000000103162|provirus_6091_24599	0.5956526	medium	0.8946	high	unclassified		0.0	low	0.0	low
vRhyme_unbinned_100__MGr3G3H3I_000000103162|provirus_6091_24599_11	vRhyme_unbinned_100__MGr3G3H3I_000000103162|provirus_6091_24599	vRhyme_unbinned_100__MGr3G3H3I_000000103162|provirus_6091_24599	0.9736355	high	0.6646	high	unclassified	Phage portal protein	0.0	low	0.0	low
vRhyme_unbinned_100__MGr3G3H3I_000000103162|provirus_6091_24599_12	vRhyme_unbinned_100__MGr3G3H3I_000000103162|provirus_6091_24599	vRhyme_unbinned_100__MGr3G3H3I_000000103162|provirus_6091_24599	0.9042789	medium	0.9613	high	unclassified		0.0	low	0.0	low
vRhyme_unbinned_100__MGr3G3H3I_000000103162|provirus_6091_24599_13	vRhyme_unbinned_100__MGr3G3H3I_000000103162|provirus_6091_24599	vRhyme_unbinned_100__MGr3G3H3I_000000103162|provirus_6091_24599	0.89423114	medium	0.9075	high	unclassified		0.0	low	0.0	low
vRhyme_unbinned_100__MGr3G3H3I_000000103162|provirus_6091_24599_14	vRhyme_unbinned_100__MGr3G3H3I_000000103162|provirus_6091_24599	vRhyme_unbinned_100__MGr3G3H3I_000000103162|provirus_6091_24599	0.893797	medium	0.9148	high	unclassified		0.0	low	0.0	low
vRhyme_unbinned_100__MGr3G3H3I_000000103162|provirus_6091_24599_15	vRhyme_unbinned_100__MGr3G3H3I_000000103162|provirus_6091_24599	vRhyme_unbinned_100__MGr3G3H3I_000000103162|provirus_6091_24599	0.8842749	medium	0.9099	high	unclassified		0.0	low	0.0	low
vRhyme_unbinned_100__MGr3G3H3I_000000103162|provirus_6091_24599_16	vRhyme_unbinned_100__MGr3G3H3I_000000103162|provirus_6091_24599	vRhyme_unbinned_100__MGr3G3H3I_000000103162|provirus_6091_24599	0.9217301	high	1.0	very high	unclassified		0.0	low	0.0	low
vRhyme_unbinned_101__MGr3G3H3I_000000108711|provirus_5759_27215_1	vRhyme_unbinned_101__MGr3G3H3I_000000108711|provirus_5759_27215	vRhyme_unbinned_101__MGr3G3H3I_000000108711|provirus_5759_27215	0.99613553	high	1.0	very high	physiological	Thoeris anti-defense 2-like domain	0.0	low	0.0	low
vRhyme_unbinned_101__MGr3G3H3I_000000108711|provirus_5759_27215_2	vRhyme_unbinned_101__MGr3G3H3I_000000108711|provirus_5759_27215	vRhyme_unbinned_101__MGr3G3H3I_000000108711|provirus_5759_27215	0.9984124	high	1.0	very high	unclassified	""	0.1143	medium	0.1143	medium
vRhyme_unbinned_101__MGr3G3H3I_000000108711|provirus_5759_27215_3	vRhyme_unbinned_101__MGr3G3H3I_000000108711|provirus_5759_27215	vRhyme_unbinned_101__MGr3G3H3I_000000108711|provirus_5759_27215	0.9984355	high	1.0	very high	unclassified		0.0	low	0.0	low
vRhyme_unbinned_101__MGr3G3H3I_000000108711|provirus_5759_27215_4	vRhyme_unbinned_101__MGr3G3H3I_000000108711|provirus_5759_27215	vRhyme_unbinned_101__MGr3G3H3I_000000108711|provirus_5759_27215	0.9987311	high	1.0	very high	unclassified	tail sheath	0.0	low	0.0	low
vRhyme_unbinned_101__MGr3G3H3I_000000108711|provirus_5759_27215_5	vRhyme_unbinned_101__MGr3G3H3I_000000108711|provirus_5759_27215	vRhyme_unbinned_101__MGr3G3H3I_000000108711|provirus_5759_27215	0.99883354	high	1.0	very high	unclassified	endonuclease VII	0.0	low	0.0	low
vRhyme_unbinned_101__MGr3G3H3I_000000108711|provirus_5759_27215_6	vRhyme_unbinned_101__MGr3G3H3I_000000108711|provirus_5759_27215	vRhyme_unbinned_101__MGr3G3H3I_000000108711|provirus_5759_27215	0.99861264	high	1.0	very high	unclassified	""	0.0	low	0.0	low
vRhyme_unbinned_101__MGr3G3H3I_000000108711|provirus_5759_27215_7	vRhyme_unbinned_101__MGr3G3H3I_000000108711|provirus_5759_27215	vRhyme_unbinned_101__MGr3G3H3I_000000108711|provirus_5759_27215	0.9986189	high	1.0	very high	unclassified	""	0.0	low	0.0	low
vRhyme_unbinned_101__MGr3G3H3I_000000108711|provirus_5759_27215_8	vRhyme_unbinned_101__MGr3G3H3I_000000108711|provirus_5759_27215	vRhyme_unbinned_101__MGr3G3H3I_000000108711|provirus_5759_27215	0.99877775	high	1.0	very high	unclassified		0.0	low	0.0	low
vRhyme_unbinned_101__MGr3G3H3I_000000108711|provirus_5759_27215_9	vRhyme_unbinned_101__MGr3G3H3I_000000108711|provirus_5759_27215	vRhyme_unbinned_101__MGr3G3H3I_000000108711|provirus_5759_27215	0.9988703	high	1.0	very high	unclassified		0.0	low	0.0	low
vRhyme_unbinned_101__MGr3G3H3I_000000108711|provirus_5759_27215_10	vRhyme_unbinned_101__MGr3G3H3I_000000108711|provirus_5759_27215	vRhyme_unbinned_101__MGr3G3H3I_000000108711|provirus_5759_27215	0.9991137	high	1.0	very high	unclassified		0.0	low	0.0	low
vRhyme_unbinned_101__MGr3G3H3I_000000108711|provirus_5759_27215_11	vRhyme_unbinned_101__MGr3G3H3I_000000108711|provirus_5759_27215	vRhyme_unbinned_101__MGr3G3H3I_000000108711|provirus_5759_27215	0.99890894	high	1.0	very high	unclassified	""	0.0	low	0.0	low
vRhyme_unbinned_101__MGr3G3H3I_000000108711|provirus_5759_27215_12	vRhyme_unbinned_101__MGr3G3H3I_000000108711|provirus_5759_27215	vRhyme_unbinned_101__MGr3G3H3I_000000108711|provirus_5759_27215	0.996902	high	1.0	very high	unclassified		0.0	low	0.0	low
vRhyme_unbinned_101__MGr3G3H3I_000000108711|provirus_5759_27215_13	vRhyme_unbinned_101__MGr3G3H3I_000000108711|provirus_5759_27215	vRhyme_unbinned_101__MGr3G3H3I_000000108711|provirus_5759_27215	0.9969673	high	1.0	very high	unclassified		0.0	low	0.0	low
vRhyme_unbinned_101__MGr3G3H3I_000000108711|provirus_5759_27215_14	vRhyme_unbinned_101__MGr3G3H3I_000000108711|provirus_5759_27215	vRhyme_unbinned_101__MGr3G3H3I_000000108711|provirus_5759_27215	0.9950772	high	1.0	very high	unclassified		0.0	low	0.0	low
vRhyme_unbinned_101__MGr3G3H3I_000000108711|provirus_5759_27215_15	vRhyme_unbinned_101__MGr3G3H3I_000000108711|provirus_5759_27215	vRhyme_unbinned_101__MGr3G3H3I_000000108711|provirus_5759_27215	0.99619406	high	1.0	very high	unclassified		0.0	low	0.0	low
vRhyme_unbinned_101__MGr3G3H3I_000000108711|provirus_5759_27215_16	vRhyme_unbinned_101__MGr3G3H3I_000000108711|provirus_5759_27215	vRhyme_unbinned_101__MGr3G3H3I_000000108711|provirus_5759_27215	0.9949593	high	1.0	very high	unclassified	baseplate wedge subunit	0.0	low	0.0	low
vRhyme_unbinned_101__MGr3G3H3I_000000108711|provirus_5759_27215_17	vRhyme_unbinned_101__MGr3G3H3I_000000108711|provirus_5759_27215	vRhyme_unbinned_101__MGr3G3H3I_000000108711|provirus_5759_27215	0.9970479	high	1.0	very high	unclassified	Uncharacterised conserved protein UCP028438	0.0	low	0.0	low
vRhyme_unbinned_101__MGr3G3H3I_000000108711|provirus_5759_27215_18	vRhyme_unbinned_101__MGr3G3H3I_000000108711|provirus_5759_27215	vRhyme_unbinned_101__MGr3G3H3I_000000108711|provirus_5759_27215	0.9786415	high	1.0	very high	unclassified	""	0.0	low	0.0	low
vRhyme_unbinned_101__MGr3G3H3I_000000108711|provirus_5759_27215_19	vRhyme_unbinned_101__MGr3G3H3I_000000108711|provirus_5759_27215	vRhyme_unbinned_101__MGr3G3H3I_000000108711|provirus_5759_27215	0.9215623	high	1.0	very high	unclassified		0.0	low	0.0	low
vRhyme_unbinned_101__MGr3G3H3I_000000108711|provirus_5759_27215_20	vRhyme_unbinned_101__MGr3G3H3I_000000108711|provirus_5759_27215	vRhyme_unbinned_101__MGr3G3H3I_000000108711|provirus_5759_27215	0.9233223	high	1.0	very high	unclassified		0.0	low	0.0	low
vRhyme_unbinned_101__MGr3G3H3I_000000108711|provirus_5759_27215_21	vRhyme_unbinned_101__MGr3G3H3I_000000108711|provirus_5759_27215	vRhyme_unbinned_101__MGr3G3H3I_000000108711|provirus_5759_27215	0.913054	high	1.0	very high	unclassified		0.0	low	0.0	low
vRhyme_unbinned_101__MGr3G3H3I_000000108711|provirus_5759_27215_22	vRhyme_unbinned_101__MGr3G3H3I_000000108711|provirus_5759_27215	vRhyme_unbinned_101__MGr3G3H3I_000000108711|provirus_5759_27215	0.909577	medium	1.0	very high	unclassified		0.0	low	0.0	low
vRhyme_unbinned_101__MGr3G3H3I_000000108711|provirus_5759_27215_23	vRhyme_unbinned_101__MGr3G3H3I_000000108711|provirus_5759_27215	vRhyme_unbinned_101__MGr3G3H3I_000000108711|provirus_5759_27215	0.90931195	medium	1.0	very high	unclassified		0.0	low	0.0	low
vRhyme_unbinned_101__MGr3G3H3I_000000108711|provirus_5759_27215_24	vRhyme_unbinned_101__MGr3G3H3I_000000108711|provirus_5759_27215	vRhyme_unbinned_101__MGr3G3H3I_000000108711|provirus_5759_27215	0.76712537	medium	1.0	very high	unclassified	esterase/lipase	0.0	low	0.0	low
vRhyme_unbinned_101__MGr3G3H3I_000000108711|provirus_5759_27215_25	vRhyme_unbinned_101__MGr3G3H3I_000000108711|provirus_5759_27215	vRhyme_unbinned_101__MGr3G3H3I_000000108711|provirus_5759_27215	0.8375944	medium	1.0	very high	unclassified	K03791; putative chitinase	0.0	low	0.0	low
vRhyme_unbinned_101__MGr3G3H3I_000000108711|provirus_5759_27215_26	vRhyme_unbinned_101__MGr3G3H3I_000000108711|provirus_5759_27215	vRhyme_unbinned_101__MGr3G3H3I_000000108711|provirus_5759_27215	0.84184813	medium	1.0	very high	unclassified		0.0	low	0.0	low
vRhyme_unbinned_102__MGr3G3H3I_000000116715|provirus_7273_33742_1	vRhyme_unbinned_102__MGr3G3H3I_000000116715|provirus_7273_33742	vRhyme_unbinned_102__MGr3G3H3I_000000116715|provirus_7273_33742	0.9819627	high	1.0	very high	unclassified		0.0	low	0.0	low
vRhyme_unbinned_102__MGr3G3H3I_000000116715|provirus_7273_33742_2	vRhyme_unbinned_102__MGr3G3H3I_000000116715|provirus_7273_33742	vRhyme_unbinned_102__MGr3G3H3I_000000116715|provirus_7273_33742	0.9816337	high	1.0	very high	unclassified		0.0	low	0.0	low
vRhyme_unbinned_102__MGr3G3H3I_000000116715|provirus_7273_33742_3	vRhyme_unbinned_102__MGr3G3H3I_000000116715|provirus_7273_33742	vRhyme_unbinned_102__MGr3G3H3I_000000116715|provirus_7273_33742	0.98151577	high	1.0	very high	unclassified		0.0	low	0.0	low
vRhyme_unbinned_102__MGr3G3H3I_000000116715|provirus_7273_33742_4	vRhyme_unbinned_102__MGr3G3H3I_000000116715|provirus_7273_33742	vRhyme_unbinned_102__MGr3G3H3I_000000116715|provirus_7273_33742	0.97786975	high	1.0	very high	unclassified		0.0	low	0.0	low
vRhyme_unbinned_102__MGr3G3H3I_000000116715|provirus_7273_33742_5	vRhyme_unbinned_102__MGr3G3H3I_000000116715|provirus_7273_33742	vRhyme_unbinned_102__MGr3G3H3I_000000116715|provirus_7273_33742	0.97620445	high	1.0	very high	unclassified		0.0	low	0.0	low
vRhyme_unbinned_102__MGr3G3H3I_000000116715|provirus_7273_33742_6	vRhyme_unbinned_102__MGr3G3H3I_000000116715|provirus_7273_33742	vRhyme_unbinned_102__MGr3G3H3I_000000116715|provirus_7273_33742	0.9753031	high	1.0	very high	unclassified	internal virion protein	0.0	low	0.0	low
vRhyme_unbinned_102__MGr3G3H3I_000000116715|provirus_7273_33742_7	vRhyme_unbinned_102__MGr3G3H3I_000000116715|provirus_7273_33742	vRhyme_unbinned_102__MGr3G3H3I_000000116715|provirus_7273_33742	0.96814305	high	1.0	very high	unclassified	internal virion protein	0.0	low	0.0	low
vRhyme_unbinned_102__MGr3G3H3I_000000116715|provirus_7273_33742_8	vRhyme_unbinned_102__MGr3G3H3I_000000116715|provirus_7273_33742	vRhyme_unbinned_102__MGr3G3H3I_000000116715|provirus_7273_33742	0.9741421	high	1.0	very high	unclassified	tail protein	0.0	low	0.0	low
vRhyme_unbinned_102__MGr3G3H3I_000000116715|provirus_7273_33742_9	vRhyme_unbinned_102__MGr3G3H3I_000000116715|provirus_7273_33742	vRhyme_unbinned_102__MGr3G3H3I_000000116715|provirus_7273_33742	0.9482882	high	1.0	very high	unclassified		0.0	low	0.0	low
vRhyme_unbinned_102__MGr3G3H3I_000000116715|provirus_7273_33742_10	vRhyme_unbinned_102__MGr3G3H3I_000000116715|provirus_7273_33742	vRhyme_unbinned_102__MGr3G3H3I_000000116715|provirus_7273_33742	0.9231447	high	1.0	very high	unclassified		0.0	low	0.0	low
vRhyme_unbinned_102__MGr3G3H3I_000000116715|provirus_7273_33742_11	vRhyme_unbinned_102__MGr3G3H3I_000000116715|provirus_7273_33742	vRhyme_unbinned_102__MGr3G3H3I_000000116715|provirus_7273_33742	0.9190183	high	1.0	very high	unclassified	tail protein	0.0	low	0.0	low
vRhyme_unbinned_102__MGr3G3H3I_000000116715|provirus_7273_33742_12	vRhyme_unbinned_102__MGr3G3H3I_000000116715|provirus_7273_33742	vRhyme_unbinned_102__MGr3G3H3I_000000116715|provirus_7273_33742	0.91462207	high	1.0	very high	unclassified		0.0	low	0.0	low
vRhyme_unbinned_102__MGr3G3H3I_000000116715|provirus_7273_33742_13	vRhyme_unbinned_102__MGr3G3H3I_000000116715|provirus_7273_33742	vRhyme_unbinned_102__MGr3G3H3I_000000116715|provirus_7273_33742	0.91327643	high	1.0	very high	unclassified		0.0	low	0.0	low
vRhyme_unbinned_102__MGr3G3H3I_000000116715|provirus_7273_33742_14	vRhyme_unbinned_102__MGr3G3H3I_000000116715|provirus_7273_33742	vRhyme_unbinned_102__MGr3G3H3I_000000116715|provirus_7273_33742	0.96708244	high	1.0	very high	unclassified		0.0	low	0.0	low
vRhyme_unbinned_102__MGr3G3H3I_000000116715|provirus_7273_33742_15	vRhyme_unbinned_102__MGr3G3H3I_000000116715|provirus_7273_33742	vRhyme_unbinned_102__MGr3G3H3I_000000116715|provirus_7273_33742	0.9646408	high	1.0	very high	unclassified		0.0	low	0.0	low
vRhyme_unbinned_102__MGr3G3H3I_000000116715|provirus_7273_33742_16	vRhyme_unbinned_102__MGr3G3H3I_000000116715|provirus_7273_33742	vRhyme_unbinned_102__MGr3G3H3I_000000116715|provirus_7273_33742	0.989771	high	1.0	very high	unclassified	Glycosyl hydrolase 108	0.0	low	0.0	low
vRhyme_unbinned_102__MGr3G3H3I_000000116715|provirus_7273_33742_17	vRhyme_unbinned_102__MGr3G3H3I_000000116715|provirus_7273_33742	vRhyme_unbinned_102__MGr3G3H3I_000000116715|provirus_7273_33742	0.9862681	high	1.0	very high	unclassified		0.0	low	0.0	low
vRhyme_unbinned_102__MGr3G3H3I_000000116715|provirus_7273_33742_18	vRhyme_unbinned_102__MGr3G3H3I_000000116715|provirus_7273_33742	vRhyme_unbinned_102__MGr3G3H3I_000000116715|provirus_7273_33742	0.9893663	high	1.0	very high	unclassified		0.0	low	0.0	low
vRhyme_unbinned_102__MGr3G3H3I_000000116715|provirus_7273_33742_19	vRhyme_unbinned_102__MGr3G3H3I_000000116715|provirus_7273_33742	vRhyme_unbinned_102__MGr3G3H3I_000000116715|provirus_7273_33742	0.9884884	high	1.0	very high	unclassified		0.0	low	0.0	low
vRhyme_unbinned_102__MGr3G3H3I_000000116715|provirus_7273_33742_20	vRhyme_unbinned_102__MGr3G3H3I_000000116715|provirus_7273_33742	vRhyme_unbinned_102__MGr3G3H3I_000000116715|provirus_7273_33742	0.9917933	high	1.0	very high	unclassified		0.0	low	0.0	low
vRhyme_unbinned_102__MGr3G3H3I_000000116715|provirus_7273_33742_21	vRhyme_unbinned_102__MGr3G3H3I_000000116715|provirus_7273_33742	vRhyme_unbinned_102__MGr3G3H3I_000000116715|provirus_7273_33742	0.9939851	high	1.0	very high	unclassified		0.0	low	0.0	low
vRhyme_unbinned_102__MGr3G3H3I_000000116715|provirus_7273_33742_22	vRhyme_unbinned_102__MGr3G3H3I_000000116715|provirus_7273_33742	vRhyme_unbinned_102__MGr3G3H3I_000000116715|provirus_7273_33742	0.9860131	high	1.0	very high	unclassified		0.0	low	0.0	low
vRhyme_unbinned_102__MGr3G3H3I_000000116715|provirus_7273_33742_23	vRhyme_unbinned_102__MGr3G3H3I_000000116715|provirus_7273_33742	vRhyme_unbinned_102__MGr3G3H3I_000000116715|provirus_7273_33742	0.98935705	high	1.0	very high	unclassified	Major capsid protein GP7	0.0	low	0.0	low
vRhyme_unbinned_102__MGr3G3H3I_000000116715|provirus_7273_33742_24	vRhyme_unbinned_102__MGr3G3H3I_000000116715|provirus_7273_33742	vRhyme_unbinned_102__MGr3G3H3I_000000116715|provirus_7273_33742	0.97979844	high	1.0	very high	unclassified	protease	0.0	low	0.0	low
vRhyme_unbinned_102__MGr3G3H3I_000000116715|provirus_7273_33742_25	vRhyme_unbinned_102__MGr3G3H3I_000000116715|provirus_7273_33742	vRhyme_unbinned_102__MGr3G3H3I_000000116715|provirus_7273_33742	0.96355027	high	1.0	very high	unclassified		0.0	low	0.0	low
vRhyme_unbinned_102__MGr3G3H3I_000000116715|provirus_7273_33742_26	vRhyme_unbinned_102__MGr3G3H3I_000000116715|provirus_7273_33742	vRhyme_unbinned_102__MGr3G3H3I_000000116715|provirus_7273_33742	0.9576101	high	1.0	very high	unclassified	""	0.0	low	0.0	low
vRhyme_unbinned_102__MGr3G3H3I_000000116715|provirus_7273_33742_27	vRhyme_unbinned_102__MGr3G3H3I_000000116715|provirus_7273_33742	vRhyme_unbinned_102__MGr3G3H3I_000000116715|provirus_7273_33742	0.9453232	high	1.0	very high	unclassified		0.0	low	0.0	low
vRhyme_unbinned_102__MGr3G3H3I_000000116715|provirus_7273_33742_28	vRhyme_unbinned_102__MGr3G3H3I_000000116715|provirus_7273_33742	vRhyme_unbinned_102__MGr3G3H3I_000000116715|provirus_7273_33742	0.9418962	high	1.0	very high	unclassified		0.0	low	0.0	low
vRhyme_unbinned_102__MGr3G3H3I_000000116715|provirus_7273_33742_29	vRhyme_unbinned_102__MGr3G3H3I_000000116715|provirus_7273_33742	vRhyme_unbinned_102__MGr3G3H3I_000000116715|provirus_7273_33742	0.9594309	high	1.0	very high	unclassified	head-tail adaptor	0.0	low	0.0	low
vRhyme_unbinned_102__MGr3G3H3I_000000116715|provirus_7273_33742_30	vRhyme_unbinned_102__MGr3G3H3I_000000116715|provirus_7273_33742	vRhyme_unbinned_102__MGr3G3H3I_000000116715|provirus_7273_33742	0.8603838	medium	1.0	very high	unclassified		0.0	low	0.0	low
vRhyme_unbinned_102__MGr3G3H3I_000000116715|provirus_7273_33742_31	vRhyme_unbinned_102__MGr3G3H3I_000000116715|provirus_7273_33742	vRhyme_unbinned_102__MGr3G3H3I_000000116715|provirus_7273_33742	0.6047771	medium	1.0	very high	metabolic	yogA; zinc-binding alcohol dehydrogenase/oxidoreductase	1.0	very high	1.0	very high
vRhyme_unbinned_102__MGr3G3H3I_000000116715|provirus_7273_33742_32	vRhyme_unbinned_102__MGr3G3H3I_000000116715|provirus_7273_33742	vRhyme_unbinned_102__MGr3G3H3I_000000116715|provirus_7273_33742	0.8819109	medium	1.0	very high	unclassified		0.0	low	0.0	low
vRhyme_unbinned_103__MGr3G3H3I_000000120995|provirus_27569_54970_1	vRhyme_unbinned_103__MGr3G3H3I_000000120995|provirus_27569_54970	vRhyme_unbinned_103__MGr3G3H3I_000000120995|provirus_27569_54970	0.40648687	low	0.0	low	unclassified	AAA domain	0.0	low	0.0	low
vRhyme_unbinned_103__MGr3G3H3I_000000120995|provirus_27569_54970_2	vRhyme_unbinned_103__MGr3G3H3I_000000120995|provirus_27569_54970	vRhyme_unbinned_103__MGr3G3H3I_000000120995|provirus_27569_54970	0.085445516	low	0.0	low	unclassified		0.0	low	0.0	low
vRhyme_unbinned_103__MGr3G3H3I_000000120995|provirus_27569_54970_3	vRhyme_unbinned_103__MGr3G3H3I_000000120995|provirus_27569_54970	vRhyme_unbinned_103__MGr3G3H3I_000000120995|provirus_27569_54970	0.22562803	low	0.0509	low	unclassified	DnaC-like helicase loader	0.0	low	0.0	low
vRhyme_unbinned_103__MGr3G3H3I_000000120995|provirus_27569_54970_4	vRhyme_unbinned_103__MGr3G3H3I_000000120995|provirus_27569_54970	vRhyme_unbinned_103__MGr3G3H3I_000000120995|provirus_27569_54970	0.042201266	low	0.2084	medium	unclassified	asnB, ASNS; asparagine synthase (glutamine-hydrolysing) [EC:6.3.5.4]	0.0461	low	0.0096	low
vRhyme_unbinned_103__MGr3G3H3I_000000120995|provirus_27569_54970_5	vRhyme_unbinned_103__MGr3G3H3I_000000120995|provirus_27569_54970	vRhyme_unbinned_103__MGr3G3H3I_000000120995|provirus_27569_54970	0.5556599	low	1.0	very high	unclassified		0.0	low	0.0	low
vRhyme_unbinned_103__MGr3G3H3I_000000120995|provirus_27569_54970_6	vRhyme_unbinned_103__MGr3G3H3I_000000120995|provirus_27569_54970	vRhyme_unbinned_103__MGr3G3H3I_000000120995|provirus_27569_54970	0.9806073	high	1.0	very high	unclassified	terminase large subunit	0.0	low	0.0	low
vRhyme_unbinned_103__MGr3G3H3I_000000120995|provirus_27569_54970_7	vRhyme_unbinned_103__MGr3G3H3I_000000120995|provirus_27569_54970	vRhyme_unbinned_103__MGr3G3H3I_000000120995|provirus_27569_54970	0.93865526	high	1.0	very high	unclassified	portal protein	0.0	low	0.0	low
vRhyme_unbinned_103__MGr3G3H3I_000000120995|provirus_27569_54970_8	vRhyme_unbinned_103__MGr3G3H3I_000000120995|provirus_27569_54970	vRhyme_unbinned_103__MGr3G3H3I_000000120995|provirus_27569_54970	0.88081855	medium	1.0	very high	unclassified		0.0	low	0.0	low
vRhyme_unbinned_103__MGr3G3H3I_000000120995|provirus_27569_54970_9	vRhyme_unbinned_103__MGr3G3H3I_000000120995|provirus_27569_54970	vRhyme_unbinned_103__MGr3G3H3I_000000120995|provirus_27569_54970	0.94429505	high	1.0	very high	unclassified	major head protein	0.0	low	0.0	low
vRhyme_unbinned_103__MGr3G3H3I_000000120995|provirus_27569_54970_10	vRhyme_unbinned_103__MGr3G3H3I_000000120995|provirus_27569_54970	vRhyme_unbinned_103__MGr3G3H3I_000000120995|provirus_27569_54970	0.9507117	high	1.0	very high	unclassified		0.0	low	0.0	low
vRhyme_unbinned_103__MGr3G3H3I_000000120995|provirus_27569_54970_11	vRhyme_unbinned_103__MGr3G3H3I_000000120995|provirus_27569_54970	vRhyme_unbinned_103__MGr3G3H3I_000000120995|provirus_27569_54970	0.9524116	high	1.0	very high	unclassified		0.0	low	0.0	low
vRhyme_unbinned_103__MGr3G3H3I_000000120995|provirus_27569_54970_12	vRhyme_unbinned_103__MGr3G3H3I_000000120995|provirus_27569_54970	vRhyme_unbinned_103__MGr3G3H3I_000000120995|provirus_27569_54970	0.9168006	high	1.0	very high	unclassified		0.0	low	0.0	low
vRhyme_unbinned_103__MGr3G3H3I_000000120995|provirus_27569_54970_13	vRhyme_unbinned_103__MGr3G3H3I_000000120995|provirus_27569_54970	vRhyme_unbinned_103__MGr3G3H3I_000000120995|provirus_27569_54970	0.914374	high	1.0	very high	unclassified		0.0	low	0.0	low
vRhyme_unbinned_103__MGr3G3H3I_000000120995|provirus_27569_54970_14	vRhyme_unbinned_103__MGr3G3H3I_000000120995|provirus_27569_54970	vRhyme_unbinned_103__MGr3G3H3I_000000120995|provirus_27569_54970	0.9149546	high	1.0	very high	unclassified		0.0	low	0.0	low
vRhyme_unbinned_103__MGr3G3H3I_000000120995|provirus_27569_54970_15	vRhyme_unbinned_103__MGr3G3H3I_000000120995|provirus_27569_54970	vRhyme_unbinned_103__MGr3G3H3I_000000120995|provirus_27569_54970	0.9006456	medium	1.0	very high	unclassified		0.0	low	0.0	low
vRhyme_unbinned_103__MGr3G3H3I_000000120995|provirus_27569_54970_16	vRhyme_unbinned_103__MGr3G3H3I_000000120995|provirus_27569_54970	vRhyme_unbinned_103__MGr3G3H3I_000000120995|provirus_27569_54970	0.9144386	high	1.0	very high	unclassified		0.0	low	0.0	low
vRhyme_unbinned_103__MGr3G3H3I_000000120995|provirus_27569_54970_17	vRhyme_unbinned_103__MGr3G3H3I_000000120995|provirus_27569_54970	vRhyme_unbinned_103__MGr3G3H3I_000000120995|provirus_27569_54970	0.8211877	medium	1.0	very high	unclassified		0.0	low	0.0	low
vRhyme_unbinned_103__MGr3G3H3I_000000120995|provirus_27569_54970_18	vRhyme_unbinned_103__MGr3G3H3I_000000120995|provirus_27569_54970	vRhyme_unbinned_103__MGr3G3H3I_000000120995|provirus_27569_54970	0.8823837	medium	1.0	very high	unclassified		0.0	low	0.0	low
vRhyme_unbinned_103__MGr3G3H3I_000000120995|provirus_27569_54970_19	vRhyme_unbinned_103__MGr3G3H3I_000000120995|provirus_27569_54970	vRhyme_unbinned_103__MGr3G3H3I_000000120995|provirus_27569_54970	0.91121525	medium	0.8448	high	unclassified		0.0	low	0.0	low
vRhyme_unbinned_103__MGr3G3H3I_000000120995|provirus_27569_54970_20	vRhyme_unbinned_103__MGr3G3H3I_000000120995|provirus_27569_54970	vRhyme_unbinned_103__MGr3G3H3I_000000120995|provirus_27569_54970	0.7373067	medium	0.9143	high	unclassified		0.0	low	0.0	low
vRhyme_unbinned_103__MGr3G3H3I_000000120995|provirus_27569_54970_21	vRhyme_unbinned_103__MGr3G3H3I_000000120995|provirus_27569_54970	vRhyme_unbinned_103__MGr3G3H3I_000000120995|provirus_27569_54970	0.3654796	low	0.2198	medium	unclassified	beta-galactosidase (EC 3.2.1.23) ; beta-mannosidase (EC 3.2.1.25); beta-glucuronidase (EC 3.2.1.31); alpha-L-arabinofuranosidase (EC 3.2.1.55); mannosylglycoprotein endo-beta-mannosidase (EC 3.2.1.152); exo-beta-glucosaminidase (EC 3.2.1.165); alpha-L-arabinopyranosidase (EC 3.2.1.-); beta-galacturonidase (EC 3.2.1.-); beta-xylosidase (EC 3.2.1.37); beta-D-galactofuranosidase (EC 3.2.1.146); beta-glucosidase (EC 3.2.1.21); beta-galacturonidase RGII specific (EC 3.2.1.-); glycyrrhizin beta-glucuronidase (EC 3.2.1.128)	0.0	low	0.0	low
vRhyme_unbinned_103__MGr3G3H3I_000000120995|provirus_27569_54970_22	vRhyme_unbinned_103__MGr3G3H3I_000000120995|provirus_27569_54970	vRhyme_unbinned_103__MGr3G3H3I_000000120995|provirus_27569_54970	0.16361296	low	0.0	low	metabolic	typA, bipA; GTP-binding protein	0.9511	very high	0.0	low
vRhyme_unbinned_103__MGr3G3H3I_000000120995|provirus_27569_54970_23	vRhyme_unbinned_103__MGr3G3H3I_000000120995|provirus_27569_54970	vRhyme_unbinned_103__MGr3G3H3I_000000120995|provirus_27569_54970	0.22244097	low	0.0	low	unclassified	lpxD; UDP-3-O-[3-hydroxymyristoyl] glucosamine N-acyltransferase [EC:2.3.1.191]	0.0	low	0.0	low
vRhyme_unbinned_104__MGr3G3H3I_000000125775|provirus_133_9664_1	vRhyme_unbinned_104__MGr3G3H3I_000000125775|provirus_133_9664	vRhyme_unbinned_104__MGr3G3H3I_000000125775|provirus_133_9664	0.9956975	high	1.0	very high	unclassified		0.0	low	0.0	low
vRhyme_unbinned_104__MGr3G3H3I_000000125775|provirus_133_9664_2	vRhyme_unbinned_104__MGr3G3H3I_000000125775|provirus_133_9664	vRhyme_unbinned_104__MGr3G3H3I_000000125775|provirus_133_9664	0.9956975	high	1.0	very high	unclassified		0.0	low	0.0	low
vRhyme_unbinned_104__MGr3G3H3I_000000125775|provirus_133_9664_3	vRhyme_unbinned_104__MGr3G3H3I_000000125775|provirus_133_9664	vRhyme_unbinned_104__MGr3G3H3I_000000125775|provirus_133_9664	0.99546725	high	0.9534	high	unclassified		0.0	low	0.0	low
vRhyme_unbinned_104__MGr3G3H3I_000000125775|provirus_133_9664_4	vRhyme_unbinned_104__MGr3G3H3I_000000125775|provirus_133_9664	vRhyme_unbinned_104__MGr3G3H3I_000000125775|provirus_133_9664	0.99531955	high	1.0	very high	unclassified		0.0	low	0.0	low
vRhyme_unbinned_104__MGr3G3H3I_000000125775|provirus_133_9664_5	vRhyme_unbinned_104__MGr3G3H3I_000000125775|provirus_133_9664	vRhyme_unbinned_104__MGr3G3H3I_000000125775|provirus_133_9664	0.99479383	high	0.935	high	unclassified		0.0	low	0.0	low
vRhyme_unbinned_104__MGr3G3H3I_000000125775|provirus_133_9664_6	vRhyme_unbinned_104__MGr3G3H3I_000000125775|provirus_133_9664	vRhyme_unbinned_104__MGr3G3H3I_000000125775|provirus_133_9664	0.9939708	high	1.0	very high	unclassified		0.0	low	0.0	low
vRhyme_unbinned_104__MGr3G3H3I_000000125775|provirus_133_9664_7	vRhyme_unbinned_104__MGr3G3H3I_000000125775|provirus_133_9664	vRhyme_unbinned_104__MGr3G3H3I_000000125775|provirus_133_9664	0.9930727	high	1.0	very high	unclassified		0.0	low	0.0	low
vRhyme_unbinned_104__MGr3G3H3I_000000125775|provirus_133_9664_8	vRhyme_unbinned_104__MGr3G3H3I_000000125775|provirus_133_9664	vRhyme_unbinned_104__MGr3G3H3I_000000125775|provirus_133_9664	0.99285483	high	1.0	very high	unclassified		0.0	low	0.0	low
vRhyme_unbinned_104__MGr3G3H3I_000000125775|provirus_133_9664_9	vRhyme_unbinned_104__MGr3G3H3I_000000125775|provirus_133_9664	vRhyme_unbinned_104__MGr3G3H3I_000000125775|provirus_133_9664	0.98343813	high	1.0	very high	unclassified		0.0	low	0.0	low
vRhyme_unbinned_105__MGr3G3H3I_000000182691|provirus_17376_26434_1	vRhyme_unbinned_105__MGr3G3H3I_000000182691|provirus_17376_26434	vRhyme_unbinned_105__MGr3G3H3I_000000182691|provirus_17376_26434	0.071185015	low	0.0	low	metabolic	ycsE, yitU, ywtE; 5-amino-6-(5-phospho-D-ribitylamino)uracil phosphatase [EC:3.1.3.104]	0.7996	high	0.0	low
vRhyme_unbinned_105__MGr3G3H3I_000000182691|provirus_17376_26434_2	vRhyme_unbinned_105__MGr3G3H3I_000000182691|provirus_17376_26434	vRhyme_unbinned_105__MGr3G3H3I_000000182691|provirus_17376_26434	0.17726378	low	0.0	low	unclassified	Kelch motif	0.0	low	0.0	low
vRhyme_unbinned_105__MGr3G3H3I_000000182691|provirus_17376_26434_3	vRhyme_unbinned_105__MGr3G3H3I_000000182691|provirus_17376_26434	vRhyme_unbinned_105__MGr3G3H3I_000000182691|provirus_17376_26434	0.19828634	low	0.0	low	unclassified	Kelch motif	0.0	low	0.0	low
vRhyme_unbinned_105__MGr3G3H3I_000000182691|provirus_17376_26434_4	vRhyme_unbinned_105__MGr3G3H3I_000000182691|provirus_17376_26434	vRhyme_unbinned_105__MGr3G3H3I_000000182691|provirus_17376_26434	0.16134709	low	0.0	low	unclassified	Kelch motif	0.0	low	0.0	low
vRhyme_unbinned_105__MGr3G3H3I_000000182691|provirus_17376_26434_5	vRhyme_unbinned_105__MGr3G3H3I_000000182691|provirus_17376_26434	vRhyme_unbinned_105__MGr3G3H3I_000000182691|provirus_17376_26434	0.110674486	low	0.0	low	unclassified	Kelch motif	0.0	low	0.0	low
vRhyme_unbinned_105__MGr3G3H3I_000000182691|provirus_17376_26434_6	vRhyme_unbinned_105__MGr3G3H3I_000000182691|provirus_17376_26434	vRhyme_unbinned_105__MGr3G3H3I_000000182691|provirus_17376_26434	0.10258966	low	0.0	low	unclassified	Kelch motif	0.0	low	0.0	low
vRhyme_unbinned_105__MGr3G3H3I_000000182691|provirus_17376_26434_7	vRhyme_unbinned_105__MGr3G3H3I_000000182691|provirus_17376_26434	vRhyme_unbinned_105__MGr3G3H3I_000000182691|provirus_17376_26434	0.12036239	low	0.0	low	unclassified	Kelch motif	0.0	low	0.0	low
vRhyme_unbinned_105__MGr3G3H3I_000000182691|provirus_17376_26434_8	vRhyme_unbinned_105__MGr3G3H3I_000000182691|provirus_17376_26434	vRhyme_unbinned_105__MGr3G3H3I_000000182691|provirus_17376_26434	0.18011558	low	0.0	low	unclassified	Kelch motif	0.0484	low	0.0	low
vRhyme_unbinned_105__MGr3G3H3I_000000182691|provirus_17376_26434_9	vRhyme_unbinned_105__MGr3G3H3I_000000182691|provirus_17376_26434	vRhyme_unbinned_105__MGr3G3H3I_000000182691|provirus_17376_26434	0.14749242	low	0.0	low	unclassified	KLHDC2/KLHL20/DRC7 Kelch-repeats domain	0.0569	low	0.0	low
vRhyme_unbinned_106__MGr3G3H3I_000000184658|provirus_15737_33807_1	vRhyme_unbinned_106__MGr3G3H3I_000000184658|provirus_15737_33807	vRhyme_unbinned_106__MGr3G3H3I_000000184658|provirus_15737_33807	0.9942645	high	1.0	very high	unclassified	""	0.0	low	0.0	low
vRhyme_unbinned_106__MGr3G3H3I_000000184658|provirus_15737_33807_2	vRhyme_unbinned_106__MGr3G3H3I_000000184658|provirus_15737_33807	vRhyme_unbinned_106__MGr3G3H3I_000000184658|provirus_15737_33807	0.998751	high	1.0	very high	unclassified		0.0	low	0.0	low
vRhyme_unbinned_106__MGr3G3H3I_000000184658|provirus_15737_33807_3	vRhyme_unbinned_106__MGr3G3H3I_000000184658|provirus_15737_33807	vRhyme_unbinned_106__MGr3G3H3I_000000184658|provirus_15737_33807	0.99964637	high	1.0	very high	unclassified		0.0	low	0.0	low
vRhyme_unbinned_106__MGr3G3H3I_000000184658|provirus_15737_33807_4	vRhyme_unbinned_106__MGr3G3H3I_000000184658|provirus_15737_33807	vRhyme_unbinned_106__MGr3G3H3I_000000184658|provirus_15737_33807	0.99962616	high	1.0	very high	unclassified		0.0	low	0.0	low
vRhyme_unbinned_106__MGr3G3H3I_000000184658|provirus_15737_33807_5	vRhyme_unbinned_106__MGr3G3H3I_000000184658|provirus_15737_33807	vRhyme_unbinned_106__MGr3G3H3I_000000184658|provirus_15737_33807	0.9998073	high	1.0	very high	unclassified		0.0	low	0.0	low
vRhyme_unbinned_106__MGr3G3H3I_000000184658|provirus_15737_33807_6	vRhyme_unbinned_106__MGr3G3H3I_000000184658|provirus_15737_33807	vRhyme_unbinned_106__MGr3G3H3I_000000184658|provirus_15737_33807	0.9996188	high	1.0	very high	unclassified		0.0	low	0.0	low
vRhyme_unbinned_106__MGr3G3H3I_000000184658|provirus_15737_33807_7	vRhyme_unbinned_106__MGr3G3H3I_000000184658|provirus_15737_33807	vRhyme_unbinned_106__MGr3G3H3I_000000184658|provirus_15737_33807	0.9997314	high	1.0	very high	unclassified		0.0	low	0.0	low
vRhyme_unbinned_106__MGr3G3H3I_000000184658|provirus_15737_33807_8	vRhyme_unbinned_106__MGr3G3H3I_000000184658|provirus_15737_33807	vRhyme_unbinned_106__MGr3G3H3I_000000184658|provirus_15737_33807	0.9998432	high	1.0	very high	unclassified		0.0	low	0.0	low
vRhyme_unbinned_106__MGr3G3H3I_000000184658|provirus_15737_33807_9	vRhyme_unbinned_106__MGr3G3H3I_000000184658|provirus_15737_33807	vRhyme_unbinned_106__MGr3G3H3I_000000184658|provirus_15737_33807	0.99979925	high	1.0	very high	unclassified		0.0	low	0.0	low
vRhyme_unbinned_106__MGr3G3H3I_000000184658|provirus_15737_33807_10	vRhyme_unbinned_106__MGr3G3H3I_000000184658|provirus_15737_33807	vRhyme_unbinned_106__MGr3G3H3I_000000184658|provirus_15737_33807	0.9998536	high	1.0	very high	unclassified		0.0	low	0.0	low
vRhyme_unbinned_106__MGr3G3H3I_000000184658|provirus_15737_33807_11	vRhyme_unbinned_106__MGr3G3H3I_000000184658|provirus_15737_33807	vRhyme_unbinned_106__MGr3G3H3I_000000184658|provirus_15737_33807	0.99977416	high	1.0	very high	unclassified	major head protein	0.0	low	0.0	low
vRhyme_unbinned_106__MGr3G3H3I_000000184658|provirus_15737_33807_12	vRhyme_unbinned_106__MGr3G3H3I_000000184658|provirus_15737_33807	vRhyme_unbinned_106__MGr3G3H3I_000000184658|provirus_15737_33807	0.99957067	high	1.0	very high	unclassified		0.0	low	0.0	low
vRhyme_unbinned_106__MGr3G3H3I_000000184658|provirus_15737_33807_13	vRhyme_unbinned_106__MGr3G3H3I_000000184658|provirus_15737_33807	vRhyme_unbinned_106__MGr3G3H3I_000000184658|provirus_15737_33807	0.9997297	high	1.0	very high	unclassified	portal protein	0.0	low	0.0	low
vRhyme_unbinned_106__MGr3G3H3I_000000184658|provirus_15737_33807_14	vRhyme_unbinned_106__MGr3G3H3I_000000184658|provirus_15737_33807	vRhyme_unbinned_106__MGr3G3H3I_000000184658|provirus_15737_33807	0.9993999	high	1.0	very high	unclassified	terminase large subunit	0.0	low	0.0	low
vRhyme_unbinned_106__MGr3G3H3I_000000184658|provirus_15737_33807_15	vRhyme_unbinned_106__MGr3G3H3I_000000184658|provirus_15737_33807	vRhyme_unbinned_106__MGr3G3H3I_000000184658|provirus_15737_33807	0.99441254	high	1.0	very high	unclassified		0.0	low	0.0	low
vRhyme_unbinned_106__MGr3G3H3I_000000184658|provirus_15737_33807_16	vRhyme_unbinned_106__MGr3G3H3I_000000184658|provirus_15737_33807	vRhyme_unbinned_106__MGr3G3H3I_000000184658|provirus_15737_33807	0.99475664	high	0.4954	high	unclassified		0.0	low	0.0	low
vRhyme_unbinned_107__MGr3G3H3I_000000207831|provirus_30197_56997_1	vRhyme_unbinned_107__MGr3G3H3I_000000207831|provirus_30197_56997	vRhyme_unbinned_107__MGr3G3H3I_000000207831|provirus_30197_56997	0.70484465	medium	0.0	low	unclassified		0.0	low	0.0	low
vRhyme_unbinned_107__MGr3G3H3I_000000207831|provirus_30197_56997_2	vRhyme_unbinned_107__MGr3G3H3I_000000207831|provirus_30197_56997	vRhyme_unbinned_107__MGr3G3H3I_000000207831|provirus_30197_56997	0.85224	medium	0.0	low	unclassified	ATPase	0.0	low	0.0	low
vRhyme_unbinned_107__MGr3G3H3I_000000207831|provirus_30197_56997_3	vRhyme_unbinned_107__MGr3G3H3I_000000207831|provirus_30197_56997	vRhyme_unbinned_107__MGr3G3H3I_000000207831|provirus_30197_56997	0.8181855	medium	0.0461	low	unclassified		0.0	low	0.0	low
vRhyme_unbinned_107__MGr3G3H3I_000000207831|provirus_30197_56997_4	vRhyme_unbinned_107__MGr3G3H3I_000000207831|provirus_30197_56997	vRhyme_unbinned_107__MGr3G3H3I_000000207831|provirus_30197_56997	0.93408036	high	0.0	low	unclassified		0.0	low	0.0	low
vRhyme_unbinned_107__MGr3G3H3I_000000207831|provirus_30197_56997_5	vRhyme_unbinned_107__MGr3G3H3I_000000207831|provirus_30197_56997	vRhyme_unbinned_107__MGr3G3H3I_000000207831|provirus_30197_56997	0.88931286	medium	0.2222	medium	unclassified		0.0	low	0.0	low
vRhyme_unbinned_107__MGr3G3H3I_000000207831|provirus_30197_56997_6	vRhyme_unbinned_107__MGr3G3H3I_000000207831|provirus_30197_56997	vRhyme_unbinned_107__MGr3G3H3I_000000207831|provirus_30197_56997	0.8704053	medium	0.7536	high	unclassified		0.0	low	0.0	low
vRhyme_unbinned_107__MGr3G3H3I_000000207831|provirus_30197_56997_7	vRhyme_unbinned_107__MGr3G3H3I_000000207831|provirus_30197_56997	vRhyme_unbinned_107__MGr3G3H3I_000000207831|provirus_30197_56997	0.93305737	high	0.5797	high	unclassified		0.0	low	0.0	low
vRhyme_unbinned_107__MGr3G3H3I_000000207831|provirus_30197_56997_8	vRhyme_unbinned_107__MGr3G3H3I_000000207831|provirus_30197_56997	vRhyme_unbinned_107__MGr3G3H3I_000000207831|provirus_30197_56997	0.8886396	medium	0.703	high	unclassified		0.1971	medium	0.1386	medium
vRhyme_unbinned_107__MGr3G3H3I_000000207831|provirus_30197_56997_9	vRhyme_unbinned_107__MGr3G3H3I_000000207831|provirus_30197_56997	vRhyme_unbinned_107__MGr3G3H3I_000000207831|provirus_30197_56997	0.8819248	medium	0.9659	high	unclassified	baseplate wedge subunit	0.0	low	0.0	low
vRhyme_unbinned_107__MGr3G3H3I_000000207831|provirus_30197_56997_10	vRhyme_unbinned_107__MGr3G3H3I_000000207831|provirus_30197_56997	vRhyme_unbinned_107__MGr3G3H3I_000000207831|provirus_30197_56997	0.8865492	medium	0.5703	high	unclassified	W; Bacteriophage baseplate protein W	0.0	low	0.0	low
vRhyme_unbinned_107__MGr3G3H3I_000000207831|provirus_30197_56997_11	vRhyme_unbinned_107__MGr3G3H3I_000000207831|provirus_30197_56997	vRhyme_unbinned_107__MGr3G3H3I_000000207831|provirus_30197_56997	0.77244246	medium	1.0	very high	unclassified		0.0	low	0.0	low
vRhyme_unbinned_107__MGr3G3H3I_000000207831|provirus_30197_56997_12	vRhyme_unbinned_107__MGr3G3H3I_000000207831|provirus_30197_56997	vRhyme_unbinned_107__MGr3G3H3I_000000207831|provirus_30197_56997	0.2580432	low	0.7383	high	unclassified	Type VI secretion system/phage-baseplate injector OB domain	0.0	low	0.0	low
vRhyme_unbinned_107__MGr3G3H3I_000000207831|provirus_30197_56997_13	vRhyme_unbinned_107__MGr3G3H3I_000000207831|provirus_30197_56997	vRhyme_unbinned_107__MGr3G3H3I_000000207831|provirus_30197_56997	0.868604	medium	1.0	very high	unclassified	D; Bacteriophage probable baseplate hub protein	0.0	low	0.0	low
vRhyme_unbinned_107__MGr3G3H3I_000000207831|provirus_30197_56997_14	vRhyme_unbinned_107__MGr3G3H3I_000000207831|provirus_30197_56997	vRhyme_unbinned_107__MGr3G3H3I_000000207831|provirus_30197_56997	0.95607895	high	1.0	very high	unclassified	Contractile injection system tube protein	0.0	low	0.0	low
vRhyme_unbinned_107__MGr3G3H3I_000000207831|provirus_30197_56997_15	vRhyme_unbinned_107__MGr3G3H3I_000000207831|provirus_30197_56997	vRhyme_unbinned_107__MGr3G3H3I_000000207831|provirus_30197_56997	0.9614994	high	0.9487	high	unclassified		0.0	low	0.0	low
vRhyme_unbinned_107__MGr3G3H3I_000000207831|provirus_30197_56997_16	vRhyme_unbinned_107__MGr3G3H3I_000000207831|provirus_30197_56997	vRhyme_unbinned_107__MGr3G3H3I_000000207831|provirus_30197_56997	0.8648438	medium	1.0	very high	unclassified	T4-like virus tail tube protein gp19	0.0	low	0.0	low
vRhyme_unbinned_107__MGr3G3H3I_000000207831|provirus_30197_56997_17	vRhyme_unbinned_107__MGr3G3H3I_000000207831|provirus_30197_56997	vRhyme_unbinned_107__MGr3G3H3I_000000207831|provirus_30197_56997	0.97115934	high	1.0	very high	unclassified	FI; Bacteriophage tail sheath protein	0.0	low	0.0	low
vRhyme_unbinned_107__MGr3G3H3I_000000207831|provirus_30197_56997_18	vRhyme_unbinned_107__MGr3G3H3I_000000207831|provirus_30197_56997	vRhyme_unbinned_107__MGr3G3H3I_000000207831|provirus_30197_56997	0.7745976	medium	0.9492	high	unclassified	T4-like virus tail tube protein gp19	0.0	low	0.0	low
vRhyme_unbinned_107__MGr3G3H3I_000000207831|provirus_30197_56997_19	vRhyme_unbinned_107__MGr3G3H3I_000000207831|provirus_30197_56997	vRhyme_unbinned_107__MGr3G3H3I_000000207831|provirus_30197_56997	0.9396217	high	1.0	very high	unclassified	FI; Bacteriophage tail sheath protein	0.0	low	0.0	low
vRhyme_unbinned_108__MGr3G3H3I_000000219853|provirus_7900_28337_1	vRhyme_unbinned_108__MGr3G3H3I_000000219853|provirus_7900_28337	vRhyme_unbinned_108__MGr3G3H3I_000000219853|provirus_7900_28337	0.6863982	medium	1.0	very high	unclassified		0.0	low	0.0	low
vRhyme_unbinned_108__MGr3G3H3I_000000219853|provirus_7900_28337_2	vRhyme_unbinned_108__MGr3G3H3I_000000219853|provirus_7900_28337	vRhyme_unbinned_108__MGr3G3H3I_000000219853|provirus_7900_28337	0.86330175	medium	1.0	very high	regulatory	transcriptional repressor	0.7957	high	0.7957	high
vRhyme_unbinned_108__MGr3G3H3I_000000219853|provirus_7900_28337_3	vRhyme_unbinned_108__MGr3G3H3I_000000219853|provirus_7900_28337	vRhyme_unbinned_108__MGr3G3H3I_000000219853|provirus_7900_28337	0.56872994	low	1.0	very high	unclassified		0.0	low	0.0	low
vRhyme_unbinned_108__MGr3G3H3I_000000219853|provirus_7900_28337_4	vRhyme_unbinned_108__MGr3G3H3I_000000219853|provirus_7900_28337	vRhyme_unbinned_108__MGr3G3H3I_000000219853|provirus_7900_28337	0.63182586	medium	0.95	high	unclassified		0.0	low	0.0	low
vRhyme_unbinned_108__MGr3G3H3I_000000219853|provirus_7900_28337_5	vRhyme_unbinned_108__MGr3G3H3I_000000219853|provirus_7900_28337	vRhyme_unbinned_108__MGr3G3H3I_000000219853|provirus_7900_28337	0.5393969	low	1.0	very high	unclassified	Domain of unknown function (DUF6429)	0.0	low	0.0	low
vRhyme_unbinned_108__MGr3G3H3I_000000219853|provirus_7900_28337_6	vRhyme_unbinned_108__MGr3G3H3I_000000219853|provirus_7900_28337	vRhyme_unbinned_108__MGr3G3H3I_000000219853|provirus_7900_28337	0.8656051	medium	1.0	very high	unclassified	terminase large subunit	0.0	low	0.0	low
vRhyme_unbinned_108__MGr3G3H3I_000000219853|provirus_7900_28337_7	vRhyme_unbinned_108__MGr3G3H3I_000000219853|provirus_7900_28337	vRhyme_unbinned_108__MGr3G3H3I_000000219853|provirus_7900_28337	0.9178266	high	1.0	very high	unclassified	portal protein	0.0	low	0.0	low
vRhyme_unbinned_108__MGr3G3H3I_000000219853|provirus_7900_28337_8	vRhyme_unbinned_108__MGr3G3H3I_000000219853|provirus_7900_28337	vRhyme_unbinned_108__MGr3G3H3I_000000219853|provirus_7900_28337	0.7653685	medium	1.0	very high	unclassified		0.0	low	0.0	low
vRhyme_unbinned_108__MGr3G3H3I_000000219853|provirus_7900_28337_9	vRhyme_unbinned_108__MGr3G3H3I_000000219853|provirus_7900_28337	vRhyme_unbinned_108__MGr3G3H3I_000000219853|provirus_7900_28337	0.73708385	medium	1.0	very high	unclassified		0.0	low	0.0	low
vRhyme_unbinned_108__MGr3G3H3I_000000219853|provirus_7900_28337_10	vRhyme_unbinned_108__MGr3G3H3I_000000219853|provirus_7900_28337	vRhyme_unbinned_108__MGr3G3H3I_000000219853|provirus_7900_28337	0.74468833	medium	1.0	very high	unclassified		0.0	low	0.0	low
vRhyme_unbinned_108__MGr3G3H3I_000000219853|provirus_7900_28337_11	vRhyme_unbinned_108__MGr3G3H3I_000000219853|provirus_7900_28337	vRhyme_unbinned_108__MGr3G3H3I_000000219853|provirus_7900_28337	0.7062984	medium	0.952	high	unclassified		0.0	low	0.0	low
vRhyme_unbinned_108__MGr3G3H3I_000000219853|provirus_7900_28337_12	vRhyme_unbinned_108__MGr3G3H3I_000000219853|provirus_7900_28337	vRhyme_unbinned_108__MGr3G3H3I_000000219853|provirus_7900_28337	0.6550677	medium	1.0	very high	unclassified		0.0	low	0.0	low
vRhyme_unbinned_108__MGr3G3H3I_000000219853|provirus_7900_28337_13	vRhyme_unbinned_108__MGr3G3H3I_000000219853|provirus_7900_28337	vRhyme_unbinned_108__MGr3G3H3I_000000219853|provirus_7900_28337	0.7581135	medium	1.0	very high	unclassified	Domain of unknown function (DUF2019)	0.0	low	0.0	low
vRhyme_unbinned_108__MGr3G3H3I_000000219853|provirus_7900_28337_14	vRhyme_unbinned_108__MGr3G3H3I_000000219853|provirus_7900_28337	vRhyme_unbinned_108__MGr3G3H3I_000000219853|provirus_7900_28337	0.77018154	medium	1.0	very high	unclassified	Domain of unknown function (DUF2019)	0.0	low	0.0	low
vRhyme_unbinned_108__MGr3G3H3I_000000219853|provirus_7900_28337_15	vRhyme_unbinned_108__MGr3G3H3I_000000219853|provirus_7900_28337	vRhyme_unbinned_108__MGr3G3H3I_000000219853|provirus_7900_28337	0.9674515	high	1.0	very high	unclassified		0.0	low	0.0	low
vRhyme_unbinned_108__MGr3G3H3I_000000219853|provirus_7900_28337_16	vRhyme_unbinned_108__MGr3G3H3I_000000219853|provirus_7900_28337	vRhyme_unbinned_108__MGr3G3H3I_000000219853|provirus_7900_28337	0.85342795	medium	1.0	very high	unclassified		0.0	low	0.0	low
vRhyme_unbinned_108__MGr3G3H3I_000000219853|provirus_7900_28337_17	vRhyme_unbinned_108__MGr3G3H3I_000000219853|provirus_7900_28337	vRhyme_unbinned_108__MGr3G3H3I_000000219853|provirus_7900_28337	0.8752509	medium	1.0	very high	unclassified		0.0	low	0.0	low
vRhyme_unbinned_108__MGr3G3H3I_000000219853|provirus_7900_28337_18	vRhyme_unbinned_108__MGr3G3H3I_000000219853|provirus_7900_28337	vRhyme_unbinned_108__MGr3G3H3I_000000219853|provirus_7900_28337	0.89061147	medium	1.0	very high	unclassified		0.0	low	0.0	low
vRhyme_unbinned_108__MGr3G3H3I_000000219853|provirus_7900_28337_19	vRhyme_unbinned_108__MGr3G3H3I_000000219853|provirus_7900_28337	vRhyme_unbinned_108__MGr3G3H3I_000000219853|provirus_7900_28337	0.7479592	medium	1.0	very high	unclassified	Domain of unknown function (DUF2019)	0.0	low	0.0	low
vRhyme_unbinned_108__MGr3G3H3I_000000219853|provirus_7900_28337_20	vRhyme_unbinned_108__MGr3G3H3I_000000219853|provirus_7900_28337	vRhyme_unbinned_108__MGr3G3H3I_000000219853|provirus_7900_28337	0.8098005	medium	1.0	very high	unclassified	Domain of unknown function (DUF2019)	0.0	low	0.0	low
vRhyme_unbinned_108__MGr3G3H3I_000000219853|provirus_7900_28337_21	vRhyme_unbinned_108__MGr3G3H3I_000000219853|provirus_7900_28337	vRhyme_unbinned_108__MGr3G3H3I_000000219853|provirus_7900_28337	0.7720435	medium	1.0	very high	regulatory	DNA binding protein	1.0	very high	1.0	very high
vRhyme_unbinned_108__MGr3G3H3I_000000219853|provirus_7900_28337_22	vRhyme_unbinned_108__MGr3G3H3I_000000219853|provirus_7900_28337	vRhyme_unbinned_108__MGr3G3H3I_000000219853|provirus_7900_28337	0.90027916	medium	1.0	very high	unclassified	""	0.0	low	0.0	low
vRhyme_unbinned_108__MGr3G3H3I_000000219853|provirus_7900_28337_23	vRhyme_unbinned_108__MGr3G3H3I_000000219853|provirus_7900_28337	vRhyme_unbinned_108__MGr3G3H3I_000000219853|provirus_7900_28337	0.897959	medium	1.0	very high	unclassified	""	0.0	low	0.0	low
vRhyme_unbinned_108__MGr3G3H3I_000000219853|provirus_7900_28337_24	vRhyme_unbinned_108__MGr3G3H3I_000000219853|provirus_7900_28337	vRhyme_unbinned_108__MGr3G3H3I_000000219853|provirus_7900_28337	0.9215178	high	0.9505	high	unclassified		0.0	low	0.0	low
vRhyme_unbinned_108__MGr3G3H3I_000000219853|provirus_7900_28337_25	vRhyme_unbinned_108__MGr3G3H3I_000000219853|provirus_7900_28337	vRhyme_unbinned_108__MGr3G3H3I_000000219853|provirus_7900_28337	0.92664844	high	1.0	very high	unclassified	head-tail adaptor	0.0	low	0.0	low
vRhyme_unbinned_108__MGr3G3H3I_000000219853|provirus_7900_28337_26	vRhyme_unbinned_108__MGr3G3H3I_000000219853|provirus_7900_28337	vRhyme_unbinned_108__MGr3G3H3I_000000219853|provirus_7900_28337	0.9561762	high	1.0	very high	unclassified		0.0	low	0.0	low
vRhyme_unbinned_108__MGr3G3H3I_000000219853|provirus_7900_28337_27	vRhyme_unbinned_108__MGr3G3H3I_000000219853|provirus_7900_28337	vRhyme_unbinned_108__MGr3G3H3I_000000219853|provirus_7900_28337	0.9744826	high	1.0	very high	unclassified		0.0	low	0.0	low
vRhyme_unbinned_108__MGr3G3H3I_000000219853|provirus_7900_28337_28	vRhyme_unbinned_108__MGr3G3H3I_000000219853|provirus_7900_28337	vRhyme_unbinned_108__MGr3G3H3I_000000219853|provirus_7900_28337	0.9761788	high	1.0	very high	unclassified		0.0	low	0.0	low
vRhyme_unbinned_108__MGr3G3H3I_000000219853|provirus_7900_28337_29	vRhyme_unbinned_108__MGr3G3H3I_000000219853|provirus_7900_28337	vRhyme_unbinned_108__MGr3G3H3I_000000219853|provirus_7900_28337	0.98018235	high	1.0	very high	unclassified		0.0	low	0.0	low
vRhyme_unbinned_109__MGr3G3H3I_000000235412|provirus_119_8951_1	vRhyme_unbinned_109__MGr3G3H3I_000000235412|provirus_119_8951	vRhyme_unbinned_109__MGr3G3H3I_000000235412|provirus_119_8951	0.87986016	medium	1.0	very high	unclassified	tail protein	0.0	low	0.0	low
vRhyme_unbinned_109__MGr3G3H3I_000000235412|provirus_119_8951_2	vRhyme_unbinned_109__MGr3G3H3I_000000235412|provirus_119_8951	vRhyme_unbinned_109__MGr3G3H3I_000000235412|provirus_119_8951	0.97819155	high	1.0	very high	unclassified	baseplate hub	0.0	low	0.0	low
vRhyme_unbinned_109__MGr3G3H3I_000000235412|provirus_119_8951_3	vRhyme_unbinned_109__MGr3G3H3I_000000235412|provirus_119_8951	vRhyme_unbinned_109__MGr3G3H3I_000000235412|provirus_119_8951	0.9921119	high	1.0	very high	unclassified	tail protein	0.0	low	0.0	low
vRhyme_unbinned_109__MGr3G3H3I_000000235412|provirus_119_8951_4	vRhyme_unbinned_109__MGr3G3H3I_000000235412|provirus_119_8951	vRhyme_unbinned_109__MGr3G3H3I_000000235412|provirus_119_8951	0.98566693	high	1.0	very high	unclassified	baseplate assembly protein	0.0	low	0.0	low
vRhyme_unbinned_109__MGr3G3H3I_000000235412|provirus_119_8951_5	vRhyme_unbinned_109__MGr3G3H3I_000000235412|provirus_119_8951	vRhyme_unbinned_109__MGr3G3H3I_000000235412|provirus_119_8951	0.9909806	high	1.0	very high	unclassified	baseplate wedge subunit	0.0	low	0.0	low
vRhyme_unbinned_109__MGr3G3H3I_000000235412|provirus_119_8951_6	vRhyme_unbinned_109__MGr3G3H3I_000000235412|provirus_119_8951	vRhyme_unbinned_109__MGr3G3H3I_000000235412|provirus_119_8951	0.9914662	high	1.0	very high	unclassified	baseplate wedge subunit	0.0	low	0.0	low
vRhyme_unbinned_109__MGr3G3H3I_000000235412|provirus_119_8951_7	vRhyme_unbinned_109__MGr3G3H3I_000000235412|provirus_119_8951	vRhyme_unbinned_109__MGr3G3H3I_000000235412|provirus_119_8951	0.9872756	high	1.0	very high	unclassified	tail protein	0.0	low	0.0	low
vRhyme_unbinned_109__MGr3G3H3I_000000235412|provirus_119_8951_8	vRhyme_unbinned_109__MGr3G3H3I_000000235412|provirus_119_8951	vRhyme_unbinned_109__MGr3G3H3I_000000235412|provirus_119_8951	0.9864586	high	1.0	very high	unclassified	""	0.0	low	0.0	low
vRhyme_unbinned_109__MGr3G3H3I_000000235412|provirus_119_8951_9	vRhyme_unbinned_109__MGr3G3H3I_000000235412|provirus_119_8951	vRhyme_unbinned_109__MGr3G3H3I_000000235412|provirus_119_8951	0.9905458	high	1.0	very high	unclassified		0.0	low	0.0	low
vRhyme_unbinned_109__MGr3G3H3I_000000235412|provirus_119_8951_10	vRhyme_unbinned_109__MGr3G3H3I_000000235412|provirus_119_8951	vRhyme_unbinned_109__MGr3G3H3I_000000235412|provirus_119_8951	0.9926152	high	1.0	very high	unclassified		0.0	low	0.0	low
vRhyme_unbinned_10__MGr3G3H3I_000000026731_1	vRhyme_unbinned_10__MGr3G3H3I_000000026731	vRhyme_unbinned_10__MGr3G3H3I_000000026731	0.029384615	low	0.9618	high	unclassified		0.0	low	0.0	low
vRhyme_unbinned_10__MGr3G3H3I_000000026731_2	vRhyme_unbinned_10__MGr3G3H3I_000000026731	vRhyme_unbinned_10__MGr3G3H3I_000000026731	0.088916086	low	1.0	very high	unclassified	""	0.0	low	0.0	low
vRhyme_unbinned_10__MGr3G3H3I_000000026731_3	vRhyme_unbinned_10__MGr3G3H3I_000000026731	vRhyme_unbinned_10__MGr3G3H3I_000000026731	0.017625533	low	1.0	very high	unclassified		0.0	low	0.0	low
vRhyme_unbinned_10__MGr3G3H3I_000000026731_4	vRhyme_unbinned_10__MGr3G3H3I_000000026731	vRhyme_unbinned_10__MGr3G3H3I_000000026731	0.018682938	low	1.0	very high	unclassified		0.0	low	0.0	low
vRhyme_unbinned_10__MGr3G3H3I_000000026731_5	vRhyme_unbinned_10__MGr3G3H3I_000000026731	vRhyme_unbinned_10__MGr3G3H3I_000000026731	0.0072923484	low	0.9559	high	unclassified		0.0	low	0.0	low
vRhyme_unbinned_10__MGr3G3H3I_000000026731_6	vRhyme_unbinned_10__MGr3G3H3I_000000026731	vRhyme_unbinned_10__MGr3G3H3I_000000026731	0.018314209	low	1.0	very high	unclassified		0.0	low	0.0	low
vRhyme_unbinned_10__MGr3G3H3I_000000026731_7	vRhyme_unbinned_10__MGr3G3H3I_000000026731	vRhyme_unbinned_10__MGr3G3H3I_000000026731	0.01538256	low	0.9464	high	unclassified	glycosyltransferase	0.0	low	0.0	low
vRhyme_unbinned_10__MGr3G3H3I_000000026731_8	vRhyme_unbinned_10__MGr3G3H3I_000000026731	vRhyme_unbinned_10__MGr3G3H3I_000000026731	0.021252444	low	1.0	very high	unclassified		0.0	low	0.0	low
vRhyme_unbinned_10__MGr3G3H3I_000000026731_9	vRhyme_unbinned_10__MGr3G3H3I_000000026731	vRhyme_unbinned_10__MGr3G3H3I_000000026731	0.030263018	low	1.0	very high	unclassified		0.0	low	0.0	low
vRhyme_unbinned_10__MGr3G3H3I_000000026731_10	vRhyme_unbinned_10__MGr3G3H3I_000000026731	vRhyme_unbinned_10__MGr3G3H3I_000000026731	0.02712836	low	1.0	very high	unclassified		0.0	low	0.0	low
vRhyme_unbinned_10__MGr3G3H3I_000000026731_11	vRhyme_unbinned_10__MGr3G3H3I_000000026731	vRhyme_unbinned_10__MGr3G3H3I_000000026731	0.033112504	low	1.0	very high	unclassified		0.0	low	0.0	low
vRhyme_unbinned_10__MGr3G3H3I_000000026731_12	vRhyme_unbinned_10__MGr3G3H3I_000000026731	vRhyme_unbinned_10__MGr3G3H3I_000000026731	0.029427899	low	1.0	very high	unclassified		0.0	low	0.0	low
vRhyme_unbinned_10__MGr3G3H3I_000000026731_13	vRhyme_unbinned_10__MGr3G3H3I_000000026731	vRhyme_unbinned_10__MGr3G3H3I_000000026731	0.019980146	low	1.0	very high	unclassified		0.0	low	0.0	low
vRhyme_unbinned_10__MGr3G3H3I_000000026731_14	vRhyme_unbinned_10__MGr3G3H3I_000000026731	vRhyme_unbinned_10__MGr3G3H3I_000000026731	0.029838093	low	1.0	very high	unclassified		0.0	low	0.0	low
vRhyme_unbinned_10__MGr3G3H3I_000000026731_15	vRhyme_unbinned_10__MGr3G3H3I_000000026731	vRhyme_unbinned_10__MGr3G3H3I_000000026731	0.017636059	low	0.9458	high	unclassified	""	0.0	low	0.0	low
vRhyme_unbinned_10__MGr3G3H3I_000000026731_16	vRhyme_unbinned_10__MGr3G3H3I_000000026731	vRhyme_unbinned_10__MGr3G3H3I_000000026731	0.014961932	low	1.0	very high	unclassified		0.0	low	0.0	low
vRhyme_unbinned_10__MGr3G3H3I_000000026731_17	vRhyme_unbinned_10__MGr3G3H3I_000000026731	vRhyme_unbinned_10__MGr3G3H3I_000000026731	0.016791344	low	1.0	very high	unclassified		0.0	low	0.0	low
vRhyme_unbinned_10__MGr3G3H3I_000000026731_18	vRhyme_unbinned_10__MGr3G3H3I_000000026731	vRhyme_unbinned_10__MGr3G3H3I_000000026731	0.017653445	low	1.0	very high	unclassified	K07450; putative resolvase	0.0	low	0.0	low
vRhyme_unbinned_10__MGr3G3H3I_000000026731_19	vRhyme_unbinned_10__MGr3G3H3I_000000026731	vRhyme_unbinned_10__MGr3G3H3I_000000026731	0.029183412	low	1.0	very high	unclassified		0.0	low	0.0	low
vRhyme_unbinned_10__MGr3G3H3I_000000026731_20	vRhyme_unbinned_10__MGr3G3H3I_000000026731	vRhyme_unbinned_10__MGr3G3H3I_000000026731	0.21895485	low	1.0	very high	unclassified	transposase	0.0	low	0.0	low
vRhyme_unbinned_10__MGr3G3H3I_000000026731_21	vRhyme_unbinned_10__MGr3G3H3I_000000026731	vRhyme_unbinned_10__MGr3G3H3I_000000026731	0.43318826	low	1.0	very high	unclassified		0.0	low	0.0	low
vRhyme_unbinned_10__MGr3G3H3I_000000026731_22	vRhyme_unbinned_10__MGr3G3H3I_000000026731	vRhyme_unbinned_10__MGr3G3H3I_000000026731	0.41794005	low	1.0	very high	unclassified		0.0	low	0.0	low
vRhyme_unbinned_10__MGr3G3H3I_000000026731_23	vRhyme_unbinned_10__MGr3G3H3I_000000026731	vRhyme_unbinned_10__MGr3G3H3I_000000026731	0.9857721	high	1.0	very high	unclassified	fucT; alpha(1,3/1,4) fucosyltransferase [EC:2.4.1.65 2.4.1.152]	0.0	low	0.0	low
vRhyme_unbinned_10__MGr3G3H3I_000000026731_24	vRhyme_unbinned_10__MGr3G3H3I_000000026731	vRhyme_unbinned_10__MGr3G3H3I_000000026731	0.5549102	low	1.0	very high	unclassified		0.0	low	0.0	low
vRhyme_unbinned_10__MGr3G3H3I_000000026731_25	vRhyme_unbinned_10__MGr3G3H3I_000000026731	vRhyme_unbinned_10__MGr3G3H3I_000000026731	0.6527855	medium	1.0	very high	unclassified		0.0	low	0.0	low
vRhyme_unbinned_10__MGr3G3H3I_000000026731_26	vRhyme_unbinned_10__MGr3G3H3I_000000026731	vRhyme_unbinned_10__MGr3G3H3I_000000026731	0.51059914	low	1.0	very high	unclassified		0.0	low	0.0	low
vRhyme_unbinned_10__MGr3G3H3I_000000026731_27	vRhyme_unbinned_10__MGr3G3H3I_000000026731	vRhyme_unbinned_10__MGr3G3H3I_000000026731	0.3679765	low	1.0	very high	unclassified		0.0	low	0.0	low
vRhyme_unbinned_10__MGr3G3H3I_000000026731_28	vRhyme_unbinned_10__MGr3G3H3I_000000026731	vRhyme_unbinned_10__MGr3G3H3I_000000026731	0.66543466	medium	1.0	very high	unclassified		0.0	low	0.0	low
vRhyme_unbinned_10__MGr3G3H3I_000000026731_29	vRhyme_unbinned_10__MGr3G3H3I_000000026731	vRhyme_unbinned_10__MGr3G3H3I_000000026731	0.64354354	medium	1.0	very high	unclassified		0.0	low	0.0	low
vRhyme_unbinned_10__MGr3G3H3I_000000026731_30	vRhyme_unbinned_10__MGr3G3H3I_000000026731	vRhyme_unbinned_10__MGr3G3H3I_000000026731	0.68613756	medium	1.0	very high	unclassified		0.0	low	0.0	low
vRhyme_unbinned_10__MGr3G3H3I_000000026731_31	vRhyme_unbinned_10__MGr3G3H3I_000000026731	vRhyme_unbinned_10__MGr3G3H3I_000000026731	0.71643555	medium	1.0	very high	unclassified		0.0	low	0.0	low
vRhyme_unbinned_10__MGr3G3H3I_000000026731_32	vRhyme_unbinned_10__MGr3G3H3I_000000026731	vRhyme_unbinned_10__MGr3G3H3I_000000026731	0.4187517	low	1.0	very high	unclassified		0.0	low	0.0	low
vRhyme_unbinned_10__MGr3G3H3I_000000026731_33	vRhyme_unbinned_10__MGr3G3H3I_000000026731	vRhyme_unbinned_10__MGr3G3H3I_000000026731	0.44787446	low	0.9551	high	unclassified		0.0	low	0.0	low
vRhyme_unbinned_10__MGr3G3H3I_000000026731_34	vRhyme_unbinned_10__MGr3G3H3I_000000026731	vRhyme_unbinned_10__MGr3G3H3I_000000026731	0.38740557	low	1.0	very high	unclassified		0.0	low	0.0	low
vRhyme_unbinned_10__MGr3G3H3I_000000026731_35	vRhyme_unbinned_10__MGr3G3H3I_000000026731	vRhyme_unbinned_10__MGr3G3H3I_000000026731	0.32537383	low	1.0	very high	unclassified		0.0	low	0.0	low
vRhyme_unbinned_10__MGr3G3H3I_000000026731_36	vRhyme_unbinned_10__MGr3G3H3I_000000026731	vRhyme_unbinned_10__MGr3G3H3I_000000026731	0.31492284	low	1.0	very high	unclassified		0.0	low	0.0	low
vRhyme_unbinned_10__MGr3G3H3I_000000026731_37	vRhyme_unbinned_10__MGr3G3H3I_000000026731	vRhyme_unbinned_10__MGr3G3H3I_000000026731	0.33576837	low	1.0	very high	unclassified		0.0	low	0.0	low
vRhyme_unbinned_10__MGr3G3H3I_000000026731_38	vRhyme_unbinned_10__MGr3G3H3I_000000026731	vRhyme_unbinned_10__MGr3G3H3I_000000026731	0.3480855	low	1.0	very high	unclassified		0.0	low	0.0	low
vRhyme_unbinned_10__MGr3G3H3I_000000026731_39	vRhyme_unbinned_10__MGr3G3H3I_000000026731	vRhyme_unbinned_10__MGr3G3H3I_000000026731	0.3480855	low	1.0	very high	unclassified		0.0	low	0.0	low
vRhyme_unbinned_10__MGr3G3H3I_000000026731_40	vRhyme_unbinned_10__MGr3G3H3I_000000026731	vRhyme_unbinned_10__MGr3G3H3I_000000026731	0.36471188	low	1.0	very high	unclassified		0.0	low	0.0	low
vRhyme_unbinned_10__MGr3G3H3I_000000026731_41	vRhyme_unbinned_10__MGr3G3H3I_000000026731	vRhyme_unbinned_10__MGr3G3H3I_000000026731	0.2878276	low	1.0	very high	unclassified		0.0	low	0.0	low
vRhyme_unbinned_10__MGr3G3H3I_000000026731_42	vRhyme_unbinned_10__MGr3G3H3I_000000026731	vRhyme_unbinned_10__MGr3G3H3I_000000026731	0.27776486	low	1.0	very high	unclassified		0.0	low	0.0	low
vRhyme_unbinned_10__MGr3G3H3I_000000026731_43	vRhyme_unbinned_10__MGr3G3H3I_000000026731	vRhyme_unbinned_10__MGr3G3H3I_000000026731	0.25862736	low	1.0	very high	unclassified		0.0	low	0.0	low
vRhyme_unbinned_10__MGr3G3H3I_000000026731_44	vRhyme_unbinned_10__MGr3G3H3I_000000026731	vRhyme_unbinned_10__MGr3G3H3I_000000026731	0.26066592	low	0.9441	high	unclassified		0.0	low	0.0	low
vRhyme_unbinned_10__MGr3G3H3I_000000026731_45	vRhyme_unbinned_10__MGr3G3H3I_000000026731	vRhyme_unbinned_10__MGr3G3H3I_000000026731	0.19900398	low	0.9523	high	unclassified		0.0	low	0.0	low
vRhyme_unbinned_10__MGr3G3H3I_000000026731_46	vRhyme_unbinned_10__MGr3G3H3I_000000026731	vRhyme_unbinned_10__MGr3G3H3I_000000026731	0.20711233	low	1.0	very high	unclassified		0.0	low	0.0	low
vRhyme_unbinned_10__MGr3G3H3I_000000026731_47	vRhyme_unbinned_10__MGr3G3H3I_000000026731	vRhyme_unbinned_10__MGr3G3H3I_000000026731	0.47841907	low	1.0	very high	unclassified		0.0	low	0.0	low
vRhyme_unbinned_10__MGr3G3H3I_000000026731_48	vRhyme_unbinned_10__MGr3G3H3I_000000026731	vRhyme_unbinned_10__MGr3G3H3I_000000026731	0.46094134	low	1.0	very high	unclassified		0.0	low	0.0	low
vRhyme_unbinned_10__MGr3G3H3I_000000026731_49	vRhyme_unbinned_10__MGr3G3H3I_000000026731	vRhyme_unbinned_10__MGr3G3H3I_000000026731	0.3020861	low	1.0	very high	unclassified	lysozyme type G (EC 3.2.1.17); peptidoglycan lyase (EC 4.2.2.n1) also known in the literature as peptidoglycan lytic transglycosylase; chitinase (EC 3.2.1.14)	0.0	low	0.0	low
vRhyme_unbinned_10__MGr3G3H3I_000000026731_50	vRhyme_unbinned_10__MGr3G3H3I_000000026731	vRhyme_unbinned_10__MGr3G3H3I_000000026731	0.2973874	low	1.0	very high	unclassified		0.0	low	0.0	low
vRhyme_unbinned_10__MGr3G3H3I_000000026731_51	vRhyme_unbinned_10__MGr3G3H3I_000000026731	vRhyme_unbinned_10__MGr3G3H3I_000000026731	0.24056254	low	1.0	very high	unclassified		0.0	low	0.0	low
vRhyme_unbinned_10__MGr3G3H3I_000000026731_52	vRhyme_unbinned_10__MGr3G3H3I_000000026731	vRhyme_unbinned_10__MGr3G3H3I_000000026731	0.2736039	low	1.0	very high	unclassified		0.0	low	0.0	low
vRhyme_unbinned_10__MGr3G3H3I_000000026731_53	vRhyme_unbinned_10__MGr3G3H3I_000000026731	vRhyme_unbinned_10__MGr3G3H3I_000000026731	0.26863882	low	0.952	high	unclassified		0.0	low	0.0	low
vRhyme_unbinned_10__MGr3G3H3I_000000026731_54	vRhyme_unbinned_10__MGr3G3H3I_000000026731	vRhyme_unbinned_10__MGr3G3H3I_000000026731	0.24429855	low	1.0	very high	unclassified		0.0	low	0.0	low
vRhyme_unbinned_10__MGr3G3H3I_000000026731_55	vRhyme_unbinned_10__MGr3G3H3I_000000026731	vRhyme_unbinned_10__MGr3G3H3I_000000026731	0.24445444	low	1.0	very high	unclassified		0.0	low	0.0	low
vRhyme_unbinned_10__MGr3G3H3I_000000026731_56	vRhyme_unbinned_10__MGr3G3H3I_000000026731	vRhyme_unbinned_10__MGr3G3H3I_000000026731	0.22894888	low	0.85	high	unclassified		0.0	low	0.0	low
vRhyme_unbinned_10__MGr3G3H3I_000000026731_57	vRhyme_unbinned_10__MGr3G3H3I_000000026731	vRhyme_unbinned_10__MGr3G3H3I_000000026731	0.1942108	low	1.0	very high	unclassified		0.0	low	0.0	low
vRhyme_unbinned_110__MGr3G3H3I_000000249059|provirus_16350_47090_1	vRhyme_unbinned_110__MGr3G3H3I_000000249059|provirus_16350_47090	vRhyme_unbinned_110__MGr3G3H3I_000000249059|provirus_16350_47090	0.28129157	low	0.0	low	unclassified	DNA-sulfur modification-associated	0.0	low	0.0	low
vRhyme_unbinned_110__MGr3G3H3I_000000249059|provirus_16350_47090_2	vRhyme_unbinned_110__MGr3G3H3I_000000249059|provirus_16350_47090	vRhyme_unbinned_110__MGr3G3H3I_000000249059|provirus_16350_47090	0.18361396	low	0.0	low	metabolic	iscS, NFS1; cysteine desulfurase [EC:2.8.1.7]	0.9027	high	0.0	low
vRhyme_unbinned_110__MGr3G3H3I_000000249059|provirus_16350_47090_3	vRhyme_unbinned_110__MGr3G3H3I_000000249059|provirus_16350_47090	vRhyme_unbinned_110__MGr3G3H3I_000000249059|provirus_16350_47090	0.4394884	low	0.0	low	unclassified		0.0	low	0.0	low
vRhyme_unbinned_110__MGr3G3H3I_000000249059|provirus_16350_47090_4	vRhyme_unbinned_110__MGr3G3H3I_000000249059|provirus_16350_47090	vRhyme_unbinned_110__MGr3G3H3I_000000249059|provirus_16350_47090	0.4072325	low	0.0	low	unclassified		0.0	low	0.0	low
vRhyme_unbinned_110__MGr3G3H3I_000000249059|provirus_16350_47090_5	vRhyme_unbinned_110__MGr3G3H3I_000000249059|provirus_16350_47090	vRhyme_unbinned_110__MGr3G3H3I_000000249059|provirus_16350_47090	0.21390691	low	0.0	low	unclassified		0.0	low	0.0	low
vRhyme_unbinned_110__MGr3G3H3I_000000249059|provirus_16350_47090_6	vRhyme_unbinned_110__MGr3G3H3I_000000249059|provirus_16350_47090	vRhyme_unbinned_110__MGr3G3H3I_000000249059|provirus_16350_47090	0.5521335	low	0.0	low	unclassified		0.0	low	0.0	low
vRhyme_unbinned_110__MGr3G3H3I_000000249059|provirus_16350_47090_7	vRhyme_unbinned_110__MGr3G3H3I_000000249059|provirus_16350_47090	vRhyme_unbinned_110__MGr3G3H3I_000000249059|provirus_16350_47090	0.4333615	low	0.0	low	unclassified	spoIVCA; site-specific DNA recombinase	0.0	low	0.0	low
vRhyme_unbinned_110__MGr3G3H3I_000000249059|provirus_16350_47090_8	vRhyme_unbinned_110__MGr3G3H3I_000000249059|provirus_16350_47090	vRhyme_unbinned_110__MGr3G3H3I_000000249059|provirus_16350_47090	0.20594837	low	0.0	low	unclassified	dnaG; DNA primase [EC:2.7.7.101]	0.0	low	0.0	low
vRhyme_unbinned_110__MGr3G3H3I_000000249059|provirus_16350_47090_9	vRhyme_unbinned_110__MGr3G3H3I_000000249059|provirus_16350_47090	vRhyme_unbinned_110__MGr3G3H3I_000000249059|provirus_16350_47090	0.36863977	low	0.0	low	unclassified		0.0	low	0.0	low
vRhyme_unbinned_110__MGr3G3H3I_000000249059|provirus_16350_47090_10	vRhyme_unbinned_110__MGr3G3H3I_000000249059|provirus_16350_47090	vRhyme_unbinned_110__MGr3G3H3I_000000249059|provirus_16350_47090	0.5346652	low	0.0	low	unclassified		0.0	low	0.0	low
vRhyme_unbinned_110__MGr3G3H3I_000000249059|provirus_16350_47090_11	vRhyme_unbinned_110__MGr3G3H3I_000000249059|provirus_16350_47090	vRhyme_unbinned_110__MGr3G3H3I_000000249059|provirus_16350_47090	0.31131884	low	0.0	low	unclassified		0.0	low	0.0	low
vRhyme_unbinned_110__MGr3G3H3I_000000249059|provirus_16350_47090_12	vRhyme_unbinned_110__MGr3G3H3I_000000249059|provirus_16350_47090	vRhyme_unbinned_110__MGr3G3H3I_000000249059|provirus_16350_47090	0.49437377	low	0.0	low	unclassified		0.0	low	0.0	low
vRhyme_unbinned_110__MGr3G3H3I_000000249059|provirus_16350_47090_13	vRhyme_unbinned_110__MGr3G3H3I_000000249059|provirus_16350_47090	vRhyme_unbinned_110__MGr3G3H3I_000000249059|provirus_16350_47090	0.37410703	low	0.0	low	unclassified	""	0.0	low	0.0	low
vRhyme_unbinned_110__MGr3G3H3I_000000249059|provirus_16350_47090_14	vRhyme_unbinned_110__MGr3G3H3I_000000249059|provirus_16350_47090	vRhyme_unbinned_110__MGr3G3H3I_000000249059|provirus_16350_47090	0.15843159	low	0.0	low	unclassified		0.1079	medium	0.0	low
vRhyme_unbinned_110__MGr3G3H3I_000000249059|provirus_16350_47090_15	vRhyme_unbinned_110__MGr3G3H3I_000000249059|provirus_16350_47090	vRhyme_unbinned_110__MGr3G3H3I_000000249059|provirus_16350_47090	0.1264496	low	0.0	low	metabolic	Iron reduction	0.3227	medium	0.0	low
vRhyme_unbinned_110__MGr3G3H3I_000000249059|provirus_16350_47090_16	vRhyme_unbinned_110__MGr3G3H3I_000000249059|provirus_16350_47090	vRhyme_unbinned_110__MGr3G3H3I_000000249059|provirus_16350_47090	0.27873024	low	0.0	low	unclassified		0.0	low	0.0	low
vRhyme_unbinned_110__MGr3G3H3I_000000249059|provirus_16350_47090_17	vRhyme_unbinned_110__MGr3G3H3I_000000249059|provirus_16350_47090	vRhyme_unbinned_110__MGr3G3H3I_000000249059|provirus_16350_47090	0.3448001	low	0.0	low	unclassified		0.0	low	0.0	low
vRhyme_unbinned_110__MGr3G3H3I_000000249059|provirus_16350_47090_18	vRhyme_unbinned_110__MGr3G3H3I_000000249059|provirus_16350_47090	vRhyme_unbinned_110__MGr3G3H3I_000000249059|provirus_16350_47090	0.3049904	low	0.0468	low	unclassified		0.0	low	0.0	low
vRhyme_unbinned_110__MGr3G3H3I_000000249059|provirus_16350_47090_19	vRhyme_unbinned_110__MGr3G3H3I_000000249059|provirus_16350_47090	vRhyme_unbinned_110__MGr3G3H3I_000000249059|provirus_16350_47090	0.6987174	medium	0.0	low	unclassified	""	0.0	low	0.0	low
vRhyme_unbinned_110__MGr3G3H3I_000000249059|provirus_16350_47090_20	vRhyme_unbinned_110__MGr3G3H3I_000000249059|provirus_16350_47090	vRhyme_unbinned_110__MGr3G3H3I_000000249059|provirus_16350_47090	0.6867147	medium	0.0	low	unclassified		0.0	low	0.0	low
vRhyme_unbinned_110__MGr3G3H3I_000000249059|provirus_16350_47090_21	vRhyme_unbinned_110__MGr3G3H3I_000000249059|provirus_16350_47090	vRhyme_unbinned_110__MGr3G3H3I_000000249059|provirus_16350_47090	0.6880826	medium	0.0	low	unclassified		0.0	low	0.0	low
vRhyme_unbinned_110__MGr3G3H3I_000000249059|provirus_16350_47090_22	vRhyme_unbinned_110__MGr3G3H3I_000000249059|provirus_16350_47090	vRhyme_unbinned_110__MGr3G3H3I_000000249059|provirus_16350_47090	0.7286774	medium	0.0	low	unclassified		0.0	low	0.0	low
vRhyme_unbinned_110__MGr3G3H3I_000000249059|provirus_16350_47090_23	vRhyme_unbinned_110__MGr3G3H3I_000000249059|provirus_16350_47090	vRhyme_unbinned_110__MGr3G3H3I_000000249059|provirus_16350_47090	0.7447506	medium	0.0	low	unclassified		0.0	low	0.0	low
vRhyme_unbinned_110__MGr3G3H3I_000000249059|provirus_16350_47090_24	vRhyme_unbinned_110__MGr3G3H3I_000000249059|provirus_16350_47090	vRhyme_unbinned_110__MGr3G3H3I_000000249059|provirus_16350_47090	0.7522357	medium	0.0	low	unclassified		0.0	low	0.0	low
vRhyme_unbinned_110__MGr3G3H3I_000000249059|provirus_16350_47090_25	vRhyme_unbinned_110__MGr3G3H3I_000000249059|provirus_16350_47090	vRhyme_unbinned_110__MGr3G3H3I_000000249059|provirus_16350_47090	0.73783624	medium	0.0	low	unclassified		0.0	low	0.0	low
vRhyme_unbinned_111__MGr3G3H3I_000000255312|provirus_3194_13139_1	vRhyme_unbinned_111__MGr3G3H3I_000000255312|provirus_3194_13139	vRhyme_unbinned_111__MGr3G3H3I_000000255312|provirus_3194_13139	0.91104937	medium	0.908	high	unclassified	int; integrase	0.0	low	0.0	low
vRhyme_unbinned_111__MGr3G3H3I_000000255312|provirus_3194_13139_2	vRhyme_unbinned_111__MGr3G3H3I_000000255312|provirus_3194_13139	vRhyme_unbinned_111__MGr3G3H3I_000000255312|provirus_3194_13139	0.97355264	high	0.7231	high	unclassified		0.0873	medium	0.0631	low
vRhyme_unbinned_111__MGr3G3H3I_000000255312|provirus_3194_13139_3	vRhyme_unbinned_111__MGr3G3H3I_000000255312|provirus_3194_13139	vRhyme_unbinned_111__MGr3G3H3I_000000255312|provirus_3194_13139	0.9769562	high	0.621	high	unclassified		0.0	low	0.0	low
vRhyme_unbinned_111__MGr3G3H3I_000000255312|provirus_3194_13139_4	vRhyme_unbinned_111__MGr3G3H3I_000000255312|provirus_3194_13139	vRhyme_unbinned_111__MGr3G3H3I_000000255312|provirus_3194_13139	0.98015314	high	0.674	high	unclassified		0.0	low	0.0	low
vRhyme_unbinned_111__MGr3G3H3I_000000255312|provirus_3194_13139_5	vRhyme_unbinned_111__MGr3G3H3I_000000255312|provirus_3194_13139	vRhyme_unbinned_111__MGr3G3H3I_000000255312|provirus_3194_13139	0.97528994	high	0.7286	high	unclassified		0.0	low	0.0	low
vRhyme_unbinned_111__MGr3G3H3I_000000255312|provirus_3194_13139_6	vRhyme_unbinned_111__MGr3G3H3I_000000255312|provirus_3194_13139	vRhyme_unbinned_111__MGr3G3H3I_000000255312|provirus_3194_13139	0.9725871	high	0.8776	high	unclassified	repA; regulatory protein RepA	0.0	low	0.0	low
vRhyme_unbinned_111__MGr3G3H3I_000000255312|provirus_3194_13139_7	vRhyme_unbinned_111__MGr3G3H3I_000000255312|provirus_3194_13139	vRhyme_unbinned_111__MGr3G3H3I_000000255312|provirus_3194_13139	0.9863804	high	0.846	high	unclassified		0.0	low	0.0	low
vRhyme_unbinned_111__MGr3G3H3I_000000255312|provirus_3194_13139_8	vRhyme_unbinned_111__MGr3G3H3I_000000255312|provirus_3194_13139	vRhyme_unbinned_111__MGr3G3H3I_000000255312|provirus_3194_13139	0.9810193	high	0.4506	high	unclassified		0.0	low	0.0	low
vRhyme_unbinned_111__MGr3G3H3I_000000255312|provirus_3194_13139_9	vRhyme_unbinned_111__MGr3G3H3I_000000255312|provirus_3194_13139	vRhyme_unbinned_111__MGr3G3H3I_000000255312|provirus_3194_13139	0.9843588	high	0.601	high	unclassified	DNA methyltransferase	0.0	low	0.0	low
vRhyme_unbinned_111__MGr3G3H3I_000000255312|provirus_3194_13139_10	vRhyme_unbinned_111__MGr3G3H3I_000000255312|provirus_3194_13139	vRhyme_unbinned_111__MGr3G3H3I_000000255312|provirus_3194_13139	0.9918777	high	0.7856	high	unclassified		0.0	low	0.0	low
vRhyme_unbinned_111__MGr3G3H3I_000000255312|provirus_3194_13139_11	vRhyme_unbinned_111__MGr3G3H3I_000000255312|provirus_3194_13139	vRhyme_unbinned_111__MGr3G3H3I_000000255312|provirus_3194_13139	0.98802155	high	0.6691	high	unclassified		0.0	low	0.0	low
vRhyme_unbinned_111__MGr3G3H3I_000000255312|provirus_3194_13139_12	vRhyme_unbinned_111__MGr3G3H3I_000000255312|provirus_3194_13139	vRhyme_unbinned_111__MGr3G3H3I_000000255312|provirus_3194_13139	0.983941	high	0.954	high	unclassified		0.0	low	0.0	low
vRhyme_unbinned_111__MGr3G3H3I_000000255312|provirus_3194_13139_13	vRhyme_unbinned_111__MGr3G3H3I_000000255312|provirus_3194_13139	vRhyme_unbinned_111__MGr3G3H3I_000000255312|provirus_3194_13139	0.9316429	high	1.0	very high	unclassified		0.0	low	0.0	low
vRhyme_unbinned_111__MGr3G3H3I_000000255312|provirus_3194_13139_14	vRhyme_unbinned_111__MGr3G3H3I_000000255312|provirus_3194_13139	vRhyme_unbinned_111__MGr3G3H3I_000000255312|provirus_3194_13139	0.9031057	medium	0.8841	high	unclassified		0.0	low	0.0	low
vRhyme_unbinned_111__MGr3G3H3I_000000255312|provirus_3194_13139_15	vRhyme_unbinned_111__MGr3G3H3I_000000255312|provirus_3194_13139	vRhyme_unbinned_111__MGr3G3H3I_000000255312|provirus_3194_13139	0.900049	medium	1.0	very high	unclassified		0.0	low	0.0	low
vRhyme_unbinned_111__MGr3G3H3I_000000255312|provirus_3194_13139_16	vRhyme_unbinned_111__MGr3G3H3I_000000255312|provirus_3194_13139	vRhyme_unbinned_111__MGr3G3H3I_000000255312|provirus_3194_13139	0.9082155	medium	0.8305	high	unclassified		0.0	low	0.0	low
vRhyme_unbinned_112__MGr3G3H3I_000000261563|provirus_41_8855_1	vRhyme_unbinned_112__MGr3G3H3I_000000261563|provirus_41_8855	vRhyme_unbinned_112__MGr3G3H3I_000000261563|provirus_41_8855	0.72667265	medium	0.9511	high	unclassified	tail protein	0.0	low	0.0	low
vRhyme_unbinned_112__MGr3G3H3I_000000261563|provirus_41_8855_2	vRhyme_unbinned_112__MGr3G3H3I_000000261563|provirus_41_8855	vRhyme_unbinned_112__MGr3G3H3I_000000261563|provirus_41_8855	0.8235245	medium	0.884	high	unclassified		0.0	low	0.0	low
vRhyme_unbinned_112__MGr3G3H3I_000000261563|provirus_41_8855_3	vRhyme_unbinned_112__MGr3G3H3I_000000261563|provirus_41_8855	vRhyme_unbinned_112__MGr3G3H3I_000000261563|provirus_41_8855	0.37214234	low	1.0	very high	unclassified	RNA recognition motif	0.0	low	0.0	low
vRhyme_unbinned_112__MGr3G3H3I_000000261563|provirus_41_8855_4	vRhyme_unbinned_112__MGr3G3H3I_000000261563|provirus_41_8855	vRhyme_unbinned_112__MGr3G3H3I_000000261563|provirus_41_8855	0.8228751	medium	1.0	very high	unclassified	""	0.0	low	0.0	low
vRhyme_unbinned_112__MGr3G3H3I_000000261563|provirus_41_8855_5	vRhyme_unbinned_112__MGr3G3H3I_000000261563|provirus_41_8855	vRhyme_unbinned_112__MGr3G3H3I_000000261563|provirus_41_8855	0.84988695	medium	0.8217	high	unclassified	head closure	0.0	low	0.0	low
vRhyme_unbinned_112__MGr3G3H3I_000000261563|provirus_41_8855_6	vRhyme_unbinned_112__MGr3G3H3I_000000261563|provirus_41_8855	vRhyme_unbinned_112__MGr3G3H3I_000000261563|provirus_41_8855	0.9308007	high	1.0	very high	unclassified	tail sheath	0.0	low	0.0	low
vRhyme_unbinned_112__MGr3G3H3I_000000261563|provirus_41_8855_7	vRhyme_unbinned_112__MGr3G3H3I_000000261563|provirus_41_8855	vRhyme_unbinned_112__MGr3G3H3I_000000261563|provirus_41_8855	0.99559295	high	1.0	very high	unclassified	Gp37 protein	0.0	low	0.0	low
vRhyme_unbinned_112__MGr3G3H3I_000000261563|provirus_41_8855_8	vRhyme_unbinned_112__MGr3G3H3I_000000261563|provirus_41_8855	vRhyme_unbinned_112__MGr3G3H3I_000000261563|provirus_41_8855	0.98994476	high	1.0	very high	unclassified	Bacteriophage Mu, Gp36	0.0	low	0.0	low
vRhyme_unbinned_112__MGr3G3H3I_000000261563|provirus_41_8855_9	vRhyme_unbinned_112__MGr3G3H3I_000000261563|provirus_41_8855	vRhyme_unbinned_112__MGr3G3H3I_000000261563|provirus_41_8855	0.99326044	high	1.0	very high	unclassified	Mu-like prophage major head subunit gpT	0.0	low	0.0	low
vRhyme_unbinned_112__MGr3G3H3I_000000261563|provirus_41_8855_10	vRhyme_unbinned_112__MGr3G3H3I_000000261563|provirus_41_8855	vRhyme_unbinned_112__MGr3G3H3I_000000261563|provirus_41_8855	0.9888223	high	1.0	very high	unclassified	virion structural protein	0.0	low	0.0	low
vRhyme_unbinned_112__MGr3G3H3I_000000261563|provirus_41_8855_11	vRhyme_unbinned_112__MGr3G3H3I_000000261563|provirus_41_8855	vRhyme_unbinned_112__MGr3G3H3I_000000261563|provirus_41_8855	0.9913901	high	1.0	very high	unclassified	head maturation protease	0.0	low	0.0	low
vRhyme_unbinned_113__MGr3G3H3I_000000274427|provirus_10798_21788_1	vRhyme_unbinned_113__MGr3G3H3I_000000274427|provirus_10798_21788	vRhyme_unbinned_113__MGr3G3H3I_000000274427|provirus_10798_21788	0.9553863	high	1.0	very high	unclassified		0.0	low	0.0	low
vRhyme_unbinned_113__MGr3G3H3I_000000274427|provirus_10798_21788_2	vRhyme_unbinned_113__MGr3G3H3I_000000274427|provirus_10798_21788	vRhyme_unbinned_113__MGr3G3H3I_000000274427|provirus_10798_21788	0.99101615	high	1.0	very high	unclassified	tail protein	0.0	low	0.0	low
vRhyme_unbinned_113__MGr3G3H3I_000000274427|provirus_10798_21788_3	vRhyme_unbinned_113__MGr3G3H3I_000000274427|provirus_10798_21788	vRhyme_unbinned_113__MGr3G3H3I_000000274427|provirus_10798_21788	0.9877187	high	1.0	very high	unclassified		0.0	low	0.0	low
vRhyme_unbinned_113__MGr3G3H3I_000000274427|provirus_10798_21788_4	vRhyme_unbinned_113__MGr3G3H3I_000000274427|provirus_10798_21788	vRhyme_unbinned_113__MGr3G3H3I_000000274427|provirus_10798_21788	0.98815656	high	1.0	very high	unclassified	tail assembly protein	0.0	low	0.0	low
vRhyme_unbinned_113__MGr3G3H3I_000000274427|provirus_10798_21788_5	vRhyme_unbinned_113__MGr3G3H3I_000000274427|provirus_10798_21788	vRhyme_unbinned_113__MGr3G3H3I_000000274427|provirus_10798_21788	0.9527376	high	1.0	very high	unclassified	Conserved hypothetical protein 2217 (DUF2460)	0.0	low	0.0	low
vRhyme_unbinned_113__MGr3G3H3I_000000274427|provirus_10798_21788_6	vRhyme_unbinned_113__MGr3G3H3I_000000274427|provirus_10798_21788	vRhyme_unbinned_113__MGr3G3H3I_000000274427|provirus_10798_21788	0.93709004	high	1.0	very high	unclassified	tail protein	0.0	low	0.0	low
vRhyme_unbinned_113__MGr3G3H3I_000000274427|provirus_10798_21788_7	vRhyme_unbinned_113__MGr3G3H3I_000000274427|provirus_10798_21788	vRhyme_unbinned_113__MGr3G3H3I_000000274427|provirus_10798_21788	0.93172556	high	1.0	very high	unclassified		0.0	low	0.0	low
vRhyme_unbinned_113__MGr3G3H3I_000000274427|provirus_10798_21788_8	vRhyme_unbinned_113__MGr3G3H3I_000000274427|provirus_10798_21788	vRhyme_unbinned_113__MGr3G3H3I_000000274427|provirus_10798_21788	0.8827828	medium	1.0	very high	unclassified	Domain of unknown function (DUF2019)	0.0	low	0.0	low
vRhyme_unbinned_11__MGr3G3H3I_000000030488_1	vRhyme_unbinned_11__MGr3G3H3I_000000030488	vRhyme_unbinned_11__MGr3G3H3I_000000030488	0.10028921	low	0.0	low	unclassified		0.0	low	0.0	low
vRhyme_unbinned_11__MGr3G3H3I_000000030488_2	vRhyme_unbinned_11__MGr3G3H3I_000000030488	vRhyme_unbinned_11__MGr3G3H3I_000000030488	0.032272637	low	0.0	low	unclassified		0.0	low	0.0	low
vRhyme_unbinned_11__MGr3G3H3I_000000030488_3	vRhyme_unbinned_11__MGr3G3H3I_000000030488	vRhyme_unbinned_11__MGr3G3H3I_000000030488	0.027991464	low	0.0	low	unclassified		0.0	low	0.0	low
vRhyme_unbinned_11__MGr3G3H3I_000000030488_4	vRhyme_unbinned_11__MGr3G3H3I_000000030488	vRhyme_unbinned_11__MGr3G3H3I_000000030488	0.06747143	low	0.0	low	unclassified		0.0498	low	0.0	low
vRhyme_unbinned_11__MGr3G3H3I_000000030488_5	vRhyme_unbinned_11__MGr3G3H3I_000000030488	vRhyme_unbinned_11__MGr3G3H3I_000000030488	0.07516936	low	0.0	low	unclassified		0.0	low	0.0	low
vRhyme_unbinned_11__MGr3G3H3I_000000030488_6	vRhyme_unbinned_11__MGr3G3H3I_000000030488	vRhyme_unbinned_11__MGr3G3H3I_000000030488	0.07198379	low	0.0	low	physiological	SERGEF; secretion-regulating guanine nucleotide exchange factor	0.4835	high	0.0	low
vRhyme_unbinned_11__MGr3G3H3I_000000030488_7	vRhyme_unbinned_11__MGr3G3H3I_000000030488	vRhyme_unbinned_11__MGr3G3H3I_000000030488	0.042390518	low	0.0	low	unclassified		0.7382	high	0.0	low
vRhyme_unbinned_11__MGr3G3H3I_000000030488_8	vRhyme_unbinned_11__MGr3G3H3I_000000030488	vRhyme_unbinned_11__MGr3G3H3I_000000030488	0.10832398	low	0.0	low	unclassified		0.0	low	0.0	low
vRhyme_unbinned_11__MGr3G3H3I_000000030488_9	vRhyme_unbinned_11__MGr3G3H3I_000000030488	vRhyme_unbinned_11__MGr3G3H3I_000000030488	0.107879505	low	0.0	low	unclassified		0.0	low	0.0	low
vRhyme_unbinned_11__MGr3G3H3I_000000030488_10	vRhyme_unbinned_11__MGr3G3H3I_000000030488	vRhyme_unbinned_11__MGr3G3H3I_000000030488	0.10759059	low	0.0	low	unclassified		0.0	low	0.0	low
vRhyme_unbinned_12__MGr3G3H3I_000000034564_1	vRhyme_unbinned_12__MGr3G3H3I_000000034564	vRhyme_unbinned_12__MGr3G3H3I_000000034564	0.7651347	medium	0.9153	high	unclassified		0.0	low	0.0	low
vRhyme_unbinned_12__MGr3G3H3I_000000034564_2	vRhyme_unbinned_12__MGr3G3H3I_000000034564	vRhyme_unbinned_12__MGr3G3H3I_000000034564	0.7656376	medium	0.9544	high	unclassified		0.0	low	0.0	low
vRhyme_unbinned_12__MGr3G3H3I_000000034564_3	vRhyme_unbinned_12__MGr3G3H3I_000000034564	vRhyme_unbinned_12__MGr3G3H3I_000000034564	0.7862006	medium	0.7571	high	unclassified		0.0	low	0.0	low
vRhyme_unbinned_12__MGr3G3H3I_000000034564_4	vRhyme_unbinned_12__MGr3G3H3I_000000034564	vRhyme_unbinned_12__MGr3G3H3I_000000034564	0.77489287	medium	1.0	very high	unclassified		0.0	low	0.0	low
vRhyme_unbinned_12__MGr3G3H3I_000000034564_5	vRhyme_unbinned_12__MGr3G3H3I_000000034564	vRhyme_unbinned_12__MGr3G3H3I_000000034564	0.7606803	medium	0.8026	high	unclassified		0.0	low	0.0	low
vRhyme_unbinned_12__MGr3G3H3I_000000034564_6	vRhyme_unbinned_12__MGr3G3H3I_000000034564	vRhyme_unbinned_12__MGr3G3H3I_000000034564	0.43651563	low	1.0	very high	unclassified	""	0.0	low	0.0	low
vRhyme_unbinned_12__MGr3G3H3I_000000034564_7	vRhyme_unbinned_12__MGr3G3H3I_000000034564	vRhyme_unbinned_12__MGr3G3H3I_000000034564	0.3115446	low	0.9213	high	unclassified		0.0	low	0.0	low
vRhyme_unbinned_12__MGr3G3H3I_000000034564_8	vRhyme_unbinned_12__MGr3G3H3I_000000034564	vRhyme_unbinned_12__MGr3G3H3I_000000034564	0.56597257	low	1.0	very high	unclassified		0.0	low	0.0	low
vRhyme_unbinned_12__MGr3G3H3I_000000034564_9	vRhyme_unbinned_12__MGr3G3H3I_000000034564	vRhyme_unbinned_12__MGr3G3H3I_000000034564	0.5403874	low	1.0	very high	unclassified		0.0	low	0.0	low
vRhyme_unbinned_12__MGr3G3H3I_000000034564_10	vRhyme_unbinned_12__MGr3G3H3I_000000034564	vRhyme_unbinned_12__MGr3G3H3I_000000034564	0.8069318	medium	0.9488	high	unclassified		0.0	low	0.0	low
vRhyme_unbinned_12__MGr3G3H3I_000000034564_11	vRhyme_unbinned_12__MGr3G3H3I_000000034564	vRhyme_unbinned_12__MGr3G3H3I_000000034564	0.7845512	medium	1.0	very high	unclassified		0.0	low	0.0	low
vRhyme_unbinned_12__MGr3G3H3I_000000034564_12	vRhyme_unbinned_12__MGr3G3H3I_000000034564	vRhyme_unbinned_12__MGr3G3H3I_000000034564	0.74020755	medium	1.0	very high	unclassified		0.0	low	0.0	low
vRhyme_unbinned_12__MGr3G3H3I_000000034564_13	vRhyme_unbinned_12__MGr3G3H3I_000000034564	vRhyme_unbinned_12__MGr3G3H3I_000000034564	0.74027735	medium	1.0	very high	unclassified		0.0	low	0.0	low
vRhyme_unbinned_12__MGr3G3H3I_000000034564_14	vRhyme_unbinned_12__MGr3G3H3I_000000034564	vRhyme_unbinned_12__MGr3G3H3I_000000034564	0.7462457	medium	0.9524	high	unclassified		0.0	low	0.0	low
vRhyme_unbinned_12__MGr3G3H3I_000000034564_15	vRhyme_unbinned_12__MGr3G3H3I_000000034564	vRhyme_unbinned_12__MGr3G3H3I_000000034564	0.488767	low	0.9566	high	unclassified		0.0	low	0.0	low
vRhyme_unbinned_13__MGr3G3H3I_000000037801_1	vRhyme_unbinned_13__MGr3G3H3I_000000037801	vRhyme_unbinned_13__MGr3G3H3I_000000037801	0.9431082	high	1.0	very high	unclassified		0.0	low	0.0	low
vRhyme_unbinned_13__MGr3G3H3I_000000037801_2	vRhyme_unbinned_13__MGr3G3H3I_000000037801	vRhyme_unbinned_13__MGr3G3H3I_000000037801	0.9448293	high	0.962	high	unclassified		0.0	low	0.0	low
vRhyme_unbinned_13__MGr3G3H3I_000000037801_3	vRhyme_unbinned_13__MGr3G3H3I_000000037801	vRhyme_unbinned_13__MGr3G3H3I_000000037801	0.9448771	high	1.0	very high	unclassified		0.0	low	0.0	low
vRhyme_unbinned_13__MGr3G3H3I_000000037801_4	vRhyme_unbinned_13__MGr3G3H3I_000000037801	vRhyme_unbinned_13__MGr3G3H3I_000000037801	0.94194674	high	1.0	very high	unclassified		0.0	low	0.0	low
vRhyme_unbinned_13__MGr3G3H3I_000000037801_5	vRhyme_unbinned_13__MGr3G3H3I_000000037801	vRhyme_unbinned_13__MGr3G3H3I_000000037801	0.8653698	medium	1.0	very high	unclassified		0.0	low	0.0	low
vRhyme_unbinned_13__MGr3G3H3I_000000037801_6	vRhyme_unbinned_13__MGr3G3H3I_000000037801	vRhyme_unbinned_13__MGr3G3H3I_000000037801	0.8671233	medium	1.0	very high	unclassified		0.0	low	0.0	low
vRhyme_unbinned_13__MGr3G3H3I_000000037801_7	vRhyme_unbinned_13__MGr3G3H3I_000000037801	vRhyme_unbinned_13__MGr3G3H3I_000000037801	0.8734497	medium	1.0	very high	unclassified		0.0	low	0.0	low
vRhyme_unbinned_13__MGr3G3H3I_000000037801_8	vRhyme_unbinned_13__MGr3G3H3I_000000037801	vRhyme_unbinned_13__MGr3G3H3I_000000037801	0.8827079	medium	1.0	very high	unclassified		0.0	low	0.0	low
vRhyme_unbinned_13__MGr3G3H3I_000000037801_9	vRhyme_unbinned_13__MGr3G3H3I_000000037801	vRhyme_unbinned_13__MGr3G3H3I_000000037801	0.8249965	medium	1.0	very high	unclassified		0.0	low	0.0	low
vRhyme_unbinned_13__MGr3G3H3I_000000037801_10	vRhyme_unbinned_13__MGr3G3H3I_000000037801	vRhyme_unbinned_13__MGr3G3H3I_000000037801	0.87907356	medium	1.0	very high	unclassified	major head protein	0.0	low	0.0	low
vRhyme_unbinned_13__MGr3G3H3I_000000037801_11	vRhyme_unbinned_13__MGr3G3H3I_000000037801	vRhyme_unbinned_13__MGr3G3H3I_000000037801	0.7116745	medium	1.0	very high	unclassified		0.0	low	0.0	low
vRhyme_unbinned_13__MGr3G3H3I_000000037801_12	vRhyme_unbinned_13__MGr3G3H3I_000000037801	vRhyme_unbinned_13__MGr3G3H3I_000000037801	0.69256335	medium	1.0	very high	unclassified		0.0	low	0.0	low
vRhyme_unbinned_13__MGr3G3H3I_000000037801_13	vRhyme_unbinned_13__MGr3G3H3I_000000037801	vRhyme_unbinned_13__MGr3G3H3I_000000037801	0.41937932	low	1.0	very high	unclassified		0.0	low	0.0	low
vRhyme_unbinned_13__MGr3G3H3I_000000037801_14	vRhyme_unbinned_13__MGr3G3H3I_000000037801	vRhyme_unbinned_13__MGr3G3H3I_000000037801	0.37685898	low	1.0	very high	unclassified		0.0	low	0.0	low
vRhyme_unbinned_13__MGr3G3H3I_000000037801_15	vRhyme_unbinned_13__MGr3G3H3I_000000037801	vRhyme_unbinned_13__MGr3G3H3I_000000037801	0.3464738	low	1.0	very high	unclassified		0.0	low	0.0	low
vRhyme_unbinned_13__MGr3G3H3I_000000037801_16	vRhyme_unbinned_13__MGr3G3H3I_000000037801	vRhyme_unbinned_13__MGr3G3H3I_000000037801	0.28888106	low	1.0	very high	unclassified		0.0	low	0.0	low
vRhyme_unbinned_13__MGr3G3H3I_000000037801_17	vRhyme_unbinned_13__MGr3G3H3I_000000037801	vRhyme_unbinned_13__MGr3G3H3I_000000037801	0.35182092	low	1.0	very high	unclassified		0.0	low	0.0	low
vRhyme_unbinned_13__MGr3G3H3I_000000037801_18	vRhyme_unbinned_13__MGr3G3H3I_000000037801	vRhyme_unbinned_13__MGr3G3H3I_000000037801	0.23379625	low	0.9481	high	unclassified	DNA polymerase/primase	0.2022	medium	0.1917	medium
vRhyme_unbinned_13__MGr3G3H3I_000000037801_19	vRhyme_unbinned_13__MGr3G3H3I_000000037801	vRhyme_unbinned_13__MGr3G3H3I_000000037801	0.13163313	low	1.0	very high	unclassified		0.0	low	0.0	low
vRhyme_unbinned_13__MGr3G3H3I_000000037801_20	vRhyme_unbinned_13__MGr3G3H3I_000000037801	vRhyme_unbinned_13__MGr3G3H3I_000000037801	0.19373247	low	1.0	very high	unclassified		0.8053	high	0.8053	high
vRhyme_unbinned_13__MGr3G3H3I_000000037801_21	vRhyme_unbinned_13__MGr3G3H3I_000000037801	vRhyme_unbinned_13__MGr3G3H3I_000000037801	0.5016223	low	1.0	very high	unclassified	integrase	0.0	low	0.0	low
vRhyme_unbinned_13__MGr3G3H3I_000000037801_22	vRhyme_unbinned_13__MGr3G3H3I_000000037801	vRhyme_unbinned_13__MGr3G3H3I_000000037801	0.34426627	low	1.0	very high	unclassified		0.0	low	0.0	low
vRhyme_unbinned_13__MGr3G3H3I_000000037801_23	vRhyme_unbinned_13__MGr3G3H3I_000000037801	vRhyme_unbinned_13__MGr3G3H3I_000000037801	0.2766546	low	1.0	very high	unclassified	xerD; integrase/recombinase XerD	0.0	low	0.0	low
vRhyme_unbinned_13__MGr3G3H3I_000000037801_24	vRhyme_unbinned_13__MGr3G3H3I_000000037801	vRhyme_unbinned_13__MGr3G3H3I_000000037801	0.14717583	low	1.0	very high	unclassified		0.0	low	0.0	low
vRhyme_unbinned_14__MGr3G3H3I_000000040482_1	vRhyme_unbinned_14__MGr3G3H3I_000000040482	vRhyme_unbinned_14__MGr3G3H3I_000000040482	0.68307817	medium	0.9533	high	unclassified		0.0	low	0.0	low
vRhyme_unbinned_14__MGr3G3H3I_000000040482_2	vRhyme_unbinned_14__MGr3G3H3I_000000040482	vRhyme_unbinned_14__MGr3G3H3I_000000040482	0.68307817	medium	1.0	very high	unclassified		0.0	low	0.0	low
vRhyme_unbinned_14__MGr3G3H3I_000000040482_3	vRhyme_unbinned_14__MGr3G3H3I_000000040482	vRhyme_unbinned_14__MGr3G3H3I_000000040482	0.68307817	medium	1.0	very high	unclassified		0.0	low	0.0	low
vRhyme_unbinned_14__MGr3G3H3I_000000040482_4	vRhyme_unbinned_14__MGr3G3H3I_000000040482	vRhyme_unbinned_14__MGr3G3H3I_000000040482	0.68307817	medium	1.0	very high	unclassified		0.0	low	0.0	low
vRhyme_unbinned_14__MGr3G3H3I_000000040482_5	vRhyme_unbinned_14__MGr3G3H3I_000000040482	vRhyme_unbinned_14__MGr3G3H3I_000000040482	0.68307817	medium	1.0	very high	unclassified		0.0	low	0.0	low
vRhyme_unbinned_14__MGr3G3H3I_000000040482_6	vRhyme_unbinned_14__MGr3G3H3I_000000040482	vRhyme_unbinned_14__MGr3G3H3I_000000040482	0.68307817	medium	1.0	very high	unclassified		0.0	low	0.0	low
vRhyme_unbinned_14__MGr3G3H3I_000000040482_7	vRhyme_unbinned_14__MGr3G3H3I_000000040482	vRhyme_unbinned_14__MGr3G3H3I_000000040482	0.68307817	medium	1.0	very high	unclassified		0.0	low	0.0	low
vRhyme_unbinned_14__MGr3G3H3I_000000040482_8	vRhyme_unbinned_14__MGr3G3H3I_000000040482	vRhyme_unbinned_14__MGr3G3H3I_000000040482	0.68307817	medium	1.0	very high	unclassified		0.0	low	0.0	low
vRhyme_unbinned_14__MGr3G3H3I_000000040482_9	vRhyme_unbinned_14__MGr3G3H3I_000000040482	vRhyme_unbinned_14__MGr3G3H3I_000000040482	0.68307817	medium	1.0	very high	unclassified		0.0	low	0.0	low
vRhyme_unbinned_14__MGr3G3H3I_000000040482_10	vRhyme_unbinned_14__MGr3G3H3I_000000040482	vRhyme_unbinned_14__MGr3G3H3I_000000040482	0.68307817	medium	1.0	very high	unclassified		0.0	low	0.0	low
vRhyme_unbinned_14__MGr3G3H3I_000000040482_11	vRhyme_unbinned_14__MGr3G3H3I_000000040482	vRhyme_unbinned_14__MGr3G3H3I_000000040482	0.68307817	medium	1.0	very high	unclassified		0.0	low	0.0	low
vRhyme_unbinned_14__MGr3G3H3I_000000040482_12	vRhyme_unbinned_14__MGr3G3H3I_000000040482	vRhyme_unbinned_14__MGr3G3H3I_000000040482	0.68307817	medium	1.0	very high	unclassified		0.0	low	0.0	low
vRhyme_unbinned_14__MGr3G3H3I_000000040482_13	vRhyme_unbinned_14__MGr3G3H3I_000000040482	vRhyme_unbinned_14__MGr3G3H3I_000000040482	0.68307817	medium	1.0	very high	unclassified		0.0	low	0.0	low
vRhyme_unbinned_14__MGr3G3H3I_000000040482_14	vRhyme_unbinned_14__MGr3G3H3I_000000040482	vRhyme_unbinned_14__MGr3G3H3I_000000040482	0.68307817	medium	1.0	very high	unclassified		0.0	low	0.0	low
vRhyme_unbinned_14__MGr3G3H3I_000000040482_15	vRhyme_unbinned_14__MGr3G3H3I_000000040482	vRhyme_unbinned_14__MGr3G3H3I_000000040482	0.68307817	medium	1.0	very high	unclassified		0.0	low	0.0	low
vRhyme_unbinned_14__MGr3G3H3I_000000040482_16	vRhyme_unbinned_14__MGr3G3H3I_000000040482	vRhyme_unbinned_14__MGr3G3H3I_000000040482	0.68307817	medium	1.0	very high	unclassified		0.0	low	0.0	low
vRhyme_unbinned_14__MGr3G3H3I_000000040482_17	vRhyme_unbinned_14__MGr3G3H3I_000000040482	vRhyme_unbinned_14__MGr3G3H3I_000000040482	0.68307817	medium	1.0	very high	unclassified		0.0	low	0.0	low
vRhyme_unbinned_14__MGr3G3H3I_000000040482_18	vRhyme_unbinned_14__MGr3G3H3I_000000040482	vRhyme_unbinned_14__MGr3G3H3I_000000040482	0.68307817	medium	1.0	very high	unclassified		0.0	low	0.0	low
vRhyme_unbinned_14__MGr3G3H3I_000000040482_19	vRhyme_unbinned_14__MGr3G3H3I_000000040482	vRhyme_unbinned_14__MGr3G3H3I_000000040482	0.68307817	medium	1.0	very high	unclassified		0.0	low	0.0	low
vRhyme_unbinned_14__MGr3G3H3I_000000040482_20	vRhyme_unbinned_14__MGr3G3H3I_000000040482	vRhyme_unbinned_14__MGr3G3H3I_000000040482	0.68307817	medium	1.0	very high	unclassified		0.0	low	0.0	low
vRhyme_unbinned_14__MGr3G3H3I_000000040482_21	vRhyme_unbinned_14__MGr3G3H3I_000000040482	vRhyme_unbinned_14__MGr3G3H3I_000000040482	0.68307817	medium	1.0	very high	unclassified		0.0	low	0.0	low
vRhyme_unbinned_15__MGr3G3H3I_000000045479_1	vRhyme_unbinned_15__MGr3G3H3I_000000045479	vRhyme_unbinned_15__MGr3G3H3I_000000045479	0.9747362	high	1.0	very high	unclassified		0.0	low	0.0	low
vRhyme_unbinned_15__MGr3G3H3I_000000045479_2	vRhyme_unbinned_15__MGr3G3H3I_000000045479	vRhyme_unbinned_15__MGr3G3H3I_000000045479	0.97043675	high	1.0	very high	unclassified		0.0	low	0.0	low
vRhyme_unbinned_15__MGr3G3H3I_000000045479_3	vRhyme_unbinned_15__MGr3G3H3I_000000045479	vRhyme_unbinned_15__MGr3G3H3I_000000045479	0.97043675	high	1.0	very high	unclassified		0.0	low	0.0	low
vRhyme_unbinned_15__MGr3G3H3I_000000045479_4	vRhyme_unbinned_15__MGr3G3H3I_000000045479	vRhyme_unbinned_15__MGr3G3H3I_000000045479	0.9714405	high	1.0	very high	unclassified		0.0	low	0.0	low
vRhyme_unbinned_15__MGr3G3H3I_000000045479_5	vRhyme_unbinned_15__MGr3G3H3I_000000045479	vRhyme_unbinned_15__MGr3G3H3I_000000045479	0.99101794	high	1.0	very high	unclassified		0.0	low	0.0	low
vRhyme_unbinned_15__MGr3G3H3I_000000045479_6	vRhyme_unbinned_15__MGr3G3H3I_000000045479	vRhyme_unbinned_15__MGr3G3H3I_000000045479	0.9900764	high	1.0	very high	unclassified		0.0	low	0.0	low
vRhyme_unbinned_15__MGr3G3H3I_000000045479_7	vRhyme_unbinned_15__MGr3G3H3I_000000045479	vRhyme_unbinned_15__MGr3G3H3I_000000045479	0.98923516	high	1.0	very high	unclassified		0.0	low	0.0	low
vRhyme_unbinned_15__MGr3G3H3I_000000045479_8	vRhyme_unbinned_15__MGr3G3H3I_000000045479	vRhyme_unbinned_15__MGr3G3H3I_000000045479	0.9870046	high	1.0	very high	unclassified		0.0	low	0.0	low
vRhyme_unbinned_15__MGr3G3H3I_000000045479_9	vRhyme_unbinned_15__MGr3G3H3I_000000045479	vRhyme_unbinned_15__MGr3G3H3I_000000045479	0.98612094	high	1.0	very high	unclassified		0.0	low	0.0	low
vRhyme_unbinned_15__MGr3G3H3I_000000045479_10	vRhyme_unbinned_15__MGr3G3H3I_000000045479	vRhyme_unbinned_15__MGr3G3H3I_000000045479	0.98484063	high	1.0	very high	unclassified	major head protein	0.0	low	0.0	low
vRhyme_unbinned_15__MGr3G3H3I_000000045479_11	vRhyme_unbinned_15__MGr3G3H3I_000000045479	vRhyme_unbinned_15__MGr3G3H3I_000000045479	0.98585445	high	1.0	very high	unclassified		0.0	low	0.0	low
vRhyme_unbinned_15__MGr3G3H3I_000000045479_12	vRhyme_unbinned_15__MGr3G3H3I_000000045479	vRhyme_unbinned_15__MGr3G3H3I_000000045479	0.9854693	high	1.0	very high	unclassified	head maturation protease	0.0	low	0.0	low
vRhyme_unbinned_15__MGr3G3H3I_000000045479_13	vRhyme_unbinned_15__MGr3G3H3I_000000045479	vRhyme_unbinned_15__MGr3G3H3I_000000045479	0.98752	high	1.0	very high	unclassified		0.0	low	0.0	low
vRhyme_unbinned_15__MGr3G3H3I_000000045479_14	vRhyme_unbinned_15__MGr3G3H3I_000000045479	vRhyme_unbinned_15__MGr3G3H3I_000000045479	0.9881797	high	1.0	very high	unclassified		0.0	low	0.0	low
vRhyme_unbinned_16__MGr3G3H3I_000000046301_1	vRhyme_unbinned_16__MGr3G3H3I_000000046301	vRhyme_unbinned_16__MGr3G3H3I_000000046301	0.8723748	medium	0.0	low	regulatory	uvrY, gacA, varA; two-component system, NarL family, invasion response regulator UvrY	1.0	very high	0.0	low
vRhyme_unbinned_16__MGr3G3H3I_000000046301_2	vRhyme_unbinned_16__MGr3G3H3I_000000046301	vRhyme_unbinned_16__MGr3G3H3I_000000046301	0.8824652	medium	0.0486	low	unclassified		0.0	low	0.0	low
vRhyme_unbinned_16__MGr3G3H3I_000000046301_3	vRhyme_unbinned_16__MGr3G3H3I_000000046301	vRhyme_unbinned_16__MGr3G3H3I_000000046301	0.7672987	medium	0.0	low	unclassified	transposase	0.0	low	0.0	low
vRhyme_unbinned_16__MGr3G3H3I_000000046301_4	vRhyme_unbinned_16__MGr3G3H3I_000000046301	vRhyme_unbinned_16__MGr3G3H3I_000000046301	0.94464195	high	0.0	low	unclassified	AAA domain	0.0634	low	0.0	low
vRhyme_unbinned_16__MGr3G3H3I_000000046301_5	vRhyme_unbinned_16__MGr3G3H3I_000000046301	vRhyme_unbinned_16__MGr3G3H3I_000000046301	0.99044275	high	0.0994	medium	unclassified		0.0	low	0.0	low
vRhyme_unbinned_16__MGr3G3H3I_000000046301_6	vRhyme_unbinned_16__MGr3G3H3I_000000046301	vRhyme_unbinned_16__MGr3G3H3I_000000046301	0.9888877	high	0.0	low	unclassified	""	0.0	low	0.0	low
vRhyme_unbinned_16__MGr3G3H3I_000000046301_7	vRhyme_unbinned_16__MGr3G3H3I_000000046301	vRhyme_unbinned_16__MGr3G3H3I_000000046301	0.9963612	high	0.0	low	unclassified		0.0	low	0.0	low
vRhyme_unbinned_16__MGr3G3H3I_000000046301_8	vRhyme_unbinned_16__MGr3G3H3I_000000046301	vRhyme_unbinned_16__MGr3G3H3I_000000046301	0.98265123	high	0.0	low	regulatory	late transcriptional activator	0.1092	medium	0.0	low
vRhyme_unbinned_16__MGr3G3H3I_000000046301_9	vRhyme_unbinned_16__MGr3G3H3I_000000046301	vRhyme_unbinned_16__MGr3G3H3I_000000046301	0.996403	high	0.0775	medium	unclassified		0.3017	medium	0.0234	low
vRhyme_unbinned_16__MGr3G3H3I_000000046301_10	vRhyme_unbinned_16__MGr3G3H3I_000000046301	vRhyme_unbinned_16__MGr3G3H3I_000000046301	0.9987597	high	0.0	low	unclassified	tail length tape measure protein	0.1144	medium	0.0	low
vRhyme_unbinned_16__MGr3G3H3I_000000046301_11	vRhyme_unbinned_16__MGr3G3H3I_000000046301	vRhyme_unbinned_16__MGr3G3H3I_000000046301	0.99847406	high	0.0497	low	unclassified	head maturation protease	0.0	low	0.0	low
vRhyme_unbinned_16__MGr3G3H3I_000000046301_12	vRhyme_unbinned_16__MGr3G3H3I_000000046301	vRhyme_unbinned_16__MGr3G3H3I_000000046301	0.98296005	high	0.0	low	unclassified		0.0	low	0.0	low
vRhyme_unbinned_16__MGr3G3H3I_000000046301_13	vRhyme_unbinned_16__MGr3G3H3I_000000046301	vRhyme_unbinned_16__MGr3G3H3I_000000046301	0.96713525	high	0.0962	medium	unclassified		0.0	low	0.0	low
vRhyme_unbinned_16__MGr3G3H3I_000000046301_14	vRhyme_unbinned_16__MGr3G3H3I_000000046301	vRhyme_unbinned_16__MGr3G3H3I_000000046301	0.99524754	high	0.0573	medium	unclassified		0.0	low	0.0	low
vRhyme_unbinned_17__MGr3G3H3I_000000049710_1	vRhyme_unbinned_17__MGr3G3H3I_000000049710	vRhyme_unbinned_17__MGr3G3H3I_000000049710	0.68307817	medium	1.0	very high	unclassified		0.0	low	0.0	low
vRhyme_unbinned_17__MGr3G3H3I_000000049710_2	vRhyme_unbinned_17__MGr3G3H3I_000000049710	vRhyme_unbinned_17__MGr3G3H3I_000000049710	0.68307817	medium	1.0	very high	unclassified		0.0	low	0.0	low
vRhyme_unbinned_17__MGr3G3H3I_000000049710_3	vRhyme_unbinned_17__MGr3G3H3I_000000049710	vRhyme_unbinned_17__MGr3G3H3I_000000049710	0.68307817	medium	1.0	very high	unclassified		0.0	low	0.0	low
vRhyme_unbinned_17__MGr3G3H3I_000000049710_4	vRhyme_unbinned_17__MGr3G3H3I_000000049710	vRhyme_unbinned_17__MGr3G3H3I_000000049710	0.68307817	medium	1.0	very high	unclassified		0.0	low	0.0	low
vRhyme_unbinned_17__MGr3G3H3I_000000049710_5	vRhyme_unbinned_17__MGr3G3H3I_000000049710	vRhyme_unbinned_17__MGr3G3H3I_000000049710	0.68307817	medium	1.0	very high	unclassified		0.0	low	0.0	low
vRhyme_unbinned_17__MGr3G3H3I_000000049710_6	vRhyme_unbinned_17__MGr3G3H3I_000000049710	vRhyme_unbinned_17__MGr3G3H3I_000000049710	0.68307817	medium	1.0	very high	unclassified		0.0	low	0.0	low
vRhyme_unbinned_17__MGr3G3H3I_000000049710_7	vRhyme_unbinned_17__MGr3G3H3I_000000049710	vRhyme_unbinned_17__MGr3G3H3I_000000049710	0.68307817	medium	1.0	very high	unclassified		0.0	low	0.0	low
vRhyme_unbinned_17__MGr3G3H3I_000000049710_8	vRhyme_unbinned_17__MGr3G3H3I_000000049710	vRhyme_unbinned_17__MGr3G3H3I_000000049710	0.68307817	medium	1.0	very high	unclassified		0.0	low	0.0	low
vRhyme_unbinned_17__MGr3G3H3I_000000049710_9	vRhyme_unbinned_17__MGr3G3H3I_000000049710	vRhyme_unbinned_17__MGr3G3H3I_000000049710	0.68307817	medium	1.0	very high	unclassified		0.0	low	0.0	low
vRhyme_unbinned_17__MGr3G3H3I_000000049710_10	vRhyme_unbinned_17__MGr3G3H3I_000000049710	vRhyme_unbinned_17__MGr3G3H3I_000000049710	0.68307817	medium	1.0	very high	unclassified		0.0	low	0.0	low
vRhyme_unbinned_17__MGr3G3H3I_000000049710_11	vRhyme_unbinned_17__MGr3G3H3I_000000049710	vRhyme_unbinned_17__MGr3G3H3I_000000049710	0.68307817	medium	1.0	very high	unclassified		0.0	low	0.0	low
vRhyme_unbinned_17__MGr3G3H3I_000000049710_12	vRhyme_unbinned_17__MGr3G3H3I_000000049710	vRhyme_unbinned_17__MGr3G3H3I_000000049710	0.68307817	medium	1.0	very high	unclassified		0.0	low	0.0	low
vRhyme_unbinned_17__MGr3G3H3I_000000049710_13	vRhyme_unbinned_17__MGr3G3H3I_000000049710	vRhyme_unbinned_17__MGr3G3H3I_000000049710	0.68307817	medium	1.0	very high	unclassified		0.0	low	0.0	low
vRhyme_unbinned_17__MGr3G3H3I_000000049710_14	vRhyme_unbinned_17__MGr3G3H3I_000000049710	vRhyme_unbinned_17__MGr3G3H3I_000000049710	0.68307817	medium	1.0	very high	unclassified		0.0	low	0.0	low
vRhyme_unbinned_17__MGr3G3H3I_000000049710_15	vRhyme_unbinned_17__MGr3G3H3I_000000049710	vRhyme_unbinned_17__MGr3G3H3I_000000049710	0.68307817	medium	1.0	very high	unclassified		0.0	low	0.0	low
vRhyme_unbinned_17__MGr3G3H3I_000000049710_16	vRhyme_unbinned_17__MGr3G3H3I_000000049710	vRhyme_unbinned_17__MGr3G3H3I_000000049710	0.68307817	medium	1.0	very high	unclassified		0.0	low	0.0	low
vRhyme_unbinned_18__MGr3G3H3I_000000052374_1	vRhyme_unbinned_18__MGr3G3H3I_000000052374	vRhyme_unbinned_18__MGr3G3H3I_000000052374	0.8470524	medium	1.0	very high	unclassified		0.0	low	0.0	low
vRhyme_unbinned_18__MGr3G3H3I_000000052374_2	vRhyme_unbinned_18__MGr3G3H3I_000000052374	vRhyme_unbinned_18__MGr3G3H3I_000000052374	0.76290923	medium	1.0	very high	unclassified	meT1; MMP 1-O-methyltransferase [EC:2.1.1.365]	0.0	low	0.0	low
vRhyme_unbinned_18__MGr3G3H3I_000000052374_3	vRhyme_unbinned_18__MGr3G3H3I_000000052374	vRhyme_unbinned_18__MGr3G3H3I_000000052374	0.7957924	medium	1.0	very high	unclassified		0.0	low	0.0	low
vRhyme_unbinned_18__MGr3G3H3I_000000052374_4	vRhyme_unbinned_18__MGr3G3H3I_000000052374	vRhyme_unbinned_18__MGr3G3H3I_000000052374	0.6847552	medium	1.0	very high	unclassified		0.0	low	0.0	low
vRhyme_unbinned_18__MGr3G3H3I_000000052374_5	vRhyme_unbinned_18__MGr3G3H3I_000000052374	vRhyme_unbinned_18__MGr3G3H3I_000000052374	0.80853945	medium	1.0	very high	unclassified		0.0	low	0.0	low
vRhyme_unbinned_18__MGr3G3H3I_000000052374_6	vRhyme_unbinned_18__MGr3G3H3I_000000052374	vRhyme_unbinned_18__MGr3G3H3I_000000052374	0.8414109	medium	1.0	very high	unclassified		0.0	low	0.0	low
vRhyme_unbinned_18__MGr3G3H3I_000000052374_7	vRhyme_unbinned_18__MGr3G3H3I_000000052374	vRhyme_unbinned_18__MGr3G3H3I_000000052374	0.87856746	medium	1.0	very high	unclassified		0.0	low	0.0	low
vRhyme_unbinned_18__MGr3G3H3I_000000052374_8	vRhyme_unbinned_18__MGr3G3H3I_000000052374	vRhyme_unbinned_18__MGr3G3H3I_000000052374	0.9051589	medium	1.0	very high	unclassified		0.0	low	0.0	low
vRhyme_unbinned_18__MGr3G3H3I_000000052374_9	vRhyme_unbinned_18__MGr3G3H3I_000000052374	vRhyme_unbinned_18__MGr3G3H3I_000000052374	0.9100622	medium	1.0	very high	unclassified		0.0	low	0.0	low
vRhyme_unbinned_18__MGr3G3H3I_000000052374_10	vRhyme_unbinned_18__MGr3G3H3I_000000052374	vRhyme_unbinned_18__MGr3G3H3I_000000052374	0.9100562	medium	1.0	very high	unclassified		0.0	low	0.0	low
vRhyme_unbinned_18__MGr3G3H3I_000000052374_11	vRhyme_unbinned_18__MGr3G3H3I_000000052374	vRhyme_unbinned_18__MGr3G3H3I_000000052374	0.9099433	medium	1.0	very high	unclassified		0.0	low	0.0	low
vRhyme_unbinned_18__MGr3G3H3I_000000052374_12	vRhyme_unbinned_18__MGr3G3H3I_000000052374	vRhyme_unbinned_18__MGr3G3H3I_000000052374	0.9215249	high	1.0	very high	unclassified		0.0	low	0.0	low
vRhyme_unbinned_18__MGr3G3H3I_000000052374_13	vRhyme_unbinned_18__MGr3G3H3I_000000052374	vRhyme_unbinned_18__MGr3G3H3I_000000052374	0.9275159	high	1.0	very high	unclassified		0.0	low	0.0	low
vRhyme_unbinned_18__MGr3G3H3I_000000052374_14	vRhyme_unbinned_18__MGr3G3H3I_000000052374	vRhyme_unbinned_18__MGr3G3H3I_000000052374	0.9305951	high	1.0	very high	unclassified		0.0	low	0.0	low
vRhyme_unbinned_18__MGr3G3H3I_000000052374_15	vRhyme_unbinned_18__MGr3G3H3I_000000052374	vRhyme_unbinned_18__MGr3G3H3I_000000052374	0.9307024	high	0.9523	high	unclassified		0.0	low	0.0	low
vRhyme_unbinned_18__MGr3G3H3I_000000052374_16	vRhyme_unbinned_18__MGr3G3H3I_000000052374	vRhyme_unbinned_18__MGr3G3H3I_000000052374	0.9377867	high	1.0	very high	unclassified		0.0	low	0.0	low
vRhyme_unbinned_18__MGr3G3H3I_000000052374_17	vRhyme_unbinned_18__MGr3G3H3I_000000052374	vRhyme_unbinned_18__MGr3G3H3I_000000052374	0.9440789	high	1.0	very high	unclassified		0.0	low	0.0	low
vRhyme_unbinned_18__MGr3G3H3I_000000052374_18	vRhyme_unbinned_18__MGr3G3H3I_000000052374	vRhyme_unbinned_18__MGr3G3H3I_000000052374	0.94367117	high	1.0	very high	unclassified		0.0	low	0.0	low
vRhyme_unbinned_18__MGr3G3H3I_000000052374_19	vRhyme_unbinned_18__MGr3G3H3I_000000052374	vRhyme_unbinned_18__MGr3G3H3I_000000052374	0.9497419	high	1.0	very high	unclassified		0.0	low	0.0	low
vRhyme_unbinned_18__MGr3G3H3I_000000052374_20	vRhyme_unbinned_18__MGr3G3H3I_000000052374	vRhyme_unbinned_18__MGr3G3H3I_000000052374	0.9497419	high	1.0	very high	unclassified		0.0	low	0.0	low
vRhyme_unbinned_19__MGr3G3H3I_000000052512_1	vRhyme_unbinned_19__MGr3G3H3I_000000052512	vRhyme_unbinned_19__MGr3G3H3I_000000052512	0.68307817	medium	0.9589	high	unclassified		0.0	low	0.0	low
vRhyme_unbinned_19__MGr3G3H3I_000000052512_2	vRhyme_unbinned_19__MGr3G3H3I_000000052512	vRhyme_unbinned_19__MGr3G3H3I_000000052512	0.68307817	medium	0.878	high	unclassified		0.0	low	0.0	low
vRhyme_unbinned_19__MGr3G3H3I_000000052512_3	vRhyme_unbinned_19__MGr3G3H3I_000000052512	vRhyme_unbinned_19__MGr3G3H3I_000000052512	0.68307817	medium	0.9036	high	unclassified		0.0	low	0.0	low
vRhyme_unbinned_19__MGr3G3H3I_000000052512_4	vRhyme_unbinned_19__MGr3G3H3I_000000052512	vRhyme_unbinned_19__MGr3G3H3I_000000052512	0.68307817	medium	0.6549	high	unclassified		0.0	low	0.0	low
vRhyme_unbinned_19__MGr3G3H3I_000000052512_5	vRhyme_unbinned_19__MGr3G3H3I_000000052512	vRhyme_unbinned_19__MGr3G3H3I_000000052512	0.68307817	medium	0.8495	high	unclassified		0.0	low	0.0	low
vRhyme_unbinned_19__MGr3G3H3I_000000052512_6	vRhyme_unbinned_19__MGr3G3H3I_000000052512	vRhyme_unbinned_19__MGr3G3H3I_000000052512	0.68307817	medium	0.6949	high	unclassified		0.0	low	0.0	low
vRhyme_unbinned_19__MGr3G3H3I_000000052512_7	vRhyme_unbinned_19__MGr3G3H3I_000000052512	vRhyme_unbinned_19__MGr3G3H3I_000000052512	0.68307817	medium	0.5609	high	unclassified		0.0	low	0.0	low
vRhyme_unbinned_19__MGr3G3H3I_000000052512_8	vRhyme_unbinned_19__MGr3G3H3I_000000052512	vRhyme_unbinned_19__MGr3G3H3I_000000052512	0.68307817	medium	0.5504	high	unclassified		0.0	low	0.0	low
vRhyme_unbinned_19__MGr3G3H3I_000000052512_9	vRhyme_unbinned_19__MGr3G3H3I_000000052512	vRhyme_unbinned_19__MGr3G3H3I_000000052512	0.68307817	medium	0.9646	high	unclassified		0.0	low	0.0	low
vRhyme_unbinned_19__MGr3G3H3I_000000052512_10	vRhyme_unbinned_19__MGr3G3H3I_000000052512	vRhyme_unbinned_19__MGr3G3H3I_000000052512	0.68307817	medium	0.8131	high	unclassified		0.0	low	0.0	low
vRhyme_unbinned_19__MGr3G3H3I_000000052512_11	vRhyme_unbinned_19__MGr3G3H3I_000000052512	vRhyme_unbinned_19__MGr3G3H3I_000000052512	0.68307817	medium	0.85	high	unclassified		0.0	low	0.0	low
vRhyme_unbinned_19__MGr3G3H3I_000000052512_12	vRhyme_unbinned_19__MGr3G3H3I_000000052512	vRhyme_unbinned_19__MGr3G3H3I_000000052512	0.68307817	medium	0.4611	high	unclassified		0.0	low	0.0	low
vRhyme_unbinned_19__MGr3G3H3I_000000052512_13	vRhyme_unbinned_19__MGr3G3H3I_000000052512	vRhyme_unbinned_19__MGr3G3H3I_000000052512	0.68307817	medium	0.8058	high	unclassified		0.0	low	0.0	low
vRhyme_unbinned_19__MGr3G3H3I_000000052512_14	vRhyme_unbinned_19__MGr3G3H3I_000000052512	vRhyme_unbinned_19__MGr3G3H3I_000000052512	0.68307817	medium	0.9531	high	unclassified		0.0	low	0.0	low
vRhyme_unbinned_19__MGr3G3H3I_000000052512_15	vRhyme_unbinned_19__MGr3G3H3I_000000052512	vRhyme_unbinned_19__MGr3G3H3I_000000052512	0.68307817	medium	0.8398	high	unclassified		0.0	low	0.0	low
vRhyme_unbinned_19__MGr3G3H3I_000000052512_16	vRhyme_unbinned_19__MGr3G3H3I_000000052512	vRhyme_unbinned_19__MGr3G3H3I_000000052512	0.68307817	medium	0.9529	high	unclassified		0.0	low	0.0	low
vRhyme_unbinned_19__MGr3G3H3I_000000052512_17	vRhyme_unbinned_19__MGr3G3H3I_000000052512	vRhyme_unbinned_19__MGr3G3H3I_000000052512	0.68307817	medium	0.9476	high	unclassified		0.0	low	0.0	low
vRhyme_unbinned_19__MGr3G3H3I_000000052512_18	vRhyme_unbinned_19__MGr3G3H3I_000000052512	vRhyme_unbinned_19__MGr3G3H3I_000000052512	0.68307817	medium	0.9525	high	unclassified		0.0	low	0.0	low
vRhyme_unbinned_19__MGr3G3H3I_000000052512_19	vRhyme_unbinned_19__MGr3G3H3I_000000052512	vRhyme_unbinned_19__MGr3G3H3I_000000052512	0.68307817	medium	0.8655	high	unclassified		0.0	low	0.0	low
vRhyme_unbinned_19__MGr3G3H3I_000000052512_20	vRhyme_unbinned_19__MGr3G3H3I_000000052512	vRhyme_unbinned_19__MGr3G3H3I_000000052512	0.68307817	medium	0.9598	high	unclassified		0.0	low	0.0	low
vRhyme_unbinned_19__MGr3G3H3I_000000052512_21	vRhyme_unbinned_19__MGr3G3H3I_000000052512	vRhyme_unbinned_19__MGr3G3H3I_000000052512	0.68307817	medium	0.4719	high	unclassified		0.0	low	0.0	low
vRhyme_unbinned_19__MGr3G3H3I_000000052512_22	vRhyme_unbinned_19__MGr3G3H3I_000000052512	vRhyme_unbinned_19__MGr3G3H3I_000000052512	0.68307817	medium	0.8682	high	unclassified		0.0	low	0.0	low
vRhyme_unbinned_19__MGr3G3H3I_000000052512_23	vRhyme_unbinned_19__MGr3G3H3I_000000052512	vRhyme_unbinned_19__MGr3G3H3I_000000052512	0.68307817	medium	0.7962	high	unclassified		0.0	low	0.0	low
vRhyme_unbinned_19__MGr3G3H3I_000000052512_24	vRhyme_unbinned_19__MGr3G3H3I_000000052512	vRhyme_unbinned_19__MGr3G3H3I_000000052512	0.68307817	medium	0.9622	high	unclassified		0.0	low	0.0	low
vRhyme_unbinned_1__MGr3G3H3I_000000002691_1	vRhyme_unbinned_1__MGr3G3H3I_000000002691	vRhyme_unbinned_1__MGr3G3H3I_000000002691	0.49388185	low	1.0	very high	unclassified		0.0	low	0.0	low
vRhyme_unbinned_1__MGr3G3H3I_000000002691_2	vRhyme_unbinned_1__MGr3G3H3I_000000002691	vRhyme_unbinned_1__MGr3G3H3I_000000002691	0.49388185	low	1.0	very high	unclassified		0.0	low	0.0	low
vRhyme_unbinned_1__MGr3G3H3I_000000002691_3	vRhyme_unbinned_1__MGr3G3H3I_000000002691	vRhyme_unbinned_1__MGr3G3H3I_000000002691	0.49388185	low	1.0	very high	unclassified		0.0	low	0.0	low
vRhyme_unbinned_1__MGr3G3H3I_000000002691_4	vRhyme_unbinned_1__MGr3G3H3I_000000002691	vRhyme_unbinned_1__MGr3G3H3I_000000002691	0.49388185	low	1.0	very high	unclassified	major head protein	0.0	low	0.0	low
vRhyme_unbinned_1__MGr3G3H3I_000000002691_5	vRhyme_unbinned_1__MGr3G3H3I_000000002691	vRhyme_unbinned_1__MGr3G3H3I_000000002691	0.48755962	low	1.0	very high	unclassified		0.0	low	0.0	low
vRhyme_unbinned_1__MGr3G3H3I_000000002691_6	vRhyme_unbinned_1__MGr3G3H3I_000000002691	vRhyme_unbinned_1__MGr3G3H3I_000000002691	0.49388185	low	1.0	very high	unclassified		0.0	low	0.0	low
vRhyme_unbinned_1__MGr3G3H3I_000000002691_7	vRhyme_unbinned_1__MGr3G3H3I_000000002691	vRhyme_unbinned_1__MGr3G3H3I_000000002691	0.5861094	medium	1.0	very high	unclassified		0.0	low	0.0	low
vRhyme_unbinned_1__MGr3G3H3I_000000002691_8	vRhyme_unbinned_1__MGr3G3H3I_000000002691	vRhyme_unbinned_1__MGr3G3H3I_000000002691	0.5861094	medium	1.0	very high	unclassified		0.3511	medium	0.3511	medium
vRhyme_unbinned_1__MGr3G3H3I_000000002691_9	vRhyme_unbinned_1__MGr3G3H3I_000000002691	vRhyme_unbinned_1__MGr3G3H3I_000000002691	0.5861094	medium	1.0	very high	unclassified		0.0	low	0.0	low
vRhyme_unbinned_1__MGr3G3H3I_000000002691_10	vRhyme_unbinned_1__MGr3G3H3I_000000002691	vRhyme_unbinned_1__MGr3G3H3I_000000002691	0.5861094	medium	1.0	very high	unclassified		0.0	low	0.0	low
vRhyme_unbinned_1__MGr3G3H3I_000000002691_11	vRhyme_unbinned_1__MGr3G3H3I_000000002691	vRhyme_unbinned_1__MGr3G3H3I_000000002691	0.5861094	medium	1.0	very high	unclassified		0.0	low	0.0	low
vRhyme_unbinned_20__MGr3G3H3I_000000054425_1	vRhyme_unbinned_20__MGr3G3H3I_000000054425	vRhyme_unbinned_20__MGr3G3H3I_000000054425	0.17513879	low	0.0	low	physiological	AcrB/AcrD/AcrF family	0.5467	high	0.0	low
vRhyme_unbinned_20__MGr3G3H3I_000000054425_2	vRhyme_unbinned_20__MGr3G3H3I_000000054425	vRhyme_unbinned_20__MGr3G3H3I_000000054425	0.3722224	low	0.0	low	unclassified	mexE; membrane fusion protein, multidrug efflux system	0.0	low	0.0	low
vRhyme_unbinned_20__MGr3G3H3I_000000054425_3	vRhyme_unbinned_20__MGr3G3H3I_000000054425	vRhyme_unbinned_20__MGr3G3H3I_000000054425	0.31251898	low	0.0	low	unclassified		0.0	low	0.0	low
vRhyme_unbinned_20__MGr3G3H3I_000000054425_4	vRhyme_unbinned_20__MGr3G3H3I_000000054425	vRhyme_unbinned_20__MGr3G3H3I_000000054425	0.3193074	low	0.0	low	unclassified		0.0	low	0.0	low
vRhyme_unbinned_20__MGr3G3H3I_000000054425_5	vRhyme_unbinned_20__MGr3G3H3I_000000054425	vRhyme_unbinned_20__MGr3G3H3I_000000054425	0.27660146	low	0.047	low	physiological	HigB_toxin, RelE-like toxic component of a toxin-antitoxin system	0.3384	medium	0.0159	low
vRhyme_unbinned_20__MGr3G3H3I_000000054425_6	vRhyme_unbinned_20__MGr3G3H3I_000000054425	vRhyme_unbinned_20__MGr3G3H3I_000000054425	0.51296216	low	0.0	low	unclassified		0.8103	high	0.0	low
vRhyme_unbinned_20__MGr3G3H3I_000000054425_7	vRhyme_unbinned_20__MGr3G3H3I_000000054425	vRhyme_unbinned_20__MGr3G3H3I_000000054425	0.2878902	low	0.0	low	unclassified	integrase	0.0	low	0.0	low
vRhyme_unbinned_20__MGr3G3H3I_000000054425_8	vRhyme_unbinned_20__MGr3G3H3I_000000054425	vRhyme_unbinned_20__MGr3G3H3I_000000054425	0.534833	low	0.0	low	unclassified		0.0	low	0.0	low
vRhyme_unbinned_20__MGr3G3H3I_000000054425_9	vRhyme_unbinned_20__MGr3G3H3I_000000054425	vRhyme_unbinned_20__MGr3G3H3I_000000054425	0.58378845	medium	0.0	low	unclassified		0.0502	low	0.0	low
vRhyme_unbinned_20__MGr3G3H3I_000000054425_10	vRhyme_unbinned_20__MGr3G3H3I_000000054425	vRhyme_unbinned_20__MGr3G3H3I_000000054425	0.27036795	low	0.1021	medium	unclassified		0.0	low	0.0	low
vRhyme_unbinned_20__MGr3G3H3I_000000054425_11	vRhyme_unbinned_20__MGr3G3H3I_000000054425	vRhyme_unbinned_20__MGr3G3H3I_000000054425	0.25498685	low	0.0	low	unclassified		0.0	low	0.0	low
vRhyme_unbinned_21__MGr3G3H3I_000000062622_1	vRhyme_unbinned_21__MGr3G3H3I_000000062622	vRhyme_unbinned_21__MGr3G3H3I_000000062622	0.83870196	medium	0.0	low	unclassified		0.0	low	0.0	low
vRhyme_unbinned_21__MGr3G3H3I_000000062622_2	vRhyme_unbinned_21__MGr3G3H3I_000000062622	vRhyme_unbinned_21__MGr3G3H3I_000000062622	0.6969066	medium	0.0	low	unclassified	integrase	0.0	low	0.0	low
vRhyme_unbinned_21__MGr3G3H3I_000000062622_3	vRhyme_unbinned_21__MGr3G3H3I_000000062622	vRhyme_unbinned_21__MGr3G3H3I_000000062622	0.94543946	high	0.0	low	unclassified		0.0	low	0.0	low
vRhyme_unbinned_21__MGr3G3H3I_000000062622_4	vRhyme_unbinned_21__MGr3G3H3I_000000062622	vRhyme_unbinned_21__MGr3G3H3I_000000062622	0.8791051	medium	0.0	low	unclassified		0.0	low	0.0	low
vRhyme_unbinned_21__MGr3G3H3I_000000062622_5	vRhyme_unbinned_21__MGr3G3H3I_000000062622	vRhyme_unbinned_21__MGr3G3H3I_000000062622	0.90501344	medium	0.0	low	unclassified		0.0	low	0.0	low
vRhyme_unbinned_21__MGr3G3H3I_000000062622_6	vRhyme_unbinned_21__MGr3G3H3I_000000062622	vRhyme_unbinned_21__MGr3G3H3I_000000062622	0.96984315	high	0.0	low	unclassified	DNA topoisomerase	0.0	low	0.0	low
vRhyme_unbinned_21__MGr3G3H3I_000000062622_7	vRhyme_unbinned_21__MGr3G3H3I_000000062622	vRhyme_unbinned_21__MGr3G3H3I_000000062622	0.6261822	medium	0.0	low	unclassified		0.0485	low	0.0	low
vRhyme_unbinned_21__MGr3G3H3I_000000062622_8	vRhyme_unbinned_21__MGr3G3H3I_000000062622	vRhyme_unbinned_21__MGr3G3H3I_000000062622	0.8808829	medium	0.0	low	unclassified		0.0	low	0.0	low
vRhyme_unbinned_21__MGr3G3H3I_000000062622_9	vRhyme_unbinned_21__MGr3G3H3I_000000062622	vRhyme_unbinned_21__MGr3G3H3I_000000062622	0.590308	medium	0.0	low	unclassified	""	0.1014	medium	0.0	low
vRhyme_unbinned_21__MGr3G3H3I_000000062622_10	vRhyme_unbinned_21__MGr3G3H3I_000000062622	vRhyme_unbinned_21__MGr3G3H3I_000000062622	0.88153887	medium	0.0	low	unclassified	Domain of unknown function (DUF4411)	0.0	low	0.0	low
vRhyme_unbinned_21__MGr3G3H3I_000000062622_11	vRhyme_unbinned_21__MGr3G3H3I_000000062622	vRhyme_unbinned_21__MGr3G3H3I_000000062622	0.44249627	low	0.0	low	regulatory	transcriptional regulator	1.0	very high	0.0	low
vRhyme_unbinned_22__MGr3G3H3I_000000064551_1	vRhyme_unbinned_22__MGr3G3H3I_000000064551	vRhyme_unbinned_22__MGr3G3H3I_000000064551	0.8287317	medium	0.768	high	unclassified	integrase	0.0	low	0.0	low
vRhyme_unbinned_22__MGr3G3H3I_000000064551_2	vRhyme_unbinned_22__MGr3G3H3I_000000064551	vRhyme_unbinned_22__MGr3G3H3I_000000064551	0.9004125	medium	0.9542	high	unclassified		0.0	low	0.0	low
vRhyme_unbinned_22__MGr3G3H3I_000000064551_3	vRhyme_unbinned_22__MGr3G3H3I_000000064551	vRhyme_unbinned_22__MGr3G3H3I_000000064551	0.9068487	medium	0.8044	high	unclassified		0.0	low	0.0	low
vRhyme_unbinned_22__MGr3G3H3I_000000064551_4	vRhyme_unbinned_22__MGr3G3H3I_000000064551	vRhyme_unbinned_22__MGr3G3H3I_000000064551	0.84181255	medium	0.8554	high	unclassified		0.0	low	0.0	low
vRhyme_unbinned_22__MGr3G3H3I_000000064551_5	vRhyme_unbinned_22__MGr3G3H3I_000000064551	vRhyme_unbinned_22__MGr3G3H3I_000000064551	0.87701714	medium	0.8372	high	unclassified		0.0	low	0.0	low
vRhyme_unbinned_22__MGr3G3H3I_000000064551_6	vRhyme_unbinned_22__MGr3G3H3I_000000064551	vRhyme_unbinned_22__MGr3G3H3I_000000064551	0.79550946	medium	0.9005	high	unclassified	DNA primase	0.0	low	0.0	low
vRhyme_unbinned_22__MGr3G3H3I_000000064551_7	vRhyme_unbinned_22__MGr3G3H3I_000000064551	vRhyme_unbinned_22__MGr3G3H3I_000000064551	0.80110675	medium	0.7203	high	unclassified		0.0	low	0.0	low
vRhyme_unbinned_22__MGr3G3H3I_000000064551_8	vRhyme_unbinned_22__MGr3G3H3I_000000064551	vRhyme_unbinned_22__MGr3G3H3I_000000064551	0.8106855	medium	0.9455	high	unclassified		0.0	low	0.0	low
vRhyme_unbinned_22__MGr3G3H3I_000000064551_9	vRhyme_unbinned_22__MGr3G3H3I_000000064551	vRhyme_unbinned_22__MGr3G3H3I_000000064551	0.7155048	medium	0.8179	high	unclassified		0.0	low	0.0	low
vRhyme_unbinned_22__MGr3G3H3I_000000064551_10	vRhyme_unbinned_22__MGr3G3H3I_000000064551	vRhyme_unbinned_22__MGr3G3H3I_000000064551	0.7945939	medium	0.943	high	unclassified		0.0	low	0.0	low
vRhyme_unbinned_22__MGr3G3H3I_000000064551_11	vRhyme_unbinned_22__MGr3G3H3I_000000064551	vRhyme_unbinned_22__MGr3G3H3I_000000064551	0.78232485	medium	0.5657	high	unclassified		0.0	low	0.0	low
vRhyme_unbinned_22__MGr3G3H3I_000000064551_12	vRhyme_unbinned_22__MGr3G3H3I_000000064551	vRhyme_unbinned_22__MGr3G3H3I_000000064551	0.74106985	medium	0.8971	high	unclassified		0.0	low	0.0	low
vRhyme_unbinned_22__MGr3G3H3I_000000064551_13	vRhyme_unbinned_22__MGr3G3H3I_000000064551	vRhyme_unbinned_22__MGr3G3H3I_000000064551	0.7178681	medium	0.8303	high	unclassified		0.0	low	0.0	low
vRhyme_unbinned_22__MGr3G3H3I_000000064551_14	vRhyme_unbinned_22__MGr3G3H3I_000000064551	vRhyme_unbinned_22__MGr3G3H3I_000000064551	0.7750104	medium	0.3573	medium	unclassified		0.0	low	0.0	low
vRhyme_unbinned_22__MGr3G3H3I_000000064551_15	vRhyme_unbinned_22__MGr3G3H3I_000000064551	vRhyme_unbinned_22__MGr3G3H3I_000000064551	0.78538793	medium	0.2357	medium	unclassified		0.0	low	0.0	low
vRhyme_unbinned_22__MGr3G3H3I_000000064551_16	vRhyme_unbinned_22__MGr3G3H3I_000000064551	vRhyme_unbinned_22__MGr3G3H3I_000000064551	0.73413724	medium	0.3245	medium	unclassified		0.0	low	0.0	low
vRhyme_unbinned_22__MGr3G3H3I_000000064551_17	vRhyme_unbinned_22__MGr3G3H3I_000000064551	vRhyme_unbinned_22__MGr3G3H3I_000000064551	0.19070514	low	0.0724	medium	unclassified	RNA repair, ligase-Pnkp-associating, region of Hen1	0.1582	medium	0.0115	low
vRhyme_unbinned_22__MGr3G3H3I_000000064551_18	vRhyme_unbinned_22__MGr3G3H3I_000000064551	vRhyme_unbinned_22__MGr3G3H3I_000000064551	0.7351128	medium	0.0799	medium	unclassified	PNKP adenylyltransferase domain, ligase domain	0.0	low	0.0	low
vRhyme_unbinned_22__MGr3G3H3I_000000064551_19	vRhyme_unbinned_22__MGr3G3H3I_000000064551	vRhyme_unbinned_22__MGr3G3H3I_000000064551	0.45570266	low	0.2331	medium	unclassified		0.0442	low	0.0103	low
vRhyme_unbinned_22__MGr3G3H3I_000000064551_20	vRhyme_unbinned_22__MGr3G3H3I_000000064551	vRhyme_unbinned_22__MGr3G3H3I_000000064551	0.611384	medium	0.0493	low	unclassified		0.0	low	0.0	low
vRhyme_unbinned_22__MGr3G3H3I_000000064551_21	vRhyme_unbinned_22__MGr3G3H3I_000000064551	vRhyme_unbinned_22__MGr3G3H3I_000000064551	0.6078886	medium	0.0621	medium	unclassified		0.0	low	0.0	low
vRhyme_unbinned_22__MGr3G3H3I_000000064551_22	vRhyme_unbinned_22__MGr3G3H3I_000000064551	vRhyme_unbinned_22__MGr3G3H3I_000000064551	0.51635593	low	0.2884	medium	unclassified		0.0	low	0.0	low
vRhyme_unbinned_22__MGr3G3H3I_000000064551_23	vRhyme_unbinned_22__MGr3G3H3I_000000064551	vRhyme_unbinned_22__MGr3G3H3I_000000064551	0.5753568	medium	0.28	medium	unclassified	integrase	0.0	low	0.0	low
vRhyme_unbinned_22__MGr3G3H3I_000000064551_24	vRhyme_unbinned_22__MGr3G3H3I_000000064551	vRhyme_unbinned_22__MGr3G3H3I_000000064551	0.8494331	medium	0.4196	high	unclassified		0.0	low	0.0	low
vRhyme_unbinned_22__MGr3G3H3I_000000064551_25	vRhyme_unbinned_22__MGr3G3H3I_000000064551	vRhyme_unbinned_22__MGr3G3H3I_000000064551	0.8918746	medium	0.5139	high	unclassified		0.0	low	0.0	low
vRhyme_unbinned_22__MGr3G3H3I_000000064551_26	vRhyme_unbinned_22__MGr3G3H3I_000000064551	vRhyme_unbinned_22__MGr3G3H3I_000000064551	0.7083532	medium	0.7077	high	unclassified	Resolvase, N terminal domain	0.0	low	0.0	low
vRhyme_unbinned_23__MGr3G3H3I_000000065081_1	vRhyme_unbinned_23__MGr3G3H3I_000000065081	vRhyme_unbinned_23__MGr3G3H3I_000000065081	0.68307817	medium	0.0	low	unclassified		0.0	low	0.0	low
vRhyme_unbinned_23__MGr3G3H3I_000000065081_2	vRhyme_unbinned_23__MGr3G3H3I_000000065081	vRhyme_unbinned_23__MGr3G3H3I_000000065081	0.68307817	medium	0.0	low	unclassified		0.0	low	0.0	low
vRhyme_unbinned_23__MGr3G3H3I_000000065081_3	vRhyme_unbinned_23__MGr3G3H3I_000000065081	vRhyme_unbinned_23__MGr3G3H3I_000000065081	0.68307817	medium	0.0	low	unclassified		0.0	low	0.0	low
vRhyme_unbinned_23__MGr3G3H3I_000000065081_4	vRhyme_unbinned_23__MGr3G3H3I_000000065081	vRhyme_unbinned_23__MGr3G3H3I_000000065081	0.68307817	medium	0.0	low	unclassified		0.0	low	0.0	low
vRhyme_unbinned_23__MGr3G3H3I_000000065081_5	vRhyme_unbinned_23__MGr3G3H3I_000000065081	vRhyme_unbinned_23__MGr3G3H3I_000000065081	0.68307817	medium	0.0	low	unclassified		0.0	low	0.0	low
vRhyme_unbinned_23__MGr3G3H3I_000000065081_6	vRhyme_unbinned_23__MGr3G3H3I_000000065081	vRhyme_unbinned_23__MGr3G3H3I_000000065081	0.68307817	medium	0.0	low	unclassified		0.0	low	0.0	low
vRhyme_unbinned_24__MGr3G3H3I_000000069672_1	vRhyme_unbinned_24__MGr3G3H3I_000000069672	vRhyme_unbinned_24__MGr3G3H3I_000000069672	0.820767	medium	1.0	very high	unclassified		0.0	low	0.0	low
vRhyme_unbinned_24__MGr3G3H3I_000000069672_2	vRhyme_unbinned_24__MGr3G3H3I_000000069672	vRhyme_unbinned_24__MGr3G3H3I_000000069672	0.9226767	high	0.8596	high	unclassified	int; integrase	0.0	low	0.0	low
vRhyme_unbinned_24__MGr3G3H3I_000000069672_3	vRhyme_unbinned_24__MGr3G3H3I_000000069672	vRhyme_unbinned_24__MGr3G3H3I_000000069672	0.94798696	high	0.6545	high	unclassified		0.2431	medium	0.1591	medium
vRhyme_unbinned_24__MGr3G3H3I_000000069672_4	vRhyme_unbinned_24__MGr3G3H3I_000000069672	vRhyme_unbinned_24__MGr3G3H3I_000000069672	0.9141779	high	0.656	high	unclassified		0.0	low	0.0	low
vRhyme_unbinned_24__MGr3G3H3I_000000069672_5	vRhyme_unbinned_24__MGr3G3H3I_000000069672	vRhyme_unbinned_24__MGr3G3H3I_000000069672	0.9609325	high	0.4876	high	unclassified		0.0	low	0.0	low
vRhyme_unbinned_24__MGr3G3H3I_000000069672_6	vRhyme_unbinned_24__MGr3G3H3I_000000069672	vRhyme_unbinned_24__MGr3G3H3I_000000069672	0.9743027	high	0.6906	high	unclassified		0.0	low	0.0	low
vRhyme_unbinned_24__MGr3G3H3I_000000069672_7	vRhyme_unbinned_24__MGr3G3H3I_000000069672	vRhyme_unbinned_24__MGr3G3H3I_000000069672	0.97387886	high	0.8541	high	unclassified		0.0	low	0.0	low
vRhyme_unbinned_24__MGr3G3H3I_000000069672_8	vRhyme_unbinned_24__MGr3G3H3I_000000069672	vRhyme_unbinned_24__MGr3G3H3I_000000069672	0.91669995	high	0.5127	high	unclassified	DNA primase/helicase	0.0	low	0.0	low
vRhyme_unbinned_24__MGr3G3H3I_000000069672_9	vRhyme_unbinned_24__MGr3G3H3I_000000069672	vRhyme_unbinned_24__MGr3G3H3I_000000069672	0.9266467	high	0.5602	high	unclassified		0.0	low	0.0	low
vRhyme_unbinned_24__MGr3G3H3I_000000069672_10	vRhyme_unbinned_24__MGr3G3H3I_000000069672	vRhyme_unbinned_24__MGr3G3H3I_000000069672	0.9315163	high	0.8134	high	unclassified		0.0	low	0.0	low
vRhyme_unbinned_24__MGr3G3H3I_000000069672_11	vRhyme_unbinned_24__MGr3G3H3I_000000069672	vRhyme_unbinned_24__MGr3G3H3I_000000069672	0.9105934	medium	0.9378	high	unclassified		0.0	low	0.0	low
vRhyme_unbinned_24__MGr3G3H3I_000000069672_12	vRhyme_unbinned_24__MGr3G3H3I_000000069672	vRhyme_unbinned_24__MGr3G3H3I_000000069672	0.6189166	medium	0.899	high	unclassified		0.0	low	0.0	low
vRhyme_unbinned_24__MGr3G3H3I_000000069672_13	vRhyme_unbinned_24__MGr3G3H3I_000000069672	vRhyme_unbinned_24__MGr3G3H3I_000000069672	0.9352446	high	0.7489	high	unclassified	Domain of unknown function (DUF7715)	0.0	low	0.0	low
vRhyme_unbinned_24__MGr3G3H3I_000000069672_14	vRhyme_unbinned_24__MGr3G3H3I_000000069672	vRhyme_unbinned_24__MGr3G3H3I_000000069672	0.8945443	medium	0.9203	high	unclassified		0.0	low	0.0	low
vRhyme_unbinned_24__MGr3G3H3I_000000069672_15	vRhyme_unbinned_24__MGr3G3H3I_000000069672	vRhyme_unbinned_24__MGr3G3H3I_000000069672	0.89664906	medium	0.7715	high	unclassified		0.0	low	0.0	low
vRhyme_unbinned_24__MGr3G3H3I_000000069672_16	vRhyme_unbinned_24__MGr3G3H3I_000000069672	vRhyme_unbinned_24__MGr3G3H3I_000000069672	0.89375305	medium	0.8825	high	unclassified		0.0	low	0.0	low
vRhyme_unbinned_24__MGr3G3H3I_000000069672_17	vRhyme_unbinned_24__MGr3G3H3I_000000069672	vRhyme_unbinned_24__MGr3G3H3I_000000069672	0.89448464	medium	0.8347	high	unclassified		0.0	low	0.0	low
vRhyme_unbinned_25__MGr3G3H3I_000000077196_1	vRhyme_unbinned_25__MGr3G3H3I_000000077196	vRhyme_unbinned_25__MGr3G3H3I_000000077196	0.951283	high	1.0	very high	unclassified	integrase	0.0	low	0.0	low
vRhyme_unbinned_25__MGr3G3H3I_000000077196_2	vRhyme_unbinned_25__MGr3G3H3I_000000077196	vRhyme_unbinned_25__MGr3G3H3I_000000077196	0.96997553	high	1.0	very high	unclassified		0.0	low	0.0	low
vRhyme_unbinned_25__MGr3G3H3I_000000077196_3	vRhyme_unbinned_25__MGr3G3H3I_000000077196	vRhyme_unbinned_25__MGr3G3H3I_000000077196	0.9828317	high	1.0	very high	unclassified		0.0	low	0.0	low
vRhyme_unbinned_25__MGr3G3H3I_000000077196_4	vRhyme_unbinned_25__MGr3G3H3I_000000077196	vRhyme_unbinned_25__MGr3G3H3I_000000077196	0.98133534	high	1.0	very high	unclassified		0.0	low	0.0	low
vRhyme_unbinned_25__MGr3G3H3I_000000077196_5	vRhyme_unbinned_25__MGr3G3H3I_000000077196	vRhyme_unbinned_25__MGr3G3H3I_000000077196	0.97862124	high	1.0	very high	unclassified		0.0	low	0.0	low
vRhyme_unbinned_25__MGr3G3H3I_000000077196_6	vRhyme_unbinned_25__MGr3G3H3I_000000077196	vRhyme_unbinned_25__MGr3G3H3I_000000077196	0.9811393	high	0.9511	high	unclassified		0.0	low	0.0	low
vRhyme_unbinned_25__MGr3G3H3I_000000077196_7	vRhyme_unbinned_25__MGr3G3H3I_000000077196	vRhyme_unbinned_25__MGr3G3H3I_000000077196	0.9853139	high	1.0	very high	unclassified		0.0	low	0.0	low
vRhyme_unbinned_25__MGr3G3H3I_000000077196_8	vRhyme_unbinned_25__MGr3G3H3I_000000077196	vRhyme_unbinned_25__MGr3G3H3I_000000077196	0.9689915	high	1.0	very high	unclassified		0.0	low	0.0	low
vRhyme_unbinned_25__MGr3G3H3I_000000077196_9	vRhyme_unbinned_25__MGr3G3H3I_000000077196	vRhyme_unbinned_25__MGr3G3H3I_000000077196	0.9874801	high	0.9593	high	unclassified		0.0	low	0.0	low
vRhyme_unbinned_25__MGr3G3H3I_000000077196_10	vRhyme_unbinned_25__MGr3G3H3I_000000077196	vRhyme_unbinned_25__MGr3G3H3I_000000077196	0.9909859	high	1.0	very high	unclassified		0.0	low	0.0	low
vRhyme_unbinned_25__MGr3G3H3I_000000077196_11	vRhyme_unbinned_25__MGr3G3H3I_000000077196	vRhyme_unbinned_25__MGr3G3H3I_000000077196	0.990194	high	1.0	very high	unclassified		0.0	low	0.0	low
vRhyme_unbinned_25__MGr3G3H3I_000000077196_12	vRhyme_unbinned_25__MGr3G3H3I_000000077196	vRhyme_unbinned_25__MGr3G3H3I_000000077196	0.98980564	high	1.0	very high	unclassified		0.0	low	0.0	low
vRhyme_unbinned_25__MGr3G3H3I_000000077196_13	vRhyme_unbinned_25__MGr3G3H3I_000000077196	vRhyme_unbinned_25__MGr3G3H3I_000000077196	0.98921055	high	1.0	very high	unclassified		0.0	low	0.0	low
vRhyme_unbinned_25__MGr3G3H3I_000000077196_14	vRhyme_unbinned_25__MGr3G3H3I_000000077196	vRhyme_unbinned_25__MGr3G3H3I_000000077196	0.98132306	high	0.955	high	unclassified	""	0.0	low	0.0	low
vRhyme_unbinned_25__MGr3G3H3I_000000077196_15	vRhyme_unbinned_25__MGr3G3H3I_000000077196	vRhyme_unbinned_25__MGr3G3H3I_000000077196	0.9946928	high	1.0	very high	unclassified	DNA primase	0.0	low	0.0	low
vRhyme_unbinned_25__MGr3G3H3I_000000077196_16	vRhyme_unbinned_25__MGr3G3H3I_000000077196	vRhyme_unbinned_25__MGr3G3H3I_000000077196	0.995353	high	1.0	very high	unclassified		0.0	low	0.0	low
vRhyme_unbinned_25__MGr3G3H3I_000000077196_17	vRhyme_unbinned_25__MGr3G3H3I_000000077196	vRhyme_unbinned_25__MGr3G3H3I_000000077196	0.99482924	high	1.0	very high	unclassified		0.0	low	0.0	low
vRhyme_unbinned_25__MGr3G3H3I_000000077196_18	vRhyme_unbinned_25__MGr3G3H3I_000000077196	vRhyme_unbinned_25__MGr3G3H3I_000000077196	0.97405285	high	0.9519	high	unclassified	DNA invertase	0.0	low	0.0	low
vRhyme_unbinned_25__MGr3G3H3I_000000077196_19	vRhyme_unbinned_25__MGr3G3H3I_000000077196	vRhyme_unbinned_25__MGr3G3H3I_000000077196	0.9503798	high	1.0	very high	unclassified	integrase	0.0	low	0.0	low
vRhyme_unbinned_25__MGr3G3H3I_000000077196_20	vRhyme_unbinned_25__MGr3G3H3I_000000077196	vRhyme_unbinned_25__MGr3G3H3I_000000077196	0.9810631	high	1.0	very high	unclassified		0.0	low	0.0	low
vRhyme_unbinned_25__MGr3G3H3I_000000077196_21	vRhyme_unbinned_25__MGr3G3H3I_000000077196	vRhyme_unbinned_25__MGr3G3H3I_000000077196	0.97474617	high	1.0	very high	unclassified		0.0	low	0.0	low
vRhyme_unbinned_25__MGr3G3H3I_000000077196_22	vRhyme_unbinned_25__MGr3G3H3I_000000077196	vRhyme_unbinned_25__MGr3G3H3I_000000077196	0.97510034	high	1.0	very high	unclassified		0.0	low	0.0	low
vRhyme_unbinned_25__MGr3G3H3I_000000077196_23	vRhyme_unbinned_25__MGr3G3H3I_000000077196	vRhyme_unbinned_25__MGr3G3H3I_000000077196	0.9776764	high	1.0	very high	unclassified		0.0	low	0.0	low
vRhyme_unbinned_25__MGr3G3H3I_000000077196_24	vRhyme_unbinned_25__MGr3G3H3I_000000077196	vRhyme_unbinned_25__MGr3G3H3I_000000077196	0.9785299	high	1.0	very high	unclassified		0.0	low	0.0	low
vRhyme_unbinned_25__MGr3G3H3I_000000077196_25	vRhyme_unbinned_25__MGr3G3H3I_000000077196	vRhyme_unbinned_25__MGr3G3H3I_000000077196	0.9790838	high	1.0	very high	unclassified		0.0	low	0.0	low
vRhyme_unbinned_25__MGr3G3H3I_000000077196_26	vRhyme_unbinned_25__MGr3G3H3I_000000077196	vRhyme_unbinned_25__MGr3G3H3I_000000077196	0.9793156	high	1.0	very high	unclassified		0.0	low	0.0	low
vRhyme_unbinned_25__MGr3G3H3I_000000077196_27	vRhyme_unbinned_25__MGr3G3H3I_000000077196	vRhyme_unbinned_25__MGr3G3H3I_000000077196	0.9805158	high	1.0	very high	unclassified		0.0	low	0.0	low
vRhyme_unbinned_25__MGr3G3H3I_000000077196_28	vRhyme_unbinned_25__MGr3G3H3I_000000077196	vRhyme_unbinned_25__MGr3G3H3I_000000077196	0.98038733	high	1.0	very high	unclassified		0.0	low	0.0	low
vRhyme_unbinned_26__MGr3G3H3I_000000077400_1	vRhyme_unbinned_26__MGr3G3H3I_000000077400	vRhyme_unbinned_26__MGr3G3H3I_000000077400	0.046200167	low	1.0	very high	unclassified		0.0	low	0.0	low
vRhyme_unbinned_26__MGr3G3H3I_000000077400_2	vRhyme_unbinned_26__MGr3G3H3I_000000077400	vRhyme_unbinned_26__MGr3G3H3I_000000077400	0.048385024	low	1.0	very high	unclassified		0.0	low	0.0	low
vRhyme_unbinned_26__MGr3G3H3I_000000077400_3	vRhyme_unbinned_26__MGr3G3H3I_000000077400	vRhyme_unbinned_26__MGr3G3H3I_000000077400	0.049857754	low	0.9354	high	unclassified		0.0	low	0.0	low
vRhyme_unbinned_26__MGr3G3H3I_000000077400_4	vRhyme_unbinned_26__MGr3G3H3I_000000077400	vRhyme_unbinned_26__MGr3G3H3I_000000077400	0.05457787	low	0.9089	high	unclassified		0.0	low	0.0	low
vRhyme_unbinned_26__MGr3G3H3I_000000077400_5	vRhyme_unbinned_26__MGr3G3H3I_000000077400	vRhyme_unbinned_26__MGr3G3H3I_000000077400	0.025800057	low	0.9132	high	unclassified		0.0	low	0.0	low
vRhyme_unbinned_26__MGr3G3H3I_000000077400_6	vRhyme_unbinned_26__MGr3G3H3I_000000077400	vRhyme_unbinned_26__MGr3G3H3I_000000077400	0.057911597	low	0.9487	high	unclassified		0.0	low	0.0	low
vRhyme_unbinned_26__MGr3G3H3I_000000077400_7	vRhyme_unbinned_26__MGr3G3H3I_000000077400	vRhyme_unbinned_26__MGr3G3H3I_000000077400	0.084633075	low	0.8537	high	unclassified	W; Bacteriophage baseplate protein W	0.0	low	0.0	low
vRhyme_unbinned_26__MGr3G3H3I_000000077400_8	vRhyme_unbinned_26__MGr3G3H3I_000000077400	vRhyme_unbinned_26__MGr3G3H3I_000000077400	0.050395854	low	0.1703	medium	unclassified		0.0	low	0.0	low
vRhyme_unbinned_26__MGr3G3H3I_000000077400_9	vRhyme_unbinned_26__MGr3G3H3I_000000077400	vRhyme_unbinned_26__MGr3G3H3I_000000077400	0.060229708	low	0.5021	high	unclassified		0.0	low	0.0	low
vRhyme_unbinned_26__MGr3G3H3I_000000077400_10	vRhyme_unbinned_26__MGr3G3H3I_000000077400	vRhyme_unbinned_26__MGr3G3H3I_000000077400	0.07456271	low	0.8309	high	unclassified		0.0	low	0.0	low
vRhyme_unbinned_26__MGr3G3H3I_000000077400_11	vRhyme_unbinned_26__MGr3G3H3I_000000077400	vRhyme_unbinned_26__MGr3G3H3I_000000077400	0.022796288	low	0.7641	high	unclassified	Family of unknown function (DUF6519)	0.0	low	0.0	low
vRhyme_unbinned_27__MGr3G3H3I_000000077811_1	vRhyme_unbinned_27__MGr3G3H3I_000000077811	vRhyme_unbinned_27__MGr3G3H3I_000000077811	0.463426	low	1.0	very high	unclassified		0.0	low	0.0	low
vRhyme_unbinned_27__MGr3G3H3I_000000077811_2	vRhyme_unbinned_27__MGr3G3H3I_000000077811	vRhyme_unbinned_27__MGr3G3H3I_000000077811	0.463426	low	1.0	very high	unclassified	""	0.0	low	0.0	low
vRhyme_unbinned_27__MGr3G3H3I_000000077811_3	vRhyme_unbinned_27__MGr3G3H3I_000000077811	vRhyme_unbinned_27__MGr3G3H3I_000000077811	0.40519387	low	0.9033	high	unclassified	""	0.0	low	0.0	low
vRhyme_unbinned_27__MGr3G3H3I_000000077811_4	vRhyme_unbinned_27__MGr3G3H3I_000000077811	vRhyme_unbinned_27__MGr3G3H3I_000000077811	0.0916569	low	1.0	very high	unclassified		0.0	low	0.0	low
vRhyme_unbinned_27__MGr3G3H3I_000000077811_5	vRhyme_unbinned_27__MGr3G3H3I_000000077811	vRhyme_unbinned_27__MGr3G3H3I_000000077811	0.26440245	low	1.0	very high	unclassified		0.0	low	0.0	low
vRhyme_unbinned_27__MGr3G3H3I_000000077811_6	vRhyme_unbinned_27__MGr3G3H3I_000000077811	vRhyme_unbinned_27__MGr3G3H3I_000000077811	0.063498646	low	1.0	very high	unclassified	Immunity protein Imm1	0.0	low	0.0	low
vRhyme_unbinned_27__MGr3G3H3I_000000077811_7	vRhyme_unbinned_27__MGr3G3H3I_000000077811	vRhyme_unbinned_27__MGr3G3H3I_000000077811	0.10102586	low	1.0	very high	unclassified		0.0	low	0.0	low
vRhyme_unbinned_27__MGr3G3H3I_000000077811_8	vRhyme_unbinned_27__MGr3G3H3I_000000077811	vRhyme_unbinned_27__MGr3G3H3I_000000077811	0.46244702	low	1.0	very high	unclassified		0.0	low	0.0	low
vRhyme_unbinned_27__MGr3G3H3I_000000077811_9	vRhyme_unbinned_27__MGr3G3H3I_000000077811	vRhyme_unbinned_27__MGr3G3H3I_000000077811	0.6188986	medium	1.0	very high	unclassified		0.0	low	0.0	low
vRhyme_unbinned_27__MGr3G3H3I_000000077811_10	vRhyme_unbinned_27__MGr3G3H3I_000000077811	vRhyme_unbinned_27__MGr3G3H3I_000000077811	0.32241148	low	1.0	very high	unclassified		0.0	low	0.0	low
vRhyme_unbinned_27__MGr3G3H3I_000000077811_11	vRhyme_unbinned_27__MGr3G3H3I_000000077811	vRhyme_unbinned_27__MGr3G3H3I_000000077811	0.65054816	medium	1.0	very high	unclassified		0.0	low	0.0	low
vRhyme_unbinned_27__MGr3G3H3I_000000077811_12	vRhyme_unbinned_27__MGr3G3H3I_000000077811	vRhyme_unbinned_27__MGr3G3H3I_000000077811	0.14976639	low	1.0	very high	unclassified		0.0	low	0.0	low
vRhyme_unbinned_27__MGr3G3H3I_000000077811_13	vRhyme_unbinned_27__MGr3G3H3I_000000077811	vRhyme_unbinned_27__MGr3G3H3I_000000077811	0.12908643	low	0.9391	high	unclassified	T6SS, Phospholipase effector Tle1-like, catalytic domain	0.0	low	0.0	low
vRhyme_unbinned_27__MGr3G3H3I_000000077811_14	vRhyme_unbinned_27__MGr3G3H3I_000000077811	vRhyme_unbinned_27__MGr3G3H3I_000000077811	0.7172686	medium	1.0	very high	unclassified		0.0	low	0.0	low
vRhyme_unbinned_27__MGr3G3H3I_000000077811_15	vRhyme_unbinned_27__MGr3G3H3I_000000077811	vRhyme_unbinned_27__MGr3G3H3I_000000077811	0.5997307	medium	1.0	very high	unclassified		0.0	low	0.0	low
vRhyme_unbinned_27__MGr3G3H3I_000000077811_16	vRhyme_unbinned_27__MGr3G3H3I_000000077811	vRhyme_unbinned_27__MGr3G3H3I_000000077811	0.32958266	low	1.0	very high	unclassified	Domain of unknown function (DUF4262)	0.0	low	0.0	low
vRhyme_unbinned_27__MGr3G3H3I_000000077811_17	vRhyme_unbinned_27__MGr3G3H3I_000000077811	vRhyme_unbinned_27__MGr3G3H3I_000000077811	0.5840627	medium	1.0	very high	unclassified	acetyltransferase	0.0	low	0.0	low
vRhyme_unbinned_27__MGr3G3H3I_000000077811_18	vRhyme_unbinned_27__MGr3G3H3I_000000077811	vRhyme_unbinned_27__MGr3G3H3I_000000077811	0.22587864	low	1.0	very high	physiological	Antitoxin TacA 1-like	0.9477	high	0.9477	very high
vRhyme_unbinned_27__MGr3G3H3I_000000077811_19	vRhyme_unbinned_27__MGr3G3H3I_000000077811	vRhyme_unbinned_27__MGr3G3H3I_000000077811	0.47539815	low	1.0	very high	unclassified		0.0	low	0.0	low
vRhyme_unbinned_27__MGr3G3H3I_000000077811_20	vRhyme_unbinned_27__MGr3G3H3I_000000077811	vRhyme_unbinned_27__MGr3G3H3I_000000077811	0.49928397	low	1.0	very high	unclassified		0.0	low	0.0	low
vRhyme_unbinned_27__MGr3G3H3I_000000077811_21	vRhyme_unbinned_27__MGr3G3H3I_000000077811	vRhyme_unbinned_27__MGr3G3H3I_000000077811	0.38797334	low	0.9303	high	unclassified		0.0	low	0.0	low
vRhyme_unbinned_27__MGr3G3H3I_000000077811_22	vRhyme_unbinned_27__MGr3G3H3I_000000077811	vRhyme_unbinned_27__MGr3G3H3I_000000077811	0.53213316	low	1.0	very high	unclassified		0.0	low	0.0	low
vRhyme_unbinned_27__MGr3G3H3I_000000077811_23	vRhyme_unbinned_27__MGr3G3H3I_000000077811	vRhyme_unbinned_27__MGr3G3H3I_000000077811	0.28849682	low	1.0	very high	unclassified		0.0	low	0.0	low
vRhyme_unbinned_28__MGr3G3H3I_000000090299_1	vRhyme_unbinned_28__MGr3G3H3I_000000090299	vRhyme_unbinned_28__MGr3G3H3I_000000090299	0.98132414	high	1.0	very high	unclassified		0.0	low	0.0	low
vRhyme_unbinned_28__MGr3G3H3I_000000090299_2	vRhyme_unbinned_28__MGr3G3H3I_000000090299	vRhyme_unbinned_28__MGr3G3H3I_000000090299	0.9806147	high	1.0	very high	unclassified	tail protein	0.0	low	0.0	low
vRhyme_unbinned_28__MGr3G3H3I_000000090299_3	vRhyme_unbinned_28__MGr3G3H3I_000000090299	vRhyme_unbinned_28__MGr3G3H3I_000000090299	0.98639095	high	1.0	very high	unclassified	glycoside hydrolase	0.0	low	0.0	low
vRhyme_unbinned_28__MGr3G3H3I_000000090299_4	vRhyme_unbinned_28__MGr3G3H3I_000000090299	vRhyme_unbinned_28__MGr3G3H3I_000000090299	0.9959677	high	1.0	very high	unclassified	tail assembly protein	0.0	low	0.0	low
vRhyme_unbinned_28__MGr3G3H3I_000000090299_5	vRhyme_unbinned_28__MGr3G3H3I_000000090299	vRhyme_unbinned_28__MGr3G3H3I_000000090299	0.9915333	high	1.0	very high	unclassified		0.0	low	0.0	low
vRhyme_unbinned_28__MGr3G3H3I_000000090299_6	vRhyme_unbinned_28__MGr3G3H3I_000000090299	vRhyme_unbinned_28__MGr3G3H3I_000000090299	0.99505	high	1.0	very high	unclassified	tail protein	0.0	low	0.0	low
vRhyme_unbinned_28__MGr3G3H3I_000000090299_7	vRhyme_unbinned_28__MGr3G3H3I_000000090299	vRhyme_unbinned_28__MGr3G3H3I_000000090299	0.98481476	high	1.0	very high	unclassified		0.0	low	0.0	low
vRhyme_unbinned_28__MGr3G3H3I_000000090299_8	vRhyme_unbinned_28__MGr3G3H3I_000000090299	vRhyme_unbinned_28__MGr3G3H3I_000000090299	0.78589755	medium	1.0	very high	unclassified		0.0	low	0.0	low
vRhyme_unbinned_28__MGr3G3H3I_000000090299_9	vRhyme_unbinned_28__MGr3G3H3I_000000090299	vRhyme_unbinned_28__MGr3G3H3I_000000090299	0.6232659	medium	1.0	very high	unclassified		0.0	low	0.0	low
vRhyme_unbinned_28__MGr3G3H3I_000000090299_10	vRhyme_unbinned_28__MGr3G3H3I_000000090299	vRhyme_unbinned_28__MGr3G3H3I_000000090299	0.80852926	medium	1.0	very high	unclassified	endolysin	0.0	low	0.0	low
vRhyme_unbinned_28__MGr3G3H3I_000000090299_11	vRhyme_unbinned_28__MGr3G3H3I_000000090299	vRhyme_unbinned_28__MGr3G3H3I_000000090299	0.6992969	medium	1.0	very high	unclassified		0.0	low	0.0	low
vRhyme_unbinned_28__MGr3G3H3I_000000090299_12	vRhyme_unbinned_28__MGr3G3H3I_000000090299	vRhyme_unbinned_28__MGr3G3H3I_000000090299	0.6850381	medium	1.0	very high	unclassified		0.0	low	0.0	low
vRhyme_unbinned_28__MGr3G3H3I_000000090299_13	vRhyme_unbinned_28__MGr3G3H3I_000000090299	vRhyme_unbinned_28__MGr3G3H3I_000000090299	0.6550058	medium	1.0	very high	unclassified		0.0	low	0.0	low
vRhyme_unbinned_28__MGr3G3H3I_000000090299_14	vRhyme_unbinned_28__MGr3G3H3I_000000090299	vRhyme_unbinned_28__MGr3G3H3I_000000090299	0.6234948	medium	1.0	very high	unclassified		0.0	low	0.0	low
vRhyme_unbinned_28__MGr3G3H3I_000000090299_15	vRhyme_unbinned_28__MGr3G3H3I_000000090299	vRhyme_unbinned_28__MGr3G3H3I_000000090299	0.58801234	medium	1.0	very high	unclassified	""	0.0	low	0.0	low
vRhyme_unbinned_28__MGr3G3H3I_000000090299_16	vRhyme_unbinned_28__MGr3G3H3I_000000090299	vRhyme_unbinned_28__MGr3G3H3I_000000090299	0.72784656	medium	1.0	very high	unclassified		0.0	low	0.0	low
vRhyme_unbinned_28__MGr3G3H3I_000000090299_17	vRhyme_unbinned_28__MGr3G3H3I_000000090299	vRhyme_unbinned_28__MGr3G3H3I_000000090299	0.79627466	medium	1.0	very high	unclassified		0.0	low	0.0	low
vRhyme_unbinned_28__MGr3G3H3I_000000090299_18	vRhyme_unbinned_28__MGr3G3H3I_000000090299	vRhyme_unbinned_28__MGr3G3H3I_000000090299	0.29085818	low	1.0	very high	metabolic	ptsN; nitrogen PTS system EIIA component [EC:2.7.1.-]	1.0	very high	1.0	very high
vRhyme_unbinned_29__MGr3G3H3I_000000101571_1	vRhyme_unbinned_29__MGr3G3H3I_000000101571	vRhyme_unbinned_29__MGr3G3H3I_000000101571	0.68135566	medium	0.8081	high	unclassified	DyP dimeric alpha+beta barrel domain	0.0	low	0.0	low
vRhyme_unbinned_29__MGr3G3H3I_000000101571_2	vRhyme_unbinned_29__MGr3G3H3I_000000101571	vRhyme_unbinned_29__MGr3G3H3I_000000101571	0.6724998	medium	0.8145	high	unclassified	peptidase	0.0	low	0.0	low
vRhyme_unbinned_29__MGr3G3H3I_000000101571_3	vRhyme_unbinned_29__MGr3G3H3I_000000101571	vRhyme_unbinned_29__MGr3G3H3I_000000101571	0.36635077	low	0.8847	high	unclassified		0.0	low	0.0	low
vRhyme_unbinned_29__MGr3G3H3I_000000101571_4	vRhyme_unbinned_29__MGr3G3H3I_000000101571	vRhyme_unbinned_29__MGr3G3H3I_000000101571	0.11553083	low	0.0514	low	regulatory	rfaH; transcriptional antiterminator RfaH	1.0	very high	0.0514	low
vRhyme_unbinned_29__MGr3G3H3I_000000101571_5	vRhyme_unbinned_29__MGr3G3H3I_000000101571	vRhyme_unbinned_29__MGr3G3H3I_000000101571	0.027589858	low	0.2647	medium	unclassified	UXS1, uxs; UDP-glucuronate decarboxylase [EC:4.1.1.35]	0.0	low	0.0	low
vRhyme_unbinned_29__MGr3G3H3I_000000101571_6	vRhyme_unbinned_29__MGr3G3H3I_000000101571	vRhyme_unbinned_29__MGr3G3H3I_000000101571	0.21156184	low	0.0	low	unclassified	E6.3.5.1, NADSYN1, QNS1, nadE; NAD+ synthase (glutamine-hydrolysing) [EC:6.3.5.1]	0.0471	low	0.0	low
vRhyme_unbinned_29__MGr3G3H3I_000000101571_7	vRhyme_unbinned_29__MGr3G3H3I_000000101571	vRhyme_unbinned_29__MGr3G3H3I_000000101571	0.21819957	low	0.0	low	unclassified	nodU; carbamoyltransferase [EC:2.1.3.-]	0.0	low	0.0	low
vRhyme_unbinned_29__MGr3G3H3I_000000101571_8	vRhyme_unbinned_29__MGr3G3H3I_000000101571	vRhyme_unbinned_29__MGr3G3H3I_000000101571	0.20739365	low	0.0	low	unclassified	K07063; uncharacterized protein	0.0	low	0.0	low
vRhyme_unbinned_29__MGr3G3H3I_000000101571_9	vRhyme_unbinned_29__MGr3G3H3I_000000101571	vRhyme_unbinned_29__MGr3G3H3I_000000101571	0.5655554	low	0.0	low	unclassified		0.0	low	0.0	low
vRhyme_unbinned_2__MGr3G3H3I_000000004931_1	vRhyme_unbinned_2__MGr3G3H3I_000000004931	vRhyme_unbinned_2__MGr3G3H3I_000000004931	0.97297835	high	1.0	very high	unclassified		0.0	low	0.0	low
vRhyme_unbinned_2__MGr3G3H3I_000000004931_2	vRhyme_unbinned_2__MGr3G3H3I_000000004931	vRhyme_unbinned_2__MGr3G3H3I_000000004931	0.9764045	high	1.0	very high	unclassified		0.0	low	0.0	low
vRhyme_unbinned_2__MGr3G3H3I_000000004931_3	vRhyme_unbinned_2__MGr3G3H3I_000000004931	vRhyme_unbinned_2__MGr3G3H3I_000000004931	0.9737876	high	1.0	very high	unclassified		0.0	low	0.0	low
vRhyme_unbinned_2__MGr3G3H3I_000000004931_4	vRhyme_unbinned_2__MGr3G3H3I_000000004931	vRhyme_unbinned_2__MGr3G3H3I_000000004931	0.9770301	high	0.9531	high	unclassified		0.0	low	0.0	low
vRhyme_unbinned_2__MGr3G3H3I_000000004931_5	vRhyme_unbinned_2__MGr3G3H3I_000000004931	vRhyme_unbinned_2__MGr3G3H3I_000000004931	0.96871966	high	1.0	very high	unclassified		0.0	low	0.0	low
vRhyme_unbinned_2__MGr3G3H3I_000000004931_6	vRhyme_unbinned_2__MGr3G3H3I_000000004931	vRhyme_unbinned_2__MGr3G3H3I_000000004931	0.9709427	high	1.0	very high	unclassified		0.0	low	0.0	low
vRhyme_unbinned_2__MGr3G3H3I_000000004931_7	vRhyme_unbinned_2__MGr3G3H3I_000000004931	vRhyme_unbinned_2__MGr3G3H3I_000000004931	0.9740502	high	1.0	very high	unclassified		0.0	low	0.0	low
vRhyme_unbinned_2__MGr3G3H3I_000000004931_8	vRhyme_unbinned_2__MGr3G3H3I_000000004931	vRhyme_unbinned_2__MGr3G3H3I_000000004931	0.9547459	high	1.0	very high	unclassified	""	0.0	low	0.0	low
vRhyme_unbinned_2__MGr3G3H3I_000000004931_9	vRhyme_unbinned_2__MGr3G3H3I_000000004931	vRhyme_unbinned_2__MGr3G3H3I_000000004931	0.95559794	high	1.0	very high	unclassified		0.0	low	0.0	low
vRhyme_unbinned_2__MGr3G3H3I_000000004931_10	vRhyme_unbinned_2__MGr3G3H3I_000000004931	vRhyme_unbinned_2__MGr3G3H3I_000000004931	0.87986887	medium	1.0	very high	unclassified	""	0.0	low	0.0	low
vRhyme_unbinned_2__MGr3G3H3I_000000004931_11	vRhyme_unbinned_2__MGr3G3H3I_000000004931	vRhyme_unbinned_2__MGr3G3H3I_000000004931	0.89526105	medium	1.0	very high	unclassified		0.0	low	0.0	low
vRhyme_unbinned_2__MGr3G3H3I_000000004931_12	vRhyme_unbinned_2__MGr3G3H3I_000000004931	vRhyme_unbinned_2__MGr3G3H3I_000000004931	0.90082306	medium	1.0	very high	unclassified		0.0	low	0.0	low
vRhyme_unbinned_2__MGr3G3H3I_000000004931_13	vRhyme_unbinned_2__MGr3G3H3I_000000004931	vRhyme_unbinned_2__MGr3G3H3I_000000004931	0.9079136	medium	1.0	very high	unclassified		0.0	low	0.0	low
vRhyme_unbinned_2__MGr3G3H3I_000000004931_14	vRhyme_unbinned_2__MGr3G3H3I_000000004931	vRhyme_unbinned_2__MGr3G3H3I_000000004931	0.9093726	medium	1.0	very high	unclassified		0.0	low	0.0	low
vRhyme_unbinned_2__MGr3G3H3I_000000004931_15	vRhyme_unbinned_2__MGr3G3H3I_000000004931	vRhyme_unbinned_2__MGr3G3H3I_000000004931	0.9298207	high	1.0	very high	unclassified		0.0	low	0.0	low
vRhyme_unbinned_2__MGr3G3H3I_000000004931_16	vRhyme_unbinned_2__MGr3G3H3I_000000004931	vRhyme_unbinned_2__MGr3G3H3I_000000004931	0.9181076	high	1.0	very high	unclassified		0.0	low	0.0	low
vRhyme_unbinned_2__MGr3G3H3I_000000004931_17	vRhyme_unbinned_2__MGr3G3H3I_000000004931	vRhyme_unbinned_2__MGr3G3H3I_000000004931	0.91952854	high	1.0	very high	unclassified		0.0	low	0.0	low
vRhyme_unbinned_2__MGr3G3H3I_000000004931_18	vRhyme_unbinned_2__MGr3G3H3I_000000004931	vRhyme_unbinned_2__MGr3G3H3I_000000004931	0.90875924	medium	1.0	very high	unclassified		0.0	low	0.0	low
vRhyme_unbinned_2__MGr3G3H3I_000000004931_19	vRhyme_unbinned_2__MGr3G3H3I_000000004931	vRhyme_unbinned_2__MGr3G3H3I_000000004931	0.7566464	medium	1.0	very high	unclassified	yhdJ; adenine-specific DNA-methyltransferase [EC:2.1.1.72]	0.0	low	0.0	low
vRhyme_unbinned_2__MGr3G3H3I_000000004931_20	vRhyme_unbinned_2__MGr3G3H3I_000000004931	vRhyme_unbinned_2__MGr3G3H3I_000000004931	0.7216825	medium	1.0	very high	unclassified		0.0	low	0.0	low
vRhyme_unbinned_2__MGr3G3H3I_000000004931_21	vRhyme_unbinned_2__MGr3G3H3I_000000004931	vRhyme_unbinned_2__MGr3G3H3I_000000004931	0.81161815	medium	1.0	very high	unclassified	K07496; putative transposase	0.0	low	0.0	low
vRhyme_unbinned_2__MGr3G3H3I_000000004931_22	vRhyme_unbinned_2__MGr3G3H3I_000000004931	vRhyme_unbinned_2__MGr3G3H3I_000000004931	0.93851995	high	1.0	very high	unclassified		0.0	low	0.0	low
vRhyme_unbinned_2__MGr3G3H3I_000000004931_23	vRhyme_unbinned_2__MGr3G3H3I_000000004931	vRhyme_unbinned_2__MGr3G3H3I_000000004931	0.94298995	high	1.0	very high	unclassified		0.0	low	0.0	low
vRhyme_unbinned_2__MGr3G3H3I_000000004931_24	vRhyme_unbinned_2__MGr3G3H3I_000000004931	vRhyme_unbinned_2__MGr3G3H3I_000000004931	0.95159256	high	1.0	very high	unclassified		0.0	low	0.0	low
vRhyme_unbinned_2__MGr3G3H3I_000000004931_25	vRhyme_unbinned_2__MGr3G3H3I_000000004931	vRhyme_unbinned_2__MGr3G3H3I_000000004931	0.9121178	medium	1.0	very high	unclassified		0.0	low	0.0	low
vRhyme_unbinned_2__MGr3G3H3I_000000004931_26	vRhyme_unbinned_2__MGr3G3H3I_000000004931	vRhyme_unbinned_2__MGr3G3H3I_000000004931	0.96656793	high	1.0	very high	unclassified		0.402	medium	0.402	high
vRhyme_unbinned_2__MGr3G3H3I_000000004931_27	vRhyme_unbinned_2__MGr3G3H3I_000000004931	vRhyme_unbinned_2__MGr3G3H3I_000000004931	0.94409245	high	1.0	very high	unclassified		0.0	low	0.0	low
vRhyme_unbinned_2__MGr3G3H3I_000000004931_28	vRhyme_unbinned_2__MGr3G3H3I_000000004931	vRhyme_unbinned_2__MGr3G3H3I_000000004931	0.9484962	high	1.0	very high	unclassified		0.0	low	0.0	low
vRhyme_unbinned_2__MGr3G3H3I_000000004931_29	vRhyme_unbinned_2__MGr3G3H3I_000000004931	vRhyme_unbinned_2__MGr3G3H3I_000000004931	0.96189016	high	1.0	very high	unclassified		0.0	low	0.0	low
vRhyme_unbinned_2__MGr3G3H3I_000000004931_30	vRhyme_unbinned_2__MGr3G3H3I_000000004931	vRhyme_unbinned_2__MGr3G3H3I_000000004931	0.96214116	high	1.0	very high	unclassified		0.0	low	0.0	low
vRhyme_unbinned_2__MGr3G3H3I_000000004931_31	vRhyme_unbinned_2__MGr3G3H3I_000000004931	vRhyme_unbinned_2__MGr3G3H3I_000000004931	0.9573512	high	1.0	very high	unclassified		0.0	low	0.0	low
vRhyme_unbinned_30__MGr3G3H3I_000000102693_1	vRhyme_unbinned_30__MGr3G3H3I_000000102693	vRhyme_unbinned_30__MGr3G3H3I_000000102693	0.635094	medium	1.0	very high	unclassified		0.0	low	0.0	low
vRhyme_unbinned_30__MGr3G3H3I_000000102693_2	vRhyme_unbinned_30__MGr3G3H3I_000000102693	vRhyme_unbinned_30__MGr3G3H3I_000000102693	0.62696433	medium	1.0	very high	unclassified		0.0	low	0.0	low
vRhyme_unbinned_30__MGr3G3H3I_000000102693_3	vRhyme_unbinned_30__MGr3G3H3I_000000102693	vRhyme_unbinned_30__MGr3G3H3I_000000102693	0.6143572	medium	1.0	very high	unclassified		0.0	low	0.0	low
vRhyme_unbinned_30__MGr3G3H3I_000000102693_4	vRhyme_unbinned_30__MGr3G3H3I_000000102693	vRhyme_unbinned_30__MGr3G3H3I_000000102693	0.7912001	medium	1.0	very high	unclassified	Transglycosylase SLT domain	0.0	low	0.0	low
vRhyme_unbinned_30__MGr3G3H3I_000000102693_5	vRhyme_unbinned_30__MGr3G3H3I_000000102693	vRhyme_unbinned_30__MGr3G3H3I_000000102693	0.9545313	high	1.0	very high	unclassified		0.0	low	0.0	low
vRhyme_unbinned_30__MGr3G3H3I_000000102693_6	vRhyme_unbinned_30__MGr3G3H3I_000000102693	vRhyme_unbinned_30__MGr3G3H3I_000000102693	0.9593952	high	1.0	very high	unclassified		0.0	low	0.0	low
vRhyme_unbinned_30__MGr3G3H3I_000000102693_7	vRhyme_unbinned_30__MGr3G3H3I_000000102693	vRhyme_unbinned_30__MGr3G3H3I_000000102693	0.9587699	high	1.0	very high	unclassified		0.0	low	0.0	low
vRhyme_unbinned_30__MGr3G3H3I_000000102693_8	vRhyme_unbinned_30__MGr3G3H3I_000000102693	vRhyme_unbinned_30__MGr3G3H3I_000000102693	0.96373856	high	1.0	very high	unclassified		0.0	low	0.0	low
vRhyme_unbinned_30__MGr3G3H3I_000000102693_9	vRhyme_unbinned_30__MGr3G3H3I_000000102693	vRhyme_unbinned_30__MGr3G3H3I_000000102693	0.96979094	high	1.0	very high	unclassified	""	0.0	low	0.0	low
vRhyme_unbinned_30__MGr3G3H3I_000000102693_10	vRhyme_unbinned_30__MGr3G3H3I_000000102693	vRhyme_unbinned_30__MGr3G3H3I_000000102693	0.94068277	high	1.0	very high	unclassified	tail assembly chaperone	0.0	low	0.0	low
vRhyme_unbinned_30__MGr3G3H3I_000000102693_11	vRhyme_unbinned_30__MGr3G3H3I_000000102693	vRhyme_unbinned_30__MGr3G3H3I_000000102693	0.9850839	high	1.0	very high	unclassified		0.0	low	0.0	low
vRhyme_unbinned_30__MGr3G3H3I_000000102693_12	vRhyme_unbinned_30__MGr3G3H3I_000000102693	vRhyme_unbinned_30__MGr3G3H3I_000000102693	0.9968927	high	1.0	very high	unclassified		0.0	low	0.0	low
vRhyme_unbinned_30__MGr3G3H3I_000000102693_13	vRhyme_unbinned_30__MGr3G3H3I_000000102693	vRhyme_unbinned_30__MGr3G3H3I_000000102693	0.99655867	high	1.0	very high	unclassified		0.0	low	0.0	low
vRhyme_unbinned_30__MGr3G3H3I_000000102693_14	vRhyme_unbinned_30__MGr3G3H3I_000000102693	vRhyme_unbinned_30__MGr3G3H3I_000000102693	0.99620545	high	1.0	very high	unclassified		0.0	low	0.0	low
vRhyme_unbinned_30__MGr3G3H3I_000000102693_15	vRhyme_unbinned_30__MGr3G3H3I_000000102693	vRhyme_unbinned_30__MGr3G3H3I_000000102693	0.9948552	high	1.0	very high	unclassified		0.0	low	0.0	low
vRhyme_unbinned_30__MGr3G3H3I_000000102693_16	vRhyme_unbinned_30__MGr3G3H3I_000000102693	vRhyme_unbinned_30__MGr3G3H3I_000000102693	0.99422866	high	1.0	very high	unclassified		0.0	low	0.0	low
vRhyme_unbinned_30__MGr3G3H3I_000000102693_17	vRhyme_unbinned_30__MGr3G3H3I_000000102693	vRhyme_unbinned_30__MGr3G3H3I_000000102693	0.9936005	high	1.0	very high	unclassified		0.0	low	0.0	low
vRhyme_unbinned_30__MGr3G3H3I_000000102693_18	vRhyme_unbinned_30__MGr3G3H3I_000000102693	vRhyme_unbinned_30__MGr3G3H3I_000000102693	0.9919061	high	1.0	very high	unclassified		0.0	low	0.0	low
vRhyme_unbinned_30__MGr3G3H3I_000000102693_19	vRhyme_unbinned_30__MGr3G3H3I_000000102693	vRhyme_unbinned_30__MGr3G3H3I_000000102693	0.9927517	high	1.0	very high	unclassified		0.0	low	0.0	low
vRhyme_unbinned_30__MGr3G3H3I_000000102693_20	vRhyme_unbinned_30__MGr3G3H3I_000000102693	vRhyme_unbinned_30__MGr3G3H3I_000000102693	0.99273914	high	1.0	very high	unclassified		0.0	low	0.0	low
vRhyme_unbinned_30__MGr3G3H3I_000000102693_21	vRhyme_unbinned_30__MGr3G3H3I_000000102693	vRhyme_unbinned_30__MGr3G3H3I_000000102693	0.9925118	high	1.0	very high	unclassified		0.0	low	0.0	low
vRhyme_unbinned_30__MGr3G3H3I_000000102693_22	vRhyme_unbinned_30__MGr3G3H3I_000000102693	vRhyme_unbinned_30__MGr3G3H3I_000000102693	0.992605	high	1.0	very high	unclassified		0.0	low	0.0	low
vRhyme_unbinned_30__MGr3G3H3I_000000102693_23	vRhyme_unbinned_30__MGr3G3H3I_000000102693	vRhyme_unbinned_30__MGr3G3H3I_000000102693	0.9832043	high	1.0	very high	unclassified		0.0	low	0.0	low
vRhyme_unbinned_30__MGr3G3H3I_000000102693_24	vRhyme_unbinned_30__MGr3G3H3I_000000102693	vRhyme_unbinned_30__MGr3G3H3I_000000102693	0.9850325	high	1.0	very high	unclassified		0.0	low	0.0	low
vRhyme_unbinned_30__MGr3G3H3I_000000102693_25	vRhyme_unbinned_30__MGr3G3H3I_000000102693	vRhyme_unbinned_30__MGr3G3H3I_000000102693	0.98509234	high	1.0	very high	unclassified		0.0	low	0.0	low
vRhyme_unbinned_30__MGr3G3H3I_000000102693_26	vRhyme_unbinned_30__MGr3G3H3I_000000102693	vRhyme_unbinned_30__MGr3G3H3I_000000102693	0.98639256	high	1.0	very high	unclassified		0.0	low	0.0	low
vRhyme_unbinned_31__MGr3G3H3I_000000103998_1	vRhyme_unbinned_31__MGr3G3H3I_000000103998	vRhyme_unbinned_31__MGr3G3H3I_000000103998	0.0050535128	low	0.0963	medium	regulatory	evgS, bvgS; two-component system, NarL family, sensor histidine kinase EvgS [EC:2.7.13.3]	0.9583	very high	0.0923	medium
vRhyme_unbinned_31__MGr3G3H3I_000000103998_2	vRhyme_unbinned_31__MGr3G3H3I_000000103998	vRhyme_unbinned_31__MGr3G3H3I_000000103998	0.0041994634	low	0.0	low	unclassified	scpB; segregation and condensation protein B	0.0	low	0.0	low
vRhyme_unbinned_31__MGr3G3H3I_000000103998_3	vRhyme_unbinned_31__MGr3G3H3I_000000103998	vRhyme_unbinned_31__MGr3G3H3I_000000103998	0.08325908	low	0.3015	medium	unclassified	integrase	0.0	low	0.0	low
vRhyme_unbinned_31__MGr3G3H3I_000000103998_4	vRhyme_unbinned_31__MGr3G3H3I_000000103998	vRhyme_unbinned_31__MGr3G3H3I_000000103998	0.06587983	low	0.0498	low	unclassified		0.0	low	0.0	low
vRhyme_unbinned_31__MGr3G3H3I_000000103998_5	vRhyme_unbinned_31__MGr3G3H3I_000000103998	vRhyme_unbinned_31__MGr3G3H3I_000000103998	0.083259635	low	0.0574	medium	unclassified		0.0	low	0.0	low
vRhyme_unbinned_31__MGr3G3H3I_000000103998_6	vRhyme_unbinned_31__MGr3G3H3I_000000103998	vRhyme_unbinned_31__MGr3G3H3I_000000103998	0.08963565	low	0.0	low	unclassified		0.0	low	0.0	low
vRhyme_unbinned_31__MGr3G3H3I_000000103998_7	vRhyme_unbinned_31__MGr3G3H3I_000000103998	vRhyme_unbinned_31__MGr3G3H3I_000000103998	0.27226898	low	0.9574	high	unclassified	""	0.4423	high	0.4235	high
vRhyme_unbinned_31__MGr3G3H3I_000000103998_8	vRhyme_unbinned_31__MGr3G3H3I_000000103998	vRhyme_unbinned_31__MGr3G3H3I_000000103998	0.05204352	low	0.0603	medium	unclassified		0.0	low	0.0	low
vRhyme_unbinned_31__MGr3G3H3I_000000103998_9	vRhyme_unbinned_31__MGr3G3H3I_000000103998	vRhyme_unbinned_31__MGr3G3H3I_000000103998	0.044121575	low	0.5527	high	unclassified		0.0	low	0.0	low
vRhyme_unbinned_31__MGr3G3H3I_000000103998_10	vRhyme_unbinned_31__MGr3G3H3I_000000103998	vRhyme_unbinned_31__MGr3G3H3I_000000103998	0.09278297	low	0.212	medium	unclassified		0.0	low	0.0	low
vRhyme_unbinned_31__MGr3G3H3I_000000103998_11	vRhyme_unbinned_31__MGr3G3H3I_000000103998	vRhyme_unbinned_31__MGr3G3H3I_000000103998	0.07006255	low	0.0925	medium	unclassified		0.0	low	0.0	low
vRhyme_unbinned_31__MGr3G3H3I_000000103998_12	vRhyme_unbinned_31__MGr3G3H3I_000000103998	vRhyme_unbinned_31__MGr3G3H3I_000000103998	0.025961263	low	0.0735	medium	unclassified		0.0	low	0.0	low
vRhyme_unbinned_31__MGr3G3H3I_000000103998_13	vRhyme_unbinned_31__MGr3G3H3I_000000103998	vRhyme_unbinned_31__MGr3G3H3I_000000103998	0.027115239	low	0.0391	low	unclassified		0.0	low	0.0	low
vRhyme_unbinned_31__MGr3G3H3I_000000103998_14	vRhyme_unbinned_31__MGr3G3H3I_000000103998	vRhyme_unbinned_31__MGr3G3H3I_000000103998	0.022964438	low	0.3441	medium	unclassified		0.0	low	0.0	low
vRhyme_unbinned_31__MGr3G3H3I_000000103998_15	vRhyme_unbinned_31__MGr3G3H3I_000000103998	vRhyme_unbinned_31__MGr3G3H3I_000000103998	0.02342153	low	0.1242	medium	unclassified		0.0	low	0.0	low
vRhyme_unbinned_31__MGr3G3H3I_000000103998_16	vRhyme_unbinned_31__MGr3G3H3I_000000103998	vRhyme_unbinned_31__MGr3G3H3I_000000103998	0.02469255	low	0.0356	low	unclassified		0.0	low	0.0	low
vRhyme_unbinned_31__MGr3G3H3I_000000103998_17	vRhyme_unbinned_31__MGr3G3H3I_000000103998	vRhyme_unbinned_31__MGr3G3H3I_000000103998	0.01597434	low	0.0419	low	unclassified		0.0	low	0.0	low
vRhyme_unbinned_31__MGr3G3H3I_000000103998_18	vRhyme_unbinned_31__MGr3G3H3I_000000103998	vRhyme_unbinned_31__MGr3G3H3I_000000103998	0.021547908	low	0.0939	medium	unclassified		0.0614	low	0.0058	low
vRhyme_unbinned_31__MGr3G3H3I_000000103998_19	vRhyme_unbinned_31__MGr3G3H3I_000000103998	vRhyme_unbinned_31__MGr3G3H3I_000000103998	0.022050142	low	0.041	low	unclassified		0.0	low	0.0	low
vRhyme_unbinned_31__MGr3G3H3I_000000103998_20	vRhyme_unbinned_31__MGr3G3H3I_000000103998	vRhyme_unbinned_31__MGr3G3H3I_000000103998	0.026671045	low	0.0387	low	unclassified		0.0	low	0.0	low
vRhyme_unbinned_31__MGr3G3H3I_000000103998_21	vRhyme_unbinned_31__MGr3G3H3I_000000103998	vRhyme_unbinned_31__MGr3G3H3I_000000103998	0.021105804	low	0.0	low	unclassified		0.0	low	0.0	low
vRhyme_unbinned_31__MGr3G3H3I_000000103998_22	vRhyme_unbinned_31__MGr3G3H3I_000000103998	vRhyme_unbinned_31__MGr3G3H3I_000000103998	0.02078935	low	0.0464	low	unclassified		0.0	low	0.0	low
vRhyme_unbinned_31__MGr3G3H3I_000000103998_23	vRhyme_unbinned_31__MGr3G3H3I_000000103998	vRhyme_unbinned_31__MGr3G3H3I_000000103998	0.0033139489	low	0.0	low	metabolic	NADH dehydrogenase ubiquinone Fe-S protein 4	0.8993	high	0.0	low
vRhyme_unbinned_31__MGr3G3H3I_000000103998_24	vRhyme_unbinned_31__MGr3G3H3I_000000103998	vRhyme_unbinned_31__MGr3G3H3I_000000103998	0.00771651	low	0.0	low	unclassified	K09005; uncharacterized protein	0.0	low	0.0	low
vRhyme_unbinned_31__MGr3G3H3I_000000103998_25	vRhyme_unbinned_31__MGr3G3H3I_000000103998	vRhyme_unbinned_31__MGr3G3H3I_000000103998	0.010111082	low	0.046	low	physiological	cspA; cold shock protein	0.5138	high	0.0236	low
vRhyme_unbinned_31__MGr3G3H3I_000000103998_26	vRhyme_unbinned_31__MGr3G3H3I_000000103998	vRhyme_unbinned_31__MGr3G3H3I_000000103998	0.0019414929	low	0.0	low	metabolic	rocD, OAT; ornithine--oxo-acid transaminase [EC:2.6.1.13]	1.0	very high	0.0	low
vRhyme_unbinned_31__MGr3G3H3I_000000103998_27	vRhyme_unbinned_31__MGr3G3H3I_000000103998	vRhyme_unbinned_31__MGr3G3H3I_000000103998	0.0068739858	low	0.0	low	unclassified		0.0	low	0.0	low
vRhyme_unbinned_31__MGr3G3H3I_000000103998_28	vRhyme_unbinned_31__MGr3G3H3I_000000103998	vRhyme_unbinned_31__MGr3G3H3I_000000103998	0.00111868	low	0.0	low	unclassified		0.0	low	0.0	low
vRhyme_unbinned_32__MGr3G3H3I_000000112980_1	vRhyme_unbinned_32__MGr3G3H3I_000000112980	vRhyme_unbinned_32__MGr3G3H3I_000000112980	0.94114834	high	0.175	medium	unclassified		0.0	low	0.0	low
vRhyme_unbinned_32__MGr3G3H3I_000000112980_2	vRhyme_unbinned_32__MGr3G3H3I_000000112980	vRhyme_unbinned_32__MGr3G3H3I_000000112980	0.9602868	high	0.0	low	unclassified		0.0445	low	0.0	low
vRhyme_unbinned_32__MGr3G3H3I_000000112980_3	vRhyme_unbinned_32__MGr3G3H3I_000000112980	vRhyme_unbinned_32__MGr3G3H3I_000000112980	0.9508713	high	0.051	low	unclassified		0.0	low	0.0	low
vRhyme_unbinned_32__MGr3G3H3I_000000112980_4	vRhyme_unbinned_32__MGr3G3H3I_000000112980	vRhyme_unbinned_32__MGr3G3H3I_000000112980	0.8868627	medium	0.0472	low	unclassified	res; type III restriction enzyme [EC:3.1.21.5]	0.0	low	0.0	low
vRhyme_unbinned_32__MGr3G3H3I_000000112980_5	vRhyme_unbinned_32__MGr3G3H3I_000000112980	vRhyme_unbinned_32__MGr3G3H3I_000000112980	0.53308755	low	0.0417	low	unclassified	mod; adenine-specific DNA-methyltransferase [EC:2.1.1.72]	0.0	low	0.0	low
vRhyme_unbinned_32__MGr3G3H3I_000000112980_6	vRhyme_unbinned_32__MGr3G3H3I_000000112980	vRhyme_unbinned_32__MGr3G3H3I_000000112980	0.580376	medium	0.0431	low	unclassified	ybjD; putative ATP-dependent endonuclease of the OLD family	0.2255	medium	0.0097	low
vRhyme_unbinned_32__MGr3G3H3I_000000112980_7	vRhyme_unbinned_32__MGr3G3H3I_000000112980	vRhyme_unbinned_32__MGr3G3H3I_000000112980	0.8747288	medium	0.0	low	unclassified	""	0.0	low	0.0	low
vRhyme_unbinned_32__MGr3G3H3I_000000112980_8	vRhyme_unbinned_32__MGr3G3H3I_000000112980	vRhyme_unbinned_32__MGr3G3H3I_000000112980	0.9600143	high	0.0	low	unclassified		0.0	low	0.0	low
vRhyme_unbinned_32__MGr3G3H3I_000000112980_9	vRhyme_unbinned_32__MGr3G3H3I_000000112980	vRhyme_unbinned_32__MGr3G3H3I_000000112980	0.839145	medium	0.0	low	regulatory	transcriptional regulator	1.0	very high	0.0	low
vRhyme_unbinned_32__MGr3G3H3I_000000112980_10	vRhyme_unbinned_32__MGr3G3H3I_000000112980	vRhyme_unbinned_32__MGr3G3H3I_000000112980	0.8461717	medium	0.0	low	unclassified	Protein of unknown function (Hypoth_ymh)	0.0	low	0.0	low
vRhyme_unbinned_32__MGr3G3H3I_000000112980_11	vRhyme_unbinned_32__MGr3G3H3I_000000112980	vRhyme_unbinned_32__MGr3G3H3I_000000112980	0.7914198	medium	0.0444	low	unclassified	integrase	0.0	low	0.0	low
vRhyme_unbinned_33__MGr3G3H3I_000000117414_1	vRhyme_unbinned_33__MGr3G3H3I_000000117414	vRhyme_unbinned_33__MGr3G3H3I_000000117414	0.41949406	low	0.0491	low	unclassified		0.0	low	0.0	low
vRhyme_unbinned_33__MGr3G3H3I_000000117414_2	vRhyme_unbinned_33__MGr3G3H3I_000000117414	vRhyme_unbinned_33__MGr3G3H3I_000000117414	0.33871955	low	0.0	low	unclassified	integrase	0.0	low	0.0	low
vRhyme_unbinned_33__MGr3G3H3I_000000117414_3	vRhyme_unbinned_33__MGr3G3H3I_000000117414	vRhyme_unbinned_33__MGr3G3H3I_000000117414	0.5446095	low	0.0506	low	unclassified		0.0	low	0.0	low
vRhyme_unbinned_33__MGr3G3H3I_000000117414_4	vRhyme_unbinned_33__MGr3G3H3I_000000117414	vRhyme_unbinned_33__MGr3G3H3I_000000117414	0.6722881	medium	0.0	low	unclassified		0.0	low	0.0	low
vRhyme_unbinned_33__MGr3G3H3I_000000117414_5	vRhyme_unbinned_33__MGr3G3H3I_000000117414	vRhyme_unbinned_33__MGr3G3H3I_000000117414	0.64057255	medium	0.0	low	unclassified		0.0524	low	0.0	low
vRhyme_unbinned_34__MGr3G3H3I_000000119619_1	vRhyme_unbinned_34__MGr3G3H3I_000000119619	vRhyme_unbinned_34__MGr3G3H3I_000000119619	0.9924716	high	1.0	very high	unclassified		0.0	low	0.0	low
vRhyme_unbinned_34__MGr3G3H3I_000000119619_2	vRhyme_unbinned_34__MGr3G3H3I_000000119619	vRhyme_unbinned_34__MGr3G3H3I_000000119619	0.9911337	high	1.0	very high	unclassified		0.0	low	0.0	low
vRhyme_unbinned_34__MGr3G3H3I_000000119619_3	vRhyme_unbinned_34__MGr3G3H3I_000000119619	vRhyme_unbinned_34__MGr3G3H3I_000000119619	0.99104977	high	1.0	very high	unclassified		0.0	low	0.0	low
vRhyme_unbinned_34__MGr3G3H3I_000000119619_4	vRhyme_unbinned_34__MGr3G3H3I_000000119619	vRhyme_unbinned_34__MGr3G3H3I_000000119619	0.9912541	high	1.0	very high	unclassified		0.0	low	0.0	low
vRhyme_unbinned_34__MGr3G3H3I_000000119619_5	vRhyme_unbinned_34__MGr3G3H3I_000000119619	vRhyme_unbinned_34__MGr3G3H3I_000000119619	0.99446386	high	1.0	very high	unclassified	terminase large subunit	0.0	low	0.0	low
vRhyme_unbinned_34__MGr3G3H3I_000000119619_6	vRhyme_unbinned_34__MGr3G3H3I_000000119619	vRhyme_unbinned_34__MGr3G3H3I_000000119619	0.9993319	high	1.0	very high	unclassified		0.0	low	0.0	low
vRhyme_unbinned_34__MGr3G3H3I_000000119619_7	vRhyme_unbinned_34__MGr3G3H3I_000000119619	vRhyme_unbinned_34__MGr3G3H3I_000000119619	0.99950546	high	1.0	very high	unclassified		0.0	low	0.0	low
vRhyme_unbinned_34__MGr3G3H3I_000000119619_8	vRhyme_unbinned_34__MGr3G3H3I_000000119619	vRhyme_unbinned_34__MGr3G3H3I_000000119619	0.9987571	high	1.0	very high	unclassified	head maturation protease	0.0	low	0.0	low
vRhyme_unbinned_34__MGr3G3H3I_000000119619_9	vRhyme_unbinned_34__MGr3G3H3I_000000119619	vRhyme_unbinned_34__MGr3G3H3I_000000119619	0.9913147	high	1.0	very high	unclassified		0.0	low	0.0	low
vRhyme_unbinned_34__MGr3G3H3I_000000119619_10	vRhyme_unbinned_34__MGr3G3H3I_000000119619	vRhyme_unbinned_34__MGr3G3H3I_000000119619	0.9917158	high	1.0	very high	unclassified		0.0	low	0.0	low
vRhyme_unbinned_34__MGr3G3H3I_000000119619_11	vRhyme_unbinned_34__MGr3G3H3I_000000119619	vRhyme_unbinned_34__MGr3G3H3I_000000119619	0.9938134	high	1.0	very high	unclassified		0.0	low	0.0	low
vRhyme_unbinned_34__MGr3G3H3I_000000119619_12	vRhyme_unbinned_34__MGr3G3H3I_000000119619	vRhyme_unbinned_34__MGr3G3H3I_000000119619	0.9958936	high	1.0	very high	unclassified		0.0	low	0.0	low
vRhyme_unbinned_34__MGr3G3H3I_000000119619_13	vRhyme_unbinned_34__MGr3G3H3I_000000119619	vRhyme_unbinned_34__MGr3G3H3I_000000119619	0.9960591	high	1.0	very high	unclassified		0.0	low	0.0	low
vRhyme_unbinned_34__MGr3G3H3I_000000119619_14	vRhyme_unbinned_34__MGr3G3H3I_000000119619	vRhyme_unbinned_34__MGr3G3H3I_000000119619	0.99651	high	1.0	very high	unclassified		0.0	low	0.0	low
vRhyme_unbinned_34__MGr3G3H3I_000000119619_15	vRhyme_unbinned_34__MGr3G3H3I_000000119619	vRhyme_unbinned_34__MGr3G3H3I_000000119619	0.99687755	high	1.0	very high	unclassified		0.0	low	0.0	low
vRhyme_unbinned_34__MGr3G3H3I_000000119619_16	vRhyme_unbinned_34__MGr3G3H3I_000000119619	vRhyme_unbinned_34__MGr3G3H3I_000000119619	0.99690026	high	1.0	very high	unclassified		0.0	low	0.0	low
vRhyme_unbinned_34__MGr3G3H3I_000000119619_17	vRhyme_unbinned_34__MGr3G3H3I_000000119619	vRhyme_unbinned_34__MGr3G3H3I_000000119619	0.99400514	high	1.0	very high	unclassified		0.0	low	0.0	low
vRhyme_unbinned_34__MGr3G3H3I_000000119619_18	vRhyme_unbinned_34__MGr3G3H3I_000000119619	vRhyme_unbinned_34__MGr3G3H3I_000000119619	0.99400514	high	1.0	very high	unclassified		0.0	low	0.0	low
vRhyme_unbinned_34__MGr3G3H3I_000000119619_19	vRhyme_unbinned_34__MGr3G3H3I_000000119619	vRhyme_unbinned_34__MGr3G3H3I_000000119619	0.9954446	high	1.0	very high	unclassified		0.0	low	0.0	low
vRhyme_unbinned_34__MGr3G3H3I_000000119619_20	vRhyme_unbinned_34__MGr3G3H3I_000000119619	vRhyme_unbinned_34__MGr3G3H3I_000000119619	0.9955259	high	1.0	very high	unclassified		0.0	low	0.0	low
vRhyme_unbinned_34__MGr3G3H3I_000000119619_21	vRhyme_unbinned_34__MGr3G3H3I_000000119619	vRhyme_unbinned_34__MGr3G3H3I_000000119619	0.99566907	high	1.0	very high	unclassified		0.0	low	0.0	low
vRhyme_unbinned_34__MGr3G3H3I_000000119619_22	vRhyme_unbinned_34__MGr3G3H3I_000000119619	vRhyme_unbinned_34__MGr3G3H3I_000000119619	0.9957612	high	1.0	very high	unclassified		0.0	low	0.0	low
vRhyme_unbinned_35__MGr3G3H3I_000000124827_1	vRhyme_unbinned_35__MGr3G3H3I_000000124827	vRhyme_unbinned_35__MGr3G3H3I_000000124827	0.9835248	high	0.2163	medium	unclassified		0.0	low	0.0	low
vRhyme_unbinned_35__MGr3G3H3I_000000124827_2	vRhyme_unbinned_35__MGr3G3H3I_000000124827	vRhyme_unbinned_35__MGr3G3H3I_000000124827	0.9835248	high	0.4052	high	unclassified		0.0	low	0.0	low
vRhyme_unbinned_35__MGr3G3H3I_000000124827_3	vRhyme_unbinned_35__MGr3G3H3I_000000124827	vRhyme_unbinned_35__MGr3G3H3I_000000124827	0.9827467	high	0.5088	high	unclassified		0.0	low	0.0	low
vRhyme_unbinned_35__MGr3G3H3I_000000124827_4	vRhyme_unbinned_35__MGr3G3H3I_000000124827	vRhyme_unbinned_35__MGr3G3H3I_000000124827	0.9594222	high	0.3479	medium	unclassified		0.0	low	0.0	low
vRhyme_unbinned_35__MGr3G3H3I_000000124827_5	vRhyme_unbinned_35__MGr3G3H3I_000000124827	vRhyme_unbinned_35__MGr3G3H3I_000000124827	0.9594222	high	0.3794	medium	unclassified		0.0	low	0.0	low
vRhyme_unbinned_35__MGr3G3H3I_000000124827_6	vRhyme_unbinned_35__MGr3G3H3I_000000124827	vRhyme_unbinned_35__MGr3G3H3I_000000124827	0.9553971	high	0.5648	high	unclassified		0.0	low	0.0	low
vRhyme_unbinned_35__MGr3G3H3I_000000124827_7	vRhyme_unbinned_35__MGr3G3H3I_000000124827	vRhyme_unbinned_35__MGr3G3H3I_000000124827	0.95674115	high	0.2732	medium	unclassified		0.0	low	0.0	low
vRhyme_unbinned_35__MGr3G3H3I_000000124827_8	vRhyme_unbinned_35__MGr3G3H3I_000000124827	vRhyme_unbinned_35__MGr3G3H3I_000000124827	0.9529527	high	0.486	high	unclassified		0.0	low	0.0	low
vRhyme_unbinned_35__MGr3G3H3I_000000124827_9	vRhyme_unbinned_35__MGr3G3H3I_000000124827	vRhyme_unbinned_35__MGr3G3H3I_000000124827	0.94690716	high	0.6314	high	unclassified		0.0	low	0.0	low
vRhyme_unbinned_35__MGr3G3H3I_000000124827_10	vRhyme_unbinned_35__MGr3G3H3I_000000124827	vRhyme_unbinned_35__MGr3G3H3I_000000124827	0.93743205	high	0.5293	high	unclassified		0.0	low	0.0	low
vRhyme_unbinned_35__MGr3G3H3I_000000124827_11	vRhyme_unbinned_35__MGr3G3H3I_000000124827	vRhyme_unbinned_35__MGr3G3H3I_000000124827	0.93683314	high	0.2758	medium	unclassified		0.0	low	0.0	low
vRhyme_unbinned_35__MGr3G3H3I_000000124827_12	vRhyme_unbinned_35__MGr3G3H3I_000000124827	vRhyme_unbinned_35__MGr3G3H3I_000000124827	0.9120469	medium	0.3586	medium	unclassified		0.0	low	0.0	low
vRhyme_unbinned_35__MGr3G3H3I_000000124827_13	vRhyme_unbinned_35__MGr3G3H3I_000000124827	vRhyme_unbinned_35__MGr3G3H3I_000000124827	0.96162826	high	0.7926	high	unclassified		0.0	low	0.0	low
vRhyme_unbinned_35__MGr3G3H3I_000000124827_14	vRhyme_unbinned_35__MGr3G3H3I_000000124827	vRhyme_unbinned_35__MGr3G3H3I_000000124827	0.96147114	high	0.2891	medium	unclassified		0.0	low	0.0	low
vRhyme_unbinned_35__MGr3G3H3I_000000124827_15	vRhyme_unbinned_35__MGr3G3H3I_000000124827	vRhyme_unbinned_35__MGr3G3H3I_000000124827	0.9557911	high	0.3648	medium	unclassified		0.0	low	0.0	low
vRhyme_unbinned_35__MGr3G3H3I_000000124827_16	vRhyme_unbinned_35__MGr3G3H3I_000000124827	vRhyme_unbinned_35__MGr3G3H3I_000000124827	0.9415395	high	0.5242	high	unclassified		0.0	low	0.0	low
vRhyme_unbinned_35__MGr3G3H3I_000000124827_17	vRhyme_unbinned_35__MGr3G3H3I_000000124827	vRhyme_unbinned_35__MGr3G3H3I_000000124827	0.95032436	high	0.8087	high	unclassified		0.0	low	0.0	low
vRhyme_unbinned_35__MGr3G3H3I_000000124827_18	vRhyme_unbinned_35__MGr3G3H3I_000000124827	vRhyme_unbinned_35__MGr3G3H3I_000000124827	0.9498315	high	0.562	high	unclassified		0.0	low	0.0	low
vRhyme_unbinned_35__MGr3G3H3I_000000124827_19	vRhyme_unbinned_35__MGr3G3H3I_000000124827	vRhyme_unbinned_35__MGr3G3H3I_000000124827	0.9498315	high	0.7055	high	unclassified	terminase large subunit	0.0	low	0.0	low
vRhyme_unbinned_35__MGr3G3H3I_000000124827_20	vRhyme_unbinned_35__MGr3G3H3I_000000124827	vRhyme_unbinned_35__MGr3G3H3I_000000124827	0.93062466	high	0.7163	high	unclassified		0.0	low	0.0	low
vRhyme_unbinned_35__MGr3G3H3I_000000124827_21	vRhyme_unbinned_35__MGr3G3H3I_000000124827	vRhyme_unbinned_35__MGr3G3H3I_000000124827	0.9248993	high	0.725	high	unclassified		0.0	low	0.0	low
vRhyme_unbinned_35__MGr3G3H3I_000000124827_22	vRhyme_unbinned_35__MGr3G3H3I_000000124827	vRhyme_unbinned_35__MGr3G3H3I_000000124827	0.91059273	medium	0.8426	high	unclassified		0.0	low	0.0	low
vRhyme_unbinned_35__MGr3G3H3I_000000124827_23	vRhyme_unbinned_35__MGr3G3H3I_000000124827	vRhyme_unbinned_35__MGr3G3H3I_000000124827	0.91347766	high	0.8253	high	unclassified		0.0	low	0.0	low
vRhyme_unbinned_35__MGr3G3H3I_000000124827_24	vRhyme_unbinned_35__MGr3G3H3I_000000124827	vRhyme_unbinned_35__MGr3G3H3I_000000124827	0.9235383	high	0.3745	medium	unclassified		0.0	low	0.0	low
vRhyme_unbinned_35__MGr3G3H3I_000000124827_25	vRhyme_unbinned_35__MGr3G3H3I_000000124827	vRhyme_unbinned_35__MGr3G3H3I_000000124827	0.873309	medium	0.9045	high	unclassified	""	0.0	low	0.0	low
vRhyme_unbinned_35__MGr3G3H3I_000000124827_26	vRhyme_unbinned_35__MGr3G3H3I_000000124827	vRhyme_unbinned_35__MGr3G3H3I_000000124827	0.8635374	medium	0.5722	high	unclassified		0.0	low	0.0	low
vRhyme_unbinned_35__MGr3G3H3I_000000124827_27	vRhyme_unbinned_35__MGr3G3H3I_000000124827	vRhyme_unbinned_35__MGr3G3H3I_000000124827	0.93803155	high	0.1823	medium	unclassified		0.0	low	0.0	low
vRhyme_unbinned_35__MGr3G3H3I_000000124827_28	vRhyme_unbinned_35__MGr3G3H3I_000000124827	vRhyme_unbinned_35__MGr3G3H3I_000000124827	0.9457161	high	0.232	medium	unclassified		0.0	low	0.0	low
vRhyme_unbinned_35__MGr3G3H3I_000000124827_29	vRhyme_unbinned_35__MGr3G3H3I_000000124827	vRhyme_unbinned_35__MGr3G3H3I_000000124827	0.9539027	high	0.5234	high	unclassified		0.0	low	0.0	low
vRhyme_unbinned_36__MGr3G3H3I_000000133197_1	vRhyme_unbinned_36__MGr3G3H3I_000000133197	vRhyme_unbinned_36__MGr3G3H3I_000000133197	0.98789644	high	1.0	very high	unclassified		0.0	low	0.0	low
vRhyme_unbinned_36__MGr3G3H3I_000000133197_2	vRhyme_unbinned_36__MGr3G3H3I_000000133197	vRhyme_unbinned_36__MGr3G3H3I_000000133197	0.98703307	high	1.0	very high	unclassified		0.0	low	0.0	low
vRhyme_unbinned_36__MGr3G3H3I_000000133197_3	vRhyme_unbinned_36__MGr3G3H3I_000000133197	vRhyme_unbinned_36__MGr3G3H3I_000000133197	0.9877582	high	1.0	very high	unclassified	""	0.0	low	0.0	low
vRhyme_unbinned_36__MGr3G3H3I_000000133197_4	vRhyme_unbinned_36__MGr3G3H3I_000000133197	vRhyme_unbinned_36__MGr3G3H3I_000000133197	0.9827848	high	1.0	very high	unclassified		0.0	low	0.0	low
vRhyme_unbinned_36__MGr3G3H3I_000000133197_5	vRhyme_unbinned_36__MGr3G3H3I_000000133197	vRhyme_unbinned_36__MGr3G3H3I_000000133197	0.9343484	high	1.0	very high	unclassified		0.0	low	0.0	low
vRhyme_unbinned_36__MGr3G3H3I_000000133197_6	vRhyme_unbinned_36__MGr3G3H3I_000000133197	vRhyme_unbinned_36__MGr3G3H3I_000000133197	0.98898584	high	1.0	very high	unclassified	N-acetylmuramoyl-L-alanine amidase	0.0	low	0.0	low
vRhyme_unbinned_36__MGr3G3H3I_000000133197_7	vRhyme_unbinned_36__MGr3G3H3I_000000133197	vRhyme_unbinned_36__MGr3G3H3I_000000133197	0.9968171	high	1.0	very high	unclassified		0.0	low	0.0	low
vRhyme_unbinned_36__MGr3G3H3I_000000133197_8	vRhyme_unbinned_36__MGr3G3H3I_000000133197	vRhyme_unbinned_36__MGr3G3H3I_000000133197	0.9950467	high	1.0	very high	unclassified		0.0	low	0.0	low
vRhyme_unbinned_36__MGr3G3H3I_000000133197_9	vRhyme_unbinned_36__MGr3G3H3I_000000133197	vRhyme_unbinned_36__MGr3G3H3I_000000133197	0.9968368	high	1.0	very high	unclassified	tail fiber protein	0.0	low	0.0	low
vRhyme_unbinned_36__MGr3G3H3I_000000133197_10	vRhyme_unbinned_36__MGr3G3H3I_000000133197	vRhyme_unbinned_36__MGr3G3H3I_000000133197	0.9963326	high	1.0	very high	unclassified		0.0	low	0.0	low
vRhyme_unbinned_36__MGr3G3H3I_000000133197_11	vRhyme_unbinned_36__MGr3G3H3I_000000133197	vRhyme_unbinned_36__MGr3G3H3I_000000133197	0.99868596	high	1.0	very high	unclassified	structural protein	0.0	low	0.0	low
vRhyme_unbinned_36__MGr3G3H3I_000000133197_12	vRhyme_unbinned_36__MGr3G3H3I_000000133197	vRhyme_unbinned_36__MGr3G3H3I_000000133197	0.9996595	high	1.0	very high	unclassified	baseplate wedge subunit	0.0	low	0.0	low
vRhyme_unbinned_36__MGr3G3H3I_000000133197_13	vRhyme_unbinned_36__MGr3G3H3I_000000133197	vRhyme_unbinned_36__MGr3G3H3I_000000133197	0.9998225	high	1.0	very high	unclassified	Contractile injection system sheath initiator	0.0	low	0.0	low
vRhyme_unbinned_36__MGr3G3H3I_000000133197_14	vRhyme_unbinned_36__MGr3G3H3I_000000133197	vRhyme_unbinned_36__MGr3G3H3I_000000133197	0.9997188	high	1.0	very high	unclassified		0.0	low	0.0	low
vRhyme_unbinned_36__MGr3G3H3I_000000133197_15	vRhyme_unbinned_36__MGr3G3H3I_000000133197	vRhyme_unbinned_36__MGr3G3H3I_000000133197	0.9994958	high	1.0	very high	unclassified	baseplate hub	0.0	low	0.0	low
vRhyme_unbinned_36__MGr3G3H3I_000000133197_16	vRhyme_unbinned_36__MGr3G3H3I_000000133197	vRhyme_unbinned_36__MGr3G3H3I_000000133197	0.9994356	high	1.0	very high	unclassified	Cyanophage baseplate Pam3 plug gp18	0.0	low	0.0	low
vRhyme_unbinned_36__MGr3G3H3I_000000133197_17	vRhyme_unbinned_36__MGr3G3H3I_000000133197	vRhyme_unbinned_36__MGr3G3H3I_000000133197	0.9967575	high	1.0	very high	unclassified	tail fiber protein	0.0	low	0.0	low
vRhyme_unbinned_36__MGr3G3H3I_000000133197_18	vRhyme_unbinned_36__MGr3G3H3I_000000133197	vRhyme_unbinned_36__MGr3G3H3I_000000133197	0.99891543	high	1.0	very high	unclassified		0.0	low	0.0	low
vRhyme_unbinned_37__MGr3G3H3I_000000135683_1	vRhyme_unbinned_37__MGr3G3H3I_000000135683	vRhyme_unbinned_37__MGr3G3H3I_000000135683	0.60364366	medium	1.0	very high	unclassified		0.0	low	0.0	low
vRhyme_unbinned_37__MGr3G3H3I_000000135683_2	vRhyme_unbinned_37__MGr3G3H3I_000000135683	vRhyme_unbinned_37__MGr3G3H3I_000000135683	0.5805284	medium	1.0	very high	unclassified		0.0	low	0.0	low
vRhyme_unbinned_37__MGr3G3H3I_000000135683_3	vRhyme_unbinned_37__MGr3G3H3I_000000135683	vRhyme_unbinned_37__MGr3G3H3I_000000135683	0.42211437	low	1.0	very high	unclassified	K07501; 3'-5' exonuclease	0.0	low	0.0	low
vRhyme_unbinned_37__MGr3G3H3I_000000135683_4	vRhyme_unbinned_37__MGr3G3H3I_000000135683	vRhyme_unbinned_37__MGr3G3H3I_000000135683	0.78737	medium	1.0	very high	unclassified		0.0	low	0.0	low
vRhyme_unbinned_37__MGr3G3H3I_000000135683_5	vRhyme_unbinned_37__MGr3G3H3I_000000135683	vRhyme_unbinned_37__MGr3G3H3I_000000135683	0.42946264	low	1.0	very high	unclassified		0.0	low	0.0	low
vRhyme_unbinned_37__MGr3G3H3I_000000135683_6	vRhyme_unbinned_37__MGr3G3H3I_000000135683	vRhyme_unbinned_37__MGr3G3H3I_000000135683	0.86230046	medium	1.0	very high	unclassified	DNA polymerase	0.0	low	0.0	low
vRhyme_unbinned_37__MGr3G3H3I_000000135683_7	vRhyme_unbinned_37__MGr3G3H3I_000000135683	vRhyme_unbinned_37__MGr3G3H3I_000000135683	0.6643182	medium	1.0	very high	unclassified		0.0	low	0.0	low
vRhyme_unbinned_37__MGr3G3H3I_000000135683_8	vRhyme_unbinned_37__MGr3G3H3I_000000135683	vRhyme_unbinned_37__MGr3G3H3I_000000135683	0.68123424	medium	1.0	very high	unclassified		0.0	low	0.0	low
vRhyme_unbinned_37__MGr3G3H3I_000000135683_9	vRhyme_unbinned_37__MGr3G3H3I_000000135683	vRhyme_unbinned_37__MGr3G3H3I_000000135683	0.6402238	medium	1.0	very high	unclassified		0.0	low	0.0	low
vRhyme_unbinned_37__MGr3G3H3I_000000135683_10	vRhyme_unbinned_37__MGr3G3H3I_000000135683	vRhyme_unbinned_37__MGr3G3H3I_000000135683	0.7167322	medium	1.0	very high	unclassified		0.0	low	0.0	low
vRhyme_unbinned_37__MGr3G3H3I_000000135683_11	vRhyme_unbinned_37__MGr3G3H3I_000000135683	vRhyme_unbinned_37__MGr3G3H3I_000000135683	0.9315311	high	1.0	very high	unclassified		0.0	low	0.0	low
vRhyme_unbinned_37__MGr3G3H3I_000000135683_12	vRhyme_unbinned_37__MGr3G3H3I_000000135683	vRhyme_unbinned_37__MGr3G3H3I_000000135683	0.9411468	high	1.0	very high	regulatory	SMARCAL1, HARP; SWI/SNF-related matrix-associated actin-dependent regulator of chromatin subfamily A-like protein 1 [EC:5.6.2.-]	0.4915	high	0.4915	high
vRhyme_unbinned_37__MGr3G3H3I_000000135683_13	vRhyme_unbinned_37__MGr3G3H3I_000000135683	vRhyme_unbinned_37__MGr3G3H3I_000000135683	0.936342	high	1.0	very high	regulatory	parB, spo0J; ParB family transcriptional regulator, chromosome partitioning protein	0.9517	very high	0.9517	very high
vRhyme_unbinned_37__MGr3G3H3I_000000135683_14	vRhyme_unbinned_37__MGr3G3H3I_000000135683	vRhyme_unbinned_37__MGr3G3H3I_000000135683	0.87212163	medium	1.0	very high	unclassified	endolysin	0.0	low	0.0	low
vRhyme_unbinned_37__MGr3G3H3I_000000135683_15	vRhyme_unbinned_37__MGr3G3H3I_000000135683	vRhyme_unbinned_37__MGr3G3H3I_000000135683	0.82027787	medium	1.0	very high	unclassified	""	0.0	low	0.0	low
vRhyme_unbinned_37__MGr3G3H3I_000000135683_16	vRhyme_unbinned_37__MGr3G3H3I_000000135683	vRhyme_unbinned_37__MGr3G3H3I_000000135683	0.7582339	medium	1.0	very high	unclassified		0.0	low	0.0	low
vRhyme_unbinned_37__MGr3G3H3I_000000135683_17	vRhyme_unbinned_37__MGr3G3H3I_000000135683	vRhyme_unbinned_37__MGr3G3H3I_000000135683	0.8515877	medium	1.0	very high	unclassified		0.0	low	0.0	low
vRhyme_unbinned_37__MGr3G3H3I_000000135683_18	vRhyme_unbinned_37__MGr3G3H3I_000000135683	vRhyme_unbinned_37__MGr3G3H3I_000000135683	0.8437473	medium	1.0	very high	unclassified		0.0	low	0.0	low
vRhyme_unbinned_37__MGr3G3H3I_000000135683_19	vRhyme_unbinned_37__MGr3G3H3I_000000135683	vRhyme_unbinned_37__MGr3G3H3I_000000135683	0.83301216	medium	1.0	very high	unclassified		0.0	low	0.0	low
vRhyme_unbinned_37__MGr3G3H3I_000000135683_20	vRhyme_unbinned_37__MGr3G3H3I_000000135683	vRhyme_unbinned_37__MGr3G3H3I_000000135683	0.8299085	medium	1.0	very high	unclassified		0.0	low	0.0	low
vRhyme_unbinned_37__MGr3G3H3I_000000135683_21	vRhyme_unbinned_37__MGr3G3H3I_000000135683	vRhyme_unbinned_37__MGr3G3H3I_000000135683	0.8102322	medium	1.0	very high	unclassified		0.0	low	0.0	low
vRhyme_unbinned_37__MGr3G3H3I_000000135683_22	vRhyme_unbinned_37__MGr3G3H3I_000000135683	vRhyme_unbinned_37__MGr3G3H3I_000000135683	0.6735177	medium	1.0	very high	unclassified		0.0	low	0.0	low
vRhyme_unbinned_38__MGr3G3H3I_000000137840_1	vRhyme_unbinned_38__MGr3G3H3I_000000137840	vRhyme_unbinned_38__MGr3G3H3I_000000137840	0.99761033	high	1.0	very high	unclassified	DNA transfer protein	0.0	low	0.0	low
vRhyme_unbinned_38__MGr3G3H3I_000000137840_2	vRhyme_unbinned_38__MGr3G3H3I_000000137840	vRhyme_unbinned_38__MGr3G3H3I_000000137840	0.99708605	high	1.0	very high	unclassified		0.0	low	0.0	low
vRhyme_unbinned_38__MGr3G3H3I_000000137840_3	vRhyme_unbinned_38__MGr3G3H3I_000000137840	vRhyme_unbinned_38__MGr3G3H3I_000000137840	0.9974211	high	1.0	very high	unclassified		0.0	low	0.0	low
vRhyme_unbinned_38__MGr3G3H3I_000000137840_4	vRhyme_unbinned_38__MGr3G3H3I_000000137840	vRhyme_unbinned_38__MGr3G3H3I_000000137840	0.99774724	high	1.0	very high	unclassified	""	0.0	low	0.0	low
vRhyme_unbinned_38__MGr3G3H3I_000000137840_5	vRhyme_unbinned_38__MGr3G3H3I_000000137840	vRhyme_unbinned_38__MGr3G3H3I_000000137840	0.99779177	high	1.0	very high	unclassified		0.0	low	0.0	low
vRhyme_unbinned_38__MGr3G3H3I_000000137840_6	vRhyme_unbinned_38__MGr3G3H3I_000000137840	vRhyme_unbinned_38__MGr3G3H3I_000000137840	0.99848306	high	1.0	very high	unclassified		0.0	low	0.0	low
vRhyme_unbinned_38__MGr3G3H3I_000000137840_7	vRhyme_unbinned_38__MGr3G3H3I_000000137840	vRhyme_unbinned_38__MGr3G3H3I_000000137840	0.99903435	high	1.0	very high	unclassified		0.0	low	0.0	low
vRhyme_unbinned_38__MGr3G3H3I_000000137840_8	vRhyme_unbinned_38__MGr3G3H3I_000000137840	vRhyme_unbinned_38__MGr3G3H3I_000000137840	0.9993385	high	1.0	very high	unclassified		0.0	low	0.0	low
vRhyme_unbinned_38__MGr3G3H3I_000000137840_9	vRhyme_unbinned_38__MGr3G3H3I_000000137840	vRhyme_unbinned_38__MGr3G3H3I_000000137840	0.9996002	high	1.0	very high	unclassified		0.0	low	0.0	low
vRhyme_unbinned_38__MGr3G3H3I_000000137840_10	vRhyme_unbinned_38__MGr3G3H3I_000000137840	vRhyme_unbinned_38__MGr3G3H3I_000000137840	0.9996536	high	1.0	very high	unclassified		0.0	low	0.0	low
vRhyme_unbinned_38__MGr3G3H3I_000000137840_11	vRhyme_unbinned_38__MGr3G3H3I_000000137840	vRhyme_unbinned_38__MGr3G3H3I_000000137840	0.9987221	high	1.0	very high	unclassified		0.0	low	0.0	low
vRhyme_unbinned_38__MGr3G3H3I_000000137840_12	vRhyme_unbinned_38__MGr3G3H3I_000000137840	vRhyme_unbinned_38__MGr3G3H3I_000000137840	0.97953117	high	1.0	very high	unclassified		0.0	low	0.0	low
vRhyme_unbinned_38__MGr3G3H3I_000000137840_13	vRhyme_unbinned_38__MGr3G3H3I_000000137840	vRhyme_unbinned_38__MGr3G3H3I_000000137840	0.9798276	high	1.0	very high	unclassified		0.0	low	0.0	low
vRhyme_unbinned_38__MGr3G3H3I_000000137840_14	vRhyme_unbinned_38__MGr3G3H3I_000000137840	vRhyme_unbinned_38__MGr3G3H3I_000000137840	0.98629	high	1.0	very high	unclassified		0.0	low	0.0	low
vRhyme_unbinned_38__MGr3G3H3I_000000137840_15	vRhyme_unbinned_38__MGr3G3H3I_000000137840	vRhyme_unbinned_38__MGr3G3H3I_000000137840	0.98536783	high	1.0	very high	unclassified		0.0	low	0.0	low
vRhyme_unbinned_38__MGr3G3H3I_000000137840_16	vRhyme_unbinned_38__MGr3G3H3I_000000137840	vRhyme_unbinned_38__MGr3G3H3I_000000137840	0.9945864	high	1.0	very high	unclassified	N-acetylmuramidase (EC 3.2.1.17)	0.0	low	0.0	low
vRhyme_unbinned_38__MGr3G3H3I_000000137840_17	vRhyme_unbinned_38__MGr3G3H3I_000000137840	vRhyme_unbinned_38__MGr3G3H3I_000000137840	0.9425313	high	1.0	very high	unclassified	recA; recombination protein RecA	0.0	low	0.0	low
vRhyme_unbinned_38__MGr3G3H3I_000000137840_18	vRhyme_unbinned_38__MGr3G3H3I_000000137840	vRhyme_unbinned_38__MGr3G3H3I_000000137840	0.9918035	high	1.0	very high	unclassified		0.0	low	0.0	low
vRhyme_unbinned_38__MGr3G3H3I_000000137840_19	vRhyme_unbinned_38__MGr3G3H3I_000000137840	vRhyme_unbinned_38__MGr3G3H3I_000000137840	0.99253345	high	1.0	very high	unclassified		0.0	low	0.0	low
vRhyme_unbinned_38__MGr3G3H3I_000000137840_20	vRhyme_unbinned_38__MGr3G3H3I_000000137840	vRhyme_unbinned_38__MGr3G3H3I_000000137840	0.99291205	high	1.0	very high	unclassified		0.0	low	0.0	low
vRhyme_unbinned_38__MGr3G3H3I_000000137840_21	vRhyme_unbinned_38__MGr3G3H3I_000000137840	vRhyme_unbinned_38__MGr3G3H3I_000000137840	0.9929491	high	1.0	very high	unclassified		0.0	low	0.0	low
vRhyme_unbinned_38__MGr3G3H3I_000000137840_22	vRhyme_unbinned_38__MGr3G3H3I_000000137840	vRhyme_unbinned_38__MGr3G3H3I_000000137840	0.99105054	high	1.0	very high	unclassified		0.0	low	0.0	low
vRhyme_unbinned_38__MGr3G3H3I_000000137840_23	vRhyme_unbinned_38__MGr3G3H3I_000000137840	vRhyme_unbinned_38__MGr3G3H3I_000000137840	0.9933747	high	1.0	very high	unclassified		0.0	low	0.0	low
vRhyme_unbinned_38__MGr3G3H3I_000000137840_24	vRhyme_unbinned_38__MGr3G3H3I_000000137840	vRhyme_unbinned_38__MGr3G3H3I_000000137840	0.99390924	high	1.0	very high	unclassified		0.0	low	0.0	low
vRhyme_unbinned_38__MGr3G3H3I_000000137840_25	vRhyme_unbinned_38__MGr3G3H3I_000000137840	vRhyme_unbinned_38__MGr3G3H3I_000000137840	0.9939382	high	1.0	very high	unclassified		0.0	low	0.0	low
vRhyme_unbinned_38__MGr3G3H3I_000000137840_26	vRhyme_unbinned_38__MGr3G3H3I_000000137840	vRhyme_unbinned_38__MGr3G3H3I_000000137840	0.9718113	high	1.0	very high	unclassified	""	0.3759	medium	0.3759	high
vRhyme_unbinned_38__MGr3G3H3I_000000137840_27	vRhyme_unbinned_38__MGr3G3H3I_000000137840	vRhyme_unbinned_38__MGr3G3H3I_000000137840	0.95212287	high	1.0	very high	unclassified	DNA polymerase exonuclease subunit	0.0	low	0.0	low
vRhyme_unbinned_39__MGr3G3H3I_000000139510_1	vRhyme_unbinned_39__MGr3G3H3I_000000139510	vRhyme_unbinned_39__MGr3G3H3I_000000139510	0.95677364	high	1.0	very high	unclassified		0.0	low	0.0	low
vRhyme_unbinned_39__MGr3G3H3I_000000139510_2	vRhyme_unbinned_39__MGr3G3H3I_000000139510	vRhyme_unbinned_39__MGr3G3H3I_000000139510	0.97441155	high	1.0	very high	unclassified		0.0	low	0.0	low
vRhyme_unbinned_39__MGr3G3H3I_000000139510_3	vRhyme_unbinned_39__MGr3G3H3I_000000139510	vRhyme_unbinned_39__MGr3G3H3I_000000139510	0.9281963	high	1.0	very high	unclassified		0.0	low	0.0	low
vRhyme_unbinned_39__MGr3G3H3I_000000139510_4	vRhyme_unbinned_39__MGr3G3H3I_000000139510	vRhyme_unbinned_39__MGr3G3H3I_000000139510	0.92164034	high	1.0	very high	unclassified		0.0	low	0.0	low
vRhyme_unbinned_39__MGr3G3H3I_000000139510_5	vRhyme_unbinned_39__MGr3G3H3I_000000139510	vRhyme_unbinned_39__MGr3G3H3I_000000139510	0.8996011	medium	1.0	very high	unclassified		0.0	low	0.0	low
vRhyme_unbinned_39__MGr3G3H3I_000000139510_6	vRhyme_unbinned_39__MGr3G3H3I_000000139510	vRhyme_unbinned_39__MGr3G3H3I_000000139510	0.8874263	medium	1.0	very high	unclassified		0.0	low	0.0	low
vRhyme_unbinned_39__MGr3G3H3I_000000139510_7	vRhyme_unbinned_39__MGr3G3H3I_000000139510	vRhyme_unbinned_39__MGr3G3H3I_000000139510	0.88981646	medium	1.0	very high	unclassified		0.0	low	0.0	low
vRhyme_unbinned_39__MGr3G3H3I_000000139510_8	vRhyme_unbinned_39__MGr3G3H3I_000000139510	vRhyme_unbinned_39__MGr3G3H3I_000000139510	0.87447625	medium	0.9491	high	unclassified		0.0	low	0.0	low
vRhyme_unbinned_39__MGr3G3H3I_000000139510_9	vRhyme_unbinned_39__MGr3G3H3I_000000139510	vRhyme_unbinned_39__MGr3G3H3I_000000139510	0.82542306	medium	1.0	very high	unclassified		0.0	low	0.0	low
vRhyme_unbinned_39__MGr3G3H3I_000000139510_10	vRhyme_unbinned_39__MGr3G3H3I_000000139510	vRhyme_unbinned_39__MGr3G3H3I_000000139510	0.79980385	medium	1.0	very high	unclassified		0.0	low	0.0	low
vRhyme_unbinned_39__MGr3G3H3I_000000139510_11	vRhyme_unbinned_39__MGr3G3H3I_000000139510	vRhyme_unbinned_39__MGr3G3H3I_000000139510	0.92232865	high	1.0	very high	unclassified		0.0	low	0.0	low
vRhyme_unbinned_39__MGr3G3H3I_000000139510_12	vRhyme_unbinned_39__MGr3G3H3I_000000139510	vRhyme_unbinned_39__MGr3G3H3I_000000139510	0.88746434	medium	1.0	very high	unclassified	replication initiation protein	0.0	low	0.0	low
vRhyme_unbinned_39__MGr3G3H3I_000000139510_13	vRhyme_unbinned_39__MGr3G3H3I_000000139510	vRhyme_unbinned_39__MGr3G3H3I_000000139510	0.85927474	medium	1.0	very high	unclassified		0.0	low	0.0	low
vRhyme_unbinned_39__MGr3G3H3I_000000139510_14	vRhyme_unbinned_39__MGr3G3H3I_000000139510	vRhyme_unbinned_39__MGr3G3H3I_000000139510	0.9085868	medium	1.0	very high	unclassified	TWNK, PEO1; twinkle mtDNA helicase [EC:5.6.2.3]	0.0	low	0.0	low
vRhyme_unbinned_39__MGr3G3H3I_000000139510_15	vRhyme_unbinned_39__MGr3G3H3I_000000139510	vRhyme_unbinned_39__MGr3G3H3I_000000139510	0.91982156	high	1.0	very high	unclassified		0.0	low	0.0	low
vRhyme_unbinned_39__MGr3G3H3I_000000139510_16	vRhyme_unbinned_39__MGr3G3H3I_000000139510	vRhyme_unbinned_39__MGr3G3H3I_000000139510	0.8064635	medium	1.0	very high	unclassified	gpt; xanthine phosphoribosyltransferase [EC:2.4.2.22]	0.0	low	0.0	low
vRhyme_unbinned_39__MGr3G3H3I_000000139510_17	vRhyme_unbinned_39__MGr3G3H3I_000000139510	vRhyme_unbinned_39__MGr3G3H3I_000000139510	0.94616383	high	1.0	very high	regulatory	SMARCAL1, HARP; SWI/SNF-related matrix-associated actin-dependent regulator of chromatin subfamily A-like protein 1 [EC:5.6.2.-]	0.0	low	0.0	low
vRhyme_unbinned_3__MGr3G3H3I_000000009885_1	vRhyme_unbinned_3__MGr3G3H3I_000000009885	vRhyme_unbinned_3__MGr3G3H3I_000000009885	0.8318192	medium	1.0	very high	unclassified	""	0.0	low	0.0	low
vRhyme_unbinned_3__MGr3G3H3I_000000009885_2	vRhyme_unbinned_3__MGr3G3H3I_000000009885	vRhyme_unbinned_3__MGr3G3H3I_000000009885	0.9324146	high	1.0	very high	unclassified		0.0	low	0.0	low
vRhyme_unbinned_3__MGr3G3H3I_000000009885_3	vRhyme_unbinned_3__MGr3G3H3I_000000009885	vRhyme_unbinned_3__MGr3G3H3I_000000009885	0.896438	medium	1.0	very high	unclassified		0.0	low	0.0	low
vRhyme_unbinned_3__MGr3G3H3I_000000009885_4	vRhyme_unbinned_3__MGr3G3H3I_000000009885	vRhyme_unbinned_3__MGr3G3H3I_000000009885	0.9384044	high	1.0	very high	unclassified		0.0	low	0.0	low
vRhyme_unbinned_3__MGr3G3H3I_000000009885_5	vRhyme_unbinned_3__MGr3G3H3I_000000009885	vRhyme_unbinned_3__MGr3G3H3I_000000009885	0.9620894	high	1.0	very high	regulatory	parB, spo0J; ParB family transcriptional regulator, chromosome partitioning protein	1.0	very high	1.0	very high
vRhyme_unbinned_3__MGr3G3H3I_000000009885_6	vRhyme_unbinned_3__MGr3G3H3I_000000009885	vRhyme_unbinned_3__MGr3G3H3I_000000009885	0.96967024	high	1.0	very high	unclassified		0.0	low	0.0	low
vRhyme_unbinned_3__MGr3G3H3I_000000009885_7	vRhyme_unbinned_3__MGr3G3H3I_000000009885	vRhyme_unbinned_3__MGr3G3H3I_000000009885	0.87328947	medium	1.0	very high	unclassified		0.0	low	0.0	low
vRhyme_unbinned_3__MGr3G3H3I_000000009885_8	vRhyme_unbinned_3__MGr3G3H3I_000000009885	vRhyme_unbinned_3__MGr3G3H3I_000000009885	0.986773	high	1.0	very high	unclassified		0.0	low	0.0	low
vRhyme_unbinned_3__MGr3G3H3I_000000009885_9	vRhyme_unbinned_3__MGr3G3H3I_000000009885	vRhyme_unbinned_3__MGr3G3H3I_000000009885	0.9747491	high	1.0	very high	unclassified		0.0	low	0.0	low
vRhyme_unbinned_3__MGr3G3H3I_000000009885_10	vRhyme_unbinned_3__MGr3G3H3I_000000009885	vRhyme_unbinned_3__MGr3G3H3I_000000009885	0.98725396	high	1.0	very high	unclassified	exonuclease	0.0	low	0.0	low
vRhyme_unbinned_3__MGr3G3H3I_000000009885_11	vRhyme_unbinned_3__MGr3G3H3I_000000009885	vRhyme_unbinned_3__MGr3G3H3I_000000009885	0.98323	high	1.0	very high	unclassified		0.0	low	0.0	low
vRhyme_unbinned_3__MGr3G3H3I_000000009885_12	vRhyme_unbinned_3__MGr3G3H3I_000000009885	vRhyme_unbinned_3__MGr3G3H3I_000000009885	0.95858437	high	1.0	very high	unclassified		0.0	low	0.0	low
vRhyme_unbinned_3__MGr3G3H3I_000000009885_13	vRhyme_unbinned_3__MGr3G3H3I_000000009885	vRhyme_unbinned_3__MGr3G3H3I_000000009885	0.95910364	high	1.0	very high	unclassified		0.0	low	0.0	low
vRhyme_unbinned_3__MGr3G3H3I_000000009885_14	vRhyme_unbinned_3__MGr3G3H3I_000000009885	vRhyme_unbinned_3__MGr3G3H3I_000000009885	0.9715183	high	1.0	very high	unclassified	dnaB; replicative DNA helicase [EC:5.6.2.3]	0.0	low	0.0	low
vRhyme_unbinned_3__MGr3G3H3I_000000009885_15	vRhyme_unbinned_3__MGr3G3H3I_000000009885	vRhyme_unbinned_3__MGr3G3H3I_000000009885	0.9823173	high	1.0	very high	regulatory	RNA-binding protein	0.0	low	0.0	low
vRhyme_unbinned_3__MGr3G3H3I_000000009885_16	vRhyme_unbinned_3__MGr3G3H3I_000000009885	vRhyme_unbinned_3__MGr3G3H3I_000000009885	0.9958289	high	1.0	very high	unclassified		0.0	low	0.0	low
vRhyme_unbinned_3__MGr3G3H3I_000000009885_17	vRhyme_unbinned_3__MGr3G3H3I_000000009885	vRhyme_unbinned_3__MGr3G3H3I_000000009885	0.9977345	high	1.0	very high	unclassified		0.0	low	0.0	low
vRhyme_unbinned_3__MGr3G3H3I_000000009885_18	vRhyme_unbinned_3__MGr3G3H3I_000000009885	vRhyme_unbinned_3__MGr3G3H3I_000000009885	0.99747366	high	1.0	very high	unclassified		0.0	low	0.0	low
vRhyme_unbinned_3__MGr3G3H3I_000000009885_19	vRhyme_unbinned_3__MGr3G3H3I_000000009885	vRhyme_unbinned_3__MGr3G3H3I_000000009885	0.9983657	high	1.0	very high	unclassified		0.0	low	0.0	low
vRhyme_unbinned_3__MGr3G3H3I_000000009885_20	vRhyme_unbinned_3__MGr3G3H3I_000000009885	vRhyme_unbinned_3__MGr3G3H3I_000000009885	0.9987672	high	1.0	very high	unclassified		0.0	low	0.0	low
vRhyme_unbinned_3__MGr3G3H3I_000000009885_21	vRhyme_unbinned_3__MGr3G3H3I_000000009885	vRhyme_unbinned_3__MGr3G3H3I_000000009885	0.99918944	high	1.0	very high	unclassified		0.0	low	0.0	low
vRhyme_unbinned_3__MGr3G3H3I_000000009885_22	vRhyme_unbinned_3__MGr3G3H3I_000000009885	vRhyme_unbinned_3__MGr3G3H3I_000000009885	0.9983408	high	1.0	very high	unclassified		0.0	low	0.0	low
vRhyme_unbinned_3__MGr3G3H3I_000000009885_23	vRhyme_unbinned_3__MGr3G3H3I_000000009885	vRhyme_unbinned_3__MGr3G3H3I_000000009885	0.99841845	high	1.0	very high	unclassified		0.0	low	0.0	low
vRhyme_unbinned_3__MGr3G3H3I_000000009885_24	vRhyme_unbinned_3__MGr3G3H3I_000000009885	vRhyme_unbinned_3__MGr3G3H3I_000000009885	0.9983706	high	1.0	very high	unclassified		0.0	low	0.0	low
vRhyme_unbinned_3__MGr3G3H3I_000000009885_25	vRhyme_unbinned_3__MGr3G3H3I_000000009885	vRhyme_unbinned_3__MGr3G3H3I_000000009885	0.9984812	high	1.0	very high	unclassified		0.0	low	0.0	low
vRhyme_unbinned_3__MGr3G3H3I_000000009885_26	vRhyme_unbinned_3__MGr3G3H3I_000000009885	vRhyme_unbinned_3__MGr3G3H3I_000000009885	0.99567294	high	1.0	very high	unclassified		0.0	low	0.0	low
vRhyme_unbinned_3__MGr3G3H3I_000000009885_27	vRhyme_unbinned_3__MGr3G3H3I_000000009885	vRhyme_unbinned_3__MGr3G3H3I_000000009885	0.9970813	high	1.0	very high	unclassified		0.0	low	0.0	low
vRhyme_unbinned_3__MGr3G3H3I_000000009885_28	vRhyme_unbinned_3__MGr3G3H3I_000000009885	vRhyme_unbinned_3__MGr3G3H3I_000000009885	0.99712783	high	1.0	very high	unclassified	terminase large subunit	0.0	low	0.0	low
vRhyme_unbinned_3__MGr3G3H3I_000000009885_29	vRhyme_unbinned_3__MGr3G3H3I_000000009885	vRhyme_unbinned_3__MGr3G3H3I_000000009885	0.9978525	high	1.0	very high	unclassified		0.0	low	0.0	low
vRhyme_unbinned_3__MGr3G3H3I_000000009885_30	vRhyme_unbinned_3__MGr3G3H3I_000000009885	vRhyme_unbinned_3__MGr3G3H3I_000000009885	0.99895835	high	1.0	very high	unclassified	portal protein	0.0	low	0.0	low
vRhyme_unbinned_3__MGr3G3H3I_000000009885_31	vRhyme_unbinned_3__MGr3G3H3I_000000009885	vRhyme_unbinned_3__MGr3G3H3I_000000009885	0.9981053	high	1.0	very high	unclassified		0.0	low	0.0	low
vRhyme_unbinned_3__MGr3G3H3I_000000009885_32	vRhyme_unbinned_3__MGr3G3H3I_000000009885	vRhyme_unbinned_3__MGr3G3H3I_000000009885	0.9987471	high	1.0	very high	unclassified		0.0	low	0.0	low
vRhyme_unbinned_3__MGr3G3H3I_000000009885_33	vRhyme_unbinned_3__MGr3G3H3I_000000009885	vRhyme_unbinned_3__MGr3G3H3I_000000009885	0.99575263	high	1.0	very high	unclassified		0.0	low	0.0	low
vRhyme_unbinned_3__MGr3G3H3I_000000009885_34	vRhyme_unbinned_3__MGr3G3H3I_000000009885	vRhyme_unbinned_3__MGr3G3H3I_000000009885	0.995995	high	1.0	very high	unclassified		0.0	low	0.0	low
vRhyme_unbinned_3__MGr3G3H3I_000000009885_35	vRhyme_unbinned_3__MGr3G3H3I_000000009885	vRhyme_unbinned_3__MGr3G3H3I_000000009885	0.99550295	high	1.0	very high	unclassified	""	0.0	low	0.0	low
vRhyme_unbinned_3__MGr3G3H3I_000000009885_36	vRhyme_unbinned_3__MGr3G3H3I_000000009885	vRhyme_unbinned_3__MGr3G3H3I_000000009885	0.9927908	high	1.0	very high	unclassified		0.0	low	0.0	low
vRhyme_unbinned_3__MGr3G3H3I_000000009885_37	vRhyme_unbinned_3__MGr3G3H3I_000000009885	vRhyme_unbinned_3__MGr3G3H3I_000000009885	0.9920388	high	1.0	very high	unclassified		0.0	low	0.0	low
vRhyme_unbinned_3__MGr3G3H3I_000000009885_38	vRhyme_unbinned_3__MGr3G3H3I_000000009885	vRhyme_unbinned_3__MGr3G3H3I_000000009885	0.9923952	high	1.0	very high	unclassified	head-tail adaptor	0.0	low	0.0	low
vRhyme_unbinned_3__MGr3G3H3I_000000009885_39	vRhyme_unbinned_3__MGr3G3H3I_000000009885	vRhyme_unbinned_3__MGr3G3H3I_000000009885	0.9913623	high	1.0	very high	unclassified		0.0	low	0.0	low
vRhyme_unbinned_3__MGr3G3H3I_000000009885_40	vRhyme_unbinned_3__MGr3G3H3I_000000009885	vRhyme_unbinned_3__MGr3G3H3I_000000009885	0.9905009	high	1.0	very high	unclassified		0.0	low	0.0	low
vRhyme_unbinned_3__MGr3G3H3I_000000009885_41	vRhyme_unbinned_3__MGr3G3H3I_000000009885	vRhyme_unbinned_3__MGr3G3H3I_000000009885	0.9890697	high	1.0	very high	unclassified		0.0	low	0.0	low
vRhyme_unbinned_3__MGr3G3H3I_000000009885_42	vRhyme_unbinned_3__MGr3G3H3I_000000009885	vRhyme_unbinned_3__MGr3G3H3I_000000009885	0.99693114	high	1.0	very high	unclassified	minor tail protein	0.0	low	0.0	low
vRhyme_unbinned_3__MGr3G3H3I_000000009885_43	vRhyme_unbinned_3__MGr3G3H3I_000000009885	vRhyme_unbinned_3__MGr3G3H3I_000000009885	0.9921007	high	1.0	very high	unclassified		0.0	low	0.0	low
vRhyme_unbinned_3__MGr3G3H3I_000000009885_44	vRhyme_unbinned_3__MGr3G3H3I_000000009885	vRhyme_unbinned_3__MGr3G3H3I_000000009885	0.99342865	high	1.0	very high	unclassified		0.0	low	0.0	low
vRhyme_unbinned_3__MGr3G3H3I_000000009885_45	vRhyme_unbinned_3__MGr3G3H3I_000000009885	vRhyme_unbinned_3__MGr3G3H3I_000000009885	0.9899194	high	1.0	very high	unclassified		0.0	low	0.0	low
vRhyme_unbinned_3__MGr3G3H3I_000000009885_46	vRhyme_unbinned_3__MGr3G3H3I_000000009885	vRhyme_unbinned_3__MGr3G3H3I_000000009885	0.9885028	high	1.0	very high	unclassified		0.0	low	0.0	low
vRhyme_unbinned_3__MGr3G3H3I_000000009885_47	vRhyme_unbinned_3__MGr3G3H3I_000000009885	vRhyme_unbinned_3__MGr3G3H3I_000000009885	0.9876928	high	1.0	very high	unclassified	""	0.0	low	0.0	low
vRhyme_unbinned_3__MGr3G3H3I_000000009885_48	vRhyme_unbinned_3__MGr3G3H3I_000000009885	vRhyme_unbinned_3__MGr3G3H3I_000000009885	0.9912962	high	1.0	very high	unclassified		0.0	low	0.0	low
vRhyme_unbinned_3__MGr3G3H3I_000000009885_49	vRhyme_unbinned_3__MGr3G3H3I_000000009885	vRhyme_unbinned_3__MGr3G3H3I_000000009885	0.99152064	high	0.9499	high	unclassified		0.0	low	0.0	low
vRhyme_unbinned_3__MGr3G3H3I_000000009885_50	vRhyme_unbinned_3__MGr3G3H3I_000000009885	vRhyme_unbinned_3__MGr3G3H3I_000000009885	0.9605829	high	1.0	very high	unclassified	Concanavalin A-like lectin/glucanases superfamily	0.0	low	0.0	low
vRhyme_unbinned_40__MGr3G3H3I_000000139685_1	vRhyme_unbinned_40__MGr3G3H3I_000000139685	vRhyme_unbinned_40__MGr3G3H3I_000000139685	0.93550485	high	1.0	very high	unclassified		0.0	low	0.0	low
vRhyme_unbinned_40__MGr3G3H3I_000000139685_2	vRhyme_unbinned_40__MGr3G3H3I_000000139685	vRhyme_unbinned_40__MGr3G3H3I_000000139685	0.91882396	high	1.0	very high	unclassified		0.0	low	0.0	low
vRhyme_unbinned_40__MGr3G3H3I_000000139685_3	vRhyme_unbinned_40__MGr3G3H3I_000000139685	vRhyme_unbinned_40__MGr3G3H3I_000000139685	0.9093888	medium	1.0	very high	unclassified		0.0	low	0.0	low
vRhyme_unbinned_40__MGr3G3H3I_000000139685_4	vRhyme_unbinned_40__MGr3G3H3I_000000139685	vRhyme_unbinned_40__MGr3G3H3I_000000139685	0.9137921	high	1.0	very high	unclassified		0.0	low	0.0	low
vRhyme_unbinned_40__MGr3G3H3I_000000139685_5	vRhyme_unbinned_40__MGr3G3H3I_000000139685	vRhyme_unbinned_40__MGr3G3H3I_000000139685	0.93280035	high	1.0	very high	unclassified		0.0	low	0.0	low
vRhyme_unbinned_40__MGr3G3H3I_000000139685_6	vRhyme_unbinned_40__MGr3G3H3I_000000139685	vRhyme_unbinned_40__MGr3G3H3I_000000139685	0.93382734	high	1.0	very high	unclassified		0.0	low	0.0	low
vRhyme_unbinned_40__MGr3G3H3I_000000139685_7	vRhyme_unbinned_40__MGr3G3H3I_000000139685	vRhyme_unbinned_40__MGr3G3H3I_000000139685	0.93070763	high	1.0	very high	unclassified		0.0	low	0.0	low
vRhyme_unbinned_40__MGr3G3H3I_000000139685_8	vRhyme_unbinned_40__MGr3G3H3I_000000139685	vRhyme_unbinned_40__MGr3G3H3I_000000139685	0.9260902	high	1.0	very high	unclassified	radical SAM domain protein	0.0	low	0.0	low
vRhyme_unbinned_40__MGr3G3H3I_000000139685_9	vRhyme_unbinned_40__MGr3G3H3I_000000139685	vRhyme_unbinned_40__MGr3G3H3I_000000139685	0.91634554	high	1.0	very high	unclassified		0.0	low	0.0	low
vRhyme_unbinned_40__MGr3G3H3I_000000139685_10	vRhyme_unbinned_40__MGr3G3H3I_000000139685	vRhyme_unbinned_40__MGr3G3H3I_000000139685	0.90385175	medium	1.0	very high	unclassified		0.0	low	0.0	low
vRhyme_unbinned_40__MGr3G3H3I_000000139685_11	vRhyme_unbinned_40__MGr3G3H3I_000000139685	vRhyme_unbinned_40__MGr3G3H3I_000000139685	0.8833934	medium	1.0	very high	unclassified		0.0	low	0.0	low
vRhyme_unbinned_40__MGr3G3H3I_000000139685_12	vRhyme_unbinned_40__MGr3G3H3I_000000139685	vRhyme_unbinned_40__MGr3G3H3I_000000139685	0.9648518	high	0.9365	high	unclassified	E2.1.1.72; site-specific DNA-methyltransferase (adenine-specific) [EC:2.1.1.72]	0.0	low	0.0	low
vRhyme_unbinned_40__MGr3G3H3I_000000139685_13	vRhyme_unbinned_40__MGr3G3H3I_000000139685	vRhyme_unbinned_40__MGr3G3H3I_000000139685	0.9927372	high	1.0	very high	unclassified		0.0	low	0.0	low
vRhyme_unbinned_40__MGr3G3H3I_000000139685_14	vRhyme_unbinned_40__MGr3G3H3I_000000139685	vRhyme_unbinned_40__MGr3G3H3I_000000139685	0.9939877	high	1.0	very high	unclassified		0.0	low	0.0	low
vRhyme_unbinned_40__MGr3G3H3I_000000139685_15	vRhyme_unbinned_40__MGr3G3H3I_000000139685	vRhyme_unbinned_40__MGr3G3H3I_000000139685	0.9928934	high	1.0	very high	unclassified		0.0	low	0.0	low
vRhyme_unbinned_40__MGr3G3H3I_000000139685_16	vRhyme_unbinned_40__MGr3G3H3I_000000139685	vRhyme_unbinned_40__MGr3G3H3I_000000139685	0.99286157	high	1.0	very high	unclassified		0.0	low	0.0	low
vRhyme_unbinned_40__MGr3G3H3I_000000139685_17	vRhyme_unbinned_40__MGr3G3H3I_000000139685	vRhyme_unbinned_40__MGr3G3H3I_000000139685	0.99182034	high	1.0	very high	unclassified		0.0	low	0.0	low
vRhyme_unbinned_40__MGr3G3H3I_000000139685_18	vRhyme_unbinned_40__MGr3G3H3I_000000139685	vRhyme_unbinned_40__MGr3G3H3I_000000139685	0.9926802	high	1.0	very high	unclassified		0.0	low	0.0	low
vRhyme_unbinned_40__MGr3G3H3I_000000139685_19	vRhyme_unbinned_40__MGr3G3H3I_000000139685	vRhyme_unbinned_40__MGr3G3H3I_000000139685	0.9894008	high	1.0	very high	unclassified		0.0	low	0.0	low
vRhyme_unbinned_40__MGr3G3H3I_000000139685_20	vRhyme_unbinned_40__MGr3G3H3I_000000139685	vRhyme_unbinned_40__MGr3G3H3I_000000139685	0.98821896	high	1.0	very high	unclassified		0.0	low	0.0	low
vRhyme_unbinned_40__MGr3G3H3I_000000139685_21	vRhyme_unbinned_40__MGr3G3H3I_000000139685	vRhyme_unbinned_40__MGr3G3H3I_000000139685	0.9875129	high	1.0	very high	unclassified		0.0	low	0.0	low
vRhyme_unbinned_40__MGr3G3H3I_000000139685_22	vRhyme_unbinned_40__MGr3G3H3I_000000139685	vRhyme_unbinned_40__MGr3G3H3I_000000139685	0.9877266	high	1.0	very high	unclassified		0.0	low	0.0	low
vRhyme_unbinned_40__MGr3G3H3I_000000139685_23	vRhyme_unbinned_40__MGr3G3H3I_000000139685	vRhyme_unbinned_40__MGr3G3H3I_000000139685	0.98345995	high	1.0	very high	unclassified		0.0	low	0.0	low
vRhyme_unbinned_40__MGr3G3H3I_000000139685_24	vRhyme_unbinned_40__MGr3G3H3I_000000139685	vRhyme_unbinned_40__MGr3G3H3I_000000139685	0.9629256	high	1.0	very high	unclassified		0.0	low	0.0	low
vRhyme_unbinned_40__MGr3G3H3I_000000139685_25	vRhyme_unbinned_40__MGr3G3H3I_000000139685	vRhyme_unbinned_40__MGr3G3H3I_000000139685	0.962551	high	1.0	very high	unclassified		0.0	low	0.0	low
vRhyme_unbinned_40__MGr3G3H3I_000000139685_26	vRhyme_unbinned_40__MGr3G3H3I_000000139685	vRhyme_unbinned_40__MGr3G3H3I_000000139685	0.95691067	high	1.0	very high	unclassified		0.0	low	0.0	low
vRhyme_unbinned_40__MGr3G3H3I_000000139685_27	vRhyme_unbinned_40__MGr3G3H3I_000000139685	vRhyme_unbinned_40__MGr3G3H3I_000000139685	0.93927497	high	0.9529	high	unclassified		0.0	low	0.0	low
vRhyme_unbinned_40__MGr3G3H3I_000000139685_28	vRhyme_unbinned_40__MGr3G3H3I_000000139685	vRhyme_unbinned_40__MGr3G3H3I_000000139685	0.95122206	high	1.0	very high	unclassified		0.0	low	0.0	low
vRhyme_unbinned_40__MGr3G3H3I_000000139685_29	vRhyme_unbinned_40__MGr3G3H3I_000000139685	vRhyme_unbinned_40__MGr3G3H3I_000000139685	0.93985546	high	1.0	very high	unclassified		0.0	low	0.0	low
vRhyme_unbinned_40__MGr3G3H3I_000000139685_30	vRhyme_unbinned_40__MGr3G3H3I_000000139685	vRhyme_unbinned_40__MGr3G3H3I_000000139685	0.9388618	high	1.0	very high	unclassified		0.0	low	0.0	low
vRhyme_unbinned_40__MGr3G3H3I_000000139685_31	vRhyme_unbinned_40__MGr3G3H3I_000000139685	vRhyme_unbinned_40__MGr3G3H3I_000000139685	0.9359078	high	1.0	very high	unclassified		0.0	low	0.0	low
vRhyme_unbinned_40__MGr3G3H3I_000000139685_32	vRhyme_unbinned_40__MGr3G3H3I_000000139685	vRhyme_unbinned_40__MGr3G3H3I_000000139685	0.9085958	medium	1.0	very high	unclassified		0.0	low	0.0	low
vRhyme_unbinned_40__MGr3G3H3I_000000139685_33	vRhyme_unbinned_40__MGr3G3H3I_000000139685	vRhyme_unbinned_40__MGr3G3H3I_000000139685	0.88388735	medium	1.0	very high	unclassified	Family of unknown function (DUF5983) C-terminal domain	0.0	low	0.0	low
vRhyme_unbinned_40__MGr3G3H3I_000000139685_34	vRhyme_unbinned_40__MGr3G3H3I_000000139685	vRhyme_unbinned_40__MGr3G3H3I_000000139685	0.9809157	high	0.9501	high	unclassified		0.0	low	0.0	low
vRhyme_unbinned_40__MGr3G3H3I_000000139685_35	vRhyme_unbinned_40__MGr3G3H3I_000000139685	vRhyme_unbinned_40__MGr3G3H3I_000000139685	0.97953963	high	1.0	very high	unclassified		0.0	low	0.0	low
vRhyme_unbinned_40__MGr3G3H3I_000000139685_36	vRhyme_unbinned_40__MGr3G3H3I_000000139685	vRhyme_unbinned_40__MGr3G3H3I_000000139685	0.9811808	high	1.0	very high	unclassified		0.0	low	0.0	low
vRhyme_unbinned_40__MGr3G3H3I_000000139685_37	vRhyme_unbinned_40__MGr3G3H3I_000000139685	vRhyme_unbinned_40__MGr3G3H3I_000000139685	0.97271	high	0.9554	high	unclassified	""	0.0	low	0.0	low
vRhyme_unbinned_40__MGr3G3H3I_000000139685_38	vRhyme_unbinned_40__MGr3G3H3I_000000139685	vRhyme_unbinned_40__MGr3G3H3I_000000139685	0.9711457	high	1.0	very high	unclassified		0.0	low	0.0	low
vRhyme_unbinned_40__MGr3G3H3I_000000139685_39	vRhyme_unbinned_40__MGr3G3H3I_000000139685	vRhyme_unbinned_40__MGr3G3H3I_000000139685	0.9709909	high	1.0	very high	unclassified		0.0	low	0.0	low
vRhyme_unbinned_40__MGr3G3H3I_000000139685_40	vRhyme_unbinned_40__MGr3G3H3I_000000139685	vRhyme_unbinned_40__MGr3G3H3I_000000139685	0.9679792	high	1.0	very high	unclassified		0.0	low	0.0	low
vRhyme_unbinned_40__MGr3G3H3I_000000139685_41	vRhyme_unbinned_40__MGr3G3H3I_000000139685	vRhyme_unbinned_40__MGr3G3H3I_000000139685	0.9520448	high	1.0	very high	unclassified		0.0	low	0.0	low
vRhyme_unbinned_40__MGr3G3H3I_000000139685_42	vRhyme_unbinned_40__MGr3G3H3I_000000139685	vRhyme_unbinned_40__MGr3G3H3I_000000139685	0.96034783	high	0.8813	high	unclassified		0.0	low	0.0	low
vRhyme_unbinned_40__MGr3G3H3I_000000139685_43	vRhyme_unbinned_40__MGr3G3H3I_000000139685	vRhyme_unbinned_40__MGr3G3H3I_000000139685	0.9483417	high	1.0	very high	unclassified	""	0.0	low	0.0	low
vRhyme_unbinned_40__MGr3G3H3I_000000139685_44	vRhyme_unbinned_40__MGr3G3H3I_000000139685	vRhyme_unbinned_40__MGr3G3H3I_000000139685	0.8805166	medium	1.0	very high	unclassified		0.0	low	0.0	low
vRhyme_unbinned_40__MGr3G3H3I_000000139685_45	vRhyme_unbinned_40__MGr3G3H3I_000000139685	vRhyme_unbinned_40__MGr3G3H3I_000000139685	0.8937063	medium	1.0	very high	unclassified		0.0	low	0.0	low
vRhyme_unbinned_40__MGr3G3H3I_000000139685_46	vRhyme_unbinned_40__MGr3G3H3I_000000139685	vRhyme_unbinned_40__MGr3G3H3I_000000139685	0.9405076	high	1.0	very high	unclassified		0.0	low	0.0	low
vRhyme_unbinned_40__MGr3G3H3I_000000139685_47	vRhyme_unbinned_40__MGr3G3H3I_000000139685	vRhyme_unbinned_40__MGr3G3H3I_000000139685	0.9340046	high	1.0	very high	unclassified		0.0	low	0.0	low
vRhyme_unbinned_40__MGr3G3H3I_000000139685_48	vRhyme_unbinned_40__MGr3G3H3I_000000139685	vRhyme_unbinned_40__MGr3G3H3I_000000139685	0.9525705	high	1.0	very high	unclassified		0.0	low	0.0	low
vRhyme_unbinned_40__MGr3G3H3I_000000139685_49	vRhyme_unbinned_40__MGr3G3H3I_000000139685	vRhyme_unbinned_40__MGr3G3H3I_000000139685	0.9520041	high	0.9505	high	unclassified		0.0	low	0.0	low
vRhyme_unbinned_40__MGr3G3H3I_000000139685_50	vRhyme_unbinned_40__MGr3G3H3I_000000139685	vRhyme_unbinned_40__MGr3G3H3I_000000139685	0.82897365	medium	1.0	very high	unclassified	Nuclease-related domain	0.0	low	0.0	low
vRhyme_unbinned_40__MGr3G3H3I_000000139685_51	vRhyme_unbinned_40__MGr3G3H3I_000000139685	vRhyme_unbinned_40__MGr3G3H3I_000000139685	0.87270886	medium	1.0	very high	unclassified		0.0	low	0.0	low
vRhyme_unbinned_40__MGr3G3H3I_000000139685_52	vRhyme_unbinned_40__MGr3G3H3I_000000139685	vRhyme_unbinned_40__MGr3G3H3I_000000139685	0.85500276	medium	1.0	very high	unclassified		0.0	low	0.0	low
vRhyme_unbinned_40__MGr3G3H3I_000000139685_53	vRhyme_unbinned_40__MGr3G3H3I_000000139685	vRhyme_unbinned_40__MGr3G3H3I_000000139685	0.8952957	medium	1.0	very high	unclassified		0.0	low	0.0	low
vRhyme_unbinned_40__MGr3G3H3I_000000139685_54	vRhyme_unbinned_40__MGr3G3H3I_000000139685	vRhyme_unbinned_40__MGr3G3H3I_000000139685	0.91216755	medium	1.0	very high	unclassified	transposase	0.0	low	0.0	low
vRhyme_unbinned_40__MGr3G3H3I_000000139685_55	vRhyme_unbinned_40__MGr3G3H3I_000000139685	vRhyme_unbinned_40__MGr3G3H3I_000000139685	0.72716933	medium	1.0	very high	unclassified		0.0	low	0.0	low
vRhyme_unbinned_40__MGr3G3H3I_000000139685_56	vRhyme_unbinned_40__MGr3G3H3I_000000139685	vRhyme_unbinned_40__MGr3G3H3I_000000139685	0.8767152	medium	1.0	very high	unclassified		0.0	low	0.0	low
vRhyme_unbinned_40__MGr3G3H3I_000000139685_57	vRhyme_unbinned_40__MGr3G3H3I_000000139685	vRhyme_unbinned_40__MGr3G3H3I_000000139685	0.80002695	medium	1.0	very high	unclassified	Holliday junction branch migration helicase	0.0	low	0.0	low
vRhyme_unbinned_40__MGr3G3H3I_000000139685_58	vRhyme_unbinned_40__MGr3G3H3I_000000139685	vRhyme_unbinned_40__MGr3G3H3I_000000139685	0.966171	high	1.0	very high	unclassified		0.0	low	0.0	low
vRhyme_unbinned_40__MGr3G3H3I_000000139685_59	vRhyme_unbinned_40__MGr3G3H3I_000000139685	vRhyme_unbinned_40__MGr3G3H3I_000000139685	0.96289974	high	1.0	very high	unclassified		0.0	low	0.0	low
vRhyme_unbinned_40__MGr3G3H3I_000000139685_60	vRhyme_unbinned_40__MGr3G3H3I_000000139685	vRhyme_unbinned_40__MGr3G3H3I_000000139685	0.84762573	medium	1.0	very high	unclassified	sigE_F_G; RNA polymerase sigma-E/F/G factor	0.0	low	0.0	low
vRhyme_unbinned_40__MGr3G3H3I_000000139685_61	vRhyme_unbinned_40__MGr3G3H3I_000000139685	vRhyme_unbinned_40__MGr3G3H3I_000000139685	0.797121	medium	1.0	very high	unclassified	dnaN; DNA polymerase III subunit beta [EC:2.7.7.7]	0.0	low	0.0	low
vRhyme_unbinned_40__MGr3G3H3I_000000139685_62	vRhyme_unbinned_40__MGr3G3H3I_000000139685	vRhyme_unbinned_40__MGr3G3H3I_000000139685	0.9799253	high	1.0	very high	unclassified	dut, DUT; dUTP diphosphatase [EC:3.6.1.23]	0.0	low	0.0	low
vRhyme_unbinned_40__MGr3G3H3I_000000139685_63	vRhyme_unbinned_40__MGr3G3H3I_000000139685	vRhyme_unbinned_40__MGr3G3H3I_000000139685	0.9335936	high	1.0	very high	unclassified	E1.17.4.1A, nrdA, nrdE; ribonucleoside-diphosphate reductase alpha chain [EC:1.17.4.1]	0.0	low	0.0	low
vRhyme_unbinned_40__MGr3G3H3I_000000139685_64	vRhyme_unbinned_40__MGr3G3H3I_000000139685	vRhyme_unbinned_40__MGr3G3H3I_000000139685	0.8158243	medium	1.0	very high	unclassified		0.0	low	0.0	low
vRhyme_unbinned_40__MGr3G3H3I_000000139685_65	vRhyme_unbinned_40__MGr3G3H3I_000000139685	vRhyme_unbinned_40__MGr3G3H3I_000000139685	0.8178221	medium	1.0	very high	unclassified		0.0	low	0.0	low
vRhyme_unbinned_41__MGr3G3H3I_000000142568_1	vRhyme_unbinned_41__MGr3G3H3I_000000142568	vRhyme_unbinned_41__MGr3G3H3I_000000142568	0.986533	high	1.0	very high	unclassified		0.0	low	0.0	low
vRhyme_unbinned_41__MGr3G3H3I_000000142568_2	vRhyme_unbinned_41__MGr3G3H3I_000000142568	vRhyme_unbinned_41__MGr3G3H3I_000000142568	0.9899521	high	0.92	high	unclassified		0.0	low	0.0	low
vRhyme_unbinned_41__MGr3G3H3I_000000142568_3	vRhyme_unbinned_41__MGr3G3H3I_000000142568	vRhyme_unbinned_41__MGr3G3H3I_000000142568	0.96351564	high	0.563	high	physiological	anti-restriction protein	0.447	high	0.2517	medium
vRhyme_unbinned_41__MGr3G3H3I_000000142568_4	vRhyme_unbinned_41__MGr3G3H3I_000000142568	vRhyme_unbinned_41__MGr3G3H3I_000000142568	0.99564743	high	1.0	very high	unclassified		0.0	low	0.0	low
vRhyme_unbinned_41__MGr3G3H3I_000000142568_5	vRhyme_unbinned_41__MGr3G3H3I_000000142568	vRhyme_unbinned_41__MGr3G3H3I_000000142568	0.9953022	high	0.9565	high	unclassified		0.0	low	0.0	low
vRhyme_unbinned_41__MGr3G3H3I_000000142568_6	vRhyme_unbinned_41__MGr3G3H3I_000000142568	vRhyme_unbinned_41__MGr3G3H3I_000000142568	0.9959678	high	1.0	very high	unclassified		0.0	low	0.0	low
vRhyme_unbinned_41__MGr3G3H3I_000000142568_7	vRhyme_unbinned_41__MGr3G3H3I_000000142568	vRhyme_unbinned_41__MGr3G3H3I_000000142568	0.995241	high	1.0	very high	unclassified		0.0	low	0.0	low
vRhyme_unbinned_41__MGr3G3H3I_000000142568_8	vRhyme_unbinned_41__MGr3G3H3I_000000142568	vRhyme_unbinned_41__MGr3G3H3I_000000142568	0.9956899	high	0.7602	high	unclassified		0.0	low	0.0	low
vRhyme_unbinned_41__MGr3G3H3I_000000142568_9	vRhyme_unbinned_41__MGr3G3H3I_000000142568	vRhyme_unbinned_41__MGr3G3H3I_000000142568	0.9835547	high	1.0	very high	unclassified		0.0	low	0.0	low
vRhyme_unbinned_41__MGr3G3H3I_000000142568_10	vRhyme_unbinned_41__MGr3G3H3I_000000142568	vRhyme_unbinned_41__MGr3G3H3I_000000142568	0.982565	high	1.0	very high	unclassified		0.0	low	0.0	low
vRhyme_unbinned_41__MGr3G3H3I_000000142568_11	vRhyme_unbinned_41__MGr3G3H3I_000000142568	vRhyme_unbinned_41__MGr3G3H3I_000000142568	0.9738115	high	0.9356	high	unclassified		0.0	low	0.0	low
vRhyme_unbinned_41__MGr3G3H3I_000000142568_12	vRhyme_unbinned_41__MGr3G3H3I_000000142568	vRhyme_unbinned_41__MGr3G3H3I_000000142568	0.979468	high	1.0	very high	unclassified		0.0	low	0.0	low
vRhyme_unbinned_41__MGr3G3H3I_000000142568_13	vRhyme_unbinned_41__MGr3G3H3I_000000142568	vRhyme_unbinned_41__MGr3G3H3I_000000142568	0.9810899	high	1.0	very high	unclassified		0.0	low	0.0	low
vRhyme_unbinned_41__MGr3G3H3I_000000142568_14	vRhyme_unbinned_41__MGr3G3H3I_000000142568	vRhyme_unbinned_41__MGr3G3H3I_000000142568	0.97992224	high	1.0	very high	unclassified		0.0	low	0.0	low
vRhyme_unbinned_41__MGr3G3H3I_000000142568_15	vRhyme_unbinned_41__MGr3G3H3I_000000142568	vRhyme_unbinned_41__MGr3G3H3I_000000142568	0.9807757	high	1.0	very high	regulatory	repA; regulatory protein RepA	0.7609	high	0.7609	high
vRhyme_unbinned_41__MGr3G3H3I_000000142568_16	vRhyme_unbinned_41__MGr3G3H3I_000000142568	vRhyme_unbinned_41__MGr3G3H3I_000000142568	0.97594017	high	1.0	very high	unclassified		0.0	low	0.0	low
vRhyme_unbinned_41__MGr3G3H3I_000000142568_17	vRhyme_unbinned_41__MGr3G3H3I_000000142568	vRhyme_unbinned_41__MGr3G3H3I_000000142568	0.99297327	high	0.952	high	unclassified	""	0.0	low	0.0	low
vRhyme_unbinned_41__MGr3G3H3I_000000142568_18	vRhyme_unbinned_41__MGr3G3H3I_000000142568	vRhyme_unbinned_41__MGr3G3H3I_000000142568	0.9894349	high	1.0	very high	unclassified		0.0	low	0.0	low
vRhyme_unbinned_41__MGr3G3H3I_000000142568_19	vRhyme_unbinned_41__MGr3G3H3I_000000142568	vRhyme_unbinned_41__MGr3G3H3I_000000142568	0.99356246	high	1.0	very high	unclassified		0.0	low	0.0	low
vRhyme_unbinned_41__MGr3G3H3I_000000142568_20	vRhyme_unbinned_41__MGr3G3H3I_000000142568	vRhyme_unbinned_41__MGr3G3H3I_000000142568	0.9866282	high	1.0	very high	unclassified		0.0	low	0.0	low
vRhyme_unbinned_41__MGr3G3H3I_000000142568_21	vRhyme_unbinned_41__MGr3G3H3I_000000142568	vRhyme_unbinned_41__MGr3G3H3I_000000142568	0.7535659	medium	0.9066	high	physiological	higA-1; antitoxin HigA-1	0.9491	high	0.8605	high
vRhyme_unbinned_41__MGr3G3H3I_000000142568_22	vRhyme_unbinned_41__MGr3G3H3I_000000142568	vRhyme_unbinned_41__MGr3G3H3I_000000142568	0.6576895	medium	0.7605	high	physiological	higB-1; toxin HigB-1	0.9438	high	0.7178	high
vRhyme_unbinned_41__MGr3G3H3I_000000142568_23	vRhyme_unbinned_41__MGr3G3H3I_000000142568	vRhyme_unbinned_41__MGr3G3H3I_000000142568	0.8618244	medium	1.0	very high	unclassified		0.0	low	0.0	low
vRhyme_unbinned_41__MGr3G3H3I_000000142568_24	vRhyme_unbinned_41__MGr3G3H3I_000000142568	vRhyme_unbinned_41__MGr3G3H3I_000000142568	0.55824023	low	0.9562	high	unclassified	integrase	0.0	low	0.0	low
vRhyme_unbinned_42__MGr3G3H3I_000000144901_1	vRhyme_unbinned_42__MGr3G3H3I_000000144901	vRhyme_unbinned_42__MGr3G3H3I_000000144901	0.9773308	high	0.8645	high	unclassified		0.0	low	0.0	low
vRhyme_unbinned_42__MGr3G3H3I_000000144901_2	vRhyme_unbinned_42__MGr3G3H3I_000000144901	vRhyme_unbinned_42__MGr3G3H3I_000000144901	0.9549785	high	0.7218	high	unclassified	terminase large subunit	0.0	low	0.0	low
vRhyme_unbinned_42__MGr3G3H3I_000000144901_3	vRhyme_unbinned_42__MGr3G3H3I_000000144901	vRhyme_unbinned_42__MGr3G3H3I_000000144901	0.94171613	high	0.8698	high	unclassified		0.0	low	0.0	low
vRhyme_unbinned_42__MGr3G3H3I_000000144901_4	vRhyme_unbinned_42__MGr3G3H3I_000000144901	vRhyme_unbinned_42__MGr3G3H3I_000000144901	0.92243373	high	0.9124	high	unclassified		0.0	low	0.0	low
vRhyme_unbinned_42__MGr3G3H3I_000000144901_5	vRhyme_unbinned_42__MGr3G3H3I_000000144901	vRhyme_unbinned_42__MGr3G3H3I_000000144901	0.8504836	medium	0.6915	high	unclassified	23S rRNA-intervening sequence protein	0.0	low	0.0	low
vRhyme_unbinned_42__MGr3G3H3I_000000144901_6	vRhyme_unbinned_42__MGr3G3H3I_000000144901	vRhyme_unbinned_42__MGr3G3H3I_000000144901	0.8598375	medium	0.7784	high	unclassified		0.0	low	0.0	low
vRhyme_unbinned_42__MGr3G3H3I_000000144901_7	vRhyme_unbinned_42__MGr3G3H3I_000000144901	vRhyme_unbinned_42__MGr3G3H3I_000000144901	0.96929055	high	0.8006	high	unclassified	Phage portal protein	0.0	low	0.0	low
vRhyme_unbinned_42__MGr3G3H3I_000000144901_8	vRhyme_unbinned_42__MGr3G3H3I_000000144901	vRhyme_unbinned_42__MGr3G3H3I_000000144901	0.92525715	high	0.8922	high	unclassified		0.0	low	0.0	low
vRhyme_unbinned_42__MGr3G3H3I_000000144901_9	vRhyme_unbinned_42__MGr3G3H3I_000000144901	vRhyme_unbinned_42__MGr3G3H3I_000000144901	0.9358204	high	1.0	very high	unclassified		0.0	low	0.0	low
vRhyme_unbinned_42__MGr3G3H3I_000000144901_10	vRhyme_unbinned_42__MGr3G3H3I_000000144901	vRhyme_unbinned_42__MGr3G3H3I_000000144901	0.9349495	high	0.914	high	unclassified		0.0	low	0.0	low
vRhyme_unbinned_43__MGr3G3H3I_000000145042_1	vRhyme_unbinned_43__MGr3G3H3I_000000145042	vRhyme_unbinned_43__MGr3G3H3I_000000145042	0.0007333508	low	0.8579	high	unclassified		0.0	low	0.0	low
vRhyme_unbinned_43__MGr3G3H3I_000000145042_2	vRhyme_unbinned_43__MGr3G3H3I_000000145042	vRhyme_unbinned_43__MGr3G3H3I_000000145042	0.0025554064	low	0.5289	high	unclassified		0.0	low	0.0	low
vRhyme_unbinned_43__MGr3G3H3I_000000145042_3	vRhyme_unbinned_43__MGr3G3H3I_000000145042	vRhyme_unbinned_43__MGr3G3H3I_000000145042	0.0031990546	low	0.5749	high	unclassified		0.0	low	0.0	low
vRhyme_unbinned_43__MGr3G3H3I_000000145042_4	vRhyme_unbinned_43__MGr3G3H3I_000000145042	vRhyme_unbinned_43__MGr3G3H3I_000000145042	0.029319527	low	0.6017	high	unclassified	xerC; integrase/recombinase XerC	0.0	low	0.0	low
vRhyme_unbinned_43__MGr3G3H3I_000000145042_5	vRhyme_unbinned_43__MGr3G3H3I_000000145042	vRhyme_unbinned_43__MGr3G3H3I_000000145042	0.0075045754	low	0.4971	high	unclassified		0.0	low	0.0	low
vRhyme_unbinned_43__MGr3G3H3I_000000145042_6	vRhyme_unbinned_43__MGr3G3H3I_000000145042	vRhyme_unbinned_43__MGr3G3H3I_000000145042	0.0052285856	low	0.7769	high	unclassified		0.0	low	0.0	low
vRhyme_unbinned_43__MGr3G3H3I_000000145042_7	vRhyme_unbinned_43__MGr3G3H3I_000000145042	vRhyme_unbinned_43__MGr3G3H3I_000000145042	0.0072012115	low	0.3951	medium	unclassified	Rap1a immunity proteins	0.0	low	0.0	low
vRhyme_unbinned_43__MGr3G3H3I_000000145042_8	vRhyme_unbinned_43__MGr3G3H3I_000000145042	vRhyme_unbinned_43__MGr3G3H3I_000000145042	0.00854157	low	1.0	very high	unclassified		0.0774	medium	0.0774	medium
vRhyme_unbinned_43__MGr3G3H3I_000000145042_9	vRhyme_unbinned_43__MGr3G3H3I_000000145042	vRhyme_unbinned_43__MGr3G3H3I_000000145042	0.0138592	low	0.8555	high	unclassified		0.0	low	0.0	low
vRhyme_unbinned_43__MGr3G3H3I_000000145042_10	vRhyme_unbinned_43__MGr3G3H3I_000000145042	vRhyme_unbinned_43__MGr3G3H3I_000000145042	0.01563198	low	1.0	very high	unclassified	Protein of unknown function (DUF3987)	0.0	low	0.0	low
vRhyme_unbinned_43__MGr3G3H3I_000000145042_11	vRhyme_unbinned_43__MGr3G3H3I_000000145042	vRhyme_unbinned_43__MGr3G3H3I_000000145042	0.013479911	low	0.7817	high	unclassified		0.0	low	0.0	low
vRhyme_unbinned_43__MGr3G3H3I_000000145042_12	vRhyme_unbinned_43__MGr3G3H3I_000000145042	vRhyme_unbinned_43__MGr3G3H3I_000000145042	0.021439735	low	1.0	very high	unclassified		0.0	low	0.0	low
vRhyme_unbinned_43__MGr3G3H3I_000000145042_13	vRhyme_unbinned_43__MGr3G3H3I_000000145042	vRhyme_unbinned_43__MGr3G3H3I_000000145042	0.040447436	low	1.0	very high	unclassified		0.0	low	0.0	low
vRhyme_unbinned_43__MGr3G3H3I_000000145042_14	vRhyme_unbinned_43__MGr3G3H3I_000000145042	vRhyme_unbinned_43__MGr3G3H3I_000000145042	0.04112308	low	0.6406	high	unclassified		0.0	low	0.0	low
vRhyme_unbinned_43__MGr3G3H3I_000000145042_15	vRhyme_unbinned_43__MGr3G3H3I_000000145042	vRhyme_unbinned_43__MGr3G3H3I_000000145042	0.07639254	low	1.0	very high	unclassified		0.0	low	0.0	low
vRhyme_unbinned_43__MGr3G3H3I_000000145042_16	vRhyme_unbinned_43__MGr3G3H3I_000000145042	vRhyme_unbinned_43__MGr3G3H3I_000000145042	0.109120615	low	0.8532	high	unclassified		0.0	low	0.0	low
vRhyme_unbinned_43__MGr3G3H3I_000000145042_17	vRhyme_unbinned_43__MGr3G3H3I_000000145042	vRhyme_unbinned_43__MGr3G3H3I_000000145042	0.17801662	low	0.9533	high	unclassified		0.0	low	0.0	low
vRhyme_unbinned_43__MGr3G3H3I_000000145042_18	vRhyme_unbinned_43__MGr3G3H3I_000000145042	vRhyme_unbinned_43__MGr3G3H3I_000000145042	0.20324752	low	0.9585	high	unclassified	int; integrase	0.0	low	0.0	low
vRhyme_unbinned_43__MGr3G3H3I_000000145042_19	vRhyme_unbinned_43__MGr3G3H3I_000000145042	vRhyme_unbinned_43__MGr3G3H3I_000000145042	0.5004755	low	1.0	very high	unclassified		0.0	low	0.0	low
vRhyme_unbinned_43__MGr3G3H3I_000000145042_20	vRhyme_unbinned_43__MGr3G3H3I_000000145042	vRhyme_unbinned_43__MGr3G3H3I_000000145042	0.5761098	medium	0.9525	high	physiological	BstA abortive infection system, replication inhibitor	0.4391	high	0.4183	high
vRhyme_unbinned_43__MGr3G3H3I_000000145042_21	vRhyme_unbinned_43__MGr3G3H3I_000000145042	vRhyme_unbinned_43__MGr3G3H3I_000000145042	0.5934407	medium	0.9596	high	unclassified		0.0	low	0.0	low
vRhyme_unbinned_44__MGr3G3H3I_000000146975_1	vRhyme_unbinned_44__MGr3G3H3I_000000146975	vRhyme_unbinned_44__MGr3G3H3I_000000146975	0.9290753	high	1.0	very high	unclassified		0.0	low	0.0	low
vRhyme_unbinned_44__MGr3G3H3I_000000146975_2	vRhyme_unbinned_44__MGr3G3H3I_000000146975	vRhyme_unbinned_44__MGr3G3H3I_000000146975	0.9219199	high	1.0	very high	unclassified		0.0	low	0.0	low
vRhyme_unbinned_44__MGr3G3H3I_000000146975_3	vRhyme_unbinned_44__MGr3G3H3I_000000146975	vRhyme_unbinned_44__MGr3G3H3I_000000146975	0.91625303	high	1.0	very high	unclassified		0.0	low	0.0	low
vRhyme_unbinned_44__MGr3G3H3I_000000146975_4	vRhyme_unbinned_44__MGr3G3H3I_000000146975	vRhyme_unbinned_44__MGr3G3H3I_000000146975	0.66301197	medium	1.0	very high	unclassified	methyltransferase	0.0	low	0.0	low
vRhyme_unbinned_44__MGr3G3H3I_000000146975_5	vRhyme_unbinned_44__MGr3G3H3I_000000146975	vRhyme_unbinned_44__MGr3G3H3I_000000146975	0.8493599	medium	1.0	very high	unclassified		0.0	low	0.0	low
vRhyme_unbinned_44__MGr3G3H3I_000000146975_6	vRhyme_unbinned_44__MGr3G3H3I_000000146975	vRhyme_unbinned_44__MGr3G3H3I_000000146975	0.87448156	medium	1.0	very high	unclassified		0.0	low	0.0	low
vRhyme_unbinned_44__MGr3G3H3I_000000146975_7	vRhyme_unbinned_44__MGr3G3H3I_000000146975	vRhyme_unbinned_44__MGr3G3H3I_000000146975	0.8660602	medium	1.0	very high	unclassified		0.0	low	0.0	low
vRhyme_unbinned_44__MGr3G3H3I_000000146975_8	vRhyme_unbinned_44__MGr3G3H3I_000000146975	vRhyme_unbinned_44__MGr3G3H3I_000000146975	0.87693864	medium	1.0	very high	unclassified	glycosyltransferase	0.0	low	0.0	low
vRhyme_unbinned_44__MGr3G3H3I_000000146975_9	vRhyme_unbinned_44__MGr3G3H3I_000000146975	vRhyme_unbinned_44__MGr3G3H3I_000000146975	0.90045524	medium	1.0	very high	unclassified		0.0	low	0.0	low
vRhyme_unbinned_44__MGr3G3H3I_000000146975_10	vRhyme_unbinned_44__MGr3G3H3I_000000146975	vRhyme_unbinned_44__MGr3G3H3I_000000146975	0.8986427	medium	1.0	very high	unclassified	terminase large subunit	0.0	low	0.0	low
vRhyme_unbinned_44__MGr3G3H3I_000000146975_11	vRhyme_unbinned_44__MGr3G3H3I_000000146975	vRhyme_unbinned_44__MGr3G3H3I_000000146975	0.91268927	medium	1.0	very high	unclassified		0.0	low	0.0	low
vRhyme_unbinned_44__MGr3G3H3I_000000146975_12	vRhyme_unbinned_44__MGr3G3H3I_000000146975	vRhyme_unbinned_44__MGr3G3H3I_000000146975	0.7656632	medium	1.0	very high	unclassified		0.0	low	0.0	low
vRhyme_unbinned_44__MGr3G3H3I_000000146975_13	vRhyme_unbinned_44__MGr3G3H3I_000000146975	vRhyme_unbinned_44__MGr3G3H3I_000000146975	0.35431576	low	1.0	very high	unclassified		0.0	low	0.0	low
vRhyme_unbinned_44__MGr3G3H3I_000000146975_14	vRhyme_unbinned_44__MGr3G3H3I_000000146975	vRhyme_unbinned_44__MGr3G3H3I_000000146975	0.3735812	low	1.0	very high	unclassified		0.0	low	0.0	low
vRhyme_unbinned_44__MGr3G3H3I_000000146975_15	vRhyme_unbinned_44__MGr3G3H3I_000000146975	vRhyme_unbinned_44__MGr3G3H3I_000000146975	0.33688402	low	1.0	very high	unclassified		0.0	low	0.0	low
vRhyme_unbinned_44__MGr3G3H3I_000000146975_16	vRhyme_unbinned_44__MGr3G3H3I_000000146975	vRhyme_unbinned_44__MGr3G3H3I_000000146975	0.30786666	low	1.0	very high	unclassified		0.0	low	0.0	low
vRhyme_unbinned_44__MGr3G3H3I_000000146975_17	vRhyme_unbinned_44__MGr3G3H3I_000000146975	vRhyme_unbinned_44__MGr3G3H3I_000000146975	0.40753564	low	1.0	very high	unclassified		0.0	low	0.0	low
vRhyme_unbinned_44__MGr3G3H3I_000000146975_18	vRhyme_unbinned_44__MGr3G3H3I_000000146975	vRhyme_unbinned_44__MGr3G3H3I_000000146975	0.618259	medium	1.0	very high	unclassified		0.0	low	0.0	low
vRhyme_unbinned_45__MGr3G3H3I_000000148917_1	vRhyme_unbinned_45__MGr3G3H3I_000000148917	vRhyme_unbinned_45__MGr3G3H3I_000000148917	0.09120832	low	0.0	low	unclassified	RepB plasmid partitioning protein	0.8475	high	0.0	low
vRhyme_unbinned_45__MGr3G3H3I_000000148917_2	vRhyme_unbinned_45__MGr3G3H3I_000000148917	vRhyme_unbinned_45__MGr3G3H3I_000000148917	0.06925824	low	0.0	low	regulatory	parB, spo0J; ParB family transcriptional regulator, chromosome partitioning protein	1.0	very high	0.0	low
vRhyme_unbinned_45__MGr3G3H3I_000000148917_3	vRhyme_unbinned_45__MGr3G3H3I_000000148917	vRhyme_unbinned_45__MGr3G3H3I_000000148917	0.09448399	low	0.0483	low	unclassified	integrase	0.0	low	0.0	low
vRhyme_unbinned_45__MGr3G3H3I_000000148917_4	vRhyme_unbinned_45__MGr3G3H3I_000000148917	vRhyme_unbinned_45__MGr3G3H3I_000000148917	0.044681683	low	0.0	low	unclassified		0.0405	low	0.0	low
vRhyme_unbinned_45__MGr3G3H3I_000000148917_5	vRhyme_unbinned_45__MGr3G3H3I_000000148917	vRhyme_unbinned_45__MGr3G3H3I_000000148917	0.15665412	low	0.0	low	unclassified		0.0	low	0.0	low
vRhyme_unbinned_45__MGr3G3H3I_000000148917_6	vRhyme_unbinned_45__MGr3G3H3I_000000148917	vRhyme_unbinned_45__MGr3G3H3I_000000148917	0.15131484	low	0.0	low	unclassified		0.0	low	0.0	low
vRhyme_unbinned_45__MGr3G3H3I_000000148917_7	vRhyme_unbinned_45__MGr3G3H3I_000000148917	vRhyme_unbinned_45__MGr3G3H3I_000000148917	0.10264509	low	0.054	low	unclassified		0.0	low	0.0	low
vRhyme_unbinned_45__MGr3G3H3I_000000148917_8	vRhyme_unbinned_45__MGr3G3H3I_000000148917	vRhyme_unbinned_45__MGr3G3H3I_000000148917	0.2765158	low	0.0	low	unclassified		0.0	low	0.0	low
vRhyme_unbinned_45__MGr3G3H3I_000000148917_9	vRhyme_unbinned_45__MGr3G3H3I_000000148917	vRhyme_unbinned_45__MGr3G3H3I_000000148917	0.30246848	low	0.0	low	unclassified		0.0	low	0.0	low
vRhyme_unbinned_45__MGr3G3H3I_000000148917_10	vRhyme_unbinned_45__MGr3G3H3I_000000148917	vRhyme_unbinned_45__MGr3G3H3I_000000148917	0.39209884	low	0.0645	medium	unclassified		0.0	low	0.0	low
vRhyme_unbinned_45__MGr3G3H3I_000000148917_11	vRhyme_unbinned_45__MGr3G3H3I_000000148917	vRhyme_unbinned_45__MGr3G3H3I_000000148917	0.0648482	low	0.0	low	unclassified		0.2156	medium	0.0	low
vRhyme_unbinned_45__MGr3G3H3I_000000148917_12	vRhyme_unbinned_45__MGr3G3H3I_000000148917	vRhyme_unbinned_45__MGr3G3H3I_000000148917	0.1290392	low	0.0616	medium	unclassified		0.0	low	0.0	low
vRhyme_unbinned_46__MGr3G3H3I_000000153998_1	vRhyme_unbinned_46__MGr3G3H3I_000000153998	vRhyme_unbinned_46__MGr3G3H3I_000000153998	0.9982673	high	1.0	very high	unclassified		0.0	low	0.0	low
vRhyme_unbinned_46__MGr3G3H3I_000000153998_2	vRhyme_unbinned_46__MGr3G3H3I_000000153998	vRhyme_unbinned_46__MGr3G3H3I_000000153998	0.9982673	high	1.0	very high	unclassified		0.0	low	0.0	low
vRhyme_unbinned_46__MGr3G3H3I_000000153998_3	vRhyme_unbinned_46__MGr3G3H3I_000000153998	vRhyme_unbinned_46__MGr3G3H3I_000000153998	0.9978038	high	1.0	very high	unclassified		0.0	low	0.0	low
vRhyme_unbinned_46__MGr3G3H3I_000000153998_4	vRhyme_unbinned_46__MGr3G3H3I_000000153998	vRhyme_unbinned_46__MGr3G3H3I_000000153998	0.9980686	high	1.0	very high	unclassified		0.0	low	0.0	low
vRhyme_unbinned_46__MGr3G3H3I_000000153998_5	vRhyme_unbinned_46__MGr3G3H3I_000000153998	vRhyme_unbinned_46__MGr3G3H3I_000000153998	0.99814594	high	1.0	very high	unclassified	""	0.0	low	0.0	low
vRhyme_unbinned_46__MGr3G3H3I_000000153998_6	vRhyme_unbinned_46__MGr3G3H3I_000000153998	vRhyme_unbinned_46__MGr3G3H3I_000000153998	0.998802	high	1.0	very high	unclassified		0.0	low	0.0	low
vRhyme_unbinned_46__MGr3G3H3I_000000153998_7	vRhyme_unbinned_46__MGr3G3H3I_000000153998	vRhyme_unbinned_46__MGr3G3H3I_000000153998	0.9989872	high	1.0	very high	unclassified	""	0.0	low	0.0	low
vRhyme_unbinned_46__MGr3G3H3I_000000153998_8	vRhyme_unbinned_46__MGr3G3H3I_000000153998	vRhyme_unbinned_46__MGr3G3H3I_000000153998	0.9990741	high	1.0	very high	unclassified		0.0	low	0.0	low
vRhyme_unbinned_46__MGr3G3H3I_000000153998_9	vRhyme_unbinned_46__MGr3G3H3I_000000153998	vRhyme_unbinned_46__MGr3G3H3I_000000153998	0.9991459	high	1.0	very high	unclassified	""	0.0	low	0.0	low
vRhyme_unbinned_46__MGr3G3H3I_000000153998_10	vRhyme_unbinned_46__MGr3G3H3I_000000153998	vRhyme_unbinned_46__MGr3G3H3I_000000153998	0.9992203	high	1.0	very high	unclassified	""	0.0	low	0.0	low
vRhyme_unbinned_46__MGr3G3H3I_000000153998_11	vRhyme_unbinned_46__MGr3G3H3I_000000153998	vRhyme_unbinned_46__MGr3G3H3I_000000153998	0.99352634	high	1.0	very high	unclassified	endonuclease VII	0.0	low	0.0	low
vRhyme_unbinned_46__MGr3G3H3I_000000153998_12	vRhyme_unbinned_46__MGr3G3H3I_000000153998	vRhyme_unbinned_46__MGr3G3H3I_000000153998	0.99890274	high	1.0	very high	unclassified	""	0.0	low	0.0	low
vRhyme_unbinned_46__MGr3G3H3I_000000153998_13	vRhyme_unbinned_46__MGr3G3H3I_000000153998	vRhyme_unbinned_46__MGr3G3H3I_000000153998	0.9991884	high	1.0	very high	unclassified	""	0.0	low	0.0	low
vRhyme_unbinned_46__MGr3G3H3I_000000153998_14	vRhyme_unbinned_46__MGr3G3H3I_000000153998	vRhyme_unbinned_46__MGr3G3H3I_000000153998	0.99965906	high	1.0	very high	unclassified	""	0.0	low	0.0	low
vRhyme_unbinned_46__MGr3G3H3I_000000153998_15	vRhyme_unbinned_46__MGr3G3H3I_000000153998	vRhyme_unbinned_46__MGr3G3H3I_000000153998	0.9997477	high	1.0	very high	unclassified		0.0	low	0.0	low
vRhyme_unbinned_46__MGr3G3H3I_000000153998_16	vRhyme_unbinned_46__MGr3G3H3I_000000153998	vRhyme_unbinned_46__MGr3G3H3I_000000153998	0.9992775	high	1.0	very high	unclassified	ParB-like partition protein	0.0	low	0.0	low
vRhyme_unbinned_46__MGr3G3H3I_000000153998_17	vRhyme_unbinned_46__MGr3G3H3I_000000153998	vRhyme_unbinned_46__MGr3G3H3I_000000153998	0.9996576	high	1.0	very high	unclassified		0.0	low	0.0	low
vRhyme_unbinned_46__MGr3G3H3I_000000153998_18	vRhyme_unbinned_46__MGr3G3H3I_000000153998	vRhyme_unbinned_46__MGr3G3H3I_000000153998	0.9965393	high	1.0	very high	unclassified	head protein	0.0	low	0.0	low
vRhyme_unbinned_46__MGr3G3H3I_000000153998_19	vRhyme_unbinned_46__MGr3G3H3I_000000153998	vRhyme_unbinned_46__MGr3G3H3I_000000153998	0.9976137	high	1.0	very high	unclassified		0.0	low	0.0	low
vRhyme_unbinned_46__MGr3G3H3I_000000153998_20	vRhyme_unbinned_46__MGr3G3H3I_000000153998	vRhyme_unbinned_46__MGr3G3H3I_000000153998	0.99976796	high	1.0	very high	unclassified	portal protein	0.0	low	0.0	low
vRhyme_unbinned_46__MGr3G3H3I_000000153998_21	vRhyme_unbinned_46__MGr3G3H3I_000000153998	vRhyme_unbinned_46__MGr3G3H3I_000000153998	0.99835557	high	1.0	very high	unclassified		0.0	low	0.0	low
vRhyme_unbinned_46__MGr3G3H3I_000000153998_22	vRhyme_unbinned_46__MGr3G3H3I_000000153998	vRhyme_unbinned_46__MGr3G3H3I_000000153998	0.9986747	high	1.0	very high	unclassified		0.0	low	0.0	low
vRhyme_unbinned_46__MGr3G3H3I_000000153998_23	vRhyme_unbinned_46__MGr3G3H3I_000000153998	vRhyme_unbinned_46__MGr3G3H3I_000000153998	0.99901396	high	1.0	very high	unclassified		0.0	low	0.0	low
vRhyme_unbinned_46__MGr3G3H3I_000000153998_24	vRhyme_unbinned_46__MGr3G3H3I_000000153998	vRhyme_unbinned_46__MGr3G3H3I_000000153998	0.9976136	high	1.0	very high	unclassified	terminase large subunit	0.0	low	0.0	low
vRhyme_unbinned_46__MGr3G3H3I_000000153998_25	vRhyme_unbinned_46__MGr3G3H3I_000000153998	vRhyme_unbinned_46__MGr3G3H3I_000000153998	0.9988189	high	1.0	very high	unclassified	terminase small subunit	0.0	low	0.0	low
vRhyme_unbinned_47__MGr3G3H3I_000000154348_1	vRhyme_unbinned_47__MGr3G3H3I_000000154348	vRhyme_unbinned_47__MGr3G3H3I_000000154348	0.9967016	high	1.0	very high	unclassified	major head protein	0.0	low	0.0	low
vRhyme_unbinned_47__MGr3G3H3I_000000154348_2	vRhyme_unbinned_47__MGr3G3H3I_000000154348	vRhyme_unbinned_47__MGr3G3H3I_000000154348	0.9978676	high	1.0	very high	unclassified		0.0	low	0.0	low
vRhyme_unbinned_47__MGr3G3H3I_000000154348_3	vRhyme_unbinned_47__MGr3G3H3I_000000154348	vRhyme_unbinned_47__MGr3G3H3I_000000154348	0.9985021	high	1.0	very high	unclassified		0.0	low	0.0	low
vRhyme_unbinned_47__MGr3G3H3I_000000154348_4	vRhyme_unbinned_47__MGr3G3H3I_000000154348	vRhyme_unbinned_47__MGr3G3H3I_000000154348	0.9922192	high	1.0	very high	unclassified	head maturation protease	0.0	low	0.0	low
vRhyme_unbinned_47__MGr3G3H3I_000000154348_5	vRhyme_unbinned_47__MGr3G3H3I_000000154348	vRhyme_unbinned_47__MGr3G3H3I_000000154348	0.99829644	high	1.0	very high	unclassified		0.0	low	0.0	low
vRhyme_unbinned_47__MGr3G3H3I_000000154348_6	vRhyme_unbinned_47__MGr3G3H3I_000000154348	vRhyme_unbinned_47__MGr3G3H3I_000000154348	0.9974214	high	0.9496	high	unclassified		0.0	low	0.0	low
vRhyme_unbinned_47__MGr3G3H3I_000000154348_7	vRhyme_unbinned_47__MGr3G3H3I_000000154348	vRhyme_unbinned_47__MGr3G3H3I_000000154348	0.999368	high	1.0	very high	unclassified		0.0	low	0.0	low
vRhyme_unbinned_47__MGr3G3H3I_000000154348_8	vRhyme_unbinned_47__MGr3G3H3I_000000154348	vRhyme_unbinned_47__MGr3G3H3I_000000154348	0.9931429	high	1.0	very high	unclassified		0.0	low	0.0	low
vRhyme_unbinned_47__MGr3G3H3I_000000154348_9	vRhyme_unbinned_47__MGr3G3H3I_000000154348	vRhyme_unbinned_47__MGr3G3H3I_000000154348	0.997788	high	1.0	very high	unclassified		0.0	low	0.0	low
vRhyme_unbinned_47__MGr3G3H3I_000000154348_10	vRhyme_unbinned_47__MGr3G3H3I_000000154348	vRhyme_unbinned_47__MGr3G3H3I_000000154348	0.99944323	high	1.0	very high	unclassified	Portal protein of Mu bacteriophage	0.0	low	0.0	low
vRhyme_unbinned_47__MGr3G3H3I_000000154348_11	vRhyme_unbinned_47__MGr3G3H3I_000000154348	vRhyme_unbinned_47__MGr3G3H3I_000000154348	0.9982819	high	1.0	very high	unclassified	terminase large subunit	0.0	low	0.0	low
vRhyme_unbinned_48__MGr3G3H3I_000000154912_1	vRhyme_unbinned_48__MGr3G3H3I_000000154912	vRhyme_unbinned_48__MGr3G3H3I_000000154912	0.9443043	high	0.9514	high	metabolic	deoC, DERA; deoxyribose-phosphate aldolase [EC:4.1.2.4]	0.7221	high	0.687	high
vRhyme_unbinned_48__MGr3G3H3I_000000154912_2	vRhyme_unbinned_48__MGr3G3H3I_000000154912	vRhyme_unbinned_48__MGr3G3H3I_000000154912	0.79951453	medium	1.0	very high	unclassified	E2.1.1.113; site-specific DNA-methyltransferase (cytosine-N4-specific) [EC:2.1.1.113]	0.0	low	0.0	low
vRhyme_unbinned_48__MGr3G3H3I_000000154912_3	vRhyme_unbinned_48__MGr3G3H3I_000000154912	vRhyme_unbinned_48__MGr3G3H3I_000000154912	0.9311898	high	1.0	very high	unclassified		0.0	low	0.0	low
vRhyme_unbinned_48__MGr3G3H3I_000000154912_4	vRhyme_unbinned_48__MGr3G3H3I_000000154912	vRhyme_unbinned_48__MGr3G3H3I_000000154912	0.94472647	high	1.0	very high	unclassified	RNA ligase	0.0	low	0.0	low
vRhyme_unbinned_48__MGr3G3H3I_000000154912_5	vRhyme_unbinned_48__MGr3G3H3I_000000154912	vRhyme_unbinned_48__MGr3G3H3I_000000154912	0.76836514	medium	1.0	very high	unclassified		0.0	low	0.0	low
vRhyme_unbinned_48__MGr3G3H3I_000000154912_6	vRhyme_unbinned_48__MGr3G3H3I_000000154912	vRhyme_unbinned_48__MGr3G3H3I_000000154912	0.90759784	medium	1.0	very high	unclassified		0.0	low	0.0	low
vRhyme_unbinned_48__MGr3G3H3I_000000154912_7	vRhyme_unbinned_48__MGr3G3H3I_000000154912	vRhyme_unbinned_48__MGr3G3H3I_000000154912	0.8043688	medium	1.0	very high	unclassified		0.0	low	0.0	low
vRhyme_unbinned_48__MGr3G3H3I_000000154912_8	vRhyme_unbinned_48__MGr3G3H3I_000000154912	vRhyme_unbinned_48__MGr3G3H3I_000000154912	0.9571895	high	1.0	very high	unclassified		0.0	low	0.0	low
vRhyme_unbinned_48__MGr3G3H3I_000000154912_9	vRhyme_unbinned_48__MGr3G3H3I_000000154912	vRhyme_unbinned_48__MGr3G3H3I_000000154912	0.96360844	high	1.0	very high	unclassified		0.0	low	0.0	low
vRhyme_unbinned_48__MGr3G3H3I_000000154912_10	vRhyme_unbinned_48__MGr3G3H3I_000000154912	vRhyme_unbinned_48__MGr3G3H3I_000000154912	0.96953577	high	1.0	very high	unclassified		0.0	low	0.0	low
vRhyme_unbinned_48__MGr3G3H3I_000000154912_11	vRhyme_unbinned_48__MGr3G3H3I_000000154912	vRhyme_unbinned_48__MGr3G3H3I_000000154912	0.97888076	high	1.0	very high	unclassified		0.0	low	0.0	low
vRhyme_unbinned_48__MGr3G3H3I_000000154912_12	vRhyme_unbinned_48__MGr3G3H3I_000000154912	vRhyme_unbinned_48__MGr3G3H3I_000000154912	0.99743724	high	1.0	very high	unclassified	lig; DNA ligase [EC:6.5.1.1]	0.0	low	0.0	low
vRhyme_unbinned_48__MGr3G3H3I_000000154912_13	vRhyme_unbinned_48__MGr3G3H3I_000000154912	vRhyme_unbinned_48__MGr3G3H3I_000000154912	0.98973924	high	1.0	very high	unclassified		0.0	low	0.0	low
vRhyme_unbinned_48__MGr3G3H3I_000000154912_14	vRhyme_unbinned_48__MGr3G3H3I_000000154912	vRhyme_unbinned_48__MGr3G3H3I_000000154912	0.98102206	high	1.0	very high	unclassified		0.0	low	0.0	low
vRhyme_unbinned_48__MGr3G3H3I_000000154912_15	vRhyme_unbinned_48__MGr3G3H3I_000000154912	vRhyme_unbinned_48__MGr3G3H3I_000000154912	0.9840862	high	1.0	very high	unclassified		0.0	low	0.0	low
vRhyme_unbinned_48__MGr3G3H3I_000000154912_16	vRhyme_unbinned_48__MGr3G3H3I_000000154912	vRhyme_unbinned_48__MGr3G3H3I_000000154912	0.9874478	high	1.0	very high	unclassified		0.0	low	0.0	low
vRhyme_unbinned_48__MGr3G3H3I_000000154912_17	vRhyme_unbinned_48__MGr3G3H3I_000000154912	vRhyme_unbinned_48__MGr3G3H3I_000000154912	0.9910677	high	1.0	very high	unclassified		0.0	low	0.0	low
vRhyme_unbinned_48__MGr3G3H3I_000000154912_18	vRhyme_unbinned_48__MGr3G3H3I_000000154912	vRhyme_unbinned_48__MGr3G3H3I_000000154912	0.9900534	high	1.0	very high	unclassified		0.0	low	0.0	low
vRhyme_unbinned_48__MGr3G3H3I_000000154912_19	vRhyme_unbinned_48__MGr3G3H3I_000000154912	vRhyme_unbinned_48__MGr3G3H3I_000000154912	0.98793554	high	1.0	very high	unclassified		0.0	low	0.0	low
vRhyme_unbinned_48__MGr3G3H3I_000000154912_20	vRhyme_unbinned_48__MGr3G3H3I_000000154912	vRhyme_unbinned_48__MGr3G3H3I_000000154912	0.98649156	high	1.0	very high	unclassified		0.0	low	0.0	low
vRhyme_unbinned_49__MGr3G3H3I_000000157758_1	vRhyme_unbinned_49__MGr3G3H3I_000000157758	vRhyme_unbinned_49__MGr3G3H3I_000000157758	0.8727641	medium	1.0	very high	unclassified		1.0	very high	1.0	very high
vRhyme_unbinned_49__MGr3G3H3I_000000157758_2	vRhyme_unbinned_49__MGr3G3H3I_000000157758	vRhyme_unbinned_49__MGr3G3H3I_000000157758	0.963117	high	1.0	very high	unclassified	FI; Bacteriophage tail sheath protein	0.0	low	0.0	low
vRhyme_unbinned_49__MGr3G3H3I_000000157758_3	vRhyme_unbinned_49__MGr3G3H3I_000000157758	vRhyme_unbinned_49__MGr3G3H3I_000000157758	0.90185034	medium	0.9525	high	unclassified	T4-like virus tail tube protein gp19	0.0	low	0.0	low
vRhyme_unbinned_49__MGr3G3H3I_000000157758_4	vRhyme_unbinned_49__MGr3G3H3I_000000157758	vRhyme_unbinned_49__MGr3G3H3I_000000157758	0.9917785	high	1.0	very high	unclassified	baseplate hub	0.0	low	0.0	low
vRhyme_unbinned_49__MGr3G3H3I_000000157758_5	vRhyme_unbinned_49__MGr3G3H3I_000000157758	vRhyme_unbinned_49__MGr3G3H3I_000000157758	0.98350793	high	1.0	very high	unclassified		0.0	low	0.0	low
vRhyme_unbinned_49__MGr3G3H3I_000000157758_6	vRhyme_unbinned_49__MGr3G3H3I_000000157758	vRhyme_unbinned_49__MGr3G3H3I_000000157758	0.9819203	high	1.0	very high	unclassified		0.0	low	0.0	low
vRhyme_unbinned_49__MGr3G3H3I_000000157758_7	vRhyme_unbinned_49__MGr3G3H3I_000000157758	vRhyme_unbinned_49__MGr3G3H3I_000000157758	0.98451394	high	1.0	very high	unclassified		0.0	low	0.0	low
vRhyme_unbinned_49__MGr3G3H3I_000000157758_8	vRhyme_unbinned_49__MGr3G3H3I_000000157758	vRhyme_unbinned_49__MGr3G3H3I_000000157758	0.96678823	high	1.0	very high	unclassified		0.0	low	0.0	low
vRhyme_unbinned_4__MGr3G3H3I_000000010128_1	vRhyme_unbinned_4__MGr3G3H3I_000000010128	vRhyme_unbinned_4__MGr3G3H3I_000000010128	0.013418834	low	0.897	high	unclassified		0.0	low	0.0	low
vRhyme_unbinned_4__MGr3G3H3I_000000010128_2	vRhyme_unbinned_4__MGr3G3H3I_000000010128	vRhyme_unbinned_4__MGr3G3H3I_000000010128	0.012319156	low	1.0	very high	unclassified	B3GALTL; UDP-glucose:O-linked fucose beta-1,3-glucosyltransferase [EC:2.4.1.-]	0.0	low	0.0	low
vRhyme_unbinned_4__MGr3G3H3I_000000010128_3	vRhyme_unbinned_4__MGr3G3H3I_000000010128	vRhyme_unbinned_4__MGr3G3H3I_000000010128	0.061968826	low	0.9542	high	unclassified		0.0	low	0.0	low
vRhyme_unbinned_4__MGr3G3H3I_000000010128_4	vRhyme_unbinned_4__MGr3G3H3I_000000010128	vRhyme_unbinned_4__MGr3G3H3I_000000010128	0.059739295	low	1.0	very high	unclassified		0.0	low	0.0	low
vRhyme_unbinned_4__MGr3G3H3I_000000010128_5	vRhyme_unbinned_4__MGr3G3H3I_000000010128	vRhyme_unbinned_4__MGr3G3H3I_000000010128	0.038324796	low	1.0	very high	unclassified		0.0	low	0.0	low
vRhyme_unbinned_4__MGr3G3H3I_000000010128_6	vRhyme_unbinned_4__MGr3G3H3I_000000010128	vRhyme_unbinned_4__MGr3G3H3I_000000010128	0.25946027	low	1.0	very high	unclassified		0.0	low	0.0	low
vRhyme_unbinned_4__MGr3G3H3I_000000010128_7	vRhyme_unbinned_4__MGr3G3H3I_000000010128	vRhyme_unbinned_4__MGr3G3H3I_000000010128	0.18917772	low	1.0	very high	unclassified		0.0	low	0.0	low
vRhyme_unbinned_4__MGr3G3H3I_000000010128_8	vRhyme_unbinned_4__MGr3G3H3I_000000010128	vRhyme_unbinned_4__MGr3G3H3I_000000010128	0.19509096	low	1.0	very high	unclassified		0.0	low	0.0	low
vRhyme_unbinned_4__MGr3G3H3I_000000010128_9	vRhyme_unbinned_4__MGr3G3H3I_000000010128	vRhyme_unbinned_4__MGr3G3H3I_000000010128	0.2501691	low	0.9334	high	unclassified		0.0	low	0.0	low
vRhyme_unbinned_4__MGr3G3H3I_000000010128_10	vRhyme_unbinned_4__MGr3G3H3I_000000010128	vRhyme_unbinned_4__MGr3G3H3I_000000010128	0.3637134	low	1.0	very high	unclassified		0.0	low	0.0	low
vRhyme_unbinned_4__MGr3G3H3I_000000010128_11	vRhyme_unbinned_4__MGr3G3H3I_000000010128	vRhyme_unbinned_4__MGr3G3H3I_000000010128	0.3637134	low	1.0	very high	unclassified		0.0	low	0.0	low
vRhyme_unbinned_4__MGr3G3H3I_000000010128_12	vRhyme_unbinned_4__MGr3G3H3I_000000010128	vRhyme_unbinned_4__MGr3G3H3I_000000010128	0.3637134	low	1.0	very high	unclassified		0.0	low	0.0	low
vRhyme_unbinned_4__MGr3G3H3I_000000010128_13	vRhyme_unbinned_4__MGr3G3H3I_000000010128	vRhyme_unbinned_4__MGr3G3H3I_000000010128	0.37928978	low	1.0	very high	unclassified		0.0	low	0.0	low
vRhyme_unbinned_50__MGr3G3H3I_000000159176_1	vRhyme_unbinned_50__MGr3G3H3I_000000159176	vRhyme_unbinned_50__MGr3G3H3I_000000159176	0.9563222	high	0.0	low	unclassified		0.0	low	0.0	low
vRhyme_unbinned_50__MGr3G3H3I_000000159176_2	vRhyme_unbinned_50__MGr3G3H3I_000000159176	vRhyme_unbinned_50__MGr3G3H3I_000000159176	0.95683664	high	0.0616	medium	unclassified		0.0	low	0.0	low
vRhyme_unbinned_50__MGr3G3H3I_000000159176_3	vRhyme_unbinned_50__MGr3G3H3I_000000159176	vRhyme_unbinned_50__MGr3G3H3I_000000159176	0.95711374	high	0.0	low	unclassified		0.0	low	0.0	low
vRhyme_unbinned_50__MGr3G3H3I_000000159176_4	vRhyme_unbinned_50__MGr3G3H3I_000000159176	vRhyme_unbinned_50__MGr3G3H3I_000000159176	0.9802696	high	0.0	low	unclassified		0.0	low	0.0	low
vRhyme_unbinned_50__MGr3G3H3I_000000159176_5	vRhyme_unbinned_50__MGr3G3H3I_000000159176	vRhyme_unbinned_50__MGr3G3H3I_000000159176	0.97850966	high	0.0396	low	unclassified		0.0	low	0.0	low
vRhyme_unbinned_50__MGr3G3H3I_000000159176_6	vRhyme_unbinned_50__MGr3G3H3I_000000159176	vRhyme_unbinned_50__MGr3G3H3I_000000159176	0.79147345	medium	0.0442	low	unclassified	DNA invertase	0.0	low	0.0	low
vRhyme_unbinned_50__MGr3G3H3I_000000159176_7	vRhyme_unbinned_50__MGr3G3H3I_000000159176	vRhyme_unbinned_50__MGr3G3H3I_000000159176	0.98865145	high	0.0	low	unclassified		0.0	low	0.0	low
vRhyme_unbinned_50__MGr3G3H3I_000000159176_8	vRhyme_unbinned_50__MGr3G3H3I_000000159176	vRhyme_unbinned_50__MGr3G3H3I_000000159176	0.9909171	high	0.0	low	unclassified		0.0	low	0.0	low
vRhyme_unbinned_50__MGr3G3H3I_000000159176_9	vRhyme_unbinned_50__MGr3G3H3I_000000159176	vRhyme_unbinned_50__MGr3G3H3I_000000159176	0.9902587	high	0.0	low	unclassified		0.0	low	0.0	low
vRhyme_unbinned_50__MGr3G3H3I_000000159176_10	vRhyme_unbinned_50__MGr3G3H3I_000000159176	vRhyme_unbinned_50__MGr3G3H3I_000000159176	0.94939834	high	0.0569	low	unclassified	""	0.0	low	0.0	low
vRhyme_unbinned_50__MGr3G3H3I_000000159176_11	vRhyme_unbinned_50__MGr3G3H3I_000000159176	vRhyme_unbinned_50__MGr3G3H3I_000000159176	0.75419027	medium	0.0	low	unclassified	hsdS; type I restriction enzyme, S subunit [EC:3.1.21.3]	0.0	low	0.0	low
vRhyme_unbinned_50__MGr3G3H3I_000000159176_12	vRhyme_unbinned_50__MGr3G3H3I_000000159176	vRhyme_unbinned_50__MGr3G3H3I_000000159176	0.92831916	high	0.0	low	unclassified	hsdR; type I restriction enzyme, R subunit [EC:3.1.21.3]	0.0	low	0.0	low
vRhyme_unbinned_50__MGr3G3H3I_000000159176_13	vRhyme_unbinned_50__MGr3G3H3I_000000159176	vRhyme_unbinned_50__MGr3G3H3I_000000159176	0.99359584	high	0.063	medium	unclassified		0.0	low	0.0	low
vRhyme_unbinned_50__MGr3G3H3I_000000159176_14	vRhyme_unbinned_50__MGr3G3H3I_000000159176	vRhyme_unbinned_50__MGr3G3H3I_000000159176	0.9925178	high	0.0503	low	unclassified		0.0	low	0.0	low
vRhyme_unbinned_50__MGr3G3H3I_000000159176_15	vRhyme_unbinned_50__MGr3G3H3I_000000159176	vRhyme_unbinned_50__MGr3G3H3I_000000159176	0.991366	high	0.0	low	unclassified		0.0	low	0.0	low
vRhyme_unbinned_50__MGr3G3H3I_000000159176_16	vRhyme_unbinned_50__MGr3G3H3I_000000159176	vRhyme_unbinned_50__MGr3G3H3I_000000159176	0.9963825	high	0.0461	low	unclassified		0.0	low	0.0	low
vRhyme_unbinned_50__MGr3G3H3I_000000159176_17	vRhyme_unbinned_50__MGr3G3H3I_000000159176	vRhyme_unbinned_50__MGr3G3H3I_000000159176	0.99618447	high	0.1022	medium	unclassified		0.0	low	0.0	low
vRhyme_unbinned_50__MGr3G3H3I_000000159176_18	vRhyme_unbinned_50__MGr3G3H3I_000000159176	vRhyme_unbinned_50__MGr3G3H3I_000000159176	0.9960026	high	0.3313	medium	unclassified		0.0	low	0.0	low
vRhyme_unbinned_50__MGr3G3H3I_000000159176_19	vRhyme_unbinned_50__MGr3G3H3I_000000159176	vRhyme_unbinned_50__MGr3G3H3I_000000159176	0.99556655	high	0.0464	low	unclassified		0.0	low	0.0	low
vRhyme_unbinned_50__MGr3G3H3I_000000159176_20	vRhyme_unbinned_50__MGr3G3H3I_000000159176	vRhyme_unbinned_50__MGr3G3H3I_000000159176	0.9959193	high	0.2925	medium	unclassified		0.0	low	0.0	low
vRhyme_unbinned_50__MGr3G3H3I_000000159176_21	vRhyme_unbinned_50__MGr3G3H3I_000000159176	vRhyme_unbinned_50__MGr3G3H3I_000000159176	0.99078125	high	0.1866	medium	unclassified	DNA methyltransferase	0.0	low	0.0	low
vRhyme_unbinned_50__MGr3G3H3I_000000159176_22	vRhyme_unbinned_50__MGr3G3H3I_000000159176	vRhyme_unbinned_50__MGr3G3H3I_000000159176	0.9721202	high	0.2843	medium	unclassified		0.0	low	0.0	low
vRhyme_unbinned_50__MGr3G3H3I_000000159176_23	vRhyme_unbinned_50__MGr3G3H3I_000000159176	vRhyme_unbinned_50__MGr3G3H3I_000000159176	0.96953845	high	0.0425	low	unclassified		0.0545	low	0.0023	low
vRhyme_unbinned_50__MGr3G3H3I_000000159176_24	vRhyme_unbinned_50__MGr3G3H3I_000000159176	vRhyme_unbinned_50__MGr3G3H3I_000000159176	0.9821366	high	0.0989	medium	unclassified		0.0	low	0.0	low
vRhyme_unbinned_50__MGr3G3H3I_000000159176_25	vRhyme_unbinned_50__MGr3G3H3I_000000159176	vRhyme_unbinned_50__MGr3G3H3I_000000159176	0.982595	high	0.1665	medium	unclassified		0.0	low	0.0	low
vRhyme_unbinned_51__MGr3G3H3I_000000159918_1	vRhyme_unbinned_51__MGr3G3H3I_000000159918	vRhyme_unbinned_51__MGr3G3H3I_000000159918	0.9971258	high	1.0	very high	unclassified		0.0	low	0.0	low
vRhyme_unbinned_51__MGr3G3H3I_000000159918_2	vRhyme_unbinned_51__MGr3G3H3I_000000159918	vRhyme_unbinned_51__MGr3G3H3I_000000159918	0.99719757	high	1.0	very high	unclassified		0.0	low	0.0	low
vRhyme_unbinned_51__MGr3G3H3I_000000159918_3	vRhyme_unbinned_51__MGr3G3H3I_000000159918	vRhyme_unbinned_51__MGr3G3H3I_000000159918	0.9976828	high	1.0	very high	unclassified		0.0	low	0.0	low
vRhyme_unbinned_51__MGr3G3H3I_000000159918_4	vRhyme_unbinned_51__MGr3G3H3I_000000159918	vRhyme_unbinned_51__MGr3G3H3I_000000159918	0.99754775	high	1.0	very high	unclassified		0.0	low	0.0	low
vRhyme_unbinned_51__MGr3G3H3I_000000159918_5	vRhyme_unbinned_51__MGr3G3H3I_000000159918	vRhyme_unbinned_51__MGr3G3H3I_000000159918	0.99749607	high	0.9296	high	unclassified		0.0	low	0.0	low
vRhyme_unbinned_51__MGr3G3H3I_000000159918_6	vRhyme_unbinned_51__MGr3G3H3I_000000159918	vRhyme_unbinned_51__MGr3G3H3I_000000159918	0.9976001	high	0.9545	high	unclassified		0.0	low	0.0	low
vRhyme_unbinned_51__MGr3G3H3I_000000159918_7	vRhyme_unbinned_51__MGr3G3H3I_000000159918	vRhyme_unbinned_51__MGr3G3H3I_000000159918	0.9985643	high	0.8508	high	unclassified		0.0	low	0.0	low
vRhyme_unbinned_51__MGr3G3H3I_000000159918_8	vRhyme_unbinned_51__MGr3G3H3I_000000159918	vRhyme_unbinned_51__MGr3G3H3I_000000159918	0.9989121	high	1.0	very high	unclassified		0.0	low	0.0	low
vRhyme_unbinned_51__MGr3G3H3I_000000159918_9	vRhyme_unbinned_51__MGr3G3H3I_000000159918	vRhyme_unbinned_51__MGr3G3H3I_000000159918	0.9995519	high	1.0	very high	unclassified	terminase large subunit	0.0	low	0.0	low
vRhyme_unbinned_51__MGr3G3H3I_000000159918_10	vRhyme_unbinned_51__MGr3G3H3I_000000159918	vRhyme_unbinned_51__MGr3G3H3I_000000159918	0.99955845	high	0.951	high	unclassified		0.0	low	0.0	low
vRhyme_unbinned_51__MGr3G3H3I_000000159918_11	vRhyme_unbinned_51__MGr3G3H3I_000000159918	vRhyme_unbinned_51__MGr3G3H3I_000000159918	0.99946624	high	0.805	high	unclassified		0.0	low	0.0	low
vRhyme_unbinned_51__MGr3G3H3I_000000159918_12	vRhyme_unbinned_51__MGr3G3H3I_000000159918	vRhyme_unbinned_51__MGr3G3H3I_000000159918	0.99961954	high	1.0	very high	unclassified		0.0	low	0.0	low
vRhyme_unbinned_51__MGr3G3H3I_000000159918_13	vRhyme_unbinned_51__MGr3G3H3I_000000159918	vRhyme_unbinned_51__MGr3G3H3I_000000159918	0.9978334	high	1.0	very high	unclassified		0.0	low	0.0	low
vRhyme_unbinned_51__MGr3G3H3I_000000159918_14	vRhyme_unbinned_51__MGr3G3H3I_000000159918	vRhyme_unbinned_51__MGr3G3H3I_000000159918	0.99917936	high	0.9502	high	unclassified		0.0	low	0.0	low
vRhyme_unbinned_51__MGr3G3H3I_000000159918_15	vRhyme_unbinned_51__MGr3G3H3I_000000159918	vRhyme_unbinned_51__MGr3G3H3I_000000159918	0.9988299	high	0.9175	high	unclassified		0.0	low	0.0	low
vRhyme_unbinned_51__MGr3G3H3I_000000159918_16	vRhyme_unbinned_51__MGr3G3H3I_000000159918	vRhyme_unbinned_51__MGr3G3H3I_000000159918	0.9975592	high	1.0	very high	unclassified		0.0	low	0.0	low
vRhyme_unbinned_51__MGr3G3H3I_000000159918_17	vRhyme_unbinned_51__MGr3G3H3I_000000159918	vRhyme_unbinned_51__MGr3G3H3I_000000159918	0.9986643	high	1.0	very high	unclassified		0.0	low	0.0	low
vRhyme_unbinned_51__MGr3G3H3I_000000159918_18	vRhyme_unbinned_51__MGr3G3H3I_000000159918	vRhyme_unbinned_51__MGr3G3H3I_000000159918	0.99400854	high	1.0	very high	unclassified	integrase	0.0	low	0.0	low
vRhyme_unbinned_52__MGr3G3H3I_000000162741_1	vRhyme_unbinned_52__MGr3G3H3I_000000162741	vRhyme_unbinned_52__MGr3G3H3I_000000162741	0.5477951	low	1.0	very high	unclassified		0.0	low	0.0	low
vRhyme_unbinned_52__MGr3G3H3I_000000162741_2	vRhyme_unbinned_52__MGr3G3H3I_000000162741	vRhyme_unbinned_52__MGr3G3H3I_000000162741	0.87795764	medium	1.0	very high	unclassified		0.0	low	0.0	low
vRhyme_unbinned_52__MGr3G3H3I_000000162741_3	vRhyme_unbinned_52__MGr3G3H3I_000000162741	vRhyme_unbinned_52__MGr3G3H3I_000000162741	0.90775794	medium	1.0	very high	unclassified		0.0	low	0.0	low
vRhyme_unbinned_52__MGr3G3H3I_000000162741_4	vRhyme_unbinned_52__MGr3G3H3I_000000162741	vRhyme_unbinned_52__MGr3G3H3I_000000162741	0.94388837	high	1.0	very high	unclassified	Fibronectin type III domain	0.0	low	0.0	low
vRhyme_unbinned_52__MGr3G3H3I_000000162741_5	vRhyme_unbinned_52__MGr3G3H3I_000000162741	vRhyme_unbinned_52__MGr3G3H3I_000000162741	0.8919575	medium	1.0	very high	unclassified		0.0	low	0.0	low
vRhyme_unbinned_52__MGr3G3H3I_000000162741_6	vRhyme_unbinned_52__MGr3G3H3I_000000162741	vRhyme_unbinned_52__MGr3G3H3I_000000162741	0.87803835	medium	1.0	very high	unclassified		0.0	low	0.0	low
vRhyme_unbinned_52__MGr3G3H3I_000000162741_7	vRhyme_unbinned_52__MGr3G3H3I_000000162741	vRhyme_unbinned_52__MGr3G3H3I_000000162741	0.83525515	medium	1.0	very high	unclassified		0.0	low	0.0	low
vRhyme_unbinned_52__MGr3G3H3I_000000162741_8	vRhyme_unbinned_52__MGr3G3H3I_000000162741	vRhyme_unbinned_52__MGr3G3H3I_000000162741	0.8633515	medium	1.0	very high	unclassified		0.0	low	0.0	low
vRhyme_unbinned_52__MGr3G3H3I_000000162741_9	vRhyme_unbinned_52__MGr3G3H3I_000000162741	vRhyme_unbinned_52__MGr3G3H3I_000000162741	0.8726503	medium	1.0	very high	unclassified		0.0	low	0.0	low
vRhyme_unbinned_52__MGr3G3H3I_000000162741_10	vRhyme_unbinned_52__MGr3G3H3I_000000162741	vRhyme_unbinned_52__MGr3G3H3I_000000162741	0.87490535	medium	1.0	very high	unclassified		0.0	low	0.0	low
vRhyme_unbinned_52__MGr3G3H3I_000000162741_11	vRhyme_unbinned_52__MGr3G3H3I_000000162741	vRhyme_unbinned_52__MGr3G3H3I_000000162741	0.845323	medium	1.0	very high	unclassified		0.0	low	0.0	low
vRhyme_unbinned_52__MGr3G3H3I_000000162741_12	vRhyme_unbinned_52__MGr3G3H3I_000000162741	vRhyme_unbinned_52__MGr3G3H3I_000000162741	0.8439079	medium	1.0	very high	unclassified		0.0	low	0.0	low
vRhyme_unbinned_52__MGr3G3H3I_000000162741_13	vRhyme_unbinned_52__MGr3G3H3I_000000162741	vRhyme_unbinned_52__MGr3G3H3I_000000162741	0.93252724	high	1.0	very high	unclassified		0.0	low	0.0	low
vRhyme_unbinned_52__MGr3G3H3I_000000162741_14	vRhyme_unbinned_52__MGr3G3H3I_000000162741	vRhyme_unbinned_52__MGr3G3H3I_000000162741	0.99359494	high	1.0	very high	unclassified	DNA polymerase	0.0	low	0.0	low
vRhyme_unbinned_52__MGr3G3H3I_000000162741_15	vRhyme_unbinned_52__MGr3G3H3I_000000162741	vRhyme_unbinned_52__MGr3G3H3I_000000162741	0.9760118	high	1.0	very high	unclassified		0.0	low	0.0	low
vRhyme_unbinned_52__MGr3G3H3I_000000162741_16	vRhyme_unbinned_52__MGr3G3H3I_000000162741	vRhyme_unbinned_52__MGr3G3H3I_000000162741	0.96984994	high	1.0	very high	unclassified		0.0	low	0.0	low
vRhyme_unbinned_52__MGr3G3H3I_000000162741_17	vRhyme_unbinned_52__MGr3G3H3I_000000162741	vRhyme_unbinned_52__MGr3G3H3I_000000162741	0.9409734	high	1.0	very high	unclassified		0.0	low	0.0	low
vRhyme_unbinned_52__MGr3G3H3I_000000162741_18	vRhyme_unbinned_52__MGr3G3H3I_000000162741	vRhyme_unbinned_52__MGr3G3H3I_000000162741	0.943459	high	1.0	very high	unclassified		0.0	low	0.0	low
vRhyme_unbinned_52__MGr3G3H3I_000000162741_19	vRhyme_unbinned_52__MGr3G3H3I_000000162741	vRhyme_unbinned_52__MGr3G3H3I_000000162741	0.9404756	high	1.0	very high	unclassified		0.0	low	0.0	low
vRhyme_unbinned_52__MGr3G3H3I_000000162741_20	vRhyme_unbinned_52__MGr3G3H3I_000000162741	vRhyme_unbinned_52__MGr3G3H3I_000000162741	0.94494736	high	1.0	very high	unclassified		0.0	low	0.0	low
vRhyme_unbinned_52__MGr3G3H3I_000000162741_21	vRhyme_unbinned_52__MGr3G3H3I_000000162741	vRhyme_unbinned_52__MGr3G3H3I_000000162741	0.8845427	medium	1.0	very high	unclassified		0.0	low	0.0	low
vRhyme_unbinned_53__MGr3G3H3I_000000162938_1	vRhyme_unbinned_53__MGr3G3H3I_000000162938	vRhyme_unbinned_53__MGr3G3H3I_000000162938	0.89206165	medium	0.0	low	unclassified		0.0	low	0.0	low
vRhyme_unbinned_53__MGr3G3H3I_000000162938_2	vRhyme_unbinned_53__MGr3G3H3I_000000162938	vRhyme_unbinned_53__MGr3G3H3I_000000162938	0.8730966	medium	0.0	low	unclassified		0.0	low	0.0	low
vRhyme_unbinned_53__MGr3G3H3I_000000162938_3	vRhyme_unbinned_53__MGr3G3H3I_000000162938	vRhyme_unbinned_53__MGr3G3H3I_000000162938	0.4470634	low	0.0	low	regulatory	K02483; two-component system, OmpR family, response regulator	0.8994	high	0.0	low
vRhyme_unbinned_53__MGr3G3H3I_000000162938_4	vRhyme_unbinned_53__MGr3G3H3I_000000162938	vRhyme_unbinned_53__MGr3G3H3I_000000162938	0.55889314	low	0.0	low	unclassified		0.0	low	0.0	low
vRhyme_unbinned_53__MGr3G3H3I_000000162938_5	vRhyme_unbinned_53__MGr3G3H3I_000000162938	vRhyme_unbinned_53__MGr3G3H3I_000000162938	0.7545052	medium	0.0	low	unclassified		0.0	low	0.0	low
vRhyme_unbinned_53__MGr3G3H3I_000000162938_6	vRhyme_unbinned_53__MGr3G3H3I_000000162938	vRhyme_unbinned_53__MGr3G3H3I_000000162938	0.58233017	medium	0.0	low	metabolic	aroK, aroL; shikimate kinase [EC:2.7.1.71]	1.0	very high	0.0	low
vRhyme_unbinned_53__MGr3G3H3I_000000162938_7	vRhyme_unbinned_53__MGr3G3H3I_000000162938	vRhyme_unbinned_53__MGr3G3H3I_000000162938	0.44670013	low	0.0	low	unclassified		0.0	low	0.0	low
vRhyme_unbinned_53__MGr3G3H3I_000000162938_8	vRhyme_unbinned_53__MGr3G3H3I_000000162938	vRhyme_unbinned_53__MGr3G3H3I_000000162938	0.8632078	medium	0.0	low	unclassified		0.0	low	0.0	low
vRhyme_unbinned_53__MGr3G3H3I_000000162938_9	vRhyme_unbinned_53__MGr3G3H3I_000000162938	vRhyme_unbinned_53__MGr3G3H3I_000000162938	0.9011136	medium	0.0	low	unclassified		0.0	low	0.0	low
vRhyme_unbinned_53__MGr3G3H3I_000000162938_10	vRhyme_unbinned_53__MGr3G3H3I_000000162938	vRhyme_unbinned_53__MGr3G3H3I_000000162938	0.91150993	medium	0.0	low	unclassified		0.0	low	0.0	low
vRhyme_unbinned_53__MGr3G3H3I_000000162938_11	vRhyme_unbinned_53__MGr3G3H3I_000000162938	vRhyme_unbinned_53__MGr3G3H3I_000000162938	0.7835867	medium	0.0	low	unclassified		0.0	low	0.0	low
vRhyme_unbinned_53__MGr3G3H3I_000000162938_12	vRhyme_unbinned_53__MGr3G3H3I_000000162938	vRhyme_unbinned_53__MGr3G3H3I_000000162938	0.8451653	medium	0.0	low	unclassified		0.0	low	0.0	low
vRhyme_unbinned_53__MGr3G3H3I_000000162938_13	vRhyme_unbinned_53__MGr3G3H3I_000000162938	vRhyme_unbinned_53__MGr3G3H3I_000000162938	0.86524004	medium	0.0	low	unclassified		0.0	low	0.0	low
vRhyme_unbinned_53__MGr3G3H3I_000000162938_14	vRhyme_unbinned_53__MGr3G3H3I_000000162938	vRhyme_unbinned_53__MGr3G3H3I_000000162938	0.83847517	medium	0.0	low	unclassified	""	0.0	low	0.0	low
vRhyme_unbinned_53__MGr3G3H3I_000000162938_15	vRhyme_unbinned_53__MGr3G3H3I_000000162938	vRhyme_unbinned_53__MGr3G3H3I_000000162938	0.80543154	medium	0.0	low	unclassified		0.0	low	0.0	low
vRhyme_unbinned_53__MGr3G3H3I_000000162938_16	vRhyme_unbinned_53__MGr3G3H3I_000000162938	vRhyme_unbinned_53__MGr3G3H3I_000000162938	0.5316952	low	0.0	low	unclassified	Replication-relaxation	0.0	low	0.0	low
vRhyme_unbinned_53__MGr3G3H3I_000000162938_17	vRhyme_unbinned_53__MGr3G3H3I_000000162938	vRhyme_unbinned_53__MGr3G3H3I_000000162938	0.71977484	medium	0.0	low	unclassified	yhdJ; adenine-specific DNA-methyltransferase [EC:2.1.1.72]	0.0	low	0.0	low
vRhyme_unbinned_53__MGr3G3H3I_000000162938_18	vRhyme_unbinned_53__MGr3G3H3I_000000162938	vRhyme_unbinned_53__MGr3G3H3I_000000162938	0.8757459	medium	0.0	low	unclassified		0.1422	medium	0.0	low
vRhyme_unbinned_53__MGr3G3H3I_000000162938_19	vRhyme_unbinned_53__MGr3G3H3I_000000162938	vRhyme_unbinned_53__MGr3G3H3I_000000162938	0.71549886	medium	0.044	low	unclassified		0.0	low	0.0	low
vRhyme_unbinned_53__MGr3G3H3I_000000162938_20	vRhyme_unbinned_53__MGr3G3H3I_000000162938	vRhyme_unbinned_53__MGr3G3H3I_000000162938	0.6943185	medium	0.0	low	unclassified		0.0	low	0.0	low
vRhyme_unbinned_53__MGr3G3H3I_000000162938_21	vRhyme_unbinned_53__MGr3G3H3I_000000162938	vRhyme_unbinned_53__MGr3G3H3I_000000162938	0.8039742	medium	0.0	low	unclassified	Resolvase, N terminal domain	0.0	low	0.0	low
vRhyme_unbinned_53__MGr3G3H3I_000000162938_22	vRhyme_unbinned_53__MGr3G3H3I_000000162938	vRhyme_unbinned_53__MGr3G3H3I_000000162938	0.7977198	medium	0.0	low	unclassified	spoIVCA; site-specific DNA recombinase	0.0	low	0.0	low
vRhyme_unbinned_53__MGr3G3H3I_000000162938_23	vRhyme_unbinned_53__MGr3G3H3I_000000162938	vRhyme_unbinned_53__MGr3G3H3I_000000162938	0.57357514	low	0.0	low	unclassified		0.0	low	0.0	low
vRhyme_unbinned_53__MGr3G3H3I_000000162938_24	vRhyme_unbinned_53__MGr3G3H3I_000000162938	vRhyme_unbinned_53__MGr3G3H3I_000000162938	0.86142224	medium	0.0	low	unclassified		0.0	low	0.0	low
vRhyme_unbinned_53__MGr3G3H3I_000000162938_25	vRhyme_unbinned_53__MGr3G3H3I_000000162938	vRhyme_unbinned_53__MGr3G3H3I_000000162938	0.85458773	medium	0.0	low	unclassified	Transposase DDE domain group 1	0.0	low	0.0	low
vRhyme_unbinned_53__MGr3G3H3I_000000162938_26	vRhyme_unbinned_53__MGr3G3H3I_000000162938	vRhyme_unbinned_53__MGr3G3H3I_000000162938	0.6314052	medium	0.0	low	unclassified		0.0	low	0.0	low
vRhyme_unbinned_54__MGr3G3H3I_000000165910_1	vRhyme_unbinned_54__MGr3G3H3I_000000165910	vRhyme_unbinned_54__MGr3G3H3I_000000165910	0.865697	medium	1.0	very high	unclassified	transposase	0.0	low	0.0	low
vRhyme_unbinned_54__MGr3G3H3I_000000165910_2	vRhyme_unbinned_54__MGr3G3H3I_000000165910	vRhyme_unbinned_54__MGr3G3H3I_000000165910	0.9640048	high	1.0	very high	unclassified		0.0	low	0.0	low
vRhyme_unbinned_54__MGr3G3H3I_000000165910_3	vRhyme_unbinned_54__MGr3G3H3I_000000165910	vRhyme_unbinned_54__MGr3G3H3I_000000165910	0.9727245	high	1.0	very high	unclassified		0.0	low	0.0	low
vRhyme_unbinned_54__MGr3G3H3I_000000165910_4	vRhyme_unbinned_54__MGr3G3H3I_000000165910	vRhyme_unbinned_54__MGr3G3H3I_000000165910	0.966056	high	1.0	very high	unclassified		0.0	low	0.0	low
vRhyme_unbinned_54__MGr3G3H3I_000000165910_5	vRhyme_unbinned_54__MGr3G3H3I_000000165910	vRhyme_unbinned_54__MGr3G3H3I_000000165910	0.9949621	high	1.0	very high	unclassified	endolysin	0.0	low	0.0	low
vRhyme_unbinned_54__MGr3G3H3I_000000165910_6	vRhyme_unbinned_54__MGr3G3H3I_000000165910	vRhyme_unbinned_54__MGr3G3H3I_000000165910	0.9943241	high	1.0	very high	unclassified		0.0	low	0.0	low
vRhyme_unbinned_54__MGr3G3H3I_000000165910_7	vRhyme_unbinned_54__MGr3G3H3I_000000165910	vRhyme_unbinned_54__MGr3G3H3I_000000165910	0.99547946	high	1.0	very high	unclassified		0.1885	medium	0.1885	medium
vRhyme_unbinned_54__MGr3G3H3I_000000165910_8	vRhyme_unbinned_54__MGr3G3H3I_000000165910	vRhyme_unbinned_54__MGr3G3H3I_000000165910	0.9694839	high	1.0	very high	unclassified	ENDOG; endonuclease G, mitochondrial	0.0	low	0.0	low
vRhyme_unbinned_54__MGr3G3H3I_000000165910_9	vRhyme_unbinned_54__MGr3G3H3I_000000165910	vRhyme_unbinned_54__MGr3G3H3I_000000165910	0.9919166	high	1.0	very high	unclassified		0.0	low	0.0	low
vRhyme_unbinned_54__MGr3G3H3I_000000165910_10	vRhyme_unbinned_54__MGr3G3H3I_000000165910	vRhyme_unbinned_54__MGr3G3H3I_000000165910	0.9911619	high	1.0	very high	unclassified		0.0	low	0.0	low
vRhyme_unbinned_54__MGr3G3H3I_000000165910_11	vRhyme_unbinned_54__MGr3G3H3I_000000165910	vRhyme_unbinned_54__MGr3G3H3I_000000165910	0.9934128	high	1.0	very high	unclassified		0.0	low	0.0	low
vRhyme_unbinned_54__MGr3G3H3I_000000165910_12	vRhyme_unbinned_54__MGr3G3H3I_000000165910	vRhyme_unbinned_54__MGr3G3H3I_000000165910	0.99486107	high	1.0	very high	unclassified		0.0	low	0.0	low
vRhyme_unbinned_54__MGr3G3H3I_000000165910_13	vRhyme_unbinned_54__MGr3G3H3I_000000165910	vRhyme_unbinned_54__MGr3G3H3I_000000165910	0.9981404	high	1.0	very high	unclassified	terminase large subunit	0.0	low	0.0	low
vRhyme_unbinned_54__MGr3G3H3I_000000165910_14	vRhyme_unbinned_54__MGr3G3H3I_000000165910	vRhyme_unbinned_54__MGr3G3H3I_000000165910	0.99764997	high	0.952	high	unclassified	Portal protein of Mu bacteriophage	0.0	low	0.0	low
vRhyme_unbinned_54__MGr3G3H3I_000000165910_15	vRhyme_unbinned_54__MGr3G3H3I_000000165910	vRhyme_unbinned_54__MGr3G3H3I_000000165910	0.99671793	high	1.0	very high	unclassified	Phage Mu protein F like protein	0.0	low	0.0	low
vRhyme_unbinned_54__MGr3G3H3I_000000165910_16	vRhyme_unbinned_54__MGr3G3H3I_000000165910	vRhyme_unbinned_54__MGr3G3H3I_000000165910	0.99323547	high	1.0	very high	unclassified	head maturation protease	0.0	low	0.0	low
vRhyme_unbinned_55__MGr3G3H3I_000000165953_1	vRhyme_unbinned_55__MGr3G3H3I_000000165953	vRhyme_unbinned_55__MGr3G3H3I_000000165953	0.5424532	low	0.3769	medium	unclassified		0.0	low	0.0	low
vRhyme_unbinned_55__MGr3G3H3I_000000165953_2	vRhyme_unbinned_55__MGr3G3H3I_000000165953	vRhyme_unbinned_55__MGr3G3H3I_000000165953	0.5412098	low	0.3392	medium	unclassified		0.0	low	0.0	low
vRhyme_unbinned_55__MGr3G3H3I_000000165953_3	vRhyme_unbinned_55__MGr3G3H3I_000000165953	vRhyme_unbinned_55__MGr3G3H3I_000000165953	0.8170349	medium	0.4175	high	unclassified	K26901; Mesyanzhinovviridae DNA helicase	0.0	low	0.0	low
vRhyme_unbinned_55__MGr3G3H3I_000000165953_4	vRhyme_unbinned_55__MGr3G3H3I_000000165953	vRhyme_unbinned_55__MGr3G3H3I_000000165953	0.65774745	medium	0.0417	low	unclassified		0.0814	medium	0.0034	low
vRhyme_unbinned_55__MGr3G3H3I_000000165953_5	vRhyme_unbinned_55__MGr3G3H3I_000000165953	vRhyme_unbinned_55__MGr3G3H3I_000000165953	0.2704129	low	0.149	medium	unclassified		0.0	low	0.0	low
vRhyme_unbinned_55__MGr3G3H3I_000000165953_6	vRhyme_unbinned_55__MGr3G3H3I_000000165953	vRhyme_unbinned_55__MGr3G3H3I_000000165953	0.54531765	low	0.0855	medium	unclassified	radical SAM domain protein	0.0	low	0.0	low
vRhyme_unbinned_55__MGr3G3H3I_000000165953_7	vRhyme_unbinned_55__MGr3G3H3I_000000165953	vRhyme_unbinned_55__MGr3G3H3I_000000165953	0.35486415	low	0.2955	medium	unclassified		0.0	low	0.0	low
vRhyme_unbinned_55__MGr3G3H3I_000000165953_8	vRhyme_unbinned_55__MGr3G3H3I_000000165953	vRhyme_unbinned_55__MGr3G3H3I_000000165953	0.08139291	low	0.4539	high	unclassified		0.0	low	0.0	low
vRhyme_unbinned_55__MGr3G3H3I_000000165953_9	vRhyme_unbinned_55__MGr3G3H3I_000000165953	vRhyme_unbinned_55__MGr3G3H3I_000000165953	0.1526738	low	0.2038	medium	unclassified		0.0	low	0.0	low
vRhyme_unbinned_55__MGr3G3H3I_000000165953_10	vRhyme_unbinned_55__MGr3G3H3I_000000165953	vRhyme_unbinned_55__MGr3G3H3I_000000165953	0.23458184	low	0.6604	high	unclassified		0.0	low	0.0	low
vRhyme_unbinned_56__MGr3G3H3I_000000166676_1	vRhyme_unbinned_56__MGr3G3H3I_000000166676	vRhyme_unbinned_56__MGr3G3H3I_000000166676	0.95336926	high	1.0	very high	unclassified		0.0	low	0.0	low
vRhyme_unbinned_56__MGr3G3H3I_000000166676_2	vRhyme_unbinned_56__MGr3G3H3I_000000166676	vRhyme_unbinned_56__MGr3G3H3I_000000166676	0.95515317	high	1.0	very high	unclassified		0.0	low	0.0	low
vRhyme_unbinned_56__MGr3G3H3I_000000166676_3	vRhyme_unbinned_56__MGr3G3H3I_000000166676	vRhyme_unbinned_56__MGr3G3H3I_000000166676	0.9550465	high	1.0	very high	unclassified		0.0	low	0.0	low
vRhyme_unbinned_56__MGr3G3H3I_000000166676_4	vRhyme_unbinned_56__MGr3G3H3I_000000166676	vRhyme_unbinned_56__MGr3G3H3I_000000166676	0.96037805	high	1.0	very high	unclassified		0.0	low	0.0	low
vRhyme_unbinned_56__MGr3G3H3I_000000166676_5	vRhyme_unbinned_56__MGr3G3H3I_000000166676	vRhyme_unbinned_56__MGr3G3H3I_000000166676	0.95542365	high	1.0	very high	unclassified		0.0	low	0.0	low
vRhyme_unbinned_56__MGr3G3H3I_000000166676_6	vRhyme_unbinned_56__MGr3G3H3I_000000166676	vRhyme_unbinned_56__MGr3G3H3I_000000166676	0.9159517	high	1.0	very high	unclassified	phosphoesterase	0.0	low	0.0	low
vRhyme_unbinned_56__MGr3G3H3I_000000166676_7	vRhyme_unbinned_56__MGr3G3H3I_000000166676	vRhyme_unbinned_56__MGr3G3H3I_000000166676	0.95689756	high	1.0	very high	unclassified		0.0	low	0.0	low
vRhyme_unbinned_56__MGr3G3H3I_000000166676_8	vRhyme_unbinned_56__MGr3G3H3I_000000166676	vRhyme_unbinned_56__MGr3G3H3I_000000166676	0.95949215	high	1.0	very high	unclassified		0.0	low	0.0	low
vRhyme_unbinned_56__MGr3G3H3I_000000166676_9	vRhyme_unbinned_56__MGr3G3H3I_000000166676	vRhyme_unbinned_56__MGr3G3H3I_000000166676	0.9555348	high	1.0	very high	unclassified		0.0	low	0.0	low
vRhyme_unbinned_56__MGr3G3H3I_000000166676_10	vRhyme_unbinned_56__MGr3G3H3I_000000166676	vRhyme_unbinned_56__MGr3G3H3I_000000166676	0.9571289	high	1.0	very high	unclassified		0.0	low	0.0	low
vRhyme_unbinned_56__MGr3G3H3I_000000166676_11	vRhyme_unbinned_56__MGr3G3H3I_000000166676	vRhyme_unbinned_56__MGr3G3H3I_000000166676	0.9630217	high	1.0	very high	unclassified		0.0	low	0.0	low
vRhyme_unbinned_56__MGr3G3H3I_000000166676_12	vRhyme_unbinned_56__MGr3G3H3I_000000166676	vRhyme_unbinned_56__MGr3G3H3I_000000166676	0.965865	high	1.0	very high	unclassified		0.0	low	0.0	low
vRhyme_unbinned_56__MGr3G3H3I_000000166676_13	vRhyme_unbinned_56__MGr3G3H3I_000000166676	vRhyme_unbinned_56__MGr3G3H3I_000000166676	0.9593089	high	1.0	very high	unclassified		0.0	low	0.0	low
vRhyme_unbinned_56__MGr3G3H3I_000000166676_14	vRhyme_unbinned_56__MGr3G3H3I_000000166676	vRhyme_unbinned_56__MGr3G3H3I_000000166676	0.9620601	high	1.0	very high	unclassified		0.0	low	0.0	low
vRhyme_unbinned_56__MGr3G3H3I_000000166676_15	vRhyme_unbinned_56__MGr3G3H3I_000000166676	vRhyme_unbinned_56__MGr3G3H3I_000000166676	0.96307725	high	1.0	very high	unclassified		0.0	low	0.0	low
vRhyme_unbinned_56__MGr3G3H3I_000000166676_16	vRhyme_unbinned_56__MGr3G3H3I_000000166676	vRhyme_unbinned_56__MGr3G3H3I_000000166676	0.96414614	high	1.0	very high	unclassified		0.0	low	0.0	low
vRhyme_unbinned_56__MGr3G3H3I_000000166676_17	vRhyme_unbinned_56__MGr3G3H3I_000000166676	vRhyme_unbinned_56__MGr3G3H3I_000000166676	0.96424836	high	1.0	very high	unclassified		0.0	low	0.0	low
vRhyme_unbinned_56__MGr3G3H3I_000000166676_18	vRhyme_unbinned_56__MGr3G3H3I_000000166676	vRhyme_unbinned_56__MGr3G3H3I_000000166676	0.9676075	high	1.0	very high	unclassified		0.0	low	0.0	low
vRhyme_unbinned_56__MGr3G3H3I_000000166676_19	vRhyme_unbinned_56__MGr3G3H3I_000000166676	vRhyme_unbinned_56__MGr3G3H3I_000000166676	0.96768034	high	1.0	very high	unclassified		0.0	low	0.0	low
vRhyme_unbinned_56__MGr3G3H3I_000000166676_20	vRhyme_unbinned_56__MGr3G3H3I_000000166676	vRhyme_unbinned_56__MGr3G3H3I_000000166676	0.97026795	high	1.0	very high	unclassified		0.0	low	0.0	low
vRhyme_unbinned_56__MGr3G3H3I_000000166676_21	vRhyme_unbinned_56__MGr3G3H3I_000000166676	vRhyme_unbinned_56__MGr3G3H3I_000000166676	0.9412255	high	1.0	very high	unclassified		0.0	low	0.0	low
vRhyme_unbinned_56__MGr3G3H3I_000000166676_22	vRhyme_unbinned_56__MGr3G3H3I_000000166676	vRhyme_unbinned_56__MGr3G3H3I_000000166676	0.9488225	high	1.0	very high	unclassified		0.0	low	0.0	low
vRhyme_unbinned_56__MGr3G3H3I_000000166676_23	vRhyme_unbinned_56__MGr3G3H3I_000000166676	vRhyme_unbinned_56__MGr3G3H3I_000000166676	0.9486881	high	1.0	very high	unclassified		0.0	low	0.0	low
vRhyme_unbinned_56__MGr3G3H3I_000000166676_24	vRhyme_unbinned_56__MGr3G3H3I_000000166676	vRhyme_unbinned_56__MGr3G3H3I_000000166676	0.9493567	high	1.0	very high	unclassified		0.0	low	0.0	low
vRhyme_unbinned_56__MGr3G3H3I_000000166676_25	vRhyme_unbinned_56__MGr3G3H3I_000000166676	vRhyme_unbinned_56__MGr3G3H3I_000000166676	0.95233893	high	1.0	very high	unclassified		0.0	low	0.0	low
vRhyme_unbinned_56__MGr3G3H3I_000000166676_26	vRhyme_unbinned_56__MGr3G3H3I_000000166676	vRhyme_unbinned_56__MGr3G3H3I_000000166676	0.97523415	high	1.0	very high	unclassified		0.0	low	0.0	low
vRhyme_unbinned_56__MGr3G3H3I_000000166676_27	vRhyme_unbinned_56__MGr3G3H3I_000000166676	vRhyme_unbinned_56__MGr3G3H3I_000000166676	0.9752639	high	1.0	very high	unclassified		0.0	low	0.0	low
vRhyme_unbinned_56__MGr3G3H3I_000000166676_28	vRhyme_unbinned_56__MGr3G3H3I_000000166676	vRhyme_unbinned_56__MGr3G3H3I_000000166676	0.974968	high	1.0	very high	unclassified		0.0	low	0.0	low
vRhyme_unbinned_56__MGr3G3H3I_000000166676_29	vRhyme_unbinned_56__MGr3G3H3I_000000166676	vRhyme_unbinned_56__MGr3G3H3I_000000166676	0.97526145	high	1.0	very high	unclassified		0.0	low	0.0	low
vRhyme_unbinned_56__MGr3G3H3I_000000166676_30	vRhyme_unbinned_56__MGr3G3H3I_000000166676	vRhyme_unbinned_56__MGr3G3H3I_000000166676	0.9782503	high	1.0	very high	unclassified		0.0	low	0.0	low
vRhyme_unbinned_56__MGr3G3H3I_000000166676_31	vRhyme_unbinned_56__MGr3G3H3I_000000166676	vRhyme_unbinned_56__MGr3G3H3I_000000166676	0.9754115	high	1.0	very high	unclassified		0.0	low	0.0	low
vRhyme_unbinned_56__MGr3G3H3I_000000166676_32	vRhyme_unbinned_56__MGr3G3H3I_000000166676	vRhyme_unbinned_56__MGr3G3H3I_000000166676	0.9755353	high	1.0	very high	unclassified		0.0	low	0.0	low
vRhyme_unbinned_57__MGr3G3H3I_000000170145_1	vRhyme_unbinned_57__MGr3G3H3I_000000170145	vRhyme_unbinned_57__MGr3G3H3I_000000170145	0.98337317	high	0.1991	medium	unclassified		0.0	low	0.0	low
vRhyme_unbinned_57__MGr3G3H3I_000000170145_2	vRhyme_unbinned_57__MGr3G3H3I_000000170145	vRhyme_unbinned_57__MGr3G3H3I_000000170145	0.97992665	high	0.9079	high	unclassified		0.0	low	0.0	low
vRhyme_unbinned_57__MGr3G3H3I_000000170145_3	vRhyme_unbinned_57__MGr3G3H3I_000000170145	vRhyme_unbinned_57__MGr3G3H3I_000000170145	0.97866243	high	0.798	high	unclassified		0.0	low	0.0	low
vRhyme_unbinned_57__MGr3G3H3I_000000170145_4	vRhyme_unbinned_57__MGr3G3H3I_000000170145	vRhyme_unbinned_57__MGr3G3H3I_000000170145	0.9555407	high	1.0	very high	unclassified		0.0	low	0.0	low
vRhyme_unbinned_57__MGr3G3H3I_000000170145_5	vRhyme_unbinned_57__MGr3G3H3I_000000170145	vRhyme_unbinned_57__MGr3G3H3I_000000170145	0.97167975	high	1.0	very high	unclassified		0.0	low	0.0	low
vRhyme_unbinned_57__MGr3G3H3I_000000170145_6	vRhyme_unbinned_57__MGr3G3H3I_000000170145	vRhyme_unbinned_57__MGr3G3H3I_000000170145	0.98237306	high	1.0	very high	unclassified	tail length tape measure protein	0.0	low	0.0	low
vRhyme_unbinned_57__MGr3G3H3I_000000170145_7	vRhyme_unbinned_57__MGr3G3H3I_000000170145	vRhyme_unbinned_57__MGr3G3H3I_000000170145	0.9805654	high	0.9608	high	unclassified		0.0	low	0.0	low
vRhyme_unbinned_57__MGr3G3H3I_000000170145_8	vRhyme_unbinned_57__MGr3G3H3I_000000170145	vRhyme_unbinned_57__MGr3G3H3I_000000170145	0.9802863	high	1.0	very high	unclassified		0.0	low	0.0	low
vRhyme_unbinned_57__MGr3G3H3I_000000170145_9	vRhyme_unbinned_57__MGr3G3H3I_000000170145	vRhyme_unbinned_57__MGr3G3H3I_000000170145	0.97685283	high	1.0	very high	unclassified		0.0	low	0.0	low
vRhyme_unbinned_57__MGr3G3H3I_000000170145_10	vRhyme_unbinned_57__MGr3G3H3I_000000170145	vRhyme_unbinned_57__MGr3G3H3I_000000170145	0.97417367	high	1.0	very high	unclassified		0.0	low	0.0	low
vRhyme_unbinned_57__MGr3G3H3I_000000170145_11	vRhyme_unbinned_57__MGr3G3H3I_000000170145	vRhyme_unbinned_57__MGr3G3H3I_000000170145	0.97299194	high	1.0	very high	unclassified		0.0	low	0.0	low
vRhyme_unbinned_57__MGr3G3H3I_000000170145_12	vRhyme_unbinned_57__MGr3G3H3I_000000170145	vRhyme_unbinned_57__MGr3G3H3I_000000170145	0.97525364	high	1.0	very high	unclassified		0.0	low	0.0	low
vRhyme_unbinned_57__MGr3G3H3I_000000170145_13	vRhyme_unbinned_57__MGr3G3H3I_000000170145	vRhyme_unbinned_57__MGr3G3H3I_000000170145	0.9724417	high	0.9537	high	unclassified		0.0	low	0.0	low
vRhyme_unbinned_57__MGr3G3H3I_000000170145_14	vRhyme_unbinned_57__MGr3G3H3I_000000170145	vRhyme_unbinned_57__MGr3G3H3I_000000170145	0.9732827	high	1.0	very high	unclassified		0.0	low	0.0	low
vRhyme_unbinned_58__MGr3G3H3I_000000175243_1	vRhyme_unbinned_58__MGr3G3H3I_000000175243	vRhyme_unbinned_58__MGr3G3H3I_000000175243	0.58226806	medium	0.0955	medium	unclassified		0.0	low	0.0	low
vRhyme_unbinned_58__MGr3G3H3I_000000175243_2	vRhyme_unbinned_58__MGr3G3H3I_000000175243	vRhyme_unbinned_58__MGr3G3H3I_000000175243	0.5789127	medium	1.0	very high	unclassified		0.0	low	0.0	low
vRhyme_unbinned_58__MGr3G3H3I_000000175243_3	vRhyme_unbinned_58__MGr3G3H3I_000000175243	vRhyme_unbinned_58__MGr3G3H3I_000000175243	0.87217766	medium	0.9089	high	unclassified		0.0	low	0.0	low
vRhyme_unbinned_58__MGr3G3H3I_000000175243_4	vRhyme_unbinned_58__MGr3G3H3I_000000175243	vRhyme_unbinned_58__MGr3G3H3I_000000175243	0.90058804	medium	0.9559	high	unclassified		0.0	low	0.0	low
vRhyme_unbinned_58__MGr3G3H3I_000000175243_5	vRhyme_unbinned_58__MGr3G3H3I_000000175243	vRhyme_unbinned_58__MGr3G3H3I_000000175243	0.75878185	medium	0.8528	high	unclassified	""	0.0	low	0.0	low
vRhyme_unbinned_58__MGr3G3H3I_000000175243_6	vRhyme_unbinned_58__MGr3G3H3I_000000175243	vRhyme_unbinned_58__MGr3G3H3I_000000175243	0.84743655	medium	0.819	high	unclassified		0.0	low	0.0	low
vRhyme_unbinned_58__MGr3G3H3I_000000175243_7	vRhyme_unbinned_58__MGr3G3H3I_000000175243	vRhyme_unbinned_58__MGr3G3H3I_000000175243	0.853143	medium	0.7266	high	unclassified		0.0	low	0.0	low
vRhyme_unbinned_58__MGr3G3H3I_000000175243_8	vRhyme_unbinned_58__MGr3G3H3I_000000175243	vRhyme_unbinned_58__MGr3G3H3I_000000175243	0.79585946	medium	0.8896	high	unclassified		0.0	low	0.0	low
vRhyme_unbinned_58__MGr3G3H3I_000000175243_9	vRhyme_unbinned_58__MGr3G3H3I_000000175243	vRhyme_unbinned_58__MGr3G3H3I_000000175243	0.7141246	medium	0.804	high	unclassified		0.0	low	0.0	low
vRhyme_unbinned_58__MGr3G3H3I_000000175243_10	vRhyme_unbinned_58__MGr3G3H3I_000000175243	vRhyme_unbinned_58__MGr3G3H3I_000000175243	0.80857736	medium	0.9573	high	unclassified		0.0	low	0.0	low
vRhyme_unbinned_58__MGr3G3H3I_000000175243_11	vRhyme_unbinned_58__MGr3G3H3I_000000175243	vRhyme_unbinned_58__MGr3G3H3I_000000175243	0.8300372	medium	0.5588	high	unclassified		0.0	low	0.0	low
vRhyme_unbinned_58__MGr3G3H3I_000000175243_12	vRhyme_unbinned_58__MGr3G3H3I_000000175243	vRhyme_unbinned_58__MGr3G3H3I_000000175243	0.80009943	medium	0.8763	high	unclassified		0.0	low	0.0	low
vRhyme_unbinned_58__MGr3G3H3I_000000175243_13	vRhyme_unbinned_58__MGr3G3H3I_000000175243	vRhyme_unbinned_58__MGr3G3H3I_000000175243	0.6387245	medium	0.9582	high	unclassified		0.0	low	0.0	low
vRhyme_unbinned_58__MGr3G3H3I_000000175243_14	vRhyme_unbinned_58__MGr3G3H3I_000000175243	vRhyme_unbinned_58__MGr3G3H3I_000000175243	0.8441235	medium	0.9453	high	unclassified		0.0	low	0.0	low
vRhyme_unbinned_58__MGr3G3H3I_000000175243_15	vRhyme_unbinned_58__MGr3G3H3I_000000175243	vRhyme_unbinned_58__MGr3G3H3I_000000175243	0.8881026	medium	0.7915	high	unclassified		0.0	low	0.0	low
vRhyme_unbinned_58__MGr3G3H3I_000000175243_16	vRhyme_unbinned_58__MGr3G3H3I_000000175243	vRhyme_unbinned_58__MGr3G3H3I_000000175243	0.5433042	low	1.0	very high	unclassified		0.0926	medium	0.0926	medium
vRhyme_unbinned_58__MGr3G3H3I_000000175243_17	vRhyme_unbinned_58__MGr3G3H3I_000000175243	vRhyme_unbinned_58__MGr3G3H3I_000000175243	0.7839657	medium	0.8963	high	unclassified		0.0	low	0.0	low
vRhyme_unbinned_58__MGr3G3H3I_000000175243_18	vRhyme_unbinned_58__MGr3G3H3I_000000175243	vRhyme_unbinned_58__MGr3G3H3I_000000175243	0.7885395	medium	0.7881	high	unclassified		0.0	low	0.0	low
vRhyme_unbinned_58__MGr3G3H3I_000000175243_19	vRhyme_unbinned_58__MGr3G3H3I_000000175243	vRhyme_unbinned_58__MGr3G3H3I_000000175243	0.5288709	low	1.0	very high	unclassified		0.0726	medium	0.0726	low
vRhyme_unbinned_58__MGr3G3H3I_000000175243_20	vRhyme_unbinned_58__MGr3G3H3I_000000175243	vRhyme_unbinned_58__MGr3G3H3I_000000175243	0.47440508	low	0.8807	high	unclassified	integrase	0.0	low	0.0	low
vRhyme_unbinned_58__MGr3G3H3I_000000175243_21	vRhyme_unbinned_58__MGr3G3H3I_000000175243	vRhyme_unbinned_58__MGr3G3H3I_000000175243	0.4733262	low	1.0	very high	unclassified		0.0	low	0.0	low
vRhyme_unbinned_59__MGr3G3H3I_000000178285_1	vRhyme_unbinned_59__MGr3G3H3I_000000178285	vRhyme_unbinned_59__MGr3G3H3I_000000178285	0.9864276	high	1.0	very high	unclassified	DNA methyltransferase	0.0	low	0.0	low
vRhyme_unbinned_59__MGr3G3H3I_000000178285_2	vRhyme_unbinned_59__MGr3G3H3I_000000178285	vRhyme_unbinned_59__MGr3G3H3I_000000178285	0.9824909	high	0.8497	high	unclassified		0.0	low	0.0	low
vRhyme_unbinned_59__MGr3G3H3I_000000178285_3	vRhyme_unbinned_59__MGr3G3H3I_000000178285	vRhyme_unbinned_59__MGr3G3H3I_000000178285	0.96256524	high	0.8777	high	unclassified		0.0	low	0.0	low
vRhyme_unbinned_59__MGr3G3H3I_000000178285_4	vRhyme_unbinned_59__MGr3G3H3I_000000178285	vRhyme_unbinned_59__MGr3G3H3I_000000178285	0.9525163	high	0.7597	high	unclassified		0.0	low	0.0	low
vRhyme_unbinned_59__MGr3G3H3I_000000178285_5	vRhyme_unbinned_59__MGr3G3H3I_000000178285	vRhyme_unbinned_59__MGr3G3H3I_000000178285	0.961133	high	0.6861	high	unclassified		0.0	low	0.0	low
vRhyme_unbinned_59__MGr3G3H3I_000000178285_6	vRhyme_unbinned_59__MGr3G3H3I_000000178285	vRhyme_unbinned_59__MGr3G3H3I_000000178285	0.9765014	high	0.664	high	unclassified		0.0	low	0.0	low
vRhyme_unbinned_59__MGr3G3H3I_000000178285_7	vRhyme_unbinned_59__MGr3G3H3I_000000178285	vRhyme_unbinned_59__MGr3G3H3I_000000178285	0.97273034	high	0.7607	high	unclassified		0.0	low	0.0	low
vRhyme_unbinned_59__MGr3G3H3I_000000178285_8	vRhyme_unbinned_59__MGr3G3H3I_000000178285	vRhyme_unbinned_59__MGr3G3H3I_000000178285	0.97821546	high	0.7287	high	unclassified		0.0	low	0.0	low
vRhyme_unbinned_59__MGr3G3H3I_000000178285_9	vRhyme_unbinned_59__MGr3G3H3I_000000178285	vRhyme_unbinned_59__MGr3G3H3I_000000178285	0.97887534	high	0.8995	high	unclassified		0.0	low	0.0	low
vRhyme_unbinned_59__MGr3G3H3I_000000178285_10	vRhyme_unbinned_59__MGr3G3H3I_000000178285	vRhyme_unbinned_59__MGr3G3H3I_000000178285	0.9757748	high	0.8475	high	unclassified		0.0	low	0.0	low
vRhyme_unbinned_59__MGr3G3H3I_000000178285_11	vRhyme_unbinned_59__MGr3G3H3I_000000178285	vRhyme_unbinned_59__MGr3G3H3I_000000178285	0.9188765	high	0.6964	high	unclassified		0.0	low	0.0	low
vRhyme_unbinned_59__MGr3G3H3I_000000178285_12	vRhyme_unbinned_59__MGr3G3H3I_000000178285	vRhyme_unbinned_59__MGr3G3H3I_000000178285	0.95565146	high	1.0	very high	unclassified		0.0	low	0.0	low
vRhyme_unbinned_59__MGr3G3H3I_000000178285_13	vRhyme_unbinned_59__MGr3G3H3I_000000178285	vRhyme_unbinned_59__MGr3G3H3I_000000178285	0.92666054	high	0.9264	high	unclassified	integrase	0.0	low	0.0	low
vRhyme_unbinned_5__MGr3G3H3I_000000011984_1	vRhyme_unbinned_5__MGr3G3H3I_000000011984	vRhyme_unbinned_5__MGr3G3H3I_000000011984	0.05064552	low	0.9481	high	unclassified		0.0	low	0.0	low
vRhyme_unbinned_5__MGr3G3H3I_000000011984_2	vRhyme_unbinned_5__MGr3G3H3I_000000011984	vRhyme_unbinned_5__MGr3G3H3I_000000011984	0.047860242	low	0.7708	high	unclassified		0.0	low	0.0	low
vRhyme_unbinned_5__MGr3G3H3I_000000011984_3	vRhyme_unbinned_5__MGr3G3H3I_000000011984	vRhyme_unbinned_5__MGr3G3H3I_000000011984	0.02434834	low	0.9549	high	unclassified		0.0	low	0.0	low
vRhyme_unbinned_5__MGr3G3H3I_000000011984_4	vRhyme_unbinned_5__MGr3G3H3I_000000011984	vRhyme_unbinned_5__MGr3G3H3I_000000011984	0.080740795	low	0.9562	high	unclassified		0.0	low	0.0	low
vRhyme_unbinned_5__MGr3G3H3I_000000011984_5	vRhyme_unbinned_5__MGr3G3H3I_000000011984	vRhyme_unbinned_5__MGr3G3H3I_000000011984	0.04506774	low	1.0	very high	unclassified		0.0	low	0.0	low
vRhyme_unbinned_5__MGr3G3H3I_000000011984_6	vRhyme_unbinned_5__MGr3G3H3I_000000011984	vRhyme_unbinned_5__MGr3G3H3I_000000011984	0.04421324	low	0.9005	high	unclassified		0.0	low	0.0	low
vRhyme_unbinned_5__MGr3G3H3I_000000011984_7	vRhyme_unbinned_5__MGr3G3H3I_000000011984	vRhyme_unbinned_5__MGr3G3H3I_000000011984	0.04400279	low	0.9027	high	unclassified	WDGH domain	0.0	low	0.0	low
vRhyme_unbinned_5__MGr3G3H3I_000000011984_8	vRhyme_unbinned_5__MGr3G3H3I_000000011984	vRhyme_unbinned_5__MGr3G3H3I_000000011984	0.021179747	low	1.0	very high	unclassified		0.0	low	0.0	low
vRhyme_unbinned_5__MGr3G3H3I_000000011984_9	vRhyme_unbinned_5__MGr3G3H3I_000000011984	vRhyme_unbinned_5__MGr3G3H3I_000000011984	0.059371777	low	1.0	very high	unclassified	integrase	0.0	low	0.0	low
vRhyme_unbinned_5__MGr3G3H3I_000000011984_10	vRhyme_unbinned_5__MGr3G3H3I_000000011984	vRhyme_unbinned_5__MGr3G3H3I_000000011984	0.08585914	low	0.7966	high	unclassified		0.0	low	0.0	low
vRhyme_unbinned_5__MGr3G3H3I_000000011984_11	vRhyme_unbinned_5__MGr3G3H3I_000000011984	vRhyme_unbinned_5__MGr3G3H3I_000000011984	0.23914446	low	0.881	high	unclassified		0.0	low	0.0	low
vRhyme_unbinned_5__MGr3G3H3I_000000011984_12	vRhyme_unbinned_5__MGr3G3H3I_000000011984	vRhyme_unbinned_5__MGr3G3H3I_000000011984	0.24799	low	1.0	very high	unclassified		0.0	low	0.0	low
vRhyme_unbinned_5__MGr3G3H3I_000000011984_13	vRhyme_unbinned_5__MGr3G3H3I_000000011984	vRhyme_unbinned_5__MGr3G3H3I_000000011984	0.21245986	low	1.0	very high	unclassified		0.0	low	0.0	low
vRhyme_unbinned_5__MGr3G3H3I_000000011984_14	vRhyme_unbinned_5__MGr3G3H3I_000000011984	vRhyme_unbinned_5__MGr3G3H3I_000000011984	0.15713327	low	0.8706	high	unclassified		0.0	low	0.0	low
vRhyme_unbinned_5__MGr3G3H3I_000000011984_15	vRhyme_unbinned_5__MGr3G3H3I_000000011984	vRhyme_unbinned_5__MGr3G3H3I_000000011984	0.14424238	low	1.0	very high	unclassified		0.0	low	0.0	low
vRhyme_unbinned_5__MGr3G3H3I_000000011984_16	vRhyme_unbinned_5__MGr3G3H3I_000000011984	vRhyme_unbinned_5__MGr3G3H3I_000000011984	0.23685119	low	1.0	very high	unclassified		0.0	low	0.0	low
vRhyme_unbinned_60__MGr3G3H3I_000000180455_1	vRhyme_unbinned_60__MGr3G3H3I_000000180455	vRhyme_unbinned_60__MGr3G3H3I_000000180455	0.9374151	high	1.0	very high	unclassified		0.0	low	0.0	low
vRhyme_unbinned_60__MGr3G3H3I_000000180455_2	vRhyme_unbinned_60__MGr3G3H3I_000000180455	vRhyme_unbinned_60__MGr3G3H3I_000000180455	0.9413073	high	1.0	very high	unclassified		0.0	low	0.0	low
vRhyme_unbinned_60__MGr3G3H3I_000000180455_3	vRhyme_unbinned_60__MGr3G3H3I_000000180455	vRhyme_unbinned_60__MGr3G3H3I_000000180455	0.9425304	high	1.0	very high	unclassified		0.0	low	0.0	low
vRhyme_unbinned_60__MGr3G3H3I_000000180455_4	vRhyme_unbinned_60__MGr3G3H3I_000000180455	vRhyme_unbinned_60__MGr3G3H3I_000000180455	0.64938396	medium	1.0	very high	physiological	anti-restriction protein	0.8515	high	0.8515	high
vRhyme_unbinned_60__MGr3G3H3I_000000180455_5	vRhyme_unbinned_60__MGr3G3H3I_000000180455	vRhyme_unbinned_60__MGr3G3H3I_000000180455	0.76980025	medium	0.9531	high	unclassified		0.0	low	0.0	low
vRhyme_unbinned_60__MGr3G3H3I_000000180455_6	vRhyme_unbinned_60__MGr3G3H3I_000000180455	vRhyme_unbinned_60__MGr3G3H3I_000000180455	0.96174914	high	1.0	very high	unclassified		0.0	low	0.0	low
vRhyme_unbinned_60__MGr3G3H3I_000000180455_7	vRhyme_unbinned_60__MGr3G3H3I_000000180455	vRhyme_unbinned_60__MGr3G3H3I_000000180455	0.8507939	medium	0.9572	high	unclassified		0.8964	high	0.8581	high
vRhyme_unbinned_60__MGr3G3H3I_000000180455_8	vRhyme_unbinned_60__MGr3G3H3I_000000180455	vRhyme_unbinned_60__MGr3G3H3I_000000180455	0.9583329	high	1.0	very high	unclassified		0.0	low	0.0	low
vRhyme_unbinned_60__MGr3G3H3I_000000180455_9	vRhyme_unbinned_60__MGr3G3H3I_000000180455	vRhyme_unbinned_60__MGr3G3H3I_000000180455	0.95429146	high	1.0	very high	unclassified		0.0	low	0.0	low
vRhyme_unbinned_60__MGr3G3H3I_000000180455_10	vRhyme_unbinned_60__MGr3G3H3I_000000180455	vRhyme_unbinned_60__MGr3G3H3I_000000180455	0.9015508	medium	1.0	very high	unclassified		0.0	low	0.0	low
vRhyme_unbinned_60__MGr3G3H3I_000000180455_11	vRhyme_unbinned_60__MGr3G3H3I_000000180455	vRhyme_unbinned_60__MGr3G3H3I_000000180455	0.9366058	high	1.0	very high	unclassified		0.0	low	0.0	low
vRhyme_unbinned_60__MGr3G3H3I_000000180455_12	vRhyme_unbinned_60__MGr3G3H3I_000000180455	vRhyme_unbinned_60__MGr3G3H3I_000000180455	0.91926324	high	1.0	very high	unclassified		0.0	low	0.0	low
vRhyme_unbinned_60__MGr3G3H3I_000000180455_13	vRhyme_unbinned_60__MGr3G3H3I_000000180455	vRhyme_unbinned_60__MGr3G3H3I_000000180455	0.9305889	high	1.0	very high	unclassified		0.0	low	0.0	low
vRhyme_unbinned_60__MGr3G3H3I_000000180455_14	vRhyme_unbinned_60__MGr3G3H3I_000000180455	vRhyme_unbinned_60__MGr3G3H3I_000000180455	0.96047145	high	1.0	very high	unclassified		0.0	low	0.0	low
vRhyme_unbinned_60__MGr3G3H3I_000000180455_15	vRhyme_unbinned_60__MGr3G3H3I_000000180455	vRhyme_unbinned_60__MGr3G3H3I_000000180455	0.95051825	high	1.0	very high	unclassified		0.0	low	0.0	low
vRhyme_unbinned_60__MGr3G3H3I_000000180455_16	vRhyme_unbinned_60__MGr3G3H3I_000000180455	vRhyme_unbinned_60__MGr3G3H3I_000000180455	0.9509537	high	1.0	very high	unclassified		0.0	low	0.0	low
vRhyme_unbinned_60__MGr3G3H3I_000000180455_17	vRhyme_unbinned_60__MGr3G3H3I_000000180455	vRhyme_unbinned_60__MGr3G3H3I_000000180455	0.9184354	high	1.0	very high	unclassified		0.0	low	0.0	low
vRhyme_unbinned_60__MGr3G3H3I_000000180455_18	vRhyme_unbinned_60__MGr3G3H3I_000000180455	vRhyme_unbinned_60__MGr3G3H3I_000000180455	0.9263399	high	1.0	very high	unclassified		0.0	low	0.0	low
vRhyme_unbinned_60__MGr3G3H3I_000000180455_19	vRhyme_unbinned_60__MGr3G3H3I_000000180455	vRhyme_unbinned_60__MGr3G3H3I_000000180455	0.8325859	medium	1.0	very high	unclassified		0.0	low	0.0	low
vRhyme_unbinned_62__MGr3G3H3I_000000188077_1	vRhyme_unbinned_62__MGr3G3H3I_000000188077	vRhyme_unbinned_62__MGr3G3H3I_000000188077	0.99272865	high	1.0	very high	unclassified	tail sheath	0.0	low	0.0	low
vRhyme_unbinned_62__MGr3G3H3I_000000188077_2	vRhyme_unbinned_62__MGr3G3H3I_000000188077	vRhyme_unbinned_62__MGr3G3H3I_000000188077	0.9960236	high	1.0	very high	unclassified		0.0	low	0.0	low
vRhyme_unbinned_62__MGr3G3H3I_000000188077_3	vRhyme_unbinned_62__MGr3G3H3I_000000188077	vRhyme_unbinned_62__MGr3G3H3I_000000188077	0.9896285	high	1.0	very high	unclassified	portal protein	0.0	low	0.0	low
vRhyme_unbinned_62__MGr3G3H3I_000000188077_4	vRhyme_unbinned_62__MGr3G3H3I_000000188077	vRhyme_unbinned_62__MGr3G3H3I_000000188077	0.99769646	high	1.0	very high	unclassified	Bacteriophage Mu, Gp36	0.0	low	0.0	low
vRhyme_unbinned_62__MGr3G3H3I_000000188077_5	vRhyme_unbinned_62__MGr3G3H3I_000000188077	vRhyme_unbinned_62__MGr3G3H3I_000000188077	0.99839324	high	1.0	very high	unclassified		0.0	low	0.0	low
vRhyme_unbinned_62__MGr3G3H3I_000000188077_6	vRhyme_unbinned_62__MGr3G3H3I_000000188077	vRhyme_unbinned_62__MGr3G3H3I_000000188077	0.9989714	high	1.0	very high	unclassified	Mu-like prophage major head subunit gpT	0.0	low	0.0	low
vRhyme_unbinned_62__MGr3G3H3I_000000188077_7	vRhyme_unbinned_62__MGr3G3H3I_000000188077	vRhyme_unbinned_62__MGr3G3H3I_000000188077	0.99856	high	1.0	very high	unclassified		0.0	low	0.0	low
vRhyme_unbinned_62__MGr3G3H3I_000000188077_8	vRhyme_unbinned_62__MGr3G3H3I_000000188077	vRhyme_unbinned_62__MGr3G3H3I_000000188077	0.99866575	high	1.0	very high	unclassified	head maturation protease	0.0	low	0.0	low
vRhyme_unbinned_62__MGr3G3H3I_000000188077_9	vRhyme_unbinned_62__MGr3G3H3I_000000188077	vRhyme_unbinned_62__MGr3G3H3I_000000188077	0.99763113	high	1.0	very high	unclassified		0.0537	low	0.0537	low
vRhyme_unbinned_62__MGr3G3H3I_000000188077_10	vRhyme_unbinned_62__MGr3G3H3I_000000188077	vRhyme_unbinned_62__MGr3G3H3I_000000188077	0.9978323	high	1.0	very high	unclassified		0.0	low	0.0	low
vRhyme_unbinned_62__MGr3G3H3I_000000188077_11	vRhyme_unbinned_62__MGr3G3H3I_000000188077	vRhyme_unbinned_62__MGr3G3H3I_000000188077	0.99853396	high	1.0	very high	unclassified	tail completion or Neck1 protein	0.0	low	0.0	low
vRhyme_unbinned_62__MGr3G3H3I_000000188077_12	vRhyme_unbinned_62__MGr3G3H3I_000000188077	vRhyme_unbinned_62__MGr3G3H3I_000000188077	0.9994227	high	1.0	very high	unclassified		0.0	low	0.0	low
vRhyme_unbinned_62__MGr3G3H3I_000000188077_13	vRhyme_unbinned_62__MGr3G3H3I_000000188077	vRhyme_unbinned_62__MGr3G3H3I_000000188077	0.99966115	high	1.0	very high	unclassified	portal protein	0.0	low	0.0	low
vRhyme_unbinned_62__MGr3G3H3I_000000188077_14	vRhyme_unbinned_62__MGr3G3H3I_000000188077	vRhyme_unbinned_62__MGr3G3H3I_000000188077	0.99927145	high	1.0	very high	unclassified		0.0	low	0.0	low
vRhyme_unbinned_62__MGr3G3H3I_000000188077_15	vRhyme_unbinned_62__MGr3G3H3I_000000188077	vRhyme_unbinned_62__MGr3G3H3I_000000188077	0.9987205	high	1.0	very high	unclassified	terminase large subunit	0.0	low	0.0	low
vRhyme_unbinned_62__MGr3G3H3I_000000188077_16	vRhyme_unbinned_62__MGr3G3H3I_000000188077	vRhyme_unbinned_62__MGr3G3H3I_000000188077	0.9983086	high	1.0	very high	unclassified		0.0	low	0.0	low
vRhyme_unbinned_62__MGr3G3H3I_000000188077_17	vRhyme_unbinned_62__MGr3G3H3I_000000188077	vRhyme_unbinned_62__MGr3G3H3I_000000188077	0.9981287	high	1.0	very high	unclassified		0.0	low	0.0	low
vRhyme_unbinned_62__MGr3G3H3I_000000188077_18	vRhyme_unbinned_62__MGr3G3H3I_000000188077	vRhyme_unbinned_62__MGr3G3H3I_000000188077	0.99857044	high	1.0	very high	unclassified		0.0	low	0.0	low
vRhyme_unbinned_62__MGr3G3H3I_000000188077_19	vRhyme_unbinned_62__MGr3G3H3I_000000188077	vRhyme_unbinned_62__MGr3G3H3I_000000188077	0.9996439	high	1.0	very high	unclassified	terminase small subunit	0.0	low	0.0	low
vRhyme_unbinned_62__MGr3G3H3I_000000188077_20	vRhyme_unbinned_62__MGr3G3H3I_000000188077	vRhyme_unbinned_62__MGr3G3H3I_000000188077	0.99927616	high	1.0	very high	unclassified	""	0.0	low	0.0	low
vRhyme_unbinned_62__MGr3G3H3I_000000188077_21	vRhyme_unbinned_62__MGr3G3H3I_000000188077	vRhyme_unbinned_62__MGr3G3H3I_000000188077	0.9985158	high	1.0	very high	unclassified		0.0	low	0.0	low
vRhyme_unbinned_62__MGr3G3H3I_000000188077_22	vRhyme_unbinned_62__MGr3G3H3I_000000188077	vRhyme_unbinned_62__MGr3G3H3I_000000188077	0.99900776	high	1.0	very high	unclassified		0.0	low	0.0	low
vRhyme_unbinned_62__MGr3G3H3I_000000188077_23	vRhyme_unbinned_62__MGr3G3H3I_000000188077	vRhyme_unbinned_62__MGr3G3H3I_000000188077	0.99917376	high	1.0	very high	unclassified		0.0	low	0.0	low
vRhyme_unbinned_62__MGr3G3H3I_000000188077_24	vRhyme_unbinned_62__MGr3G3H3I_000000188077	vRhyme_unbinned_62__MGr3G3H3I_000000188077	0.99841547	high	1.0	very high	unclassified		0.0	low	0.0	low
vRhyme_unbinned_62__MGr3G3H3I_000000188077_25	vRhyme_unbinned_62__MGr3G3H3I_000000188077	vRhyme_unbinned_62__MGr3G3H3I_000000188077	0.99856514	high	1.0	very high	regulatory	late transcriptional activator	0.9139	high	0.9139	very high
vRhyme_unbinned_62__MGr3G3H3I_000000188077_26	vRhyme_unbinned_62__MGr3G3H3I_000000188077	vRhyme_unbinned_62__MGr3G3H3I_000000188077	0.99808365	high	1.0	very high	unclassified		0.0	low	0.0	low
vRhyme_unbinned_62__MGr3G3H3I_000000188077_27	vRhyme_unbinned_62__MGr3G3H3I_000000188077	vRhyme_unbinned_62__MGr3G3H3I_000000188077	0.99786776	high	1.0	very high	unclassified		0.0	low	0.0	low
vRhyme_unbinned_62__MGr3G3H3I_000000188077_28	vRhyme_unbinned_62__MGr3G3H3I_000000188077	vRhyme_unbinned_62__MGr3G3H3I_000000188077	0.9980809	high	1.0	very high	unclassified		0.0	low	0.0	low
vRhyme_unbinned_62__MGr3G3H3I_000000188077_29	vRhyme_unbinned_62__MGr3G3H3I_000000188077	vRhyme_unbinned_62__MGr3G3H3I_000000188077	0.9980647	high	1.0	very high	unclassified		0.0	low	0.0	low
vRhyme_unbinned_63__MGr3G3H3I_000000188717_1	vRhyme_unbinned_63__MGr3G3H3I_000000188717	vRhyme_unbinned_63__MGr3G3H3I_000000188717	0.92007	high	1.0	very high	unclassified		0.0	low	0.0	low
vRhyme_unbinned_63__MGr3G3H3I_000000188717_2	vRhyme_unbinned_63__MGr3G3H3I_000000188717	vRhyme_unbinned_63__MGr3G3H3I_000000188717	0.9201807	high	1.0	very high	unclassified		0.0	low	0.0	low
vRhyme_unbinned_63__MGr3G3H3I_000000188717_3	vRhyme_unbinned_63__MGr3G3H3I_000000188717	vRhyme_unbinned_63__MGr3G3H3I_000000188717	0.90995127	medium	1.0	very high	unclassified	virion structural protein	0.0	low	0.0	low
vRhyme_unbinned_63__MGr3G3H3I_000000188717_4	vRhyme_unbinned_63__MGr3G3H3I_000000188717	vRhyme_unbinned_63__MGr3G3H3I_000000188717	0.98583317	high	1.0	very high	unclassified	head maturation protease	0.0	low	0.0	low
vRhyme_unbinned_63__MGr3G3H3I_000000188717_5	vRhyme_unbinned_63__MGr3G3H3I_000000188717	vRhyme_unbinned_63__MGr3G3H3I_000000188717	0.99141693	high	1.0	very high	unclassified	Portal protein of Mu bacteriophage	0.0	low	0.0	low
vRhyme_unbinned_63__MGr3G3H3I_000000188717_6	vRhyme_unbinned_63__MGr3G3H3I_000000188717	vRhyme_unbinned_63__MGr3G3H3I_000000188717	0.9923422	high	1.0	very high	unclassified		0.0	low	0.0	low
vRhyme_unbinned_63__MGr3G3H3I_000000188717_7	vRhyme_unbinned_63__MGr3G3H3I_000000188717	vRhyme_unbinned_63__MGr3G3H3I_000000188717	0.9914961	high	1.0	very high	unclassified		0.0	low	0.0	low
vRhyme_unbinned_63__MGr3G3H3I_000000188717_8	vRhyme_unbinned_63__MGr3G3H3I_000000188717	vRhyme_unbinned_63__MGr3G3H3I_000000188717	0.9891509	high	1.0	very high	unclassified		0.0	low	0.0	low
vRhyme_unbinned_63__MGr3G3H3I_000000188717_9	vRhyme_unbinned_63__MGr3G3H3I_000000188717	vRhyme_unbinned_63__MGr3G3H3I_000000188717	0.98910254	high	1.0	very high	unclassified		0.0	low	0.0	low
vRhyme_unbinned_63__MGr3G3H3I_000000188717_10	vRhyme_unbinned_63__MGr3G3H3I_000000188717	vRhyme_unbinned_63__MGr3G3H3I_000000188717	0.9924347	high	1.0	very high	unclassified		0.0	low	0.0	low
vRhyme_unbinned_63__MGr3G3H3I_000000188717_11	vRhyme_unbinned_63__MGr3G3H3I_000000188717	vRhyme_unbinned_63__MGr3G3H3I_000000188717	0.99230444	high	1.0	very high	unclassified	DNA primase	0.0	low	0.0	low
vRhyme_unbinned_63__MGr3G3H3I_000000188717_12	vRhyme_unbinned_63__MGr3G3H3I_000000188717	vRhyme_unbinned_63__MGr3G3H3I_000000188717	0.97935885	high	1.0	very high	unclassified		0.0	low	0.0	low
vRhyme_unbinned_63__MGr3G3H3I_000000188717_13	vRhyme_unbinned_63__MGr3G3H3I_000000188717	vRhyme_unbinned_63__MGr3G3H3I_000000188717	0.9684786	high	1.0	very high	unclassified	radD; DNA repair protein RadD	0.0	low	0.0	low
vRhyme_unbinned_63__MGr3G3H3I_000000188717_14	vRhyme_unbinned_63__MGr3G3H3I_000000188717	vRhyme_unbinned_63__MGr3G3H3I_000000188717	0.9774232	high	1.0	very high	unclassified		0.0	low	0.0	low
vRhyme_unbinned_63__MGr3G3H3I_000000188717_15	vRhyme_unbinned_63__MGr3G3H3I_000000188717	vRhyme_unbinned_63__MGr3G3H3I_000000188717	0.9547406	high	1.0	very high	unclassified		0.0	low	0.0	low
vRhyme_unbinned_63__MGr3G3H3I_000000188717_16	vRhyme_unbinned_63__MGr3G3H3I_000000188717	vRhyme_unbinned_63__MGr3G3H3I_000000188717	0.95602685	high	1.0	very high	unclassified		0.0	low	0.0	low
vRhyme_unbinned_63__MGr3G3H3I_000000188717_17	vRhyme_unbinned_63__MGr3G3H3I_000000188717	vRhyme_unbinned_63__MGr3G3H3I_000000188717	0.94861275	high	1.0	very high	unclassified		0.0	low	0.0	low
vRhyme_unbinned_63__MGr3G3H3I_000000188717_18	vRhyme_unbinned_63__MGr3G3H3I_000000188717	vRhyme_unbinned_63__MGr3G3H3I_000000188717	0.9454604	high	1.0	very high	unclassified		0.0	low	0.0	low
vRhyme_unbinned_63__MGr3G3H3I_000000188717_19	vRhyme_unbinned_63__MGr3G3H3I_000000188717	vRhyme_unbinned_63__MGr3G3H3I_000000188717	0.9286758	high	1.0	very high	unclassified		0.0	low	0.0	low
vRhyme_unbinned_63__MGr3G3H3I_000000188717_20	vRhyme_unbinned_63__MGr3G3H3I_000000188717	vRhyme_unbinned_63__MGr3G3H3I_000000188717	0.9398791	high	1.0	very high	unclassified		0.0	low	0.0	low
vRhyme_unbinned_63__MGr3G3H3I_000000188717_21	vRhyme_unbinned_63__MGr3G3H3I_000000188717	vRhyme_unbinned_63__MGr3G3H3I_000000188717	0.87010056	medium	1.0	very high	unclassified		0.0	low	0.0	low
vRhyme_unbinned_63__MGr3G3H3I_000000188717_22	vRhyme_unbinned_63__MGr3G3H3I_000000188717	vRhyme_unbinned_63__MGr3G3H3I_000000188717	0.8833697	medium	1.0	very high	unclassified		0.0	low	0.0	low
vRhyme_unbinned_63__MGr3G3H3I_000000188717_23	vRhyme_unbinned_63__MGr3G3H3I_000000188717	vRhyme_unbinned_63__MGr3G3H3I_000000188717	0.88853246	medium	1.0	very high	unclassified		0.0	low	0.0	low
vRhyme_unbinned_63__MGr3G3H3I_000000188717_24	vRhyme_unbinned_63__MGr3G3H3I_000000188717	vRhyme_unbinned_63__MGr3G3H3I_000000188717	0.86781365	medium	1.0	very high	unclassified		1.0	very high	1.0	very high
vRhyme_unbinned_64__MGr3G3H3I_000000189417_1	vRhyme_unbinned_64__MGr3G3H3I_000000189417	vRhyme_unbinned_64__MGr3G3H3I_000000189417	0.9824989	high	1.0	very high	unclassified		0.0	low	0.0	low
vRhyme_unbinned_64__MGr3G3H3I_000000189417_2	vRhyme_unbinned_64__MGr3G3H3I_000000189417	vRhyme_unbinned_64__MGr3G3H3I_000000189417	0.9947799	high	1.0	very high	unclassified		0.0	low	0.0	low
vRhyme_unbinned_64__MGr3G3H3I_000000189417_3	vRhyme_unbinned_64__MGr3G3H3I_000000189417	vRhyme_unbinned_64__MGr3G3H3I_000000189417	0.99567646	high	1.0	very high	unclassified		0.0	low	0.0	low
vRhyme_unbinned_64__MGr3G3H3I_000000189417_4	vRhyme_unbinned_64__MGr3G3H3I_000000189417	vRhyme_unbinned_64__MGr3G3H3I_000000189417	0.99360895	high	1.0	very high	unclassified		0.0	low	0.0	low
vRhyme_unbinned_64__MGr3G3H3I_000000189417_5	vRhyme_unbinned_64__MGr3G3H3I_000000189417	vRhyme_unbinned_64__MGr3G3H3I_000000189417	0.9742354	high	1.0	very high	unclassified		0.0	low	0.0	low
vRhyme_unbinned_64__MGr3G3H3I_000000189417_6	vRhyme_unbinned_64__MGr3G3H3I_000000189417	vRhyme_unbinned_64__MGr3G3H3I_000000189417	0.98192334	high	1.0	very high	unclassified		0.0	low	0.0	low
vRhyme_unbinned_64__MGr3G3H3I_000000189417_7	vRhyme_unbinned_64__MGr3G3H3I_000000189417	vRhyme_unbinned_64__MGr3G3H3I_000000189417	0.9838097	high	1.0	very high	unclassified		0.0	low	0.0	low
vRhyme_unbinned_64__MGr3G3H3I_000000189417_8	vRhyme_unbinned_64__MGr3G3H3I_000000189417	vRhyme_unbinned_64__MGr3G3H3I_000000189417	0.9825415	high	1.0	very high	unclassified		0.0	low	0.0	low
vRhyme_unbinned_64__MGr3G3H3I_000000189417_9	vRhyme_unbinned_64__MGr3G3H3I_000000189417	vRhyme_unbinned_64__MGr3G3H3I_000000189417	0.9856304	high	1.0	very high	unclassified		0.0	low	0.0	low
vRhyme_unbinned_64__MGr3G3H3I_000000189417_10	vRhyme_unbinned_64__MGr3G3H3I_000000189417	vRhyme_unbinned_64__MGr3G3H3I_000000189417	0.9813151	high	1.0	very high	unclassified		0.0	low	0.0	low
vRhyme_unbinned_64__MGr3G3H3I_000000189417_11	vRhyme_unbinned_64__MGr3G3H3I_000000189417	vRhyme_unbinned_64__MGr3G3H3I_000000189417	0.9813151	high	1.0	very high	unclassified		0.0	low	0.0	low
vRhyme_unbinned_64__MGr3G3H3I_000000189417_12	vRhyme_unbinned_64__MGr3G3H3I_000000189417	vRhyme_unbinned_64__MGr3G3H3I_000000189417	0.9813151	high	1.0	very high	unclassified		0.0	low	0.0	low
vRhyme_unbinned_65__MGr3G3H3I_000000190758_1	vRhyme_unbinned_65__MGr3G3H3I_000000190758	vRhyme_unbinned_65__MGr3G3H3I_000000190758	0.8942636	medium	1.0	very high	unclassified		0.0	low	0.0	low
vRhyme_unbinned_65__MGr3G3H3I_000000190758_2	vRhyme_unbinned_65__MGr3G3H3I_000000190758	vRhyme_unbinned_65__MGr3G3H3I_000000190758	0.8635713	medium	1.0	very high	unclassified		0.0	low	0.0	low
vRhyme_unbinned_65__MGr3G3H3I_000000190758_3	vRhyme_unbinned_65__MGr3G3H3I_000000190758	vRhyme_unbinned_65__MGr3G3H3I_000000190758	0.8528141	medium	1.0	very high	unclassified		0.0	low	0.0	low
vRhyme_unbinned_65__MGr3G3H3I_000000190758_4	vRhyme_unbinned_65__MGr3G3H3I_000000190758	vRhyme_unbinned_65__MGr3G3H3I_000000190758	0.8359125	medium	1.0	very high	unclassified		0.0	low	0.0	low
vRhyme_unbinned_65__MGr3G3H3I_000000190758_5	vRhyme_unbinned_65__MGr3G3H3I_000000190758	vRhyme_unbinned_65__MGr3G3H3I_000000190758	0.84721714	medium	1.0	very high	unclassified	meT1; MMP 1-O-methyltransferase [EC:2.1.1.365]	0.0	low	0.0	low
vRhyme_unbinned_65__MGr3G3H3I_000000190758_6	vRhyme_unbinned_65__MGr3G3H3I_000000190758	vRhyme_unbinned_65__MGr3G3H3I_000000190758	0.82874995	medium	1.0	very high	unclassified		0.0	low	0.0	low
vRhyme_unbinned_65__MGr3G3H3I_000000190758_7	vRhyme_unbinned_65__MGr3G3H3I_000000190758	vRhyme_unbinned_65__MGr3G3H3I_000000190758	0.8296376	medium	1.0	very high	unclassified		0.0	low	0.0	low
vRhyme_unbinned_65__MGr3G3H3I_000000190758_8	vRhyme_unbinned_65__MGr3G3H3I_000000190758	vRhyme_unbinned_65__MGr3G3H3I_000000190758	0.8310107	medium	1.0	very high	unclassified		0.0	low	0.0	low
vRhyme_unbinned_65__MGr3G3H3I_000000190758_9	vRhyme_unbinned_65__MGr3G3H3I_000000190758	vRhyme_unbinned_65__MGr3G3H3I_000000190758	0.87191993	medium	1.0	very high	unclassified		0.0	low	0.0	low
vRhyme_unbinned_65__MGr3G3H3I_000000190758_10	vRhyme_unbinned_65__MGr3G3H3I_000000190758	vRhyme_unbinned_65__MGr3G3H3I_000000190758	0.87645847	medium	1.0	very high	unclassified		0.0	low	0.0	low
vRhyme_unbinned_65__MGr3G3H3I_000000190758_11	vRhyme_unbinned_65__MGr3G3H3I_000000190758	vRhyme_unbinned_65__MGr3G3H3I_000000190758	0.88662744	medium	1.0	very high	unclassified		0.0	low	0.0	low
vRhyme_unbinned_65__MGr3G3H3I_000000190758_12	vRhyme_unbinned_65__MGr3G3H3I_000000190758	vRhyme_unbinned_65__MGr3G3H3I_000000190758	0.896146	medium	1.0	very high	unclassified		0.0	low	0.0	low
vRhyme_unbinned_65__MGr3G3H3I_000000190758_13	vRhyme_unbinned_65__MGr3G3H3I_000000190758	vRhyme_unbinned_65__MGr3G3H3I_000000190758	0.9073222	medium	1.0	very high	unclassified		0.0	low	0.0	low
vRhyme_unbinned_65__MGr3G3H3I_000000190758_14	vRhyme_unbinned_65__MGr3G3H3I_000000190758	vRhyme_unbinned_65__MGr3G3H3I_000000190758	0.910547	medium	1.0	very high	unclassified		0.0	low	0.0	low
vRhyme_unbinned_65__MGr3G3H3I_000000190758_15	vRhyme_unbinned_65__MGr3G3H3I_000000190758	vRhyme_unbinned_65__MGr3G3H3I_000000190758	0.92670715	high	1.0	very high	unclassified		0.0	low	0.0	low
vRhyme_unbinned_65__MGr3G3H3I_000000190758_16	vRhyme_unbinned_65__MGr3G3H3I_000000190758	vRhyme_unbinned_65__MGr3G3H3I_000000190758	0.92682105	high	1.0	very high	unclassified		0.0	low	0.0	low
vRhyme_unbinned_65__MGr3G3H3I_000000190758_17	vRhyme_unbinned_65__MGr3G3H3I_000000190758	vRhyme_unbinned_65__MGr3G3H3I_000000190758	0.93476313	high	1.0	very high	unclassified		0.0	low	0.0	low
vRhyme_unbinned_65__MGr3G3H3I_000000190758_18	vRhyme_unbinned_65__MGr3G3H3I_000000190758	vRhyme_unbinned_65__MGr3G3H3I_000000190758	0.93513036	high	1.0	very high	unclassified		0.0	low	0.0	low
vRhyme_unbinned_65__MGr3G3H3I_000000190758_19	vRhyme_unbinned_65__MGr3G3H3I_000000190758	vRhyme_unbinned_65__MGr3G3H3I_000000190758	0.9365359	high	1.0	very high	unclassified		0.0	low	0.0	low
vRhyme_unbinned_65__MGr3G3H3I_000000190758_20	vRhyme_unbinned_65__MGr3G3H3I_000000190758	vRhyme_unbinned_65__MGr3G3H3I_000000190758	0.9365359	high	1.0	very high	unclassified		0.0	low	0.0	low
vRhyme_unbinned_66__MGr3G3H3I_000000191734_1	vRhyme_unbinned_66__MGr3G3H3I_000000191734	vRhyme_unbinned_66__MGr3G3H3I_000000191734	0.9971254	high	0.8947	high	unclassified		0.0	low	0.0	low
vRhyme_unbinned_66__MGr3G3H3I_000000191734_2	vRhyme_unbinned_66__MGr3G3H3I_000000191734	vRhyme_unbinned_66__MGr3G3H3I_000000191734	0.9971254	high	0.8607	high	unclassified		0.0	low	0.0	low
vRhyme_unbinned_66__MGr3G3H3I_000000191734_3	vRhyme_unbinned_66__MGr3G3H3I_000000191734	vRhyme_unbinned_66__MGr3G3H3I_000000191734	0.99578226	high	1.0	very high	unclassified		0.0	low	0.0	low
vRhyme_unbinned_66__MGr3G3H3I_000000191734_4	vRhyme_unbinned_66__MGr3G3H3I_000000191734	vRhyme_unbinned_66__MGr3G3H3I_000000191734	0.9958821	high	0.955	high	unclassified		0.0	low	0.0	low
vRhyme_unbinned_66__MGr3G3H3I_000000191734_5	vRhyme_unbinned_66__MGr3G3H3I_000000191734	vRhyme_unbinned_66__MGr3G3H3I_000000191734	0.9958821	high	1.0	very high	unclassified		0.0	low	0.0	low
vRhyme_unbinned_66__MGr3G3H3I_000000191734_6	vRhyme_unbinned_66__MGr3G3H3I_000000191734	vRhyme_unbinned_66__MGr3G3H3I_000000191734	0.99602544	high	0.9082	high	unclassified		0.0	low	0.0	low
vRhyme_unbinned_66__MGr3G3H3I_000000191734_7	vRhyme_unbinned_66__MGr3G3H3I_000000191734	vRhyme_unbinned_66__MGr3G3H3I_000000191734	0.99623805	high	0.9072	high	unclassified		0.0	low	0.0	low
vRhyme_unbinned_66__MGr3G3H3I_000000191734_8	vRhyme_unbinned_66__MGr3G3H3I_000000191734	vRhyme_unbinned_66__MGr3G3H3I_000000191734	0.9950726	high	1.0	very high	unclassified		0.0	low	0.0	low
vRhyme_unbinned_66__MGr3G3H3I_000000191734_9	vRhyme_unbinned_66__MGr3G3H3I_000000191734	vRhyme_unbinned_66__MGr3G3H3I_000000191734	0.9950846	high	0.9521	high	unclassified		0.0	low	0.0	low
vRhyme_unbinned_66__MGr3G3H3I_000000191734_10	vRhyme_unbinned_66__MGr3G3H3I_000000191734	vRhyme_unbinned_66__MGr3G3H3I_000000191734	0.9941565	high	0.9552	high	unclassified		0.0	low	0.0	low
vRhyme_unbinned_66__MGr3G3H3I_000000191734_11	vRhyme_unbinned_66__MGr3G3H3I_000000191734	vRhyme_unbinned_66__MGr3G3H3I_000000191734	0.993362	high	0.9646	high	unclassified		0.0	low	0.0	low
vRhyme_unbinned_66__MGr3G3H3I_000000191734_12	vRhyme_unbinned_66__MGr3G3H3I_000000191734	vRhyme_unbinned_66__MGr3G3H3I_000000191734	0.99284315	high	0.9582	high	unclassified		0.0	low	0.0	low
vRhyme_unbinned_66__MGr3G3H3I_000000191734_13	vRhyme_unbinned_66__MGr3G3H3I_000000191734	vRhyme_unbinned_66__MGr3G3H3I_000000191734	0.99291503	high	1.0	very high	unclassified		0.0	low	0.0	low
vRhyme_unbinned_66__MGr3G3H3I_000000191734_14	vRhyme_unbinned_66__MGr3G3H3I_000000191734	vRhyme_unbinned_66__MGr3G3H3I_000000191734	0.9935355	high	0.9564	high	unclassified		0.0	low	0.0	low
vRhyme_unbinned_66__MGr3G3H3I_000000191734_15	vRhyme_unbinned_66__MGr3G3H3I_000000191734	vRhyme_unbinned_66__MGr3G3H3I_000000191734	0.993505	high	0.8612	high	unclassified		0.0	low	0.0	low
vRhyme_unbinned_66__MGr3G3H3I_000000191734_16	vRhyme_unbinned_66__MGr3G3H3I_000000191734	vRhyme_unbinned_66__MGr3G3H3I_000000191734	0.9934925	high	1.0	very high	unclassified		0.0	low	0.0	low
vRhyme_unbinned_66__MGr3G3H3I_000000191734_17	vRhyme_unbinned_66__MGr3G3H3I_000000191734	vRhyme_unbinned_66__MGr3G3H3I_000000191734	0.99351406	high	1.0	very high	unclassified		0.0	low	0.0	low
vRhyme_unbinned_66__MGr3G3H3I_000000191734_18	vRhyme_unbinned_66__MGr3G3H3I_000000191734	vRhyme_unbinned_66__MGr3G3H3I_000000191734	0.9948811	high	1.0	very high	unclassified	holin	0.0	low	0.0	low
vRhyme_unbinned_66__MGr3G3H3I_000000191734_19	vRhyme_unbinned_66__MGr3G3H3I_000000191734	vRhyme_unbinned_66__MGr3G3H3I_000000191734	0.9935603	high	1.0	very high	unclassified		0.0	low	0.0	low
vRhyme_unbinned_66__MGr3G3H3I_000000191734_20	vRhyme_unbinned_66__MGr3G3H3I_000000191734	vRhyme_unbinned_66__MGr3G3H3I_000000191734	0.9920052	high	1.0	very high	unclassified		0.0	low	0.0	low
vRhyme_unbinned_66__MGr3G3H3I_000000191734_21	vRhyme_unbinned_66__MGr3G3H3I_000000191734	vRhyme_unbinned_66__MGr3G3H3I_000000191734	0.99429256	high	1.0	very high	unclassified		0.0	low	0.0	low
vRhyme_unbinned_66__MGr3G3H3I_000000191734_22	vRhyme_unbinned_66__MGr3G3H3I_000000191734	vRhyme_unbinned_66__MGr3G3H3I_000000191734	0.99511766	high	0.9505	high	unclassified		0.0	low	0.0	low
vRhyme_unbinned_67__MGr3G3H3I_000000195259_1	vRhyme_unbinned_67__MGr3G3H3I_000000195259	vRhyme_unbinned_67__MGr3G3H3I_000000195259	0.70289284	medium	1.0	very high	unclassified		0.0	low	0.0	low
vRhyme_unbinned_67__MGr3G3H3I_000000195259_2	vRhyme_unbinned_67__MGr3G3H3I_000000195259	vRhyme_unbinned_67__MGr3G3H3I_000000195259	0.7589587	medium	1.0	very high	unclassified		0.0	low	0.0	low
vRhyme_unbinned_67__MGr3G3H3I_000000195259_3	vRhyme_unbinned_67__MGr3G3H3I_000000195259	vRhyme_unbinned_67__MGr3G3H3I_000000195259	0.60446745	medium	1.0	very high	unclassified		0.0	low	0.0	low
vRhyme_unbinned_67__MGr3G3H3I_000000195259_4	vRhyme_unbinned_67__MGr3G3H3I_000000195259	vRhyme_unbinned_67__MGr3G3H3I_000000195259	0.9924742	high	1.0	very high	unclassified		0.0	low	0.0	low
vRhyme_unbinned_67__MGr3G3H3I_000000195259_5	vRhyme_unbinned_67__MGr3G3H3I_000000195259	vRhyme_unbinned_67__MGr3G3H3I_000000195259	0.99306643	high	1.0	very high	unclassified		0.0	low	0.0	low
vRhyme_unbinned_67__MGr3G3H3I_000000195259_6	vRhyme_unbinned_67__MGr3G3H3I_000000195259	vRhyme_unbinned_67__MGr3G3H3I_000000195259	0.99429536	high	1.0	very high	unclassified	Rnase E	0.0	low	0.0	low
vRhyme_unbinned_67__MGr3G3H3I_000000195259_7	vRhyme_unbinned_67__MGr3G3H3I_000000195259	vRhyme_unbinned_67__MGr3G3H3I_000000195259	0.9964026	high	1.0	very high	unclassified		0.0	low	0.0	low
vRhyme_unbinned_67__MGr3G3H3I_000000195259_8	vRhyme_unbinned_67__MGr3G3H3I_000000195259	vRhyme_unbinned_67__MGr3G3H3I_000000195259	0.96244836	high	1.0	very high	unclassified		0.0	low	0.0	low
vRhyme_unbinned_67__MGr3G3H3I_000000195259_9	vRhyme_unbinned_67__MGr3G3H3I_000000195259	vRhyme_unbinned_67__MGr3G3H3I_000000195259	0.95919776	high	1.0	very high	unclassified		0.0	low	0.0	low
vRhyme_unbinned_67__MGr3G3H3I_000000195259_10	vRhyme_unbinned_67__MGr3G3H3I_000000195259	vRhyme_unbinned_67__MGr3G3H3I_000000195259	0.9367879	high	1.0	very high	unclassified		0.0	low	0.0	low
vRhyme_unbinned_67__MGr3G3H3I_000000195259_11	vRhyme_unbinned_67__MGr3G3H3I_000000195259	vRhyme_unbinned_67__MGr3G3H3I_000000195259	0.9492834	high	1.0	very high	unclassified		0.0	low	0.0	low
vRhyme_unbinned_67__MGr3G3H3I_000000195259_12	vRhyme_unbinned_67__MGr3G3H3I_000000195259	vRhyme_unbinned_67__MGr3G3H3I_000000195259	0.9400557	high	1.0	very high	unclassified		0.0	low	0.0	low
vRhyme_unbinned_67__MGr3G3H3I_000000195259_13	vRhyme_unbinned_67__MGr3G3H3I_000000195259	vRhyme_unbinned_67__MGr3G3H3I_000000195259	0.9449203	high	1.0	very high	unclassified		0.0	low	0.0	low
vRhyme_unbinned_67__MGr3G3H3I_000000195259_14	vRhyme_unbinned_67__MGr3G3H3I_000000195259	vRhyme_unbinned_67__MGr3G3H3I_000000195259	0.98017836	high	1.0	very high	unclassified	Portal protein of Mu bacteriophage	0.0	low	0.0	low
vRhyme_unbinned_67__MGr3G3H3I_000000195259_15	vRhyme_unbinned_67__MGr3G3H3I_000000195259	vRhyme_unbinned_67__MGr3G3H3I_000000195259	0.92327446	high	1.0	very high	unclassified		0.0	low	0.0	low
vRhyme_unbinned_67__MGr3G3H3I_000000195259_16	vRhyme_unbinned_67__MGr3G3H3I_000000195259	vRhyme_unbinned_67__MGr3G3H3I_000000195259	0.7063147	medium	1.0	very high	unclassified		0.0	low	0.0	low
vRhyme_unbinned_67__MGr3G3H3I_000000195259_17	vRhyme_unbinned_67__MGr3G3H3I_000000195259	vRhyme_unbinned_67__MGr3G3H3I_000000195259	0.93239635	high	1.0	very high	unclassified		0.0	low	0.0	low
vRhyme_unbinned_67__MGr3G3H3I_000000195259_18	vRhyme_unbinned_67__MGr3G3H3I_000000195259	vRhyme_unbinned_67__MGr3G3H3I_000000195259	0.9375583	high	1.0	very high	unclassified		0.0	low	0.0	low
vRhyme_unbinned_67__MGr3G3H3I_000000195259_19	vRhyme_unbinned_67__MGr3G3H3I_000000195259	vRhyme_unbinned_67__MGr3G3H3I_000000195259	0.94412774	high	1.0	very high	unclassified		0.0	low	0.0	low
vRhyme_unbinned_67__MGr3G3H3I_000000195259_20	vRhyme_unbinned_67__MGr3G3H3I_000000195259	vRhyme_unbinned_67__MGr3G3H3I_000000195259	0.87699646	medium	1.0	very high	unclassified		0.0	low	0.0	low
vRhyme_unbinned_68__MGr3G3H3I_000000196642_1	vRhyme_unbinned_68__MGr3G3H3I_000000196642	vRhyme_unbinned_68__MGr3G3H3I_000000196642	0.7060315	medium	0.8611	high	unclassified		0.0	low	0.0	low
vRhyme_unbinned_68__MGr3G3H3I_000000196642_2	vRhyme_unbinned_68__MGr3G3H3I_000000196642	vRhyme_unbinned_68__MGr3G3H3I_000000196642	0.6768657	medium	1.0	very high	unclassified		0.0	low	0.0	low
vRhyme_unbinned_68__MGr3G3H3I_000000196642_3	vRhyme_unbinned_68__MGr3G3H3I_000000196642	vRhyme_unbinned_68__MGr3G3H3I_000000196642	0.6769044	medium	0.9436	high	unclassified		0.0	low	0.0	low
vRhyme_unbinned_68__MGr3G3H3I_000000196642_4	vRhyme_unbinned_68__MGr3G3H3I_000000196642	vRhyme_unbinned_68__MGr3G3H3I_000000196642	0.402052	low	0.9617	high	unclassified		0.0	low	0.0	low
vRhyme_unbinned_68__MGr3G3H3I_000000196642_5	vRhyme_unbinned_68__MGr3G3H3I_000000196642	vRhyme_unbinned_68__MGr3G3H3I_000000196642	0.402052	low	1.0	very high	unclassified		0.0	low	0.0	low
vRhyme_unbinned_68__MGr3G3H3I_000000196642_6	vRhyme_unbinned_68__MGr3G3H3I_000000196642	vRhyme_unbinned_68__MGr3G3H3I_000000196642	0.39907926	low	0.9587	high	unclassified		0.0	low	0.0	low
vRhyme_unbinned_68__MGr3G3H3I_000000196642_7	vRhyme_unbinned_68__MGr3G3H3I_000000196642	vRhyme_unbinned_68__MGr3G3H3I_000000196642	0.3993345	low	1.0	very high	unclassified		0.0	low	0.0	low
vRhyme_unbinned_68__MGr3G3H3I_000000196642_8	vRhyme_unbinned_68__MGr3G3H3I_000000196642	vRhyme_unbinned_68__MGr3G3H3I_000000196642	0.3834355	low	1.0	very high	unclassified		0.0	low	0.0	low
vRhyme_unbinned_68__MGr3G3H3I_000000196642_9	vRhyme_unbinned_68__MGr3G3H3I_000000196642	vRhyme_unbinned_68__MGr3G3H3I_000000196642	0.35685372	low	1.0	very high	unclassified		0.0	low	0.0	low
vRhyme_unbinned_68__MGr3G3H3I_000000196642_10	vRhyme_unbinned_68__MGr3G3H3I_000000196642	vRhyme_unbinned_68__MGr3G3H3I_000000196642	0.35685372	low	1.0	very high	unclassified		0.0	low	0.0	low
vRhyme_unbinned_68__MGr3G3H3I_000000196642_11	vRhyme_unbinned_68__MGr3G3H3I_000000196642	vRhyme_unbinned_68__MGr3G3H3I_000000196642	0.31249246	low	0.8304	high	unclassified		0.0	low	0.0	low
vRhyme_unbinned_68__MGr3G3H3I_000000196642_12	vRhyme_unbinned_68__MGr3G3H3I_000000196642	vRhyme_unbinned_68__MGr3G3H3I_000000196642	0.25790676	low	0.9514	high	unclassified		0.0	low	0.0	low
vRhyme_unbinned_68__MGr3G3H3I_000000196642_13	vRhyme_unbinned_68__MGr3G3H3I_000000196642	vRhyme_unbinned_68__MGr3G3H3I_000000196642	0.24163495	low	0.9412	high	unclassified		0.0	low	0.0	low
vRhyme_unbinned_68__MGr3G3H3I_000000196642_14	vRhyme_unbinned_68__MGr3G3H3I_000000196642	vRhyme_unbinned_68__MGr3G3H3I_000000196642	0.19568633	low	0.9537	high	unclassified		0.0	low	0.0	low
vRhyme_unbinned_68__MGr3G3H3I_000000196642_15	vRhyme_unbinned_68__MGr3G3H3I_000000196642	vRhyme_unbinned_68__MGr3G3H3I_000000196642	0.18223546	low	1.0	very high	unclassified		0.0	low	0.0	low
vRhyme_unbinned_68__MGr3G3H3I_000000196642_16	vRhyme_unbinned_68__MGr3G3H3I_000000196642	vRhyme_unbinned_68__MGr3G3H3I_000000196642	0.14380938	low	1.0	very high	unclassified		0.0	low	0.0	low
vRhyme_unbinned_68__MGr3G3H3I_000000196642_17	vRhyme_unbinned_68__MGr3G3H3I_000000196642	vRhyme_unbinned_68__MGr3G3H3I_000000196642	0.09349592	low	0.9555	high	unclassified	wbqR; UDP-perosamine 4-acetyltransferase [EC:2.3.1.-]	0.0	low	0.0	low
vRhyme_unbinned_68__MGr3G3H3I_000000196642_18	vRhyme_unbinned_68__MGr3G3H3I_000000196642	vRhyme_unbinned_68__MGr3G3H3I_000000196642	0.15963803	low	0.9517	high	unclassified		0.0	low	0.0	low
vRhyme_unbinned_68__MGr3G3H3I_000000196642_19	vRhyme_unbinned_68__MGr3G3H3I_000000196642	vRhyme_unbinned_68__MGr3G3H3I_000000196642	0.17871098	low	1.0	very high	unclassified		0.0	low	0.0	low
vRhyme_unbinned_68__MGr3G3H3I_000000196642_20	vRhyme_unbinned_68__MGr3G3H3I_000000196642	vRhyme_unbinned_68__MGr3G3H3I_000000196642	0.17812915	low	1.0	very high	unclassified	""	0.0	low	0.0	low
vRhyme_unbinned_68__MGr3G3H3I_000000196642_21	vRhyme_unbinned_68__MGr3G3H3I_000000196642	vRhyme_unbinned_68__MGr3G3H3I_000000196642	0.19561973	low	0.9222	high	unclassified		0.0	low	0.0	low
vRhyme_unbinned_69__MGr3G3H3I_000000199029_1	vRhyme_unbinned_69__MGr3G3H3I_000000199029	vRhyme_unbinned_69__MGr3G3H3I_000000199029	0.027703844	low			unclassified					
vRhyme_unbinned_69__MGr3G3H3I_000000199029_2	vRhyme_unbinned_69__MGr3G3H3I_000000199029	vRhyme_unbinned_69__MGr3G3H3I_000000199029	0.0050048633	low			unclassified					
vRhyme_unbinned_69__MGr3G3H3I_000000199029_3	vRhyme_unbinned_69__MGr3G3H3I_000000199029	vRhyme_unbinned_69__MGr3G3H3I_000000199029	0.006854023	low			unclassified					
vRhyme_unbinned_69__MGr3G3H3I_000000199029_4	vRhyme_unbinned_69__MGr3G3H3I_000000199029	vRhyme_unbinned_69__MGr3G3H3I_000000199029	0.036774576	low			unclassified					
vRhyme_unbinned_6__MGr3G3H3I_000000012933_1	vRhyme_unbinned_6__MGr3G3H3I_000000012933	vRhyme_unbinned_6__MGr3G3H3I_000000012933	0.8991532	medium	1.0	very high	unclassified		0.0	low	0.0	low
vRhyme_unbinned_6__MGr3G3H3I_000000012933_2	vRhyme_unbinned_6__MGr3G3H3I_000000012933	vRhyme_unbinned_6__MGr3G3H3I_000000012933	0.8978612	medium	1.0	very high	unclassified		0.0	low	0.0	low
vRhyme_unbinned_6__MGr3G3H3I_000000012933_3	vRhyme_unbinned_6__MGr3G3H3I_000000012933	vRhyme_unbinned_6__MGr3G3H3I_000000012933	0.90556693	medium	1.0	very high	unclassified		0.0	low	0.0	low
vRhyme_unbinned_6__MGr3G3H3I_000000012933_4	vRhyme_unbinned_6__MGr3G3H3I_000000012933	vRhyme_unbinned_6__MGr3G3H3I_000000012933	0.88721883	medium	1.0	very high	unclassified		0.0	low	0.0	low
vRhyme_unbinned_6__MGr3G3H3I_000000012933_5	vRhyme_unbinned_6__MGr3G3H3I_000000012933	vRhyme_unbinned_6__MGr3G3H3I_000000012933	0.88639456	medium	1.0	very high	unclassified		0.0	low	0.0	low
vRhyme_unbinned_6__MGr3G3H3I_000000012933_6	vRhyme_unbinned_6__MGr3G3H3I_000000012933	vRhyme_unbinned_6__MGr3G3H3I_000000012933	0.53756845	low	1.0	very high	unclassified		0.95	very high	0.95	very high
vRhyme_unbinned_6__MGr3G3H3I_000000012933_7	vRhyme_unbinned_6__MGr3G3H3I_000000012933	vRhyme_unbinned_6__MGr3G3H3I_000000012933	0.5764325	medium	1.0	very high	unclassified		0.0	low	0.0	low
vRhyme_unbinned_6__MGr3G3H3I_000000012933_8	vRhyme_unbinned_6__MGr3G3H3I_000000012933	vRhyme_unbinned_6__MGr3G3H3I_000000012933	0.52541834	low	1.0	very high	unclassified		0.0	low	0.0	low
vRhyme_unbinned_6__MGr3G3H3I_000000012933_9	vRhyme_unbinned_6__MGr3G3H3I_000000012933	vRhyme_unbinned_6__MGr3G3H3I_000000012933	0.64149654	medium	1.0	very high	unclassified		0.0	low	0.0	low
vRhyme_unbinned_6__MGr3G3H3I_000000012933_10	vRhyme_unbinned_6__MGr3G3H3I_000000012933	vRhyme_unbinned_6__MGr3G3H3I_000000012933	0.95557666	high	1.0	very high	unclassified	terminase large subunit	0.0	low	0.0	low
vRhyme_unbinned_6__MGr3G3H3I_000000012933_11	vRhyme_unbinned_6__MGr3G3H3I_000000012933	vRhyme_unbinned_6__MGr3G3H3I_000000012933	0.9119203	medium	1.0	very high	unclassified		0.0	low	0.0	low
vRhyme_unbinned_6__MGr3G3H3I_000000012933_12	vRhyme_unbinned_6__MGr3G3H3I_000000012933	vRhyme_unbinned_6__MGr3G3H3I_000000012933	0.91196185	medium	1.0	very high	unclassified		0.0	low	0.0	low
vRhyme_unbinned_6__MGr3G3H3I_000000012933_13	vRhyme_unbinned_6__MGr3G3H3I_000000012933	vRhyme_unbinned_6__MGr3G3H3I_000000012933	0.97399664	high	1.0	very high	unclassified	DNA polymerase	0.0	low	0.0	low
vRhyme_unbinned_6__MGr3G3H3I_000000012933_14	vRhyme_unbinned_6__MGr3G3H3I_000000012933	vRhyme_unbinned_6__MGr3G3H3I_000000012933	0.9404678	high	1.0	very high	unclassified		0.0	low	0.0	low
vRhyme_unbinned_6__MGr3G3H3I_000000012933_15	vRhyme_unbinned_6__MGr3G3H3I_000000012933	vRhyme_unbinned_6__MGr3G3H3I_000000012933	0.9669806	high	1.0	very high	unclassified		0.0	low	0.0	low
vRhyme_unbinned_6__MGr3G3H3I_000000012933_16	vRhyme_unbinned_6__MGr3G3H3I_000000012933	vRhyme_unbinned_6__MGr3G3H3I_000000012933	0.9581604	high	1.0	very high	unclassified		0.0	low	0.0	low
vRhyme_unbinned_6__MGr3G3H3I_000000012933_17	vRhyme_unbinned_6__MGr3G3H3I_000000012933	vRhyme_unbinned_6__MGr3G3H3I_000000012933	0.94545096	high	1.0	very high	unclassified		0.0	low	0.0	low
vRhyme_unbinned_6__MGr3G3H3I_000000012933_18	vRhyme_unbinned_6__MGr3G3H3I_000000012933	vRhyme_unbinned_6__MGr3G3H3I_000000012933	0.91213435	medium	1.0	very high	unclassified		0.0	low	0.0	low
vRhyme_unbinned_6__MGr3G3H3I_000000012933_19	vRhyme_unbinned_6__MGr3G3H3I_000000012933	vRhyme_unbinned_6__MGr3G3H3I_000000012933	0.9017965	medium	1.0	very high	unclassified		0.0	low	0.0	low
vRhyme_unbinned_6__MGr3G3H3I_000000012933_20	vRhyme_unbinned_6__MGr3G3H3I_000000012933	vRhyme_unbinned_6__MGr3G3H3I_000000012933	0.9097553	medium	1.0	very high	unclassified		0.0	low	0.0	low
vRhyme_unbinned_6__MGr3G3H3I_000000012933_21	vRhyme_unbinned_6__MGr3G3H3I_000000012933	vRhyme_unbinned_6__MGr3G3H3I_000000012933	0.8061686	medium	1.0	very high	unclassified		0.0	low	0.0	low
vRhyme_unbinned_6__MGr3G3H3I_000000012933_22	vRhyme_unbinned_6__MGr3G3H3I_000000012933	vRhyme_unbinned_6__MGr3G3H3I_000000012933	0.89139795	medium	1.0	very high	unclassified		0.0	low	0.0	low
vRhyme_unbinned_6__MGr3G3H3I_000000012933_23	vRhyme_unbinned_6__MGr3G3H3I_000000012933	vRhyme_unbinned_6__MGr3G3H3I_000000012933	0.91631335	high	1.0	very high	unclassified		0.0	low	0.0	low
vRhyme_unbinned_6__MGr3G3H3I_000000012933_24	vRhyme_unbinned_6__MGr3G3H3I_000000012933	vRhyme_unbinned_6__MGr3G3H3I_000000012933	0.9179867	high	1.0	very high	unclassified		0.0	low	0.0	low
vRhyme_unbinned_6__MGr3G3H3I_000000012933_25	vRhyme_unbinned_6__MGr3G3H3I_000000012933	vRhyme_unbinned_6__MGr3G3H3I_000000012933	0.9134574	high	1.0	very high	unclassified		0.0	low	0.0	low
vRhyme_unbinned_6__MGr3G3H3I_000000012933_26	vRhyme_unbinned_6__MGr3G3H3I_000000012933	vRhyme_unbinned_6__MGr3G3H3I_000000012933	0.90638244	medium	1.0	very high	unclassified		0.0	low	0.0	low
vRhyme_unbinned_6__MGr3G3H3I_000000012933_27	vRhyme_unbinned_6__MGr3G3H3I_000000012933	vRhyme_unbinned_6__MGr3G3H3I_000000012933	0.891621	medium	1.0	very high	unclassified		0.0	low	0.0	low
vRhyme_unbinned_6__MGr3G3H3I_000000012933_28	vRhyme_unbinned_6__MGr3G3H3I_000000012933	vRhyme_unbinned_6__MGr3G3H3I_000000012933	0.84126014	medium	1.0	very high	unclassified	pyrophosphatase	0.0	low	0.0	low
vRhyme_unbinned_6__MGr3G3H3I_000000012933_29	vRhyme_unbinned_6__MGr3G3H3I_000000012933	vRhyme_unbinned_6__MGr3G3H3I_000000012933	0.84164476	medium	1.0	very high	unclassified		0.0	low	0.0	low
vRhyme_unbinned_6__MGr3G3H3I_000000012933_30	vRhyme_unbinned_6__MGr3G3H3I_000000012933	vRhyme_unbinned_6__MGr3G3H3I_000000012933	0.8307701	medium	1.0	very high	unclassified		0.0	low	0.0	low
vRhyme_unbinned_6__MGr3G3H3I_000000012933_31	vRhyme_unbinned_6__MGr3G3H3I_000000012933	vRhyme_unbinned_6__MGr3G3H3I_000000012933	0.81900513	medium	1.0	very high	unclassified		0.0	low	0.0	low
vRhyme_unbinned_6__MGr3G3H3I_000000012933_32	vRhyme_unbinned_6__MGr3G3H3I_000000012933	vRhyme_unbinned_6__MGr3G3H3I_000000012933	0.71899754	medium	1.0	very high	unclassified		0.0	low	0.0	low
vRhyme_unbinned_6__MGr3G3H3I_000000012933_33	vRhyme_unbinned_6__MGr3G3H3I_000000012933	vRhyme_unbinned_6__MGr3G3H3I_000000012933	0.7144594	medium	1.0	very high	unclassified		0.0	low	0.0	low
vRhyme_unbinned_6__MGr3G3H3I_000000012933_34	vRhyme_unbinned_6__MGr3G3H3I_000000012933	vRhyme_unbinned_6__MGr3G3H3I_000000012933	0.37225717	low	1.0	very high	unclassified	radA, sms; DNA repair protein RadA/Sms	0.0	low	0.0	low
vRhyme_unbinned_6__MGr3G3H3I_000000012933_35	vRhyme_unbinned_6__MGr3G3H3I_000000012933	vRhyme_unbinned_6__MGr3G3H3I_000000012933	0.47131562	low	1.0	very high	unclassified		0.0	low	0.0	low
vRhyme_unbinned_6__MGr3G3H3I_000000012933_36	vRhyme_unbinned_6__MGr3G3H3I_000000012933	vRhyme_unbinned_6__MGr3G3H3I_000000012933	0.5683238	low	1.0	very high	unclassified		0.0	low	0.0	low
vRhyme_unbinned_6__MGr3G3H3I_000000012933_37	vRhyme_unbinned_6__MGr3G3H3I_000000012933	vRhyme_unbinned_6__MGr3G3H3I_000000012933	0.595302	medium	1.0	very high	unclassified		0.0	low	0.0	low
vRhyme_unbinned_6__MGr3G3H3I_000000012933_38	vRhyme_unbinned_6__MGr3G3H3I_000000012933	vRhyme_unbinned_6__MGr3G3H3I_000000012933	0.62439984	medium	1.0	very high	unclassified		0.0	low	0.0	low
vRhyme_unbinned_6__MGr3G3H3I_000000012933_39	vRhyme_unbinned_6__MGr3G3H3I_000000012933	vRhyme_unbinned_6__MGr3G3H3I_000000012933	0.6056252	medium	1.0	very high	unclassified		0.0	low	0.0	low
vRhyme_unbinned_6__MGr3G3H3I_000000012933_40	vRhyme_unbinned_6__MGr3G3H3I_000000012933	vRhyme_unbinned_6__MGr3G3H3I_000000012933	0.6855653	medium	1.0	very high	unclassified		0.0	low	0.0	low
vRhyme_unbinned_6__MGr3G3H3I_000000012933_41	vRhyme_unbinned_6__MGr3G3H3I_000000012933	vRhyme_unbinned_6__MGr3G3H3I_000000012933	0.82278347	medium	1.0	very high	unclassified		0.0	low	0.0	low
vRhyme_unbinned_6__MGr3G3H3I_000000012933_42	vRhyme_unbinned_6__MGr3G3H3I_000000012933	vRhyme_unbinned_6__MGr3G3H3I_000000012933	0.6874039	medium	1.0	very high	unclassified		0.0	low	0.0	low
vRhyme_unbinned_6__MGr3G3H3I_000000012933_43	vRhyme_unbinned_6__MGr3G3H3I_000000012933	vRhyme_unbinned_6__MGr3G3H3I_000000012933	0.72842276	medium	1.0	very high	unclassified		0.0	low	0.0	low
vRhyme_unbinned_6__MGr3G3H3I_000000012933_44	vRhyme_unbinned_6__MGr3G3H3I_000000012933	vRhyme_unbinned_6__MGr3G3H3I_000000012933	0.7062986	medium	1.0	very high	unclassified		0.0	low	0.0	low
vRhyme_unbinned_71__MGr3G3H3I_000000200092_1	vRhyme_unbinned_71__MGr3G3H3I_000000200092	vRhyme_unbinned_71__MGr3G3H3I_000000200092	0.9849553	high	1.0	very high	unclassified		0.0	low	0.0	low
vRhyme_unbinned_71__MGr3G3H3I_000000200092_2	vRhyme_unbinned_71__MGr3G3H3I_000000200092	vRhyme_unbinned_71__MGr3G3H3I_000000200092	0.9757656	high	1.0	very high	unclassified		0.0	low	0.0	low
vRhyme_unbinned_71__MGr3G3H3I_000000200092_3	vRhyme_unbinned_71__MGr3G3H3I_000000200092	vRhyme_unbinned_71__MGr3G3H3I_000000200092	0.9555449	high	1.0	very high	unclassified		0.0	low	0.0	low
vRhyme_unbinned_71__MGr3G3H3I_000000200092_4	vRhyme_unbinned_71__MGr3G3H3I_000000200092	vRhyme_unbinned_71__MGr3G3H3I_000000200092	0.95842004	high	1.0	very high	unclassified		0.0	low	0.0	low
vRhyme_unbinned_71__MGr3G3H3I_000000200092_5	vRhyme_unbinned_71__MGr3G3H3I_000000200092	vRhyme_unbinned_71__MGr3G3H3I_000000200092	0.9820168	high	1.0	very high	unclassified		0.0	low	0.0	low
vRhyme_unbinned_71__MGr3G3H3I_000000200092_6	vRhyme_unbinned_71__MGr3G3H3I_000000200092	vRhyme_unbinned_71__MGr3G3H3I_000000200092	0.96013445	high	1.0	very high	unclassified		0.0	low	0.0	low
vRhyme_unbinned_71__MGr3G3H3I_000000200092_7	vRhyme_unbinned_71__MGr3G3H3I_000000200092	vRhyme_unbinned_71__MGr3G3H3I_000000200092	0.9630671	high	1.0	very high	unclassified		0.0	low	0.0	low
vRhyme_unbinned_71__MGr3G3H3I_000000200092_8	vRhyme_unbinned_71__MGr3G3H3I_000000200092	vRhyme_unbinned_71__MGr3G3H3I_000000200092	0.9681296	high	1.0	very high	unclassified		0.0	low	0.0	low
vRhyme_unbinned_71__MGr3G3H3I_000000200092_9	vRhyme_unbinned_71__MGr3G3H3I_000000200092	vRhyme_unbinned_71__MGr3G3H3I_000000200092	0.97067916	high	1.0	very high	unclassified		0.0	low	0.0	low
vRhyme_unbinned_72__MGr3G3H3I_000000211191_1	vRhyme_unbinned_72__MGr3G3H3I_000000211191	vRhyme_unbinned_72__MGr3G3H3I_000000211191	0.98494315	high	0.9424	high	unclassified		0.0	low	0.0	low
vRhyme_unbinned_72__MGr3G3H3I_000000211191_2	vRhyme_unbinned_72__MGr3G3H3I_000000211191	vRhyme_unbinned_72__MGr3G3H3I_000000211191	0.98494315	high	1.0	very high	unclassified		0.0	low	0.0	low
vRhyme_unbinned_72__MGr3G3H3I_000000211191_3	vRhyme_unbinned_72__MGr3G3H3I_000000211191	vRhyme_unbinned_72__MGr3G3H3I_000000211191	0.98724115	high	0.8849	high	unclassified		0.0	low	0.0	low
vRhyme_unbinned_72__MGr3G3H3I_000000211191_4	vRhyme_unbinned_72__MGr3G3H3I_000000211191	vRhyme_unbinned_72__MGr3G3H3I_000000211191	0.98500556	high	1.0	very high	unclassified	HNH endonuclease	0.0	low	0.0	low
vRhyme_unbinned_72__MGr3G3H3I_000000211191_5	vRhyme_unbinned_72__MGr3G3H3I_000000211191	vRhyme_unbinned_72__MGr3G3H3I_000000211191	0.97485477	high	0.9393	high	unclassified	ATPase	0.0	low	0.0	low
vRhyme_unbinned_72__MGr3G3H3I_000000211191_6	vRhyme_unbinned_72__MGr3G3H3I_000000211191	vRhyme_unbinned_72__MGr3G3H3I_000000211191	0.97017586	high	0.8431	high	unclassified		0.0	low	0.0	low
vRhyme_unbinned_72__MGr3G3H3I_000000211191_7	vRhyme_unbinned_72__MGr3G3H3I_000000211191	vRhyme_unbinned_72__MGr3G3H3I_000000211191	0.98659277	high	1.0	very high	unclassified		0.0	low	0.0	low
vRhyme_unbinned_72__MGr3G3H3I_000000211191_8	vRhyme_unbinned_72__MGr3G3H3I_000000211191	vRhyme_unbinned_72__MGr3G3H3I_000000211191	0.98702514	high	1.0	very high	unclassified		0.0	low	0.0	low
vRhyme_unbinned_72__MGr3G3H3I_000000211191_9	vRhyme_unbinned_72__MGr3G3H3I_000000211191	vRhyme_unbinned_72__MGr3G3H3I_000000211191	0.98873264	high	1.0	very high	unclassified		0.0	low	0.0	low
vRhyme_unbinned_72__MGr3G3H3I_000000211191_10	vRhyme_unbinned_72__MGr3G3H3I_000000211191	vRhyme_unbinned_72__MGr3G3H3I_000000211191	0.9892264	high	0.9476	high	unclassified		0.0	low	0.0	low
vRhyme_unbinned_72__MGr3G3H3I_000000211191_11	vRhyme_unbinned_72__MGr3G3H3I_000000211191	vRhyme_unbinned_72__MGr3G3H3I_000000211191	0.9901193	high	1.0	very high	unclassified		0.0	low	0.0	low
vRhyme_unbinned_72__MGr3G3H3I_000000211191_12	vRhyme_unbinned_72__MGr3G3H3I_000000211191	vRhyme_unbinned_72__MGr3G3H3I_000000211191	0.9909243	high	0.8569	high	unclassified		0.0	low	0.0	low
vRhyme_unbinned_72__MGr3G3H3I_000000211191_13	vRhyme_unbinned_72__MGr3G3H3I_000000211191	vRhyme_unbinned_72__MGr3G3H3I_000000211191	0.9893911	high	1.0	very high	unclassified		0.0	low	0.0	low
vRhyme_unbinned_72__MGr3G3H3I_000000211191_14	vRhyme_unbinned_72__MGr3G3H3I_000000211191	vRhyme_unbinned_72__MGr3G3H3I_000000211191	0.9905702	high	0.9227	high	unclassified		0.0	low	0.0	low
vRhyme_unbinned_72__MGr3G3H3I_000000211191_15	vRhyme_unbinned_72__MGr3G3H3I_000000211191	vRhyme_unbinned_72__MGr3G3H3I_000000211191	0.9747043	high	0.9401	high	unclassified	Protein of unknown function (DUF3987)	0.0	low	0.0	low
vRhyme_unbinned_72__MGr3G3H3I_000000211191_16	vRhyme_unbinned_72__MGr3G3H3I_000000211191	vRhyme_unbinned_72__MGr3G3H3I_000000211191	0.98302907	high	0.9595	high	unclassified		0.0	low	0.0	low
vRhyme_unbinned_72__MGr3G3H3I_000000211191_17	vRhyme_unbinned_72__MGr3G3H3I_000000211191	vRhyme_unbinned_72__MGr3G3H3I_000000211191	0.9853307	high	1.0	very high	unclassified		0.0	low	0.0	low
vRhyme_unbinned_72__MGr3G3H3I_000000211191_18	vRhyme_unbinned_72__MGr3G3H3I_000000211191	vRhyme_unbinned_72__MGr3G3H3I_000000211191	0.9870537	high	0.9582	high	unclassified		0.0	low	0.0	low
vRhyme_unbinned_72__MGr3G3H3I_000000211191_19	vRhyme_unbinned_72__MGr3G3H3I_000000211191	vRhyme_unbinned_72__MGr3G3H3I_000000211191	0.9870351	high	0.9537	high	unclassified		0.0	low	0.0	low
vRhyme_unbinned_72__MGr3G3H3I_000000211191_20	vRhyme_unbinned_72__MGr3G3H3I_000000211191	vRhyme_unbinned_72__MGr3G3H3I_000000211191	0.9510749	high	0.489	high	unclassified		0.0	low	0.0	low
vRhyme_unbinned_72__MGr3G3H3I_000000211191_21	vRhyme_unbinned_72__MGr3G3H3I_000000211191	vRhyme_unbinned_72__MGr3G3H3I_000000211191	0.9627167	high	0.3013	medium	unclassified		0.0	low	0.0	low
vRhyme_unbinned_72__MGr3G3H3I_000000211191_22	vRhyme_unbinned_72__MGr3G3H3I_000000211191	vRhyme_unbinned_72__MGr3G3H3I_000000211191	0.80052525	medium	0.8236	high	unclassified	integrase	0.0	low	0.0	low
vRhyme_unbinned_72__MGr3G3H3I_000000211191_23	vRhyme_unbinned_72__MGr3G3H3I_000000211191	vRhyme_unbinned_72__MGr3G3H3I_000000211191	0.8692266	medium	0.0	low	unclassified		0.0	low	0.0	low
vRhyme_unbinned_72__MGr3G3H3I_000000211191_24	vRhyme_unbinned_72__MGr3G3H3I_000000211191	vRhyme_unbinned_72__MGr3G3H3I_000000211191	0.8689723	medium	0.0	low	unclassified		0.0	low	0.0	low
vRhyme_unbinned_73__MGr3G3H3I_000000214235_1	vRhyme_unbinned_73__MGr3G3H3I_000000214235	vRhyme_unbinned_73__MGr3G3H3I_000000214235	0.9953731	high	1.0	very high	unclassified		0.0	low	0.0	low
vRhyme_unbinned_73__MGr3G3H3I_000000214235_2	vRhyme_unbinned_73__MGr3G3H3I_000000214235	vRhyme_unbinned_73__MGr3G3H3I_000000214235	0.9952882	high	1.0	very high	unclassified		0.0	low	0.0	low
vRhyme_unbinned_73__MGr3G3H3I_000000214235_3	vRhyme_unbinned_73__MGr3G3H3I_000000214235	vRhyme_unbinned_73__MGr3G3H3I_000000214235	0.9952882	high	1.0	very high	unclassified		0.0	low	0.0	low
vRhyme_unbinned_73__MGr3G3H3I_000000214235_4	vRhyme_unbinned_73__MGr3G3H3I_000000214235	vRhyme_unbinned_73__MGr3G3H3I_000000214235	0.9952882	high	1.0	very high	unclassified		0.0	low	0.0	low
vRhyme_unbinned_73__MGr3G3H3I_000000214235_5	vRhyme_unbinned_73__MGr3G3H3I_000000214235	vRhyme_unbinned_73__MGr3G3H3I_000000214235	0.9937134	high	1.0	very high	unclassified		0.0	low	0.0	low
vRhyme_unbinned_73__MGr3G3H3I_000000214235_6	vRhyme_unbinned_73__MGr3G3H3I_000000214235	vRhyme_unbinned_73__MGr3G3H3I_000000214235	0.99283177	high	1.0	very high	unclassified		0.0	low	0.0	low
vRhyme_unbinned_73__MGr3G3H3I_000000214235_7	vRhyme_unbinned_73__MGr3G3H3I_000000214235	vRhyme_unbinned_73__MGr3G3H3I_000000214235	0.992544	high	1.0	very high	unclassified		0.0	low	0.0	low
vRhyme_unbinned_73__MGr3G3H3I_000000214235_8	vRhyme_unbinned_73__MGr3G3H3I_000000214235	vRhyme_unbinned_73__MGr3G3H3I_000000214235	0.9909858	high	1.0	very high	unclassified		0.0	low	0.0	low
vRhyme_unbinned_73__MGr3G3H3I_000000214235_9	vRhyme_unbinned_73__MGr3G3H3I_000000214235	vRhyme_unbinned_73__MGr3G3H3I_000000214235	0.990861	high	1.0	very high	unclassified		0.0	low	0.0	low
vRhyme_unbinned_73__MGr3G3H3I_000000214235_10	vRhyme_unbinned_73__MGr3G3H3I_000000214235	vRhyme_unbinned_73__MGr3G3H3I_000000214235	0.992151	high	1.0	very high	unclassified		0.0	low	0.0	low
vRhyme_unbinned_73__MGr3G3H3I_000000214235_11	vRhyme_unbinned_73__MGr3G3H3I_000000214235	vRhyme_unbinned_73__MGr3G3H3I_000000214235	0.99063	high	1.0	very high	unclassified	endonuclease	0.0	low	0.0	low
vRhyme_unbinned_73__MGr3G3H3I_000000214235_12	vRhyme_unbinned_73__MGr3G3H3I_000000214235	vRhyme_unbinned_73__MGr3G3H3I_000000214235	0.98924154	high	1.0	very high	unclassified		0.0	low	0.0	low
vRhyme_unbinned_73__MGr3G3H3I_000000214235_13	vRhyme_unbinned_73__MGr3G3H3I_000000214235	vRhyme_unbinned_73__MGr3G3H3I_000000214235	0.99395156	high	1.0	very high	unclassified		0.0	low	0.0	low
vRhyme_unbinned_74__MGr3G3H3I_000000216859_1	vRhyme_unbinned_74__MGr3G3H3I_000000216859	vRhyme_unbinned_74__MGr3G3H3I_000000216859	0.86218315	medium	1.0	very high	unclassified		0.0	low	0.0	low
vRhyme_unbinned_74__MGr3G3H3I_000000216859_2	vRhyme_unbinned_74__MGr3G3H3I_000000216859	vRhyme_unbinned_74__MGr3G3H3I_000000216859	0.86330646	medium	1.0	very high	unclassified		0.0	low	0.0	low
vRhyme_unbinned_74__MGr3G3H3I_000000216859_3	vRhyme_unbinned_74__MGr3G3H3I_000000216859	vRhyme_unbinned_74__MGr3G3H3I_000000216859	0.847513	medium	1.0	very high	unclassified		0.0	low	0.0	low
vRhyme_unbinned_74__MGr3G3H3I_000000216859_4	vRhyme_unbinned_74__MGr3G3H3I_000000216859	vRhyme_unbinned_74__MGr3G3H3I_000000216859	0.8160279	medium	1.0	very high	unclassified		0.0	low	0.0	low
vRhyme_unbinned_74__MGr3G3H3I_000000216859_5	vRhyme_unbinned_74__MGr3G3H3I_000000216859	vRhyme_unbinned_74__MGr3G3H3I_000000216859	0.59345055	medium	1.0	very high	unclassified		0.0	low	0.0	low
vRhyme_unbinned_74__MGr3G3H3I_000000216859_6	vRhyme_unbinned_74__MGr3G3H3I_000000216859	vRhyme_unbinned_74__MGr3G3H3I_000000216859	0.80625147	medium	1.0	very high	unclassified		0.0	low	0.0	low
vRhyme_unbinned_74__MGr3G3H3I_000000216859_7	vRhyme_unbinned_74__MGr3G3H3I_000000216859	vRhyme_unbinned_74__MGr3G3H3I_000000216859	0.8181114	medium	1.0	very high	unclassified		0.0	low	0.0	low
vRhyme_unbinned_74__MGr3G3H3I_000000216859_8	vRhyme_unbinned_74__MGr3G3H3I_000000216859	vRhyme_unbinned_74__MGr3G3H3I_000000216859	0.5000575	low	1.0	very high	unclassified	portal protein	0.0	low	0.0	low
vRhyme_unbinned_74__MGr3G3H3I_000000216859_9	vRhyme_unbinned_74__MGr3G3H3I_000000216859	vRhyme_unbinned_74__MGr3G3H3I_000000216859	0.98937374	high	1.0	very high	unclassified	terminase large subunit	0.0	low	0.0	low
vRhyme_unbinned_74__MGr3G3H3I_000000216859_10	vRhyme_unbinned_74__MGr3G3H3I_000000216859	vRhyme_unbinned_74__MGr3G3H3I_000000216859	0.9519715	high	1.0	very high	unclassified		0.0	low	0.0	low
vRhyme_unbinned_74__MGr3G3H3I_000000216859_11	vRhyme_unbinned_74__MGr3G3H3I_000000216859	vRhyme_unbinned_74__MGr3G3H3I_000000216859	0.96121174	high	1.0	very high	unclassified		0.0	low	0.0	low
vRhyme_unbinned_74__MGr3G3H3I_000000216859_12	vRhyme_unbinned_74__MGr3G3H3I_000000216859	vRhyme_unbinned_74__MGr3G3H3I_000000216859	0.9574075	high	1.0	very high	unclassified		0.0	low	0.0	low
vRhyme_unbinned_74__MGr3G3H3I_000000216859_13	vRhyme_unbinned_74__MGr3G3H3I_000000216859	vRhyme_unbinned_74__MGr3G3H3I_000000216859	0.95325047	high	1.0	very high	unclassified		0.0	low	0.0	low
vRhyme_unbinned_74__MGr3G3H3I_000000216859_14	vRhyme_unbinned_74__MGr3G3H3I_000000216859	vRhyme_unbinned_74__MGr3G3H3I_000000216859	0.9009929	medium	1.0	very high	unclassified		0.0	low	0.0	low
vRhyme_unbinned_74__MGr3G3H3I_000000216859_15	vRhyme_unbinned_74__MGr3G3H3I_000000216859	vRhyme_unbinned_74__MGr3G3H3I_000000216859	0.89482147	medium	1.0	very high	unclassified		0.0	low	0.0	low
vRhyme_unbinned_74__MGr3G3H3I_000000216859_16	vRhyme_unbinned_74__MGr3G3H3I_000000216859	vRhyme_unbinned_74__MGr3G3H3I_000000216859	0.8963294	medium	1.0	very high	unclassified		0.0	low	0.0	low
vRhyme_unbinned_74__MGr3G3H3I_000000216859_17	vRhyme_unbinned_74__MGr3G3H3I_000000216859	vRhyme_unbinned_74__MGr3G3H3I_000000216859	0.6342299	medium	0.9567	high	unclassified		0.9064	high	0.8671	high
vRhyme_unbinned_74__MGr3G3H3I_000000216859_18	vRhyme_unbinned_74__MGr3G3H3I_000000216859	vRhyme_unbinned_74__MGr3G3H3I_000000216859	0.95599973	high	1.0	very high	unclassified		0.0	low	0.0	low
vRhyme_unbinned_74__MGr3G3H3I_000000216859_19	vRhyme_unbinned_74__MGr3G3H3I_000000216859	vRhyme_unbinned_74__MGr3G3H3I_000000216859	0.9699099	high	1.0	very high	unclassified		0.0	low	0.0	low
vRhyme_unbinned_74__MGr3G3H3I_000000216859_20	vRhyme_unbinned_74__MGr3G3H3I_000000216859	vRhyme_unbinned_74__MGr3G3H3I_000000216859	0.97363937	high	1.0	very high	unclassified		0.0	low	0.0	low
vRhyme_unbinned_74__MGr3G3H3I_000000216859_21	vRhyme_unbinned_74__MGr3G3H3I_000000216859	vRhyme_unbinned_74__MGr3G3H3I_000000216859	0.9773424	high	1.0	very high	unclassified		0.0	low	0.0	low
vRhyme_unbinned_74__MGr3G3H3I_000000216859_22	vRhyme_unbinned_74__MGr3G3H3I_000000216859	vRhyme_unbinned_74__MGr3G3H3I_000000216859	0.90767634	medium	1.0	very high	unclassified	""	0.0	low	0.0	low
vRhyme_unbinned_74__MGr3G3H3I_000000216859_23	vRhyme_unbinned_74__MGr3G3H3I_000000216859	vRhyme_unbinned_74__MGr3G3H3I_000000216859	0.93258005	high	0.9363	high	unclassified		0.0	low	0.0	low
vRhyme_unbinned_74__MGr3G3H3I_000000216859_24	vRhyme_unbinned_74__MGr3G3H3I_000000216859	vRhyme_unbinned_74__MGr3G3H3I_000000216859	0.9214785	high	1.0	very high	unclassified		0.0	low	0.0	low
vRhyme_unbinned_74__MGr3G3H3I_000000216859_25	vRhyme_unbinned_74__MGr3G3H3I_000000216859	vRhyme_unbinned_74__MGr3G3H3I_000000216859	0.91897917	high	1.0	very high	unclassified		0.0	low	0.0	low
vRhyme_unbinned_74__MGr3G3H3I_000000216859_26	vRhyme_unbinned_74__MGr3G3H3I_000000216859	vRhyme_unbinned_74__MGr3G3H3I_000000216859	0.8958132	medium	1.0	very high	unclassified		0.0	low	0.0	low
vRhyme_unbinned_74__MGr3G3H3I_000000216859_27	vRhyme_unbinned_74__MGr3G3H3I_000000216859	vRhyme_unbinned_74__MGr3G3H3I_000000216859	0.89521784	medium	1.0	very high	unclassified		0.0	low	0.0	low
vRhyme_unbinned_75__MGr3G3H3I_000000218818_1	vRhyme_unbinned_75__MGr3G3H3I_000000218818	vRhyme_unbinned_75__MGr3G3H3I_000000218818	0.5729337	low	1.0	very high	unclassified		0.0	low	0.0	low
vRhyme_unbinned_75__MGr3G3H3I_000000218818_2	vRhyme_unbinned_75__MGr3G3H3I_000000218818	vRhyme_unbinned_75__MGr3G3H3I_000000218818	0.7117106	medium	1.0	very high	unclassified	endonuclease VII	0.0	low	0.0	low
vRhyme_unbinned_75__MGr3G3H3I_000000218818_3	vRhyme_unbinned_75__MGr3G3H3I_000000218818	vRhyme_unbinned_75__MGr3G3H3I_000000218818	0.8384666	medium	1.0	very high	unclassified		0.0	low	0.0	low
vRhyme_unbinned_75__MGr3G3H3I_000000218818_4	vRhyme_unbinned_75__MGr3G3H3I_000000218818	vRhyme_unbinned_75__MGr3G3H3I_000000218818	0.74103963	medium	1.0	very high	unclassified	""	0.0	low	0.0	low
vRhyme_unbinned_75__MGr3G3H3I_000000218818_5	vRhyme_unbinned_75__MGr3G3H3I_000000218818	vRhyme_unbinned_75__MGr3G3H3I_000000218818	0.71491605	medium	1.0	very high	unclassified		0.0	low	0.0	low
vRhyme_unbinned_75__MGr3G3H3I_000000218818_6	vRhyme_unbinned_75__MGr3G3H3I_000000218818	vRhyme_unbinned_75__MGr3G3H3I_000000218818	0.7263029	medium	1.0	very high	unclassified		0.0	low	0.0	low
vRhyme_unbinned_75__MGr3G3H3I_000000218818_7	vRhyme_unbinned_75__MGr3G3H3I_000000218818	vRhyme_unbinned_75__MGr3G3H3I_000000218818	0.7427854	medium	1.0	very high	unclassified		0.0	low	0.0	low
vRhyme_unbinned_75__MGr3G3H3I_000000218818_8	vRhyme_unbinned_75__MGr3G3H3I_000000218818	vRhyme_unbinned_75__MGr3G3H3I_000000218818	0.97437537	high	1.0	very high	unclassified		0.0	low	0.0	low
vRhyme_unbinned_75__MGr3G3H3I_000000218818_9	vRhyme_unbinned_75__MGr3G3H3I_000000218818	vRhyme_unbinned_75__MGr3G3H3I_000000218818	0.97478956	high	1.0	very high	unclassified		0.0	low	0.0	low
vRhyme_unbinned_75__MGr3G3H3I_000000218818_10	vRhyme_unbinned_75__MGr3G3H3I_000000218818	vRhyme_unbinned_75__MGr3G3H3I_000000218818	0.97732764	high	1.0	very high	unclassified		0.0	low	0.0	low
vRhyme_unbinned_75__MGr3G3H3I_000000218818_11	vRhyme_unbinned_75__MGr3G3H3I_000000218818	vRhyme_unbinned_75__MGr3G3H3I_000000218818	0.9776206	high	1.0	very high	unclassified		0.0	low	0.0	low
vRhyme_unbinned_75__MGr3G3H3I_000000218818_12	vRhyme_unbinned_75__MGr3G3H3I_000000218818	vRhyme_unbinned_75__MGr3G3H3I_000000218818	0.97983783	high	1.0	very high	unclassified		0.0	low	0.0	low
vRhyme_unbinned_75__MGr3G3H3I_000000218818_13	vRhyme_unbinned_75__MGr3G3H3I_000000218818	vRhyme_unbinned_75__MGr3G3H3I_000000218818	0.9816945	high	1.0	very high	unclassified		0.0	low	0.0	low
vRhyme_unbinned_76__MGr3G3H3I_000000223668_1	vRhyme_unbinned_76__MGr3G3H3I_000000223668	vRhyme_unbinned_76__MGr3G3H3I_000000223668	0.99926996	high	1.0	very high	unclassified		0.0	low	0.0	low
vRhyme_unbinned_76__MGr3G3H3I_000000223668_2	vRhyme_unbinned_76__MGr3G3H3I_000000223668	vRhyme_unbinned_76__MGr3G3H3I_000000223668	0.99892217	high	1.0	very high	unclassified		0.0	low	0.0	low
vRhyme_unbinned_76__MGr3G3H3I_000000223668_3	vRhyme_unbinned_76__MGr3G3H3I_000000223668	vRhyme_unbinned_76__MGr3G3H3I_000000223668	0.99843615	high	1.0	very high	unclassified		0.0	low	0.0	low
vRhyme_unbinned_76__MGr3G3H3I_000000223668_4	vRhyme_unbinned_76__MGr3G3H3I_000000223668	vRhyme_unbinned_76__MGr3G3H3I_000000223668	0.9977074	high	1.0	very high	unclassified		0.0	low	0.0	low
vRhyme_unbinned_76__MGr3G3H3I_000000223668_5	vRhyme_unbinned_76__MGr3G3H3I_000000223668	vRhyme_unbinned_76__MGr3G3H3I_000000223668	0.9977074	high	1.0	very high	unclassified		0.0	low	0.0	low
vRhyme_unbinned_76__MGr3G3H3I_000000223668_6	vRhyme_unbinned_76__MGr3G3H3I_000000223668	vRhyme_unbinned_76__MGr3G3H3I_000000223668	0.9959224	high	1.0	very high	unclassified		0.0	low	0.0	low
vRhyme_unbinned_76__MGr3G3H3I_000000223668_7	vRhyme_unbinned_76__MGr3G3H3I_000000223668	vRhyme_unbinned_76__MGr3G3H3I_000000223668	0.99555695	high	0.9484	high	unclassified		0.0	low	0.0	low
vRhyme_unbinned_76__MGr3G3H3I_000000223668_8	vRhyme_unbinned_76__MGr3G3H3I_000000223668	vRhyme_unbinned_76__MGr3G3H3I_000000223668	0.99354	high	1.0	very high	unclassified		0.0	low	0.0	low
vRhyme_unbinned_76__MGr3G3H3I_000000223668_9	vRhyme_unbinned_76__MGr3G3H3I_000000223668	vRhyme_unbinned_76__MGr3G3H3I_000000223668	0.993137	high	1.0	very high	unclassified		0.0	low	0.0	low
vRhyme_unbinned_76__MGr3G3H3I_000000223668_10	vRhyme_unbinned_76__MGr3G3H3I_000000223668	vRhyme_unbinned_76__MGr3G3H3I_000000223668	0.9930948	high	1.0	very high	unclassified		0.0	low	0.0	low
vRhyme_unbinned_76__MGr3G3H3I_000000223668_11	vRhyme_unbinned_76__MGr3G3H3I_000000223668	vRhyme_unbinned_76__MGr3G3H3I_000000223668	0.9895626	high	1.0	very high	unclassified		0.0	low	0.0	low
vRhyme_unbinned_76__MGr3G3H3I_000000223668_12	vRhyme_unbinned_76__MGr3G3H3I_000000223668	vRhyme_unbinned_76__MGr3G3H3I_000000223668	0.98716384	high	1.0	very high	unclassified		0.0	low	0.0	low
vRhyme_unbinned_76__MGr3G3H3I_000000223668_13	vRhyme_unbinned_76__MGr3G3H3I_000000223668	vRhyme_unbinned_76__MGr3G3H3I_000000223668	0.9913475	high	1.0	very high	unclassified		0.0	low	0.0	low
vRhyme_unbinned_76__MGr3G3H3I_000000223668_14	vRhyme_unbinned_76__MGr3G3H3I_000000223668	vRhyme_unbinned_76__MGr3G3H3I_000000223668	0.9921271	high	1.0	very high	unclassified		0.0	low	0.0	low
vRhyme_unbinned_76__MGr3G3H3I_000000223668_15	vRhyme_unbinned_76__MGr3G3H3I_000000223668	vRhyme_unbinned_76__MGr3G3H3I_000000223668	0.99052256	high	1.0	very high	unclassified		0.0	low	0.0	low
vRhyme_unbinned_76__MGr3G3H3I_000000223668_16	vRhyme_unbinned_76__MGr3G3H3I_000000223668	vRhyme_unbinned_76__MGr3G3H3I_000000223668	0.9927972	high	1.0	very high	unclassified		0.0	low	0.0	low
vRhyme_unbinned_76__MGr3G3H3I_000000223668_17	vRhyme_unbinned_76__MGr3G3H3I_000000223668	vRhyme_unbinned_76__MGr3G3H3I_000000223668	0.9921324	high	1.0	very high	unclassified		0.0	low	0.0	low
vRhyme_unbinned_76__MGr3G3H3I_000000223668_18	vRhyme_unbinned_76__MGr3G3H3I_000000223668	vRhyme_unbinned_76__MGr3G3H3I_000000223668	0.9899173	high	1.0	very high	unclassified		0.0	low	0.0	low
vRhyme_unbinned_76__MGr3G3H3I_000000223668_19	vRhyme_unbinned_76__MGr3G3H3I_000000223668	vRhyme_unbinned_76__MGr3G3H3I_000000223668	0.9892718	high	1.0	very high	unclassified		0.0	low	0.0	low
vRhyme_unbinned_76__MGr3G3H3I_000000223668_20	vRhyme_unbinned_76__MGr3G3H3I_000000223668	vRhyme_unbinned_76__MGr3G3H3I_000000223668	0.9896071	high	1.0	very high	unclassified		0.0	low	0.0	low
vRhyme_unbinned_76__MGr3G3H3I_000000223668_21	vRhyme_unbinned_76__MGr3G3H3I_000000223668	vRhyme_unbinned_76__MGr3G3H3I_000000223668	0.98410094	high	1.0	very high	unclassified		0.0	low	0.0	low
vRhyme_unbinned_76__MGr3G3H3I_000000223668_22	vRhyme_unbinned_76__MGr3G3H3I_000000223668	vRhyme_unbinned_76__MGr3G3H3I_000000223668	0.9912562	high	1.0	very high	unclassified		0.0	low	0.0	low
vRhyme_unbinned_76__MGr3G3H3I_000000223668_23	vRhyme_unbinned_76__MGr3G3H3I_000000223668	vRhyme_unbinned_76__MGr3G3H3I_000000223668	0.99195546	high	1.0	very high	unclassified		0.0	low	0.0	low
vRhyme_unbinned_76__MGr3G3H3I_000000223668_24	vRhyme_unbinned_76__MGr3G3H3I_000000223668	vRhyme_unbinned_76__MGr3G3H3I_000000223668	0.99311024	high	1.0	very high	unclassified		0.0976	medium	0.0976	medium
vRhyme_unbinned_76__MGr3G3H3I_000000223668_25	vRhyme_unbinned_76__MGr3G3H3I_000000223668	vRhyme_unbinned_76__MGr3G3H3I_000000223668	0.98682505	high	1.0	very high	unclassified		0.0	low	0.0	low
vRhyme_unbinned_76__MGr3G3H3I_000000223668_26	vRhyme_unbinned_76__MGr3G3H3I_000000223668	vRhyme_unbinned_76__MGr3G3H3I_000000223668	0.9879607	high	1.0	very high	unclassified		0.0	low	0.0	low
vRhyme_unbinned_76__MGr3G3H3I_000000223668_27	vRhyme_unbinned_76__MGr3G3H3I_000000223668	vRhyme_unbinned_76__MGr3G3H3I_000000223668	0.99044025	high	1.0	very high	unclassified		0.0	low	0.0	low
vRhyme_unbinned_76__MGr3G3H3I_000000223668_28	vRhyme_unbinned_76__MGr3G3H3I_000000223668	vRhyme_unbinned_76__MGr3G3H3I_000000223668	0.99024266	high	1.0	very high	unclassified		0.0	low	0.0	low
vRhyme_unbinned_76__MGr3G3H3I_000000223668_29	vRhyme_unbinned_76__MGr3G3H3I_000000223668	vRhyme_unbinned_76__MGr3G3H3I_000000223668	0.99021477	high	1.0	very high	unclassified		0.0	low	0.0	low
vRhyme_unbinned_76__MGr3G3H3I_000000223668_30	vRhyme_unbinned_76__MGr3G3H3I_000000223668	vRhyme_unbinned_76__MGr3G3H3I_000000223668	0.9899787	high	1.0	very high	unclassified		0.0	low	0.0	low
vRhyme_unbinned_76__MGr3G3H3I_000000223668_31	vRhyme_unbinned_76__MGr3G3H3I_000000223668	vRhyme_unbinned_76__MGr3G3H3I_000000223668	0.9891124	high	1.0	very high	unclassified		0.0	low	0.0	low
vRhyme_unbinned_76__MGr3G3H3I_000000223668_32	vRhyme_unbinned_76__MGr3G3H3I_000000223668	vRhyme_unbinned_76__MGr3G3H3I_000000223668	0.98942375	high	1.0	very high	unclassified		0.0	low	0.0	low
vRhyme_unbinned_77__MGr3G3H3I_000000224979_1	vRhyme_unbinned_77__MGr3G3H3I_000000224979	vRhyme_unbinned_77__MGr3G3H3I_000000224979	0.75899905	medium	1.0	very high	unclassified		0.0	low	0.0	low
vRhyme_unbinned_77__MGr3G3H3I_000000224979_2	vRhyme_unbinned_77__MGr3G3H3I_000000224979	vRhyme_unbinned_77__MGr3G3H3I_000000224979	0.9962772	high	0.9508	high	unclassified	polA; DNA polymerase I [EC:2.7.7.7]	0.0	low	0.0	low
vRhyme_unbinned_77__MGr3G3H3I_000000224979_3	vRhyme_unbinned_77__MGr3G3H3I_000000224979	vRhyme_unbinned_77__MGr3G3H3I_000000224979	0.9962287	high	1.0	very high	unclassified	DNA primase	0.0	low	0.0	low
vRhyme_unbinned_77__MGr3G3H3I_000000224979_4	vRhyme_unbinned_77__MGr3G3H3I_000000224979	vRhyme_unbinned_77__MGr3G3H3I_000000224979	0.99683625	high	1.0	very high	unclassified		0.0	low	0.0	low
vRhyme_unbinned_77__MGr3G3H3I_000000224979_5	vRhyme_unbinned_77__MGr3G3H3I_000000224979	vRhyme_unbinned_77__MGr3G3H3I_000000224979	0.9968357	high	1.0	very high	unclassified		0.0	low	0.0	low
vRhyme_unbinned_77__MGr3G3H3I_000000224979_6	vRhyme_unbinned_77__MGr3G3H3I_000000224979	vRhyme_unbinned_77__MGr3G3H3I_000000224979	0.99353683	high	1.0	very high	unclassified	purD; phosphoribosylamine---glycine ligase [EC:6.3.4.13]	0.0	low	0.0	low
vRhyme_unbinned_77__MGr3G3H3I_000000224979_7	vRhyme_unbinned_77__MGr3G3H3I_000000224979	vRhyme_unbinned_77__MGr3G3H3I_000000224979	0.9973966	high	1.0	very high	unclassified		0.0	low	0.0	low
vRhyme_unbinned_77__MGr3G3H3I_000000224979_8	vRhyme_unbinned_77__MGr3G3H3I_000000224979	vRhyme_unbinned_77__MGr3G3H3I_000000224979	0.997688	high	1.0	very high	unclassified		0.0	low	0.0	low
vRhyme_unbinned_77__MGr3G3H3I_000000224979_9	vRhyme_unbinned_77__MGr3G3H3I_000000224979	vRhyme_unbinned_77__MGr3G3H3I_000000224979	0.9971325	high	1.0	very high	unclassified		0.0	low	0.0	low
vRhyme_unbinned_77__MGr3G3H3I_000000224979_10	vRhyme_unbinned_77__MGr3G3H3I_000000224979	vRhyme_unbinned_77__MGr3G3H3I_000000224979	0.99585956	high	1.0	very high	unclassified		0.0	low	0.0	low
vRhyme_unbinned_77__MGr3G3H3I_000000224979_11	vRhyme_unbinned_77__MGr3G3H3I_000000224979	vRhyme_unbinned_77__MGr3G3H3I_000000224979	0.9960203	high	1.0	very high	unclassified		0.0	low	0.0	low
vRhyme_unbinned_77__MGr3G3H3I_000000224979_12	vRhyme_unbinned_77__MGr3G3H3I_000000224979	vRhyme_unbinned_77__MGr3G3H3I_000000224979	0.99665475	high	1.0	very high	unclassified		0.0	low	0.0	low
vRhyme_unbinned_77__MGr3G3H3I_000000224979_13	vRhyme_unbinned_77__MGr3G3H3I_000000224979	vRhyme_unbinned_77__MGr3G3H3I_000000224979	0.9972567	high	1.0	very high	unclassified		0.0	low	0.0	low
vRhyme_unbinned_77__MGr3G3H3I_000000224979_14	vRhyme_unbinned_77__MGr3G3H3I_000000224979	vRhyme_unbinned_77__MGr3G3H3I_000000224979	0.99842465	high	1.0	very high	unclassified		0.0	low	0.0	low
vRhyme_unbinned_77__MGr3G3H3I_000000224979_15	vRhyme_unbinned_77__MGr3G3H3I_000000224979	vRhyme_unbinned_77__MGr3G3H3I_000000224979	0.9990354	high	1.0	very high	unclassified	""	0.0	low	0.0	low
vRhyme_unbinned_77__MGr3G3H3I_000000224979_16	vRhyme_unbinned_77__MGr3G3H3I_000000224979	vRhyme_unbinned_77__MGr3G3H3I_000000224979	0.9992483	high	1.0	very high	unclassified		0.0	low	0.0	low
vRhyme_unbinned_77__MGr3G3H3I_000000224979_17	vRhyme_unbinned_77__MGr3G3H3I_000000224979	vRhyme_unbinned_77__MGr3G3H3I_000000224979	0.99892807	high	1.0	very high	unclassified		0.0	low	0.0	low
vRhyme_unbinned_77__MGr3G3H3I_000000224979_18	vRhyme_unbinned_77__MGr3G3H3I_000000224979	vRhyme_unbinned_77__MGr3G3H3I_000000224979	0.99889743	high	1.0	very high	unclassified		0.0	low	0.0	low
vRhyme_unbinned_77__MGr3G3H3I_000000224979_19	vRhyme_unbinned_77__MGr3G3H3I_000000224979	vRhyme_unbinned_77__MGr3G3H3I_000000224979	0.999106	high	1.0	very high	unclassified		0.0	low	0.0	low
vRhyme_unbinned_77__MGr3G3H3I_000000224979_20	vRhyme_unbinned_77__MGr3G3H3I_000000224979	vRhyme_unbinned_77__MGr3G3H3I_000000224979	0.99867636	high	1.0	very high	unclassified		0.0	low	0.0	low
vRhyme_unbinned_77__MGr3G3H3I_000000224979_21	vRhyme_unbinned_77__MGr3G3H3I_000000224979	vRhyme_unbinned_77__MGr3G3H3I_000000224979	0.9984546	high	1.0	very high	unclassified		0.0	low	0.0	low
vRhyme_unbinned_77__MGr3G3H3I_000000224979_22	vRhyme_unbinned_77__MGr3G3H3I_000000224979	vRhyme_unbinned_77__MGr3G3H3I_000000224979	0.9984798	high	1.0	very high	unclassified		0.0	low	0.0	low
vRhyme_unbinned_77__MGr3G3H3I_000000224979_23	vRhyme_unbinned_77__MGr3G3H3I_000000224979	vRhyme_unbinned_77__MGr3G3H3I_000000224979	0.99843305	high	1.0	very high	unclassified		0.0	low	0.0	low
vRhyme_unbinned_77__MGr3G3H3I_000000224979_24	vRhyme_unbinned_77__MGr3G3H3I_000000224979	vRhyme_unbinned_77__MGr3G3H3I_000000224979	0.99795586	high	1.0	very high	unclassified		0.0	low	0.0	low
vRhyme_unbinned_77__MGr3G3H3I_000000224979_25	vRhyme_unbinned_77__MGr3G3H3I_000000224979	vRhyme_unbinned_77__MGr3G3H3I_000000224979	0.99456143	high	1.0	very high	unclassified		0.0	low	0.0	low
vRhyme_unbinned_77__MGr3G3H3I_000000224979_26	vRhyme_unbinned_77__MGr3G3H3I_000000224979	vRhyme_unbinned_77__MGr3G3H3I_000000224979	0.9954281	high	1.0	very high	unclassified		0.0	low	0.0	low
vRhyme_unbinned_77__MGr3G3H3I_000000224979_27	vRhyme_unbinned_77__MGr3G3H3I_000000224979	vRhyme_unbinned_77__MGr3G3H3I_000000224979	0.9946211	high	1.0	very high	unclassified		0.0	low	0.0	low
vRhyme_unbinned_77__MGr3G3H3I_000000224979_28	vRhyme_unbinned_77__MGr3G3H3I_000000224979	vRhyme_unbinned_77__MGr3G3H3I_000000224979	0.99462855	high	1.0	very high	unclassified		0.0	low	0.0	low
vRhyme_unbinned_77__MGr3G3H3I_000000224979_29	vRhyme_unbinned_77__MGr3G3H3I_000000224979	vRhyme_unbinned_77__MGr3G3H3I_000000224979	0.9926118	high	1.0	very high	unclassified		0.0	low	0.0	low
vRhyme_unbinned_78__MGr3G3H3I_000000231783_1	vRhyme_unbinned_78__MGr3G3H3I_000000231783	vRhyme_unbinned_78__MGr3G3H3I_000000231783	0.98422605	high	0.8978	high	unclassified		0.0	low	0.0	low
vRhyme_unbinned_78__MGr3G3H3I_000000231783_2	vRhyme_unbinned_78__MGr3G3H3I_000000231783	vRhyme_unbinned_78__MGr3G3H3I_000000231783	0.9118395	medium	0.9593	high	unclassified		0.0	low	0.0	low
vRhyme_unbinned_78__MGr3G3H3I_000000231783_3	vRhyme_unbinned_78__MGr3G3H3I_000000231783	vRhyme_unbinned_78__MGr3G3H3I_000000231783	0.9794766	high	0.9064	high	unclassified		0.0	low	0.0	low
vRhyme_unbinned_78__MGr3G3H3I_000000231783_4	vRhyme_unbinned_78__MGr3G3H3I_000000231783	vRhyme_unbinned_78__MGr3G3H3I_000000231783	0.98034304	high	1.0	very high	unclassified		0.0	low	0.0	low
vRhyme_unbinned_78__MGr3G3H3I_000000231783_5	vRhyme_unbinned_78__MGr3G3H3I_000000231783	vRhyme_unbinned_78__MGr3G3H3I_000000231783	0.981672	high	0.9165	high	unclassified		0.0	low	0.0	low
vRhyme_unbinned_78__MGr3G3H3I_000000231783_6	vRhyme_unbinned_78__MGr3G3H3I_000000231783	vRhyme_unbinned_78__MGr3G3H3I_000000231783	0.98201567	high	0.9124	high	unclassified		0.0	low	0.0	low
vRhyme_unbinned_78__MGr3G3H3I_000000231783_7	vRhyme_unbinned_78__MGr3G3H3I_000000231783	vRhyme_unbinned_78__MGr3G3H3I_000000231783	0.9831689	high	0.9387	high	unclassified		0.0	low	0.0	low
vRhyme_unbinned_78__MGr3G3H3I_000000231783_8	vRhyme_unbinned_78__MGr3G3H3I_000000231783	vRhyme_unbinned_78__MGr3G3H3I_000000231783	0.94880646	high	0.9518	high	unclassified		0.0	low	0.0	low
vRhyme_unbinned_78__MGr3G3H3I_000000231783_9	vRhyme_unbinned_78__MGr3G3H3I_000000231783	vRhyme_unbinned_78__MGr3G3H3I_000000231783	0.95048565	high	0.9563	high	unclassified		0.0	low	0.0	low
vRhyme_unbinned_78__MGr3G3H3I_000000231783_10	vRhyme_unbinned_78__MGr3G3H3I_000000231783	vRhyme_unbinned_78__MGr3G3H3I_000000231783	0.96224076	high	1.0	very high	unclassified		0.0	low	0.0	low
vRhyme_unbinned_78__MGr3G3H3I_000000231783_11	vRhyme_unbinned_78__MGr3G3H3I_000000231783	vRhyme_unbinned_78__MGr3G3H3I_000000231783	0.96760887	high	1.0	very high	unclassified		0.0	low	0.0	low
vRhyme_unbinned_78__MGr3G3H3I_000000231783_12	vRhyme_unbinned_78__MGr3G3H3I_000000231783	vRhyme_unbinned_78__MGr3G3H3I_000000231783	0.941394	high	1.0	very high	physiological	cspA; cold shock protein	1.0	very high	1.0	very high
vRhyme_unbinned_78__MGr3G3H3I_000000231783_13	vRhyme_unbinned_78__MGr3G3H3I_000000231783	vRhyme_unbinned_78__MGr3G3H3I_000000231783	0.9516881	high	0.9542	high	unclassified		0.0	low	0.0	low
vRhyme_unbinned_78__MGr3G3H3I_000000231783_14	vRhyme_unbinned_78__MGr3G3H3I_000000231783	vRhyme_unbinned_78__MGr3G3H3I_000000231783	0.9621088	high	1.0	very high	unclassified		0.0	low	0.0	low
vRhyme_unbinned_78__MGr3G3H3I_000000231783_15	vRhyme_unbinned_78__MGr3G3H3I_000000231783	vRhyme_unbinned_78__MGr3G3H3I_000000231783	0.95794743	high	1.0	very high	unclassified		0.0	low	0.0	low
vRhyme_unbinned_78__MGr3G3H3I_000000231783_16	vRhyme_unbinned_78__MGr3G3H3I_000000231783	vRhyme_unbinned_78__MGr3G3H3I_000000231783	0.96807265	high	0.9222	high	unclassified		0.0	low	0.0	low
vRhyme_unbinned_78__MGr3G3H3I_000000231783_17	vRhyme_unbinned_78__MGr3G3H3I_000000231783	vRhyme_unbinned_78__MGr3G3H3I_000000231783	0.96874785	high	0.9559	high	unclassified		0.0	low	0.0	low
vRhyme_unbinned_78__MGr3G3H3I_000000231783_18	vRhyme_unbinned_78__MGr3G3H3I_000000231783	vRhyme_unbinned_78__MGr3G3H3I_000000231783	0.96261543	high	0.8988	high	unclassified		0.0	low	0.0	low
vRhyme_unbinned_78__MGr3G3H3I_000000231783_19	vRhyme_unbinned_78__MGr3G3H3I_000000231783	vRhyme_unbinned_78__MGr3G3H3I_000000231783	0.9687674	high	1.0	very high	unclassified		0.0	low	0.0	low
vRhyme_unbinned_78__MGr3G3H3I_000000231783_20	vRhyme_unbinned_78__MGr3G3H3I_000000231783	vRhyme_unbinned_78__MGr3G3H3I_000000231783	0.94918877	high	0.9577	high	physiological	Virulence-associated protein E-like domain	0.4091	medium	0.3918	high
vRhyme_unbinned_79__MGr3G3H3I_000000232172_1	vRhyme_unbinned_79__MGr3G3H3I_000000232172	vRhyme_unbinned_79__MGr3G3H3I_000000232172	0.99951917	high	1.0	very high	unclassified		0.0	low	0.0	low
vRhyme_unbinned_79__MGr3G3H3I_000000232172_2	vRhyme_unbinned_79__MGr3G3H3I_000000232172	vRhyme_unbinned_79__MGr3G3H3I_000000232172	0.9992561	high	1.0	very high	unclassified		0.0	low	0.0	low
vRhyme_unbinned_79__MGr3G3H3I_000000232172_3	vRhyme_unbinned_79__MGr3G3H3I_000000232172	vRhyme_unbinned_79__MGr3G3H3I_000000232172	0.99982226	high	1.0	very high	unclassified		0.0	low	0.0	low
vRhyme_unbinned_79__MGr3G3H3I_000000232172_4	vRhyme_unbinned_79__MGr3G3H3I_000000232172	vRhyme_unbinned_79__MGr3G3H3I_000000232172	0.9999052	high	1.0	very high	unclassified		0.0	low	0.0	low
vRhyme_unbinned_79__MGr3G3H3I_000000232172_5	vRhyme_unbinned_79__MGr3G3H3I_000000232172	vRhyme_unbinned_79__MGr3G3H3I_000000232172	0.99993676	high	1.0	very high	unclassified		0.0	low	0.0	low
vRhyme_unbinned_79__MGr3G3H3I_000000232172_6	vRhyme_unbinned_79__MGr3G3H3I_000000232172	vRhyme_unbinned_79__MGr3G3H3I_000000232172	0.999949	high	1.0	very high	unclassified		0.0	low	0.0	low
vRhyme_unbinned_79__MGr3G3H3I_000000232172_7	vRhyme_unbinned_79__MGr3G3H3I_000000232172	vRhyme_unbinned_79__MGr3G3H3I_000000232172	0.9999083	high	1.0	very high	unclassified	head maturation protease	0.0	low	0.0	low
vRhyme_unbinned_79__MGr3G3H3I_000000232172_8	vRhyme_unbinned_79__MGr3G3H3I_000000232172	vRhyme_unbinned_79__MGr3G3H3I_000000232172	0.99871	high	1.0	very high	unclassified	portal protein	0.0	low	0.0	low
vRhyme_unbinned_79__MGr3G3H3I_000000232172_9	vRhyme_unbinned_79__MGr3G3H3I_000000232172	vRhyme_unbinned_79__MGr3G3H3I_000000232172	0.9999291	high	1.0	very high	unclassified	terminase large subunit	0.0	low	0.0	low
vRhyme_unbinned_79__MGr3G3H3I_000000232172_10	vRhyme_unbinned_79__MGr3G3H3I_000000232172	vRhyme_unbinned_79__MGr3G3H3I_000000232172	0.99893415	high	1.0	very high	unclassified		0.0	low	0.0	low
vRhyme_unbinned_79__MGr3G3H3I_000000232172_11	vRhyme_unbinned_79__MGr3G3H3I_000000232172	vRhyme_unbinned_79__MGr3G3H3I_000000232172	0.9963232	high	1.0	very high	unclassified		0.0	low	0.0	low
vRhyme_unbinned_79__MGr3G3H3I_000000232172_12	vRhyme_unbinned_79__MGr3G3H3I_000000232172	vRhyme_unbinned_79__MGr3G3H3I_000000232172	0.99918044	high	1.0	very high	unclassified		0.0	low	0.0	low
vRhyme_unbinned_79__MGr3G3H3I_000000232172_13	vRhyme_unbinned_79__MGr3G3H3I_000000232172	vRhyme_unbinned_79__MGr3G3H3I_000000232172	0.9991976	high	1.0	very high	unclassified		0.0	low	0.0	low
vRhyme_unbinned_79__MGr3G3H3I_000000232172_14	vRhyme_unbinned_79__MGr3G3H3I_000000232172	vRhyme_unbinned_79__MGr3G3H3I_000000232172	0.9929238	high	1.0	very high	unclassified		0.0	low	0.0	low
vRhyme_unbinned_79__MGr3G3H3I_000000232172_15	vRhyme_unbinned_79__MGr3G3H3I_000000232172	vRhyme_unbinned_79__MGr3G3H3I_000000232172	0.9948613	high	1.0	very high	unclassified		0.0	low	0.0	low
vRhyme_unbinned_79__MGr3G3H3I_000000232172_16	vRhyme_unbinned_79__MGr3G3H3I_000000232172	vRhyme_unbinned_79__MGr3G3H3I_000000232172	0.9942243	high	1.0	very high	unclassified		0.0	low	0.0	low
vRhyme_unbinned_7__MGr3G3H3I_000000013374_1	vRhyme_unbinned_7__MGr3G3H3I_000000013374	vRhyme_unbinned_7__MGr3G3H3I_000000013374	0.59218496	medium	0.9551	high	unclassified		0.0	low	0.0	low
vRhyme_unbinned_7__MGr3G3H3I_000000013374_2	vRhyme_unbinned_7__MGr3G3H3I_000000013374	vRhyme_unbinned_7__MGr3G3H3I_000000013374	0.5200599	low	1.0	very high	unclassified		0.0	low	0.0	low
vRhyme_unbinned_7__MGr3G3H3I_000000013374_3	vRhyme_unbinned_7__MGr3G3H3I_000000013374	vRhyme_unbinned_7__MGr3G3H3I_000000013374	0.8629066	medium	1.0	very high	unclassified	""	0.0	low	0.0	low
vRhyme_unbinned_7__MGr3G3H3I_000000013374_4	vRhyme_unbinned_7__MGr3G3H3I_000000013374	vRhyme_unbinned_7__MGr3G3H3I_000000013374	0.70796955	medium	1.0	very high	unclassified		0.0	low	0.0	low
vRhyme_unbinned_7__MGr3G3H3I_000000013374_5	vRhyme_unbinned_7__MGr3G3H3I_000000013374	vRhyme_unbinned_7__MGr3G3H3I_000000013374	0.6426797	medium	1.0	very high	unclassified		0.0	low	0.0	low
vRhyme_unbinned_7__MGr3G3H3I_000000013374_6	vRhyme_unbinned_7__MGr3G3H3I_000000013374	vRhyme_unbinned_7__MGr3G3H3I_000000013374	0.87534666	medium	0.9554	high	unclassified		0.0	low	0.0	low
vRhyme_unbinned_7__MGr3G3H3I_000000013374_7	vRhyme_unbinned_7__MGr3G3H3I_000000013374	vRhyme_unbinned_7__MGr3G3H3I_000000013374	0.9315014	high	1.0	very high	unclassified	Phage portal protein	0.0	low	0.0	low
vRhyme_unbinned_7__MGr3G3H3I_000000013374_8	vRhyme_unbinned_7__MGr3G3H3I_000000013374	vRhyme_unbinned_7__MGr3G3H3I_000000013374	0.7807894	medium	1.0	very high	unclassified		0.0	low	0.0	low
vRhyme_unbinned_7__MGr3G3H3I_000000013374_9	vRhyme_unbinned_7__MGr3G3H3I_000000013374	vRhyme_unbinned_7__MGr3G3H3I_000000013374	0.78688216	medium	1.0	very high	unclassified		0.0	low	0.0	low
vRhyme_unbinned_7__MGr3G3H3I_000000013374_10	vRhyme_unbinned_7__MGr3G3H3I_000000013374	vRhyme_unbinned_7__MGr3G3H3I_000000013374	0.7927457	medium	1.0	very high	unclassified		0.0	low	0.0	low
vRhyme_unbinned_7__MGr3G3H3I_000000013374_11	vRhyme_unbinned_7__MGr3G3H3I_000000013374	vRhyme_unbinned_7__MGr3G3H3I_000000013374	0.78763586	medium	1.0	very high	unclassified		0.0	low	0.0	low
vRhyme_unbinned_80__MGr3G3H3I_000000240298_1	vRhyme_unbinned_80__MGr3G3H3I_000000240298	vRhyme_unbinned_80__MGr3G3H3I_000000240298	0.99290776	high	1.0	very high	unclassified		0.0	low	0.0	low
vRhyme_unbinned_80__MGr3G3H3I_000000240298_2	vRhyme_unbinned_80__MGr3G3H3I_000000240298	vRhyme_unbinned_80__MGr3G3H3I_000000240298	0.9913849	high	1.0	very high	unclassified		0.0	low	0.0	low
vRhyme_unbinned_80__MGr3G3H3I_000000240298_3	vRhyme_unbinned_80__MGr3G3H3I_000000240298	vRhyme_unbinned_80__MGr3G3H3I_000000240298	0.98234606	high	1.0	very high	unclassified		0.0	low	0.0	low
vRhyme_unbinned_80__MGr3G3H3I_000000240298_4	vRhyme_unbinned_80__MGr3G3H3I_000000240298	vRhyme_unbinned_80__MGr3G3H3I_000000240298	0.9439719	high	1.0	very high	unclassified	lysozyme type G (EC 3.2.1.17); peptidoglycan lyase (EC 4.2.2.n1) also known in the literature as peptidoglycan lytic transglycosylase; chitinase (EC 3.2.1.14)	0.0	low	0.0	low
vRhyme_unbinned_80__MGr3G3H3I_000000240298_5	vRhyme_unbinned_80__MGr3G3H3I_000000240298	vRhyme_unbinned_80__MGr3G3H3I_000000240298	0.893123	medium	1.0	very high	unclassified	DNA invertase	0.0	low	0.0	low
vRhyme_unbinned_80__MGr3G3H3I_000000240298_6	vRhyme_unbinned_80__MGr3G3H3I_000000240298	vRhyme_unbinned_80__MGr3G3H3I_000000240298	0.9957545	high	1.0	very high	unclassified	DNA helicase	0.0	low	0.0	low
vRhyme_unbinned_80__MGr3G3H3I_000000240298_7	vRhyme_unbinned_80__MGr3G3H3I_000000240298	vRhyme_unbinned_80__MGr3G3H3I_000000240298	0.99672973	high	1.0	very high	unclassified		0.0	low	0.0	low
vRhyme_unbinned_80__MGr3G3H3I_000000240298_8	vRhyme_unbinned_80__MGr3G3H3I_000000240298	vRhyme_unbinned_80__MGr3G3H3I_000000240298	0.9968249	high	1.0	very high	unclassified		0.0	low	0.0	low
vRhyme_unbinned_80__MGr3G3H3I_000000240298_9	vRhyme_unbinned_80__MGr3G3H3I_000000240298	vRhyme_unbinned_80__MGr3G3H3I_000000240298	0.9973812	high	1.0	very high	unclassified		0.0	low	0.0	low
vRhyme_unbinned_80__MGr3G3H3I_000000240298_10	vRhyme_unbinned_80__MGr3G3H3I_000000240298	vRhyme_unbinned_80__MGr3G3H3I_000000240298	0.9968267	high	1.0	very high	unclassified	Putative phage metallopeptidase	0.0	low	0.0	low
vRhyme_unbinned_80__MGr3G3H3I_000000240298_11	vRhyme_unbinned_80__MGr3G3H3I_000000240298	vRhyme_unbinned_80__MGr3G3H3I_000000240298	0.99981046	high	1.0	very high	unclassified		0.0	low	0.0	low
vRhyme_unbinned_80__MGr3G3H3I_000000240298_12	vRhyme_unbinned_80__MGr3G3H3I_000000240298	vRhyme_unbinned_80__MGr3G3H3I_000000240298	0.9996375	high	1.0	very high	unclassified		0.0	low	0.0	low
vRhyme_unbinned_80__MGr3G3H3I_000000240298_13	vRhyme_unbinned_80__MGr3G3H3I_000000240298	vRhyme_unbinned_80__MGr3G3H3I_000000240298	0.9997021	high	1.0	very high	unclassified		0.0	low	0.0	low
vRhyme_unbinned_80__MGr3G3H3I_000000240298_14	vRhyme_unbinned_80__MGr3G3H3I_000000240298	vRhyme_unbinned_80__MGr3G3H3I_000000240298	0.9999382	high	1.0	very high	unclassified		0.0	low	0.0	low
vRhyme_unbinned_80__MGr3G3H3I_000000240298_15	vRhyme_unbinned_80__MGr3G3H3I_000000240298	vRhyme_unbinned_80__MGr3G3H3I_000000240298	0.99978554	high	1.0	very high	unclassified	Erf-like ssDNA annealing protein	0.0	low	0.0	low
vRhyme_unbinned_80__MGr3G3H3I_000000240298_16	vRhyme_unbinned_80__MGr3G3H3I_000000240298	vRhyme_unbinned_80__MGr3G3H3I_000000240298	0.9996201	high	1.0	very high	unclassified	""	0.0	low	0.0	low
vRhyme_unbinned_80__MGr3G3H3I_000000240298_17	vRhyme_unbinned_80__MGr3G3H3I_000000240298	vRhyme_unbinned_80__MGr3G3H3I_000000240298	0.9993868	high	1.0	very high	unclassified		0.0	low	0.0	low
vRhyme_unbinned_80__MGr3G3H3I_000000240298_18	vRhyme_unbinned_80__MGr3G3H3I_000000240298	vRhyme_unbinned_80__MGr3G3H3I_000000240298	0.9992302	high	0.9517	high	unclassified		0.0	low	0.0	low
vRhyme_unbinned_80__MGr3G3H3I_000000240298_19	vRhyme_unbinned_80__MGr3G3H3I_000000240298	vRhyme_unbinned_80__MGr3G3H3I_000000240298	0.9992418	high	1.0	very high	unclassified		0.0	low	0.0	low
vRhyme_unbinned_81__MGr3G3H3I_000000246984_1	vRhyme_unbinned_81__MGr3G3H3I_000000246984	vRhyme_unbinned_81__MGr3G3H3I_000000246984	0.97932607	high	1.0	very high	unclassified		0.0	low	0.0	low
vRhyme_unbinned_81__MGr3G3H3I_000000246984_2	vRhyme_unbinned_81__MGr3G3H3I_000000246984	vRhyme_unbinned_81__MGr3G3H3I_000000246984	0.97931784	high	1.0	very high	unclassified		0.0	low	0.0	low
vRhyme_unbinned_81__MGr3G3H3I_000000246984_3	vRhyme_unbinned_81__MGr3G3H3I_000000246984	vRhyme_unbinned_81__MGr3G3H3I_000000246984	0.9845093	high	1.0	very high	unclassified		0.0	low	0.0	low
vRhyme_unbinned_81__MGr3G3H3I_000000246984_4	vRhyme_unbinned_81__MGr3G3H3I_000000246984	vRhyme_unbinned_81__MGr3G3H3I_000000246984	0.985186	high	1.0	very high	regulatory	groES, HSPE1; chaperonin GroES	0.9447	high	0.9447	very high
vRhyme_unbinned_81__MGr3G3H3I_000000246984_5	vRhyme_unbinned_81__MGr3G3H3I_000000246984	vRhyme_unbinned_81__MGr3G3H3I_000000246984	0.9826729	high	1.0	very high	unclassified		0.0	low	0.0	low
vRhyme_unbinned_81__MGr3G3H3I_000000246984_6	vRhyme_unbinned_81__MGr3G3H3I_000000246984	vRhyme_unbinned_81__MGr3G3H3I_000000246984	0.9881107	high	1.0	very high	unclassified		0.0	low	0.0	low
vRhyme_unbinned_81__MGr3G3H3I_000000246984_7	vRhyme_unbinned_81__MGr3G3H3I_000000246984	vRhyme_unbinned_81__MGr3G3H3I_000000246984	0.98559046	high	1.0	very high	unclassified		0.0	low	0.0	low
vRhyme_unbinned_81__MGr3G3H3I_000000246984_8	vRhyme_unbinned_81__MGr3G3H3I_000000246984	vRhyme_unbinned_81__MGr3G3H3I_000000246984	0.9860574	high	1.0	very high	unclassified		0.0	low	0.0	low
vRhyme_unbinned_81__MGr3G3H3I_000000246984_9	vRhyme_unbinned_81__MGr3G3H3I_000000246984	vRhyme_unbinned_81__MGr3G3H3I_000000246984	0.98606956	high	1.0	very high	unclassified		0.0	low	0.0	low
vRhyme_unbinned_81__MGr3G3H3I_000000246984_10	vRhyme_unbinned_81__MGr3G3H3I_000000246984	vRhyme_unbinned_81__MGr3G3H3I_000000246984	0.9866657	high	1.0	very high	unclassified		0.0	low	0.0	low
vRhyme_unbinned_81__MGr3G3H3I_000000246984_11	vRhyme_unbinned_81__MGr3G3H3I_000000246984	vRhyme_unbinned_81__MGr3G3H3I_000000246984	0.9883974	high	1.0	very high	unclassified		0.0	low	0.0	low
vRhyme_unbinned_81__MGr3G3H3I_000000246984_12	vRhyme_unbinned_81__MGr3G3H3I_000000246984	vRhyme_unbinned_81__MGr3G3H3I_000000246984	0.98760307	high	1.0	very high	unclassified		0.0	low	0.0	low
vRhyme_unbinned_81__MGr3G3H3I_000000246984_13	vRhyme_unbinned_81__MGr3G3H3I_000000246984	vRhyme_unbinned_81__MGr3G3H3I_000000246984	0.98847103	high	1.0	very high	unclassified		0.0	low	0.0	low
vRhyme_unbinned_81__MGr3G3H3I_000000246984_14	vRhyme_unbinned_81__MGr3G3H3I_000000246984	vRhyme_unbinned_81__MGr3G3H3I_000000246984	0.9569152	high	1.0	very high	unclassified		0.0	low	0.0	low
vRhyme_unbinned_81__MGr3G3H3I_000000246984_15	vRhyme_unbinned_81__MGr3G3H3I_000000246984	vRhyme_unbinned_81__MGr3G3H3I_000000246984	0.95906	high	1.0	very high	unclassified		0.0	low	0.0	low
vRhyme_unbinned_81__MGr3G3H3I_000000246984_16	vRhyme_unbinned_81__MGr3G3H3I_000000246984	vRhyme_unbinned_81__MGr3G3H3I_000000246984	0.9614864	high	1.0	very high	unclassified		0.0	low	0.0	low
vRhyme_unbinned_81__MGr3G3H3I_000000246984_17	vRhyme_unbinned_81__MGr3G3H3I_000000246984	vRhyme_unbinned_81__MGr3G3H3I_000000246984	0.9604496	high	1.0	very high	unclassified		0.0	low	0.0	low
vRhyme_unbinned_82__MGr3G3H3I_000000255661_1	vRhyme_unbinned_82__MGr3G3H3I_000000255661	vRhyme_unbinned_82__MGr3G3H3I_000000255661	0.9909411	high	1.0	very high	unclassified	""	0.0	low	0.0	low
vRhyme_unbinned_82__MGr3G3H3I_000000255661_2	vRhyme_unbinned_82__MGr3G3H3I_000000255661	vRhyme_unbinned_82__MGr3G3H3I_000000255661	0.9897997	high	1.0	very high	unclassified		0.0	low	0.0	low
vRhyme_unbinned_82__MGr3G3H3I_000000255661_3	vRhyme_unbinned_82__MGr3G3H3I_000000255661	vRhyme_unbinned_82__MGr3G3H3I_000000255661	0.98935467	high	1.0	very high	regulatory	groES, HSPE1; chaperonin GroES	0.1627	medium	0.1627	medium
vRhyme_unbinned_82__MGr3G3H3I_000000255661_4	vRhyme_unbinned_82__MGr3G3H3I_000000255661	vRhyme_unbinned_82__MGr3G3H3I_000000255661	0.9917228	high	1.0	very high	unclassified		0.0	low	0.0	low
vRhyme_unbinned_82__MGr3G3H3I_000000255661_5	vRhyme_unbinned_82__MGr3G3H3I_000000255661	vRhyme_unbinned_82__MGr3G3H3I_000000255661	0.99798083	high	1.0	very high	regulatory	groEL, HSPD1, HSP60, CPN60; chaperonin GroEL [EC:5.6.1.7]	1.0	very high	1.0	very high
vRhyme_unbinned_82__MGr3G3H3I_000000255661_6	vRhyme_unbinned_82__MGr3G3H3I_000000255661	vRhyme_unbinned_82__MGr3G3H3I_000000255661	0.99966156	high	1.0	very high	unclassified		0.0	low	0.0	low
vRhyme_unbinned_82__MGr3G3H3I_000000255661_7	vRhyme_unbinned_82__MGr3G3H3I_000000255661	vRhyme_unbinned_82__MGr3G3H3I_000000255661	0.999577	high	1.0	very high	unclassified		0.0	low	0.0	low
vRhyme_unbinned_82__MGr3G3H3I_000000255661_8	vRhyme_unbinned_82__MGr3G3H3I_000000255661	vRhyme_unbinned_82__MGr3G3H3I_000000255661	0.99949956	high	1.0	very high	unclassified		0.0	low	0.0	low
vRhyme_unbinned_82__MGr3G3H3I_000000255661_9	vRhyme_unbinned_82__MGr3G3H3I_000000255661	vRhyme_unbinned_82__MGr3G3H3I_000000255661	0.9994864	high	1.0	very high	unclassified		0.0	low	0.0	low
vRhyme_unbinned_82__MGr3G3H3I_000000255661_10	vRhyme_unbinned_82__MGr3G3H3I_000000255661	vRhyme_unbinned_82__MGr3G3H3I_000000255661	0.99948454	high	1.0	very high	unclassified		0.0	low	0.0	low
vRhyme_unbinned_82__MGr3G3H3I_000000255661_11	vRhyme_unbinned_82__MGr3G3H3I_000000255661	vRhyme_unbinned_82__MGr3G3H3I_000000255661	0.9994799	high	1.0	very high	unclassified		0.0	low	0.0	low
vRhyme_unbinned_82__MGr3G3H3I_000000255661_12	vRhyme_unbinned_82__MGr3G3H3I_000000255661	vRhyme_unbinned_82__MGr3G3H3I_000000255661	0.999438	high	1.0	very high	unclassified		0.0	low	0.0	low
vRhyme_unbinned_82__MGr3G3H3I_000000255661_13	vRhyme_unbinned_82__MGr3G3H3I_000000255661	vRhyme_unbinned_82__MGr3G3H3I_000000255661	0.99943006	high	1.0	very high	unclassified		0.0	low	0.0	low
vRhyme_unbinned_82__MGr3G3H3I_000000255661_14	vRhyme_unbinned_82__MGr3G3H3I_000000255661	vRhyme_unbinned_82__MGr3G3H3I_000000255661	0.9995398	high	1.0	very high	unclassified		0.0	low	0.0	low
vRhyme_unbinned_82__MGr3G3H3I_000000255661_15	vRhyme_unbinned_82__MGr3G3H3I_000000255661	vRhyme_unbinned_82__MGr3G3H3I_000000255661	0.9995835	high	1.0	very high	unclassified		0.0	low	0.0	low
vRhyme_unbinned_82__MGr3G3H3I_000000255661_16	vRhyme_unbinned_82__MGr3G3H3I_000000255661	vRhyme_unbinned_82__MGr3G3H3I_000000255661	0.99921924	high	1.0	very high	unclassified		0.0	low	0.0	low
vRhyme_unbinned_82__MGr3G3H3I_000000255661_17	vRhyme_unbinned_82__MGr3G3H3I_000000255661	vRhyme_unbinned_82__MGr3G3H3I_000000255661	0.99817777	high	1.0	very high	unclassified		0.0	low	0.0	low
vRhyme_unbinned_82__MGr3G3H3I_000000255661_18	vRhyme_unbinned_82__MGr3G3H3I_000000255661	vRhyme_unbinned_82__MGr3G3H3I_000000255661	0.99805206	high	1.0	very high	unclassified		0.0	low	0.0	low
vRhyme_unbinned_82__MGr3G3H3I_000000255661_19	vRhyme_unbinned_82__MGr3G3H3I_000000255661	vRhyme_unbinned_82__MGr3G3H3I_000000255661	0.9983456	high	1.0	very high	unclassified		0.0	low	0.0	low
vRhyme_unbinned_82__MGr3G3H3I_000000255661_20	vRhyme_unbinned_82__MGr3G3H3I_000000255661	vRhyme_unbinned_82__MGr3G3H3I_000000255661	0.99844867	high	1.0	very high	unclassified		0.0	low	0.0	low
vRhyme_unbinned_82__MGr3G3H3I_000000255661_21	vRhyme_unbinned_82__MGr3G3H3I_000000255661	vRhyme_unbinned_82__MGr3G3H3I_000000255661	0.9994239	high	1.0	very high	unclassified		0.0	low	0.0	low
vRhyme_unbinned_82__MGr3G3H3I_000000255661_22	vRhyme_unbinned_82__MGr3G3H3I_000000255661	vRhyme_unbinned_82__MGr3G3H3I_000000255661	0.9992959	high	1.0	very high	unclassified		0.0	low	0.0	low
vRhyme_unbinned_82__MGr3G3H3I_000000255661_23	vRhyme_unbinned_82__MGr3G3H3I_000000255661	vRhyme_unbinned_82__MGr3G3H3I_000000255661	0.99938214	high	1.0	very high	unclassified		0.0	low	0.0	low
vRhyme_unbinned_82__MGr3G3H3I_000000255661_24	vRhyme_unbinned_82__MGr3G3H3I_000000255661	vRhyme_unbinned_82__MGr3G3H3I_000000255661	0.99948406	high	1.0	very high	unclassified		0.0	low	0.0	low
vRhyme_unbinned_82__MGr3G3H3I_000000255661_25	vRhyme_unbinned_82__MGr3G3H3I_000000255661	vRhyme_unbinned_82__MGr3G3H3I_000000255661	0.9994661	high	1.0	very high	unclassified		0.0	low	0.0	low
vRhyme_unbinned_82__MGr3G3H3I_000000255661_26	vRhyme_unbinned_82__MGr3G3H3I_000000255661	vRhyme_unbinned_82__MGr3G3H3I_000000255661	0.99940073	high	1.0	very high	unclassified		0.0	low	0.0	low
vRhyme_unbinned_82__MGr3G3H3I_000000255661_27	vRhyme_unbinned_82__MGr3G3H3I_000000255661	vRhyme_unbinned_82__MGr3G3H3I_000000255661	0.9994166	high	1.0	very high	unclassified		0.0	low	0.0	low
vRhyme_unbinned_82__MGr3G3H3I_000000255661_28	vRhyme_unbinned_82__MGr3G3H3I_000000255661	vRhyme_unbinned_82__MGr3G3H3I_000000255661	0.99946195	high	1.0	very high	unclassified		0.0	low	0.0	low
vRhyme_unbinned_82__MGr3G3H3I_000000255661_29	vRhyme_unbinned_82__MGr3G3H3I_000000255661	vRhyme_unbinned_82__MGr3G3H3I_000000255661	0.9995548	high	1.0	very high	unclassified		0.0	low	0.0	low
vRhyme_unbinned_82__MGr3G3H3I_000000255661_30	vRhyme_unbinned_82__MGr3G3H3I_000000255661	vRhyme_unbinned_82__MGr3G3H3I_000000255661	0.99975395	high	1.0	very high	unclassified		0.0	low	0.0	low
vRhyme_unbinned_82__MGr3G3H3I_000000255661_31	vRhyme_unbinned_82__MGr3G3H3I_000000255661	vRhyme_unbinned_82__MGr3G3H3I_000000255661	0.999776	high	1.0	very high	unclassified		0.0	low	0.0	low
vRhyme_unbinned_82__MGr3G3H3I_000000255661_32	vRhyme_unbinned_82__MGr3G3H3I_000000255661	vRhyme_unbinned_82__MGr3G3H3I_000000255661	0.9997544	high	1.0	very high	unclassified		0.0	low	0.0	low
vRhyme_unbinned_82__MGr3G3H3I_000000255661_33	vRhyme_unbinned_82__MGr3G3H3I_000000255661	vRhyme_unbinned_82__MGr3G3H3I_000000255661	0.9997312	high	1.0	very high	unclassified		0.0	low	0.0	low
vRhyme_unbinned_82__MGr3G3H3I_000000255661_34	vRhyme_unbinned_82__MGr3G3H3I_000000255661	vRhyme_unbinned_82__MGr3G3H3I_000000255661	0.99971807	high	1.0	very high	unclassified		0.0	low	0.0	low
vRhyme_unbinned_82__MGr3G3H3I_000000255661_35	vRhyme_unbinned_82__MGr3G3H3I_000000255661	vRhyme_unbinned_82__MGr3G3H3I_000000255661	0.99921125	high	1.0	very high	unclassified	membrane protein	0.0	low	0.0	low
vRhyme_unbinned_82__MGr3G3H3I_000000255661_36	vRhyme_unbinned_82__MGr3G3H3I_000000255661	vRhyme_unbinned_82__MGr3G3H3I_000000255661	0.9996578	high	1.0	very high	unclassified		0.0	low	0.0	low
vRhyme_unbinned_82__MGr3G3H3I_000000255661_37	vRhyme_unbinned_82__MGr3G3H3I_000000255661	vRhyme_unbinned_82__MGr3G3H3I_000000255661	0.9996511	high	1.0	very high	unclassified		0.0	low	0.0	low
vRhyme_unbinned_82__MGr3G3H3I_000000255661_38	vRhyme_unbinned_82__MGr3G3H3I_000000255661	vRhyme_unbinned_82__MGr3G3H3I_000000255661	0.9996094	high	1.0	very high	unclassified		0.0	low	0.0	low
vRhyme_unbinned_82__MGr3G3H3I_000000255661_39	vRhyme_unbinned_82__MGr3G3H3I_000000255661	vRhyme_unbinned_82__MGr3G3H3I_000000255661	0.9994942	high	1.0	very high	unclassified		0.0	low	0.0	low
vRhyme_unbinned_82__MGr3G3H3I_000000255661_40	vRhyme_unbinned_82__MGr3G3H3I_000000255661	vRhyme_unbinned_82__MGr3G3H3I_000000255661	0.999397	high	1.0	very high	unclassified		0.0	low	0.0	low
vRhyme_unbinned_82__MGr3G3H3I_000000255661_41	vRhyme_unbinned_82__MGr3G3H3I_000000255661	vRhyme_unbinned_82__MGr3G3H3I_000000255661	0.99938136	high	1.0	very high	unclassified		0.0	low	0.0	low
vRhyme_unbinned_82__MGr3G3H3I_000000255661_42	vRhyme_unbinned_82__MGr3G3H3I_000000255661	vRhyme_unbinned_82__MGr3G3H3I_000000255661	0.9994889	high	1.0	very high	unclassified		0.0	low	0.0	low
vRhyme_unbinned_82__MGr3G3H3I_000000255661_43	vRhyme_unbinned_82__MGr3G3H3I_000000255661	vRhyme_unbinned_82__MGr3G3H3I_000000255661	0.9994885	high	1.0	very high	unclassified		0.0	low	0.0	low
vRhyme_unbinned_82__MGr3G3H3I_000000255661_44	vRhyme_unbinned_82__MGr3G3H3I_000000255661	vRhyme_unbinned_82__MGr3G3H3I_000000255661	0.99910027	high	1.0	very high	unclassified		0.0	low	0.0	low
vRhyme_unbinned_82__MGr3G3H3I_000000255661_45	vRhyme_unbinned_82__MGr3G3H3I_000000255661	vRhyme_unbinned_82__MGr3G3H3I_000000255661	0.99901927	high	1.0	very high	unclassified		0.0	low	0.0	low
vRhyme_unbinned_82__MGr3G3H3I_000000255661_46	vRhyme_unbinned_82__MGr3G3H3I_000000255661	vRhyme_unbinned_82__MGr3G3H3I_000000255661	0.99906445	high	1.0	very high	unclassified		0.0	low	0.0	low
vRhyme_unbinned_82__MGr3G3H3I_000000255661_47	vRhyme_unbinned_82__MGr3G3H3I_000000255661	vRhyme_unbinned_82__MGr3G3H3I_000000255661	0.9990786	high	1.0	very high	unclassified		0.0	low	0.0	low
vRhyme_unbinned_82__MGr3G3H3I_000000255661_48	vRhyme_unbinned_82__MGr3G3H3I_000000255661	vRhyme_unbinned_82__MGr3G3H3I_000000255661	0.9995171	high	1.0	very high	unclassified		0.0	low	0.0	low
vRhyme_unbinned_82__MGr3G3H3I_000000255661_49	vRhyme_unbinned_82__MGr3G3H3I_000000255661	vRhyme_unbinned_82__MGr3G3H3I_000000255661	0.9997159	high	1.0	very high	unclassified	terminase large subunit	0.0	low	0.0	low
vRhyme_unbinned_82__MGr3G3H3I_000000255661_50	vRhyme_unbinned_82__MGr3G3H3I_000000255661	vRhyme_unbinned_82__MGr3G3H3I_000000255661	0.99495685	high	1.0	very high	unclassified		0.05	low	0.05	low
vRhyme_unbinned_82__MGr3G3H3I_000000255661_51	vRhyme_unbinned_82__MGr3G3H3I_000000255661	vRhyme_unbinned_82__MGr3G3H3I_000000255661	0.99900657	high	1.0	very high	unclassified		0.0	low	0.0	low
vRhyme_unbinned_82__MGr3G3H3I_000000255661_52	vRhyme_unbinned_82__MGr3G3H3I_000000255661	vRhyme_unbinned_82__MGr3G3H3I_000000255661	0.9993202	high	1.0	very high	unclassified	""	0.0	low	0.0	low
vRhyme_unbinned_82__MGr3G3H3I_000000255661_53	vRhyme_unbinned_82__MGr3G3H3I_000000255661	vRhyme_unbinned_82__MGr3G3H3I_000000255661	0.9989983	high	1.0	very high	unclassified	RecE-like recombination exonuclease	0.0	low	0.0	low
vRhyme_unbinned_82__MGr3G3H3I_000000255661_54	vRhyme_unbinned_82__MGr3G3H3I_000000255661	vRhyme_unbinned_82__MGr3G3H3I_000000255661	0.9950179	high	1.0	very high	unclassified		0.0	low	0.0	low
vRhyme_unbinned_82__MGr3G3H3I_000000255661_55	vRhyme_unbinned_82__MGr3G3H3I_000000255661	vRhyme_unbinned_82__MGr3G3H3I_000000255661	0.96981716	high	1.0	very high	unclassified		0.0	low	0.0	low
vRhyme_unbinned_82__MGr3G3H3I_000000255661_56	vRhyme_unbinned_82__MGr3G3H3I_000000255661	vRhyme_unbinned_82__MGr3G3H3I_000000255661	0.976488	high	1.0	very high	unclassified		0.0	low	0.0	low
vRhyme_unbinned_82__MGr3G3H3I_000000255661_57	vRhyme_unbinned_82__MGr3G3H3I_000000255661	vRhyme_unbinned_82__MGr3G3H3I_000000255661	0.9520937	high	1.0	very high	unclassified		0.0	low	0.0	low
vRhyme_unbinned_82__MGr3G3H3I_000000255661_58	vRhyme_unbinned_82__MGr3G3H3I_000000255661	vRhyme_unbinned_82__MGr3G3H3I_000000255661	0.95452887	high	1.0	very high	unclassified		0.0	low	0.0	low
vRhyme_unbinned_82__MGr3G3H3I_000000255661_59	vRhyme_unbinned_82__MGr3G3H3I_000000255661	vRhyme_unbinned_82__MGr3G3H3I_000000255661	0.95660174	high	1.0	very high	unclassified		0.0	low	0.0	low
vRhyme_unbinned_82__MGr3G3H3I_000000255661_60	vRhyme_unbinned_82__MGr3G3H3I_000000255661	vRhyme_unbinned_82__MGr3G3H3I_000000255661	0.95306206	high	1.0	very high	unclassified		0.0	low	0.0	low
vRhyme_unbinned_82__MGr3G3H3I_000000255661_61	vRhyme_unbinned_82__MGr3G3H3I_000000255661	vRhyme_unbinned_82__MGr3G3H3I_000000255661	0.898687	medium	1.0	very high	unclassified	K07496; putative transposase	0.0	low	0.0	low
vRhyme_unbinned_82__MGr3G3H3I_000000255661_62	vRhyme_unbinned_82__MGr3G3H3I_000000255661	vRhyme_unbinned_82__MGr3G3H3I_000000255661	0.78853303	medium	1.0	very high	unclassified		0.0	low	0.0	low
vRhyme_unbinned_82__MGr3G3H3I_000000255661_63	vRhyme_unbinned_82__MGr3G3H3I_000000255661	vRhyme_unbinned_82__MGr3G3H3I_000000255661	0.8453415	medium	1.0	very high	unclassified		0.0	low	0.0	low
vRhyme_unbinned_82__MGr3G3H3I_000000255661_64	vRhyme_unbinned_82__MGr3G3H3I_000000255661	vRhyme_unbinned_82__MGr3G3H3I_000000255661	0.8789669	medium	1.0	very high	unclassified		0.0	low	0.0	low
vRhyme_unbinned_82__MGr3G3H3I_000000255661_65	vRhyme_unbinned_82__MGr3G3H3I_000000255661	vRhyme_unbinned_82__MGr3G3H3I_000000255661	0.8859444	medium	1.0	very high	unclassified	Domain of unknown function (DUF7736)	0.0	low	0.0	low
vRhyme_unbinned_82__MGr3G3H3I_000000255661_66	vRhyme_unbinned_82__MGr3G3H3I_000000255661	vRhyme_unbinned_82__MGr3G3H3I_000000255661	0.9119588	medium	1.0	very high	unclassified		0.0	low	0.0	low
vRhyme_unbinned_82__MGr3G3H3I_000000255661_67	vRhyme_unbinned_82__MGr3G3H3I_000000255661	vRhyme_unbinned_82__MGr3G3H3I_000000255661	0.9323425	high	0.9507	high	unclassified		0.0	low	0.0	low
vRhyme_unbinned_82__MGr3G3H3I_000000255661_68	vRhyme_unbinned_82__MGr3G3H3I_000000255661	vRhyme_unbinned_82__MGr3G3H3I_000000255661	0.9448288	high	1.0	very high	unclassified		0.0	low	0.0	low
vRhyme_unbinned_82__MGr3G3H3I_000000255661_69	vRhyme_unbinned_82__MGr3G3H3I_000000255661	vRhyme_unbinned_82__MGr3G3H3I_000000255661	0.94129246	high	1.0	very high	unclassified		0.0	low	0.0	low
vRhyme_unbinned_83__MGr3G3H3I_000000264560_1	vRhyme_unbinned_83__MGr3G3H3I_000000264560	vRhyme_unbinned_83__MGr3G3H3I_000000264560	0.76183945	medium	1.0	very high	unclassified		0.0	low	0.0	low
vRhyme_unbinned_83__MGr3G3H3I_000000264560_2	vRhyme_unbinned_83__MGr3G3H3I_000000264560	vRhyme_unbinned_83__MGr3G3H3I_000000264560	0.7662667	medium	1.0	very high	unclassified		0.0	low	0.0	low
vRhyme_unbinned_83__MGr3G3H3I_000000264560_3	vRhyme_unbinned_83__MGr3G3H3I_000000264560	vRhyme_unbinned_83__MGr3G3H3I_000000264560	0.7662667	medium	1.0	very high	unclassified		0.0	low	0.0	low
vRhyme_unbinned_83__MGr3G3H3I_000000264560_4	vRhyme_unbinned_83__MGr3G3H3I_000000264560	vRhyme_unbinned_83__MGr3G3H3I_000000264560	0.7595479	medium	1.0	very high	unclassified		0.0	low	0.0	low
vRhyme_unbinned_83__MGr3G3H3I_000000264560_5	vRhyme_unbinned_83__MGr3G3H3I_000000264560	vRhyme_unbinned_83__MGr3G3H3I_000000264560	0.7675303	medium	1.0	very high	unclassified		0.0	low	0.0	low
vRhyme_unbinned_83__MGr3G3H3I_000000264560_6	vRhyme_unbinned_83__MGr3G3H3I_000000264560	vRhyme_unbinned_83__MGr3G3H3I_000000264560	0.7615371	medium	1.0	very high	unclassified		0.0	low	0.0	low
vRhyme_unbinned_83__MGr3G3H3I_000000264560_7	vRhyme_unbinned_83__MGr3G3H3I_000000264560	vRhyme_unbinned_83__MGr3G3H3I_000000264560	0.7207201	medium	1.0	very high	unclassified		0.0	low	0.0	low
vRhyme_unbinned_83__MGr3G3H3I_000000264560_8	vRhyme_unbinned_83__MGr3G3H3I_000000264560	vRhyme_unbinned_83__MGr3G3H3I_000000264560	0.7317723	medium	1.0	very high	unclassified		0.0	low	0.0	low
vRhyme_unbinned_83__MGr3G3H3I_000000264560_9	vRhyme_unbinned_83__MGr3G3H3I_000000264560	vRhyme_unbinned_83__MGr3G3H3I_000000264560	0.73102397	medium	1.0	very high	unclassified		0.0	low	0.0	low
vRhyme_unbinned_83__MGr3G3H3I_000000264560_10	vRhyme_unbinned_83__MGr3G3H3I_000000264560	vRhyme_unbinned_83__MGr3G3H3I_000000264560	0.71743286	medium	1.0	very high	unclassified		0.0	low	0.0	low
vRhyme_unbinned_83__MGr3G3H3I_000000264560_11	vRhyme_unbinned_83__MGr3G3H3I_000000264560	vRhyme_unbinned_83__MGr3G3H3I_000000264560	0.70801795	medium	1.0	very high	unclassified		0.0	low	0.0	low
vRhyme_unbinned_83__MGr3G3H3I_000000264560_12	vRhyme_unbinned_83__MGr3G3H3I_000000264560	vRhyme_unbinned_83__MGr3G3H3I_000000264560	0.6890545	medium	1.0	very high	unclassified		0.0	low	0.0	low
vRhyme_unbinned_83__MGr3G3H3I_000000264560_13	vRhyme_unbinned_83__MGr3G3H3I_000000264560	vRhyme_unbinned_83__MGr3G3H3I_000000264560	0.69771165	medium	1.0	very high	unclassified		0.0	low	0.0	low
vRhyme_unbinned_83__MGr3G3H3I_000000264560_14	vRhyme_unbinned_83__MGr3G3H3I_000000264560	vRhyme_unbinned_83__MGr3G3H3I_000000264560	0.6906021	medium	1.0	very high	unclassified		0.0	low	0.0	low
vRhyme_unbinned_83__MGr3G3H3I_000000264560_15	vRhyme_unbinned_83__MGr3G3H3I_000000264560	vRhyme_unbinned_83__MGr3G3H3I_000000264560	0.6852527	medium	1.0	very high	unclassified		0.0	low	0.0	low
vRhyme_unbinned_83__MGr3G3H3I_000000264560_16	vRhyme_unbinned_83__MGr3G3H3I_000000264560	vRhyme_unbinned_83__MGr3G3H3I_000000264560	0.7015462	medium	1.0	very high	unclassified		0.0	low	0.0	low
vRhyme_unbinned_83__MGr3G3H3I_000000264560_17	vRhyme_unbinned_83__MGr3G3H3I_000000264560	vRhyme_unbinned_83__MGr3G3H3I_000000264560	0.7110926	medium	1.0	very high	unclassified		0.0	low	0.0	low
vRhyme_unbinned_83__MGr3G3H3I_000000264560_18	vRhyme_unbinned_83__MGr3G3H3I_000000264560	vRhyme_unbinned_83__MGr3G3H3I_000000264560	0.69036096	medium	1.0	very high	unclassified		0.0	low	0.0	low
vRhyme_unbinned_83__MGr3G3H3I_000000264560_19	vRhyme_unbinned_83__MGr3G3H3I_000000264560	vRhyme_unbinned_83__MGr3G3H3I_000000264560	0.7098019	medium	1.0	very high	unclassified		0.0	low	0.0	low
vRhyme_unbinned_83__MGr3G3H3I_000000264560_20	vRhyme_unbinned_83__MGr3G3H3I_000000264560	vRhyme_unbinned_83__MGr3G3H3I_000000264560	0.7020586	medium	1.0	very high	unclassified		0.0	low	0.0	low
vRhyme_unbinned_83__MGr3G3H3I_000000264560_21	vRhyme_unbinned_83__MGr3G3H3I_000000264560	vRhyme_unbinned_83__MGr3G3H3I_000000264560	0.6940202	medium	1.0	very high	unclassified		0.0	low	0.0	low
vRhyme_unbinned_83__MGr3G3H3I_000000264560_22	vRhyme_unbinned_83__MGr3G3H3I_000000264560	vRhyme_unbinned_83__MGr3G3H3I_000000264560	0.6625389	medium	1.0	very high	unclassified		0.0	low	0.0	low
vRhyme_unbinned_83__MGr3G3H3I_000000264560_23	vRhyme_unbinned_83__MGr3G3H3I_000000264560	vRhyme_unbinned_83__MGr3G3H3I_000000264560	0.6368782	medium	1.0	very high	unclassified	Mom-like DNA modification protein	0.0	low	0.0	low
vRhyme_unbinned_83__MGr3G3H3I_000000264560_24	vRhyme_unbinned_83__MGr3G3H3I_000000264560	vRhyme_unbinned_83__MGr3G3H3I_000000264560	0.61267966	medium	1.0	very high	unclassified		0.0	low	0.0	low
vRhyme_unbinned_83__MGr3G3H3I_000000264560_25	vRhyme_unbinned_83__MGr3G3H3I_000000264560	vRhyme_unbinned_83__MGr3G3H3I_000000264560	0.80222416	medium	1.0	very high	unclassified	K07074; uncharacterized protein	0.0	low	0.0	low
vRhyme_unbinned_83__MGr3G3H3I_000000264560_26	vRhyme_unbinned_83__MGr3G3H3I_000000264560	vRhyme_unbinned_83__MGr3G3H3I_000000264560	0.70482606	medium	1.0	very high	unclassified		0.0	low	0.0	low
vRhyme_unbinned_83__MGr3G3H3I_000000264560_27	vRhyme_unbinned_83__MGr3G3H3I_000000264560	vRhyme_unbinned_83__MGr3G3H3I_000000264560	0.3247161	low	1.0	very high	unclassified		0.0	low	0.0	low
vRhyme_unbinned_83__MGr3G3H3I_000000264560_28	vRhyme_unbinned_83__MGr3G3H3I_000000264560	vRhyme_unbinned_83__MGr3G3H3I_000000264560	0.36006323	low	1.0	very high	unclassified		0.0	low	0.0	low
vRhyme_unbinned_83__MGr3G3H3I_000000264560_29	vRhyme_unbinned_83__MGr3G3H3I_000000264560	vRhyme_unbinned_83__MGr3G3H3I_000000264560	0.31744802	low	1.0	very high	unclassified		0.0	low	0.0	low
vRhyme_unbinned_83__MGr3G3H3I_000000264560_30	vRhyme_unbinned_83__MGr3G3H3I_000000264560	vRhyme_unbinned_83__MGr3G3H3I_000000264560	0.30923963	low	1.0	very high	unclassified		0.0	low	0.0	low
vRhyme_unbinned_83__MGr3G3H3I_000000264560_31	vRhyme_unbinned_83__MGr3G3H3I_000000264560	vRhyme_unbinned_83__MGr3G3H3I_000000264560	0.31534243	low	1.0	very high	unclassified		0.0	low	0.0	low
vRhyme_unbinned_83__MGr3G3H3I_000000264560_32	vRhyme_unbinned_83__MGr3G3H3I_000000264560	vRhyme_unbinned_83__MGr3G3H3I_000000264560	0.33325645	low	1.0	very high	unclassified		0.0	low	0.0	low
vRhyme_unbinned_83__MGr3G3H3I_000000264560_33	vRhyme_unbinned_83__MGr3G3H3I_000000264560	vRhyme_unbinned_83__MGr3G3H3I_000000264560	0.2772897	low	1.0	very high	unclassified		0.0	low	0.0	low
vRhyme_unbinned_83__MGr3G3H3I_000000264560_34	vRhyme_unbinned_83__MGr3G3H3I_000000264560	vRhyme_unbinned_83__MGr3G3H3I_000000264560	0.26712304	low	1.0	very high	unclassified		0.0	low	0.0	low
vRhyme_unbinned_83__MGr3G3H3I_000000264560_35	vRhyme_unbinned_83__MGr3G3H3I_000000264560	vRhyme_unbinned_83__MGr3G3H3I_000000264560	0.25199965	low	1.0	very high	unclassified		0.0	low	0.0	low
vRhyme_unbinned_83__MGr3G3H3I_000000264560_36	vRhyme_unbinned_83__MGr3G3H3I_000000264560	vRhyme_unbinned_83__MGr3G3H3I_000000264560	0.23931155	low	1.0	very high	unclassified		0.0	low	0.0	low
vRhyme_unbinned_83__MGr3G3H3I_000000264560_37	vRhyme_unbinned_83__MGr3G3H3I_000000264560	vRhyme_unbinned_83__MGr3G3H3I_000000264560	0.2002754	low	1.0	very high	unclassified		0.0	low	0.0	low
vRhyme_unbinned_83__MGr3G3H3I_000000264560_38	vRhyme_unbinned_83__MGr3G3H3I_000000264560	vRhyme_unbinned_83__MGr3G3H3I_000000264560	0.20123781	low	1.0	very high	unclassified		0.0	low	0.0	low
vRhyme_unbinned_83__MGr3G3H3I_000000264560_39	vRhyme_unbinned_83__MGr3G3H3I_000000264560	vRhyme_unbinned_83__MGr3G3H3I_000000264560	0.27046564	low	1.0	very high	unclassified		0.0	low	0.0	low
vRhyme_unbinned_83__MGr3G3H3I_000000264560_40	vRhyme_unbinned_83__MGr3G3H3I_000000264560	vRhyme_unbinned_83__MGr3G3H3I_000000264560	0.25787544	low	1.0	very high	unclassified		0.0	low	0.0	low
vRhyme_unbinned_83__MGr3G3H3I_000000264560_41	vRhyme_unbinned_83__MGr3G3H3I_000000264560	vRhyme_unbinned_83__MGr3G3H3I_000000264560	0.09032835	low	1.0	very high	unclassified		0.0	low	0.0	low
vRhyme_unbinned_83__MGr3G3H3I_000000264560_42	vRhyme_unbinned_83__MGr3G3H3I_000000264560	vRhyme_unbinned_83__MGr3G3H3I_000000264560	0.19666368	low	1.0	very high	unclassified		0.0	low	0.0	low
vRhyme_unbinned_83__MGr3G3H3I_000000264560_43	vRhyme_unbinned_83__MGr3G3H3I_000000264560	vRhyme_unbinned_83__MGr3G3H3I_000000264560	0.20659505	low	1.0	very high	unclassified		0.0	low	0.0	low
vRhyme_unbinned_83__MGr3G3H3I_000000264560_44	vRhyme_unbinned_83__MGr3G3H3I_000000264560	vRhyme_unbinned_83__MGr3G3H3I_000000264560	0.24913773	low	1.0	very high	unclassified		0.0	low	0.0	low
vRhyme_unbinned_84__MGr3G3H3I_000000268864_1	vRhyme_unbinned_84__MGr3G3H3I_000000268864	vRhyme_unbinned_84__MGr3G3H3I_000000268864	0.99671096	high	1.0	very high	unclassified		0.0	low	0.0	low
vRhyme_unbinned_84__MGr3G3H3I_000000268864_2	vRhyme_unbinned_84__MGr3G3H3I_000000268864	vRhyme_unbinned_84__MGr3G3H3I_000000268864	0.98127425	high	1.0	very high	unclassified		0.0	low	0.0	low
vRhyme_unbinned_84__MGr3G3H3I_000000268864_3	vRhyme_unbinned_84__MGr3G3H3I_000000268864	vRhyme_unbinned_84__MGr3G3H3I_000000268864	0.9989035	high	1.0	very high	unclassified		0.0	low	0.0	low
vRhyme_unbinned_84__MGr3G3H3I_000000268864_4	vRhyme_unbinned_84__MGr3G3H3I_000000268864	vRhyme_unbinned_84__MGr3G3H3I_000000268864	0.99888885	high	0.9481	high	unclassified		0.0	low	0.0	low
vRhyme_unbinned_84__MGr3G3H3I_000000268864_5	vRhyme_unbinned_84__MGr3G3H3I_000000268864	vRhyme_unbinned_84__MGr3G3H3I_000000268864	0.998691	high	1.0	very high	unclassified		0.0	low	0.0	low
vRhyme_unbinned_84__MGr3G3H3I_000000268864_6	vRhyme_unbinned_84__MGr3G3H3I_000000268864	vRhyme_unbinned_84__MGr3G3H3I_000000268864	0.99795794	high	1.0	very high	unclassified		0.0	low	0.0	low
vRhyme_unbinned_84__MGr3G3H3I_000000268864_7	vRhyme_unbinned_84__MGr3G3H3I_000000268864	vRhyme_unbinned_84__MGr3G3H3I_000000268864	0.9989617	high	0.968	very high	unclassified		0.0	low	0.0	low
vRhyme_unbinned_84__MGr3G3H3I_000000268864_8	vRhyme_unbinned_84__MGr3G3H3I_000000268864	vRhyme_unbinned_84__MGr3G3H3I_000000268864	0.9988217	high	1.0	very high	unclassified		0.0	low	0.0	low
vRhyme_unbinned_84__MGr3G3H3I_000000268864_9	vRhyme_unbinned_84__MGr3G3H3I_000000268864	vRhyme_unbinned_84__MGr3G3H3I_000000268864	0.99934417	high	0.9455	high	unclassified		0.0	low	0.0	low
vRhyme_unbinned_84__MGr3G3H3I_000000268864_10	vRhyme_unbinned_84__MGr3G3H3I_000000268864	vRhyme_unbinned_84__MGr3G3H3I_000000268864	0.99502325	high	0.9162	high	unclassified		0.0	low	0.0	low
vRhyme_unbinned_84__MGr3G3H3I_000000268864_11	vRhyme_unbinned_84__MGr3G3H3I_000000268864	vRhyme_unbinned_84__MGr3G3H3I_000000268864	0.9991298	high	0.9453	high	unclassified	E2.1.1.113; site-specific DNA-methyltransferase (cytosine-N4-specific) [EC:2.1.1.113]	0.0	low	0.0	low
vRhyme_unbinned_84__MGr3G3H3I_000000268864_12	vRhyme_unbinned_84__MGr3G3H3I_000000268864	vRhyme_unbinned_84__MGr3G3H3I_000000268864	0.9983731	high	1.0	very high	unclassified		0.0	low	0.0	low
vRhyme_unbinned_84__MGr3G3H3I_000000268864_13	vRhyme_unbinned_84__MGr3G3H3I_000000268864	vRhyme_unbinned_84__MGr3G3H3I_000000268864	0.9988844	high	1.0	very high	unclassified		0.0	low	0.0	low
vRhyme_unbinned_84__MGr3G3H3I_000000268864_14	vRhyme_unbinned_84__MGr3G3H3I_000000268864	vRhyme_unbinned_84__MGr3G3H3I_000000268864	0.9929643	high	1.0	very high	unclassified	""	0.0	low	0.0	low
vRhyme_unbinned_84__MGr3G3H3I_000000268864_15	vRhyme_unbinned_84__MGr3G3H3I_000000268864	vRhyme_unbinned_84__MGr3G3H3I_000000268864	0.9975857	high	0.9445	high	unclassified		0.0	low	0.0	low
vRhyme_unbinned_84__MGr3G3H3I_000000268864_16	vRhyme_unbinned_84__MGr3G3H3I_000000268864	vRhyme_unbinned_84__MGr3G3H3I_000000268864	0.997886	high	1.0	very high	unclassified		0.0	low	0.0	low
vRhyme_unbinned_84__MGr3G3H3I_000000268864_17	vRhyme_unbinned_84__MGr3G3H3I_000000268864	vRhyme_unbinned_84__MGr3G3H3I_000000268864	0.99349034	high	1.0	very high	unclassified		0.0	low	0.0	low
vRhyme_unbinned_84__MGr3G3H3I_000000268864_18	vRhyme_unbinned_84__MGr3G3H3I_000000268864	vRhyme_unbinned_84__MGr3G3H3I_000000268864	0.9928165	high	1.0	very high	unclassified		0.0	low	0.0	low
vRhyme_unbinned_85__MGr3G3H3I_000000273023_1	vRhyme_unbinned_85__MGr3G3H3I_000000273023	vRhyme_unbinned_85__MGr3G3H3I_000000273023	0.78418803	medium	0.0	low	regulatory	flgR; two-component system, NtrC family, response regulator	0.8856	high	0.0	low
vRhyme_unbinned_85__MGr3G3H3I_000000273023_2	vRhyme_unbinned_85__MGr3G3H3I_000000273023	vRhyme_unbinned_85__MGr3G3H3I_000000273023	0.9468436	high	0.2009	medium	unclassified		0.0	low	0.0	low
vRhyme_unbinned_85__MGr3G3H3I_000000273023_3	vRhyme_unbinned_85__MGr3G3H3I_000000273023	vRhyme_unbinned_85__MGr3G3H3I_000000273023	0.98455125	high	0.3005	medium	unclassified	head maturation protease	0.0	low	0.0	low
vRhyme_unbinned_85__MGr3G3H3I_000000273023_4	vRhyme_unbinned_85__MGr3G3H3I_000000273023	vRhyme_unbinned_85__MGr3G3H3I_000000273023	0.9925362	high	0.0685	medium	unclassified		0.0	low	0.0	low
vRhyme_unbinned_85__MGr3G3H3I_000000273023_5	vRhyme_unbinned_85__MGr3G3H3I_000000273023	vRhyme_unbinned_85__MGr3G3H3I_000000273023	0.9847812	high	0.2167	medium	unclassified		0.0	low	0.0	low
vRhyme_unbinned_85__MGr3G3H3I_000000273023_6	vRhyme_unbinned_85__MGr3G3H3I_000000273023	vRhyme_unbinned_85__MGr3G3H3I_000000273023	0.98904514	high	0.1496	medium	unclassified		0.0	low	0.0	low
vRhyme_unbinned_85__MGr3G3H3I_000000273023_7	vRhyme_unbinned_85__MGr3G3H3I_000000273023	vRhyme_unbinned_85__MGr3G3H3I_000000273023	0.9948079	high	0.2074	medium	unclassified		0.0	low	0.0	low
vRhyme_unbinned_85__MGr3G3H3I_000000273023_8	vRhyme_unbinned_85__MGr3G3H3I_000000273023	vRhyme_unbinned_85__MGr3G3H3I_000000273023	0.99582547	high	0.0907	medium	unclassified		0.0	low	0.0	low
vRhyme_unbinned_85__MGr3G3H3I_000000273023_9	vRhyme_unbinned_85__MGr3G3H3I_000000273023	vRhyme_unbinned_85__MGr3G3H3I_000000273023	0.9971274	high	0.2878	medium	unclassified		0.0	low	0.0	low
vRhyme_unbinned_85__MGr3G3H3I_000000273023_10	vRhyme_unbinned_85__MGr3G3H3I_000000273023	vRhyme_unbinned_85__MGr3G3H3I_000000273023	0.9745746	high	0.0777	medium	unclassified		0.0	low	0.0	low
vRhyme_unbinned_85__MGr3G3H3I_000000273023_11	vRhyme_unbinned_85__MGr3G3H3I_000000273023	vRhyme_unbinned_85__MGr3G3H3I_000000273023	0.9869285	high	0.095	medium	unclassified		0.0696	medium	0.0066	low
vRhyme_unbinned_86__MGr3G3H3I_000000274656_1	vRhyme_unbinned_86__MGr3G3H3I_000000274656	vRhyme_unbinned_86__MGr3G3H3I_000000274656	0.99111784	high	1.0	very high	unclassified		0.0	low	0.0	low
vRhyme_unbinned_86__MGr3G3H3I_000000274656_2	vRhyme_unbinned_86__MGr3G3H3I_000000274656	vRhyme_unbinned_86__MGr3G3H3I_000000274656	0.9828354	high	1.0	very high	unclassified		0.0	low	0.0	low
vRhyme_unbinned_86__MGr3G3H3I_000000274656_3	vRhyme_unbinned_86__MGr3G3H3I_000000274656	vRhyme_unbinned_86__MGr3G3H3I_000000274656	0.99158496	high	1.0	very high	unclassified		0.0	low	0.0	low
vRhyme_unbinned_86__MGr3G3H3I_000000274656_4	vRhyme_unbinned_86__MGr3G3H3I_000000274656	vRhyme_unbinned_86__MGr3G3H3I_000000274656	0.9919222	high	1.0	very high	unclassified		0.0	low	0.0	low
vRhyme_unbinned_86__MGr3G3H3I_000000274656_5	vRhyme_unbinned_86__MGr3G3H3I_000000274656	vRhyme_unbinned_86__MGr3G3H3I_000000274656	0.9900859	high	1.0	very high	unclassified		0.0	low	0.0	low
vRhyme_unbinned_86__MGr3G3H3I_000000274656_6	vRhyme_unbinned_86__MGr3G3H3I_000000274656	vRhyme_unbinned_86__MGr3G3H3I_000000274656	0.99221736	high	1.0	very high	unclassified		0.0	low	0.0	low
vRhyme_unbinned_86__MGr3G3H3I_000000274656_7	vRhyme_unbinned_86__MGr3G3H3I_000000274656	vRhyme_unbinned_86__MGr3G3H3I_000000274656	0.99290186	high	1.0	very high	unclassified		0.0	low	0.0	low
vRhyme_unbinned_86__MGr3G3H3I_000000274656_8	vRhyme_unbinned_86__MGr3G3H3I_000000274656	vRhyme_unbinned_86__MGr3G3H3I_000000274656	0.9951	high	1.0	very high	unclassified		0.0	low	0.0	low
vRhyme_unbinned_86__MGr3G3H3I_000000274656_9	vRhyme_unbinned_86__MGr3G3H3I_000000274656	vRhyme_unbinned_86__MGr3G3H3I_000000274656	0.9928023	high	1.0	very high	unclassified		0.0	low	0.0	low
vRhyme_unbinned_86__MGr3G3H3I_000000274656_10	vRhyme_unbinned_86__MGr3G3H3I_000000274656	vRhyme_unbinned_86__MGr3G3H3I_000000274656	0.9932791	high	1.0	very high	unclassified		0.0	low	0.0	low
vRhyme_unbinned_86__MGr3G3H3I_000000274656_11	vRhyme_unbinned_86__MGr3G3H3I_000000274656	vRhyme_unbinned_86__MGr3G3H3I_000000274656	0.9932791	high	1.0	very high	unclassified		0.0	low	0.0	low
vRhyme_unbinned_86__MGr3G3H3I_000000274656_12	vRhyme_unbinned_86__MGr3G3H3I_000000274656	vRhyme_unbinned_86__MGr3G3H3I_000000274656	0.9943499	high	1.0	very high	unclassified		0.0	low	0.0	low
vRhyme_unbinned_86__MGr3G3H3I_000000274656_13	vRhyme_unbinned_86__MGr3G3H3I_000000274656	vRhyme_unbinned_86__MGr3G3H3I_000000274656	0.9952708	high	1.0	very high	unclassified		0.0	low	0.0	low
vRhyme_unbinned_86__MGr3G3H3I_000000274656_14	vRhyme_unbinned_86__MGr3G3H3I_000000274656	vRhyme_unbinned_86__MGr3G3H3I_000000274656	0.99459654	high	1.0	very high	unclassified		0.0	low	0.0	low
vRhyme_unbinned_86__MGr3G3H3I_000000274656_15	vRhyme_unbinned_86__MGr3G3H3I_000000274656	vRhyme_unbinned_86__MGr3G3H3I_000000274656	0.9950628	high	1.0	very high	unclassified		0.0	low	0.0	low
vRhyme_unbinned_86__MGr3G3H3I_000000274656_16	vRhyme_unbinned_86__MGr3G3H3I_000000274656	vRhyme_unbinned_86__MGr3G3H3I_000000274656	0.9947434	high	1.0	very high	unclassified		0.0	low	0.0	low
vRhyme_unbinned_86__MGr3G3H3I_000000274656_17	vRhyme_unbinned_86__MGr3G3H3I_000000274656	vRhyme_unbinned_86__MGr3G3H3I_000000274656	0.995385	high	1.0	very high	unclassified		0.0	low	0.0	low
vRhyme_unbinned_86__MGr3G3H3I_000000274656_18	vRhyme_unbinned_86__MGr3G3H3I_000000274656	vRhyme_unbinned_86__MGr3G3H3I_000000274656	0.9959504	high	1.0	very high	unclassified		0.0	low	0.0	low
vRhyme_unbinned_86__MGr3G3H3I_000000274656_19	vRhyme_unbinned_86__MGr3G3H3I_000000274656	vRhyme_unbinned_86__MGr3G3H3I_000000274656	0.99608725	high	1.0	very high	unclassified		0.0	low	0.0	low
vRhyme_unbinned_86__MGr3G3H3I_000000274656_20	vRhyme_unbinned_86__MGr3G3H3I_000000274656	vRhyme_unbinned_86__MGr3G3H3I_000000274656	0.9959855	high	1.0	very high	unclassified		0.0	low	0.0	low
vRhyme_unbinned_86__MGr3G3H3I_000000274656_21	vRhyme_unbinned_86__MGr3G3H3I_000000274656	vRhyme_unbinned_86__MGr3G3H3I_000000274656	0.99606436	high	1.0	very high	unclassified		0.0	low	0.0	low
vRhyme_unbinned_87__MGr3G3H3I_000000274731_1	vRhyme_unbinned_87__MGr3G3H3I_000000274731	vRhyme_unbinned_87__MGr3G3H3I_000000274731	0.9411749	high	1.0	very high	unclassified		0.0	low	0.0	low
vRhyme_unbinned_87__MGr3G3H3I_000000274731_2	vRhyme_unbinned_87__MGr3G3H3I_000000274731	vRhyme_unbinned_87__MGr3G3H3I_000000274731	0.9411236	high	1.0	very high	unclassified		0.0	low	0.0	low
vRhyme_unbinned_87__MGr3G3H3I_000000274731_3	vRhyme_unbinned_87__MGr3G3H3I_000000274731	vRhyme_unbinned_87__MGr3G3H3I_000000274731	0.9395498	high	1.0	very high	unclassified		0.0	low	0.0	low
vRhyme_unbinned_87__MGr3G3H3I_000000274731_4	vRhyme_unbinned_87__MGr3G3H3I_000000274731	vRhyme_unbinned_87__MGr3G3H3I_000000274731	0.9401081	high	1.0	very high	unclassified		0.0	low	0.0	low
vRhyme_unbinned_87__MGr3G3H3I_000000274731_5	vRhyme_unbinned_87__MGr3G3H3I_000000274731	vRhyme_unbinned_87__MGr3G3H3I_000000274731	0.91898215	high	1.0	very high	unclassified		0.0	low	0.0	low
vRhyme_unbinned_87__MGr3G3H3I_000000274731_6	vRhyme_unbinned_87__MGr3G3H3I_000000274731	vRhyme_unbinned_87__MGr3G3H3I_000000274731	0.75226825	medium	1.0	very high	unclassified		0.0	low	0.0	low
vRhyme_unbinned_87__MGr3G3H3I_000000274731_7	vRhyme_unbinned_87__MGr3G3H3I_000000274731	vRhyme_unbinned_87__MGr3G3H3I_000000274731	0.91705453	high	0.9585	high	unclassified		0.0	low	0.0	low
vRhyme_unbinned_87__MGr3G3H3I_000000274731_8	vRhyme_unbinned_87__MGr3G3H3I_000000274731	vRhyme_unbinned_87__MGr3G3H3I_000000274731	0.8707643	medium	1.0	very high	unclassified		0.0	low	0.0	low
vRhyme_unbinned_87__MGr3G3H3I_000000274731_9	vRhyme_unbinned_87__MGr3G3H3I_000000274731	vRhyme_unbinned_87__MGr3G3H3I_000000274731	0.85608375	medium	1.0	very high	unclassified		0.0	low	0.0	low
vRhyme_unbinned_87__MGr3G3H3I_000000274731_10	vRhyme_unbinned_87__MGr3G3H3I_000000274731	vRhyme_unbinned_87__MGr3G3H3I_000000274731	0.8943669	medium	1.0	very high	unclassified	major head protein	0.0	low	0.0	low
vRhyme_unbinned_87__MGr3G3H3I_000000274731_11	vRhyme_unbinned_87__MGr3G3H3I_000000274731	vRhyme_unbinned_87__MGr3G3H3I_000000274731	0.8102922	medium	1.0	very high	unclassified		0.0	low	0.0	low
vRhyme_unbinned_87__MGr3G3H3I_000000274731_12	vRhyme_unbinned_87__MGr3G3H3I_000000274731	vRhyme_unbinned_87__MGr3G3H3I_000000274731	0.7628443	medium	1.0	very high	unclassified		0.0	low	0.0	low
vRhyme_unbinned_87__MGr3G3H3I_000000274731_13	vRhyme_unbinned_87__MGr3G3H3I_000000274731	vRhyme_unbinned_87__MGr3G3H3I_000000274731	0.79195905	medium	1.0	very high	unclassified	integrase	0.0	low	0.0	low
vRhyme_unbinned_88__MGr3G3H3I_000000288833_1	vRhyme_unbinned_88__MGr3G3H3I_000000288833	vRhyme_unbinned_88__MGr3G3H3I_000000288833	0.82203734	medium	1.0	very high	unclassified		0.0	low	0.0	low
vRhyme_unbinned_88__MGr3G3H3I_000000288833_2	vRhyme_unbinned_88__MGr3G3H3I_000000288833	vRhyme_unbinned_88__MGr3G3H3I_000000288833	0.9229227	high	1.0	very high	unclassified		0.0	low	0.0	low
vRhyme_unbinned_88__MGr3G3H3I_000000288833_3	vRhyme_unbinned_88__MGr3G3H3I_000000288833	vRhyme_unbinned_88__MGr3G3H3I_000000288833	0.93955725	high	1.0	very high	unclassified		0.0	low	0.0	low
vRhyme_unbinned_88__MGr3G3H3I_000000288833_4	vRhyme_unbinned_88__MGr3G3H3I_000000288833	vRhyme_unbinned_88__MGr3G3H3I_000000288833	0.92145574	high	1.0	very high	unclassified		0.0	low	0.0	low
vRhyme_unbinned_88__MGr3G3H3I_000000288833_5	vRhyme_unbinned_88__MGr3G3H3I_000000288833	vRhyme_unbinned_88__MGr3G3H3I_000000288833	0.9791613	high	1.0	very high	unclassified		0.0	low	0.0	low
vRhyme_unbinned_88__MGr3G3H3I_000000288833_6	vRhyme_unbinned_88__MGr3G3H3I_000000288833	vRhyme_unbinned_88__MGr3G3H3I_000000288833	0.98447126	high	1.0	very high	unclassified		0.0	low	0.0	low
vRhyme_unbinned_88__MGr3G3H3I_000000288833_7	vRhyme_unbinned_88__MGr3G3H3I_000000288833	vRhyme_unbinned_88__MGr3G3H3I_000000288833	0.9911961	high	1.0	very high	unclassified	HNH endonuclease	0.0	low	0.0	low
vRhyme_unbinned_88__MGr3G3H3I_000000288833_8	vRhyme_unbinned_88__MGr3G3H3I_000000288833	vRhyme_unbinned_88__MGr3G3H3I_000000288833	0.98752725	high	1.0	very high	unclassified	IRC3; ATP-dependent helicase IRC3 [EC:5.6.2.-]	0.0	low	0.0	low
vRhyme_unbinned_88__MGr3G3H3I_000000288833_9	vRhyme_unbinned_88__MGr3G3H3I_000000288833	vRhyme_unbinned_88__MGr3G3H3I_000000288833	0.9786789	high	1.0	very high	unclassified		0.0	low	0.0	low
vRhyme_unbinned_88__MGr3G3H3I_000000288833_10	vRhyme_unbinned_88__MGr3G3H3I_000000288833	vRhyme_unbinned_88__MGr3G3H3I_000000288833	0.97857183	high	1.0	very high	unclassified		0.0	low	0.0	low
vRhyme_unbinned_88__MGr3G3H3I_000000288833_11	vRhyme_unbinned_88__MGr3G3H3I_000000288833	vRhyme_unbinned_88__MGr3G3H3I_000000288833	0.97858614	high	1.0	very high	unclassified		0.0	low	0.0	low
vRhyme_unbinned_88__MGr3G3H3I_000000288833_12	vRhyme_unbinned_88__MGr3G3H3I_000000288833	vRhyme_unbinned_88__MGr3G3H3I_000000288833	0.97964615	high	1.0	very high	unclassified		0.0	low	0.0	low
vRhyme_unbinned_88__MGr3G3H3I_000000288833_13	vRhyme_unbinned_88__MGr3G3H3I_000000288833	vRhyme_unbinned_88__MGr3G3H3I_000000288833	0.97916985	high	1.0	very high	unclassified		0.0	low	0.0	low
vRhyme_unbinned_88__MGr3G3H3I_000000288833_14	vRhyme_unbinned_88__MGr3G3H3I_000000288833	vRhyme_unbinned_88__MGr3G3H3I_000000288833	0.9659875	high	1.0	very high	unclassified		0.0	low	0.0	low
vRhyme_unbinned_88__MGr3G3H3I_000000288833_15	vRhyme_unbinned_88__MGr3G3H3I_000000288833	vRhyme_unbinned_88__MGr3G3H3I_000000288833	0.91642755	high	1.0	very high	unclassified		0.0	low	0.0	low
vRhyme_unbinned_88__MGr3G3H3I_000000288833_16	vRhyme_unbinned_88__MGr3G3H3I_000000288833	vRhyme_unbinned_88__MGr3G3H3I_000000288833	0.92077535	high	1.0	very high	unclassified		0.0	low	0.0	low
vRhyme_unbinned_88__MGr3G3H3I_000000288833_17	vRhyme_unbinned_88__MGr3G3H3I_000000288833	vRhyme_unbinned_88__MGr3G3H3I_000000288833	0.8779132	medium	1.0	very high	unclassified		0.0	low	0.0	low
vRhyme_unbinned_88__MGr3G3H3I_000000288833_18	vRhyme_unbinned_88__MGr3G3H3I_000000288833	vRhyme_unbinned_88__MGr3G3H3I_000000288833	0.9704927	high	1.0	very high	unclassified		0.0	low	0.0	low
vRhyme_unbinned_88__MGr3G3H3I_000000288833_19	vRhyme_unbinned_88__MGr3G3H3I_000000288833	vRhyme_unbinned_88__MGr3G3H3I_000000288833	0.9681074	high	1.0	very high	unclassified		0.0	low	0.0	low
vRhyme_unbinned_88__MGr3G3H3I_000000288833_20	vRhyme_unbinned_88__MGr3G3H3I_000000288833	vRhyme_unbinned_88__MGr3G3H3I_000000288833	0.9658402	high	1.0	very high	unclassified	exonuclease	0.0	low	0.0	low
vRhyme_unbinned_88__MGr3G3H3I_000000288833_21	vRhyme_unbinned_88__MGr3G3H3I_000000288833	vRhyme_unbinned_88__MGr3G3H3I_000000288833	0.9779119	high	1.0	very high	unclassified		0.0	low	0.0	low
vRhyme_unbinned_88__MGr3G3H3I_000000288833_22	vRhyme_unbinned_88__MGr3G3H3I_000000288833	vRhyme_unbinned_88__MGr3G3H3I_000000288833	0.97507983	high	1.0	very high	unclassified		0.0	low	0.0	low
vRhyme_unbinned_88__MGr3G3H3I_000000288833_23	vRhyme_unbinned_88__MGr3G3H3I_000000288833	vRhyme_unbinned_88__MGr3G3H3I_000000288833	0.92195576	high	1.0	very high	unclassified		0.0	low	0.0	low
vRhyme_unbinned_88__MGr3G3H3I_000000288833_24	vRhyme_unbinned_88__MGr3G3H3I_000000288833	vRhyme_unbinned_88__MGr3G3H3I_000000288833	0.91175383	medium	1.0	very high	unclassified		0.0	low	0.0	low
vRhyme_unbinned_88__MGr3G3H3I_000000288833_25	vRhyme_unbinned_88__MGr3G3H3I_000000288833	vRhyme_unbinned_88__MGr3G3H3I_000000288833	0.90353125	medium	1.0	very high	unclassified		0.0	low	0.0	low
vRhyme_unbinned_88__MGr3G3H3I_000000288833_26	vRhyme_unbinned_88__MGr3G3H3I_000000288833	vRhyme_unbinned_88__MGr3G3H3I_000000288833	0.8936186	medium	1.0	very high	unclassified		0.0	low	0.0	low
vRhyme_unbinned_88__MGr3G3H3I_000000288833_27	vRhyme_unbinned_88__MGr3G3H3I_000000288833	vRhyme_unbinned_88__MGr3G3H3I_000000288833	0.98397547	high	1.0	very high	unclassified	K07496; putative transposase	0.0	low	0.0	low
vRhyme_unbinned_88__MGr3G3H3I_000000288833_28	vRhyme_unbinned_88__MGr3G3H3I_000000288833	vRhyme_unbinned_88__MGr3G3H3I_000000288833	0.7138315	medium	1.0	very high	unclassified		0.0	low	0.0	low
vRhyme_unbinned_88__MGr3G3H3I_000000288833_29	vRhyme_unbinned_88__MGr3G3H3I_000000288833	vRhyme_unbinned_88__MGr3G3H3I_000000288833	0.7850365	medium	1.0	very high	unclassified		0.0	low	0.0	low
vRhyme_unbinned_88__MGr3G3H3I_000000288833_30	vRhyme_unbinned_88__MGr3G3H3I_000000288833	vRhyme_unbinned_88__MGr3G3H3I_000000288833	0.8448979	medium	1.0	very high	unclassified		0.0	low	0.0	low
vRhyme_unbinned_88__MGr3G3H3I_000000288833_31	vRhyme_unbinned_88__MGr3G3H3I_000000288833	vRhyme_unbinned_88__MGr3G3H3I_000000288833	0.8440782	medium	1.0	very high	unclassified		0.0	low	0.0	low
vRhyme_unbinned_88__MGr3G3H3I_000000288833_32	vRhyme_unbinned_88__MGr3G3H3I_000000288833	vRhyme_unbinned_88__MGr3G3H3I_000000288833	0.82782376	medium	1.0	very high	unclassified		0.0	low	0.0	low
vRhyme_unbinned_88__MGr3G3H3I_000000288833_33	vRhyme_unbinned_88__MGr3G3H3I_000000288833	vRhyme_unbinned_88__MGr3G3H3I_000000288833	0.84747213	medium	1.0	very high	unclassified		0.0	low	0.0	low
vRhyme_unbinned_88__MGr3G3H3I_000000288833_34	vRhyme_unbinned_88__MGr3G3H3I_000000288833	vRhyme_unbinned_88__MGr3G3H3I_000000288833	0.8660983	medium	1.0	very high	unclassified		0.0	low	0.0	low
vRhyme_unbinned_88__MGr3G3H3I_000000288833_35	vRhyme_unbinned_88__MGr3G3H3I_000000288833	vRhyme_unbinned_88__MGr3G3H3I_000000288833	0.8544567	medium	1.0	very high	unclassified		0.0	low	0.0	low
vRhyme_unbinned_88__MGr3G3H3I_000000288833_36	vRhyme_unbinned_88__MGr3G3H3I_000000288833	vRhyme_unbinned_88__MGr3G3H3I_000000288833	0.81140053	medium	1.0	very high	unclassified	DNA primase/helicase	0.0	low	0.0	low
vRhyme_unbinned_88__MGr3G3H3I_000000288833_37	vRhyme_unbinned_88__MGr3G3H3I_000000288833	vRhyme_unbinned_88__MGr3G3H3I_000000288833	0.7885007	medium	1.0	very high	unclassified		0.0	low	0.0	low
vRhyme_unbinned_88__MGr3G3H3I_000000288833_38	vRhyme_unbinned_88__MGr3G3H3I_000000288833	vRhyme_unbinned_88__MGr3G3H3I_000000288833	0.762899	medium	1.0	very high	unclassified		0.0	low	0.0	low
vRhyme_unbinned_88__MGr3G3H3I_000000288833_39	vRhyme_unbinned_88__MGr3G3H3I_000000288833	vRhyme_unbinned_88__MGr3G3H3I_000000288833	0.84032214	medium	1.0	very high	unclassified		0.0	low	0.0	low
vRhyme_unbinned_88__MGr3G3H3I_000000288833_40	vRhyme_unbinned_88__MGr3G3H3I_000000288833	vRhyme_unbinned_88__MGr3G3H3I_000000288833	0.831383	medium	1.0	very high	unclassified		0.0	low	0.0	low
vRhyme_unbinned_88__MGr3G3H3I_000000288833_41	vRhyme_unbinned_88__MGr3G3H3I_000000288833	vRhyme_unbinned_88__MGr3G3H3I_000000288833	0.811807	medium	1.0	very high	unclassified		0.0	low	0.0	low
vRhyme_unbinned_88__MGr3G3H3I_000000288833_42	vRhyme_unbinned_88__MGr3G3H3I_000000288833	vRhyme_unbinned_88__MGr3G3H3I_000000288833	0.96736026	high	1.0	very high	unclassified	recA; recombination protein RecA	0.0	low	0.0	low
vRhyme_unbinned_88__MGr3G3H3I_000000288833_43	vRhyme_unbinned_88__MGr3G3H3I_000000288833	vRhyme_unbinned_88__MGr3G3H3I_000000288833	0.9649298	high	1.0	very high	unclassified		0.0	low	0.0	low
vRhyme_unbinned_88__MGr3G3H3I_000000288833_44	vRhyme_unbinned_88__MGr3G3H3I_000000288833	vRhyme_unbinned_88__MGr3G3H3I_000000288833	0.9730151	high	1.0	very high	unclassified		0.0	low	0.0	low
vRhyme_unbinned_88__MGr3G3H3I_000000288833_45	vRhyme_unbinned_88__MGr3G3H3I_000000288833	vRhyme_unbinned_88__MGr3G3H3I_000000288833	0.98766536	high	1.0	very high	unclassified	Domain of unknown function (DUF6899)	0.0	low	0.0	low
vRhyme_unbinned_88__MGr3G3H3I_000000288833_46	vRhyme_unbinned_88__MGr3G3H3I_000000288833	vRhyme_unbinned_88__MGr3G3H3I_000000288833	0.9876647	high	1.0	very high	unclassified		0.0	low	0.0	low
vRhyme_unbinned_88__MGr3G3H3I_000000288833_47	vRhyme_unbinned_88__MGr3G3H3I_000000288833	vRhyme_unbinned_88__MGr3G3H3I_000000288833	0.9791234	high	1.0	very high	unclassified		0.0	low	0.0	low
vRhyme_unbinned_88__MGr3G3H3I_000000288833_48	vRhyme_unbinned_88__MGr3G3H3I_000000288833	vRhyme_unbinned_88__MGr3G3H3I_000000288833	0.9932556	high	1.0	very high	unclassified	N-acetylmuramidase (EC 3.2.1.17)	0.0	low	0.0	low
vRhyme_unbinned_88__MGr3G3H3I_000000288833_49	vRhyme_unbinned_88__MGr3G3H3I_000000288833	vRhyme_unbinned_88__MGr3G3H3I_000000288833	0.976327	high	1.0	very high	unclassified		0.0	low	0.0	low
vRhyme_unbinned_88__MGr3G3H3I_000000288833_50	vRhyme_unbinned_88__MGr3G3H3I_000000288833	vRhyme_unbinned_88__MGr3G3H3I_000000288833	0.96789306	high	1.0	very high	unclassified		0.0	low	0.0	low
vRhyme_unbinned_88__MGr3G3H3I_000000288833_51	vRhyme_unbinned_88__MGr3G3H3I_000000288833	vRhyme_unbinned_88__MGr3G3H3I_000000288833	0.9565115	high	1.0	very high	unclassified		0.0	low	0.0	low
vRhyme_unbinned_88__MGr3G3H3I_000000288833_52	vRhyme_unbinned_88__MGr3G3H3I_000000288833	vRhyme_unbinned_88__MGr3G3H3I_000000288833	0.9231495	high	1.0	very high	unclassified	AAA domain (Cdc48 subfamily)	0.0	low	0.0	low
vRhyme_unbinned_88__MGr3G3H3I_000000288833_53	vRhyme_unbinned_88__MGr3G3H3I_000000288833	vRhyme_unbinned_88__MGr3G3H3I_000000288833	0.964469	high	1.0	very high	unclassified		0.0	low	0.0	low
vRhyme_unbinned_88__MGr3G3H3I_000000288833_54	vRhyme_unbinned_88__MGr3G3H3I_000000288833	vRhyme_unbinned_88__MGr3G3H3I_000000288833	0.97046036	high	1.0	very high	unclassified		0.0	low	0.0	low
vRhyme_unbinned_88__MGr3G3H3I_000000288833_55	vRhyme_unbinned_88__MGr3G3H3I_000000288833	vRhyme_unbinned_88__MGr3G3H3I_000000288833	0.96590406	high	1.0	very high	unclassified		0.0	low	0.0	low
vRhyme_unbinned_88__MGr3G3H3I_000000288833_56	vRhyme_unbinned_88__MGr3G3H3I_000000288833	vRhyme_unbinned_88__MGr3G3H3I_000000288833	0.9534136	high	1.0	very high	unclassified		0.0	low	0.0	low
vRhyme_unbinned_88__MGr3G3H3I_000000288833_57	vRhyme_unbinned_88__MGr3G3H3I_000000288833	vRhyme_unbinned_88__MGr3G3H3I_000000288833	0.87550807	medium	1.0	very high	unclassified		0.0	low	0.0	low
vRhyme_unbinned_88__MGr3G3H3I_000000288833_58	vRhyme_unbinned_88__MGr3G3H3I_000000288833	vRhyme_unbinned_88__MGr3G3H3I_000000288833	0.9943825	high	1.0	very high	unclassified	deoxynucleoside monophosphate kinase	0.0	low	0.0	low
vRhyme_unbinned_88__MGr3G3H3I_000000288833_59	vRhyme_unbinned_88__MGr3G3H3I_000000288833	vRhyme_unbinned_88__MGr3G3H3I_000000288833	0.96899	high	1.0	very high	unclassified		0.0	low	0.0	low
vRhyme_unbinned_88__MGr3G3H3I_000000288833_60	vRhyme_unbinned_88__MGr3G3H3I_000000288833	vRhyme_unbinned_88__MGr3G3H3I_000000288833	0.9638042	high	1.0	very high	unclassified	DNA polymerase exonuclease subunit	0.0	low	0.0	low
vRhyme_unbinned_88__MGr3G3H3I_000000288833_61	vRhyme_unbinned_88__MGr3G3H3I_000000288833	vRhyme_unbinned_88__MGr3G3H3I_000000288833	0.9945351	high	1.0	very high	unclassified		0.0	low	0.0	low
vRhyme_unbinned_88__MGr3G3H3I_000000288833_62	vRhyme_unbinned_88__MGr3G3H3I_000000288833	vRhyme_unbinned_88__MGr3G3H3I_000000288833	0.98637813	high	1.0	very high	unclassified		0.0	low	0.0	low
vRhyme_unbinned_88__MGr3G3H3I_000000288833_63	vRhyme_unbinned_88__MGr3G3H3I_000000288833	vRhyme_unbinned_88__MGr3G3H3I_000000288833	0.98495096	high	1.0	very high	unclassified		0.0	low	0.0	low
vRhyme_unbinned_88__MGr3G3H3I_000000288833_64	vRhyme_unbinned_88__MGr3G3H3I_000000288833	vRhyme_unbinned_88__MGr3G3H3I_000000288833	0.9892137	high	1.0	very high	unclassified		0.0	low	0.0	low
vRhyme_unbinned_88__MGr3G3H3I_000000288833_65	vRhyme_unbinned_88__MGr3G3H3I_000000288833	vRhyme_unbinned_88__MGr3G3H3I_000000288833	0.9927845	high	1.0	very high	unclassified		0.0	low	0.0	low
vRhyme_unbinned_88__MGr3G3H3I_000000288833_66	vRhyme_unbinned_88__MGr3G3H3I_000000288833	vRhyme_unbinned_88__MGr3G3H3I_000000288833	0.9912257	high	1.0	very high	unclassified		0.0	low	0.0	low
vRhyme_unbinned_88__MGr3G3H3I_000000288833_67	vRhyme_unbinned_88__MGr3G3H3I_000000288833	vRhyme_unbinned_88__MGr3G3H3I_000000288833	0.9900608	high	1.0	very high	unclassified		0.0	low	0.0	low
vRhyme_unbinned_88__MGr3G3H3I_000000288833_68	vRhyme_unbinned_88__MGr3G3H3I_000000288833	vRhyme_unbinned_88__MGr3G3H3I_000000288833	0.97313917	high	1.0	very high	unclassified		0.0	low	0.0	low
vRhyme_unbinned_88__MGr3G3H3I_000000288833_69	vRhyme_unbinned_88__MGr3G3H3I_000000288833	vRhyme_unbinned_88__MGr3G3H3I_000000288833	0.9505453	high	1.0	very high	unclassified		0.0	low	0.0	low
vRhyme_unbinned_88__MGr3G3H3I_000000288833_70	vRhyme_unbinned_88__MGr3G3H3I_000000288833	vRhyme_unbinned_88__MGr3G3H3I_000000288833	0.92195207	high	1.0	very high	unclassified		0.0	low	0.0	low
vRhyme_unbinned_88__MGr3G3H3I_000000288833_71	vRhyme_unbinned_88__MGr3G3H3I_000000288833	vRhyme_unbinned_88__MGr3G3H3I_000000288833	0.9159888	high	1.0	very high	unclassified		0.0	low	0.0	low
vRhyme_unbinned_88__MGr3G3H3I_000000288833_72	vRhyme_unbinned_88__MGr3G3H3I_000000288833	vRhyme_unbinned_88__MGr3G3H3I_000000288833	0.8894737	medium	1.0	very high	unclassified		0.0	low	0.0	low
vRhyme_unbinned_88__MGr3G3H3I_000000288833_73	vRhyme_unbinned_88__MGr3G3H3I_000000288833	vRhyme_unbinned_88__MGr3G3H3I_000000288833	0.8154431	medium	1.0	very high	unclassified		0.0	low	0.0	low
vRhyme_unbinned_88__MGr3G3H3I_000000288833_74	vRhyme_unbinned_88__MGr3G3H3I_000000288833	vRhyme_unbinned_88__MGr3G3H3I_000000288833	0.8332174	medium	1.0	very high	unclassified		0.0	low	0.0	low
vRhyme_unbinned_88__MGr3G3H3I_000000288833_75	vRhyme_unbinned_88__MGr3G3H3I_000000288833	vRhyme_unbinned_88__MGr3G3H3I_000000288833	0.8234076	medium	1.0	very high	unclassified	""	0.0	low	0.0	low
vRhyme_unbinned_88__MGr3G3H3I_000000288833_76	vRhyme_unbinned_88__MGr3G3H3I_000000288833	vRhyme_unbinned_88__MGr3G3H3I_000000288833	0.8438144	medium	1.0	very high	unclassified		0.0	low	0.0	low
vRhyme_unbinned_88__MGr3G3H3I_000000288833_77	vRhyme_unbinned_88__MGr3G3H3I_000000288833	vRhyme_unbinned_88__MGr3G3H3I_000000288833	0.9138559	high	1.0	very high	unclassified		0.0	low	0.0	low
vRhyme_unbinned_88__MGr3G3H3I_000000288833_78	vRhyme_unbinned_88__MGr3G3H3I_000000288833	vRhyme_unbinned_88__MGr3G3H3I_000000288833	0.8351416	medium	1.0	very high	unclassified		0.0	low	0.0	low
vRhyme_unbinned_88__MGr3G3H3I_000000288833_79	vRhyme_unbinned_88__MGr3G3H3I_000000288833	vRhyme_unbinned_88__MGr3G3H3I_000000288833	0.8947595	medium	1.0	very high	unclassified		0.0	low	0.0	low
vRhyme_unbinned_88__MGr3G3H3I_000000288833_80	vRhyme_unbinned_88__MGr3G3H3I_000000288833	vRhyme_unbinned_88__MGr3G3H3I_000000288833	0.8607975	medium	1.0	very high	unclassified		0.0	low	0.0	low
vRhyme_unbinned_88__MGr3G3H3I_000000288833_81	vRhyme_unbinned_88__MGr3G3H3I_000000288833	vRhyme_unbinned_88__MGr3G3H3I_000000288833	0.931069	high	1.0	very high	unclassified	""	0.0	low	0.0	low
vRhyme_unbinned_88__MGr3G3H3I_000000288833_82	vRhyme_unbinned_88__MGr3G3H3I_000000288833	vRhyme_unbinned_88__MGr3G3H3I_000000288833	0.9443216	high	1.0	very high	unclassified	galactosyl transferase	0.0	low	0.0	low
vRhyme_unbinned_88__MGr3G3H3I_000000288833_83	vRhyme_unbinned_88__MGr3G3H3I_000000288833	vRhyme_unbinned_88__MGr3G3H3I_000000288833	0.9244053	high	1.0	very high	unclassified	gumL; pyruvyltransferase	0.0	low	0.0	low
vRhyme_unbinned_88__MGr3G3H3I_000000288833_84	vRhyme_unbinned_88__MGr3G3H3I_000000288833	vRhyme_unbinned_88__MGr3G3H3I_000000288833	0.9635807	high	1.0	very high	unclassified		0.0	low	0.0	low
vRhyme_unbinned_88__MGr3G3H3I_000000288833_85	vRhyme_unbinned_88__MGr3G3H3I_000000288833	vRhyme_unbinned_88__MGr3G3H3I_000000288833	0.96651393	high	1.0	very high	unclassified		0.0	low	0.0	low
vRhyme_unbinned_88__MGr3G3H3I_000000288833_86	vRhyme_unbinned_88__MGr3G3H3I_000000288833	vRhyme_unbinned_88__MGr3G3H3I_000000288833	0.97495437	high	1.0	very high	unclassified		0.0	low	0.0	low
vRhyme_unbinned_88__MGr3G3H3I_000000288833_87	vRhyme_unbinned_88__MGr3G3H3I_000000288833	vRhyme_unbinned_88__MGr3G3H3I_000000288833	0.9800054	high	1.0	very high	unclassified		0.0	low	0.0	low
vRhyme_unbinned_88__MGr3G3H3I_000000288833_88	vRhyme_unbinned_88__MGr3G3H3I_000000288833	vRhyme_unbinned_88__MGr3G3H3I_000000288833	0.9198531	high	1.0	very high	unclassified		0.0	low	0.0	low
vRhyme_unbinned_88__MGr3G3H3I_000000288833_89	vRhyme_unbinned_88__MGr3G3H3I_000000288833	vRhyme_unbinned_88__MGr3G3H3I_000000288833	0.9831396	high	1.0	very high	unclassified	glycosyltransferase	0.0	low	0.0	low
vRhyme_unbinned_88__MGr3G3H3I_000000288833_90	vRhyme_unbinned_88__MGr3G3H3I_000000288833	vRhyme_unbinned_88__MGr3G3H3I_000000288833	0.80475485	medium	1.0	very high	metabolic	dTDP-4-dehydrorhamnose 3,5-epimerase	1.0	very high	1.0	very high
vRhyme_unbinned_88__MGr3G3H3I_000000288833_91	vRhyme_unbinned_88__MGr3G3H3I_000000288833	vRhyme_unbinned_88__MGr3G3H3I_000000288833	0.8810534	medium	1.0	very high	unclassified	galE, GALE; UDP-glucose 4-epimerase [EC:5.1.3.2]	0.0	low	0.0	low
vRhyme_unbinned_88__MGr3G3H3I_000000288833_92	vRhyme_unbinned_88__MGr3G3H3I_000000288833	vRhyme_unbinned_88__MGr3G3H3I_000000288833	0.9028507	medium	1.0	very high	unclassified	""	0.0	low	0.0	low
vRhyme_unbinned_88__MGr3G3H3I_000000288833_93	vRhyme_unbinned_88__MGr3G3H3I_000000288833	vRhyme_unbinned_88__MGr3G3H3I_000000288833	0.8851401	medium	1.0	very high	unclassified	""	0.0	low	0.0	low
vRhyme_unbinned_88__MGr3G3H3I_000000288833_94	vRhyme_unbinned_88__MGr3G3H3I_000000288833	vRhyme_unbinned_88__MGr3G3H3I_000000288833	0.9197135	high	1.0	very high	unclassified	glycosyltransferase	0.0	low	0.0	low
vRhyme_unbinned_88__MGr3G3H3I_000000288833_95	vRhyme_unbinned_88__MGr3G3H3I_000000288833	vRhyme_unbinned_88__MGr3G3H3I_000000288833	0.98233795	high	1.0	very high	unclassified		0.0	low	0.0	low
vRhyme_unbinned_88__MGr3G3H3I_000000288833_96	vRhyme_unbinned_88__MGr3G3H3I_000000288833	vRhyme_unbinned_88__MGr3G3H3I_000000288833	0.92642516	high	1.0	very high	unclassified		0.0	low	0.0	low
vRhyme_unbinned_88__MGr3G3H3I_000000288833_97	vRhyme_unbinned_88__MGr3G3H3I_000000288833	vRhyme_unbinned_88__MGr3G3H3I_000000288833	0.8614546	medium	1.0	very high	unclassified		0.0	low	0.0	low
vRhyme_unbinned_88__MGr3G3H3I_000000288833_98	vRhyme_unbinned_88__MGr3G3H3I_000000288833	vRhyme_unbinned_88__MGr3G3H3I_000000288833	0.8562575	medium	1.0	very high	unclassified		0.0	low	0.0	low
vRhyme_unbinned_88__MGr3G3H3I_000000288833_99	vRhyme_unbinned_88__MGr3G3H3I_000000288833	vRhyme_unbinned_88__MGr3G3H3I_000000288833	0.89003026	medium	1.0	very high	unclassified		0.0	low	0.0	low
vRhyme_unbinned_88__MGr3G3H3I_000000288833_100	vRhyme_unbinned_88__MGr3G3H3I_000000288833	vRhyme_unbinned_88__MGr3G3H3I_000000288833	0.80370516	medium	1.0	very high	unclassified		0.0	low	0.0	low
vRhyme_unbinned_88__MGr3G3H3I_000000288833_101	vRhyme_unbinned_88__MGr3G3H3I_000000288833	vRhyme_unbinned_88__MGr3G3H3I_000000288833	0.40509933	low	1.0	very high	unclassified		0.0	low	0.0	low
vRhyme_unbinned_88__MGr3G3H3I_000000288833_102	vRhyme_unbinned_88__MGr3G3H3I_000000288833	vRhyme_unbinned_88__MGr3G3H3I_000000288833	0.84902376	medium	1.0	very high	unclassified		0.0	low	0.0	low
vRhyme_unbinned_88__MGr3G3H3I_000000288833_103	vRhyme_unbinned_88__MGr3G3H3I_000000288833	vRhyme_unbinned_88__MGr3G3H3I_000000288833	0.85912675	medium	1.0	very high	unclassified		0.0	low	0.0	low
vRhyme_unbinned_88__MGr3G3H3I_000000288833_104	vRhyme_unbinned_88__MGr3G3H3I_000000288833	vRhyme_unbinned_88__MGr3G3H3I_000000288833	0.89962983	medium	1.0	very high	unclassified	HNH endonuclease	0.0	low	0.0	low
vRhyme_unbinned_88__MGr3G3H3I_000000288833_105	vRhyme_unbinned_88__MGr3G3H3I_000000288833	vRhyme_unbinned_88__MGr3G3H3I_000000288833	0.91627735	high	1.0	very high	unclassified		0.0	low	0.0	low
vRhyme_unbinned_88__MGr3G3H3I_000000288833_106	vRhyme_unbinned_88__MGr3G3H3I_000000288833	vRhyme_unbinned_88__MGr3G3H3I_000000288833	0.9171746	high	1.0	very high	unclassified		0.0	low	0.0	low
vRhyme_unbinned_88__MGr3G3H3I_000000288833_107	vRhyme_unbinned_88__MGr3G3H3I_000000288833	vRhyme_unbinned_88__MGr3G3H3I_000000288833	0.8892092	medium	1.0	very high	unclassified	""	0.0	low	0.0	low
vRhyme_unbinned_88__MGr3G3H3I_000000288833_108	vRhyme_unbinned_88__MGr3G3H3I_000000288833	vRhyme_unbinned_88__MGr3G3H3I_000000288833	0.88335544	medium	1.0	very high	unclassified		0.0	low	0.0	low
vRhyme_unbinned_88__MGr3G3H3I_000000288833_109	vRhyme_unbinned_88__MGr3G3H3I_000000288833	vRhyme_unbinned_88__MGr3G3H3I_000000288833	0.86296976	medium	1.0	very high	unclassified		0.0	low	0.0	low
vRhyme_unbinned_88__MGr3G3H3I_000000288833_110	vRhyme_unbinned_88__MGr3G3H3I_000000288833	vRhyme_unbinned_88__MGr3G3H3I_000000288833	0.9307188	high	1.0	very high	unclassified		0.0	low	0.0	low
vRhyme_unbinned_88__MGr3G3H3I_000000288833_111	vRhyme_unbinned_88__MGr3G3H3I_000000288833	vRhyme_unbinned_88__MGr3G3H3I_000000288833	0.97861147	high	1.0	very high	unclassified		0.0	low	0.0	low
vRhyme_unbinned_88__MGr3G3H3I_000000288833_112	vRhyme_unbinned_88__MGr3G3H3I_000000288833	vRhyme_unbinned_88__MGr3G3H3I_000000288833	0.9813026	high	1.0	very high	unclassified		0.0	low	0.0	low
vRhyme_unbinned_88__MGr3G3H3I_000000288833_113	vRhyme_unbinned_88__MGr3G3H3I_000000288833	vRhyme_unbinned_88__MGr3G3H3I_000000288833	0.97853655	high	1.0	very high	unclassified		0.0	low	0.0	low
vRhyme_unbinned_88__MGr3G3H3I_000000288833_114	vRhyme_unbinned_88__MGr3G3H3I_000000288833	vRhyme_unbinned_88__MGr3G3H3I_000000288833	0.982428	high	1.0	very high	unclassified		0.0	low	0.0	low
vRhyme_unbinned_88__MGr3G3H3I_000000288833_115	vRhyme_unbinned_88__MGr3G3H3I_000000288833	vRhyme_unbinned_88__MGr3G3H3I_000000288833	0.9755659	high	1.0	very high	unclassified		0.0	low	0.0	low
vRhyme_unbinned_88__MGr3G3H3I_000000288833_116	vRhyme_unbinned_88__MGr3G3H3I_000000288833	vRhyme_unbinned_88__MGr3G3H3I_000000288833	0.9927921	high	1.0	very high	unclassified	endonuclease VII	0.0	low	0.0	low
vRhyme_unbinned_88__MGr3G3H3I_000000288833_117	vRhyme_unbinned_88__MGr3G3H3I_000000288833	vRhyme_unbinned_88__MGr3G3H3I_000000288833	0.9850491	high	1.0	very high	unclassified		0.0	low	0.0	low
vRhyme_unbinned_88__MGr3G3H3I_000000288833_118	vRhyme_unbinned_88__MGr3G3H3I_000000288833	vRhyme_unbinned_88__MGr3G3H3I_000000288833	0.9793414	high	1.0	very high	unclassified		0.0	low	0.0	low
vRhyme_unbinned_88__MGr3G3H3I_000000288833_119	vRhyme_unbinned_88__MGr3G3H3I_000000288833	vRhyme_unbinned_88__MGr3G3H3I_000000288833	0.978142	high	1.0	very high	unclassified		0.0	low	0.0	low
vRhyme_unbinned_88__MGr3G3H3I_000000288833_120	vRhyme_unbinned_88__MGr3G3H3I_000000288833	vRhyme_unbinned_88__MGr3G3H3I_000000288833	0.97469246	high	1.0	very high	unclassified		0.0	low	0.0	low
vRhyme_unbinned_88__MGr3G3H3I_000000288833_121	vRhyme_unbinned_88__MGr3G3H3I_000000288833	vRhyme_unbinned_88__MGr3G3H3I_000000288833	0.9688474	high	0.951	high	metabolic	gpmB; 2,3-bisphosphoglycerate-dependent phosphoglycerate mutase [EC:5.4.2.11]	1.0	very high	0.951	very high
vRhyme_unbinned_88__MGr3G3H3I_000000288833_122	vRhyme_unbinned_88__MGr3G3H3I_000000288833	vRhyme_unbinned_88__MGr3G3H3I_000000288833	0.98034805	high	1.0	very high	unclassified		0.0	low	0.0	low
vRhyme_unbinned_88__MGr3G3H3I_000000288833_123	vRhyme_unbinned_88__MGr3G3H3I_000000288833	vRhyme_unbinned_88__MGr3G3H3I_000000288833	0.93206894	high	1.0	very high	unclassified	""	0.0	low	0.0	low
vRhyme_unbinned_88__MGr3G3H3I_000000288833_124	vRhyme_unbinned_88__MGr3G3H3I_000000288833	vRhyme_unbinned_88__MGr3G3H3I_000000288833	0.9577039	high	1.0	very high	unclassified		0.0	low	0.0	low
vRhyme_unbinned_88__MGr3G3H3I_000000288833_125	vRhyme_unbinned_88__MGr3G3H3I_000000288833	vRhyme_unbinned_88__MGr3G3H3I_000000288833	0.94300425	high	1.0	very high	unclassified		0.0	low	0.0	low
vRhyme_unbinned_88__MGr3G3H3I_000000288833_126	vRhyme_unbinned_88__MGr3G3H3I_000000288833	vRhyme_unbinned_88__MGr3G3H3I_000000288833	0.9391357	high	1.0	very high	unclassified		0.0	low	0.0	low
vRhyme_unbinned_88__MGr3G3H3I_000000288833_127	vRhyme_unbinned_88__MGr3G3H3I_000000288833	vRhyme_unbinned_88__MGr3G3H3I_000000288833	0.93276083	high	1.0	very high	unclassified		0.0	low	0.0	low
vRhyme_unbinned_88__MGr3G3H3I_000000288833_128	vRhyme_unbinned_88__MGr3G3H3I_000000288833	vRhyme_unbinned_88__MGr3G3H3I_000000288833	0.9637584	high	1.0	very high	unclassified		0.0	low	0.0	low
vRhyme_unbinned_88__MGr3G3H3I_000000288833_129	vRhyme_unbinned_88__MGr3G3H3I_000000288833	vRhyme_unbinned_88__MGr3G3H3I_000000288833	0.94958144	high	1.0	very high	unclassified		0.0	low	0.0	low
vRhyme_unbinned_88__MGr3G3H3I_000000288833_130	vRhyme_unbinned_88__MGr3G3H3I_000000288833	vRhyme_unbinned_88__MGr3G3H3I_000000288833	0.9434211	high	1.0	very high	unclassified		0.0	low	0.0	low
vRhyme_unbinned_88__MGr3G3H3I_000000288833_131	vRhyme_unbinned_88__MGr3G3H3I_000000288833	vRhyme_unbinned_88__MGr3G3H3I_000000288833	0.9427583	high	1.0	very high	unclassified		0.0	low	0.0	low
vRhyme_unbinned_88__MGr3G3H3I_000000288833_132	vRhyme_unbinned_88__MGr3G3H3I_000000288833	vRhyme_unbinned_88__MGr3G3H3I_000000288833	0.97350395	high	1.0	very high	unclassified	terminase large subunit	0.0	low	0.0	low
vRhyme_unbinned_88__MGr3G3H3I_000000288833_133	vRhyme_unbinned_88__MGr3G3H3I_000000288833	vRhyme_unbinned_88__MGr3G3H3I_000000288833	0.9545878	high	1.0	very high	unclassified	""	0.0	low	0.0	low
vRhyme_unbinned_88__MGr3G3H3I_000000288833_134	vRhyme_unbinned_88__MGr3G3H3I_000000288833	vRhyme_unbinned_88__MGr3G3H3I_000000288833	0.97446615	high	1.0	very high	unclassified		0.0	low	0.0	low
vRhyme_unbinned_88__MGr3G3H3I_000000288833_135	vRhyme_unbinned_88__MGr3G3H3I_000000288833	vRhyme_unbinned_88__MGr3G3H3I_000000288833	0.95729905	high	1.0	very high	unclassified		0.0	low	0.0	low
vRhyme_unbinned_88__MGr3G3H3I_000000288833_136	vRhyme_unbinned_88__MGr3G3H3I_000000288833	vRhyme_unbinned_88__MGr3G3H3I_000000288833	0.9619109	high	1.0	very high	unclassified		0.0	low	0.0	low
vRhyme_unbinned_88__MGr3G3H3I_000000288833_137	vRhyme_unbinned_88__MGr3G3H3I_000000288833	vRhyme_unbinned_88__MGr3G3H3I_000000288833	0.9644381	high	1.0	very high	unclassified		0.0	low	0.0	low
vRhyme_unbinned_88__MGr3G3H3I_000000288833_138	vRhyme_unbinned_88__MGr3G3H3I_000000288833	vRhyme_unbinned_88__MGr3G3H3I_000000288833	0.94996774	high	1.0	very high	unclassified		0.0	low	0.0	low
vRhyme_unbinned_88__MGr3G3H3I_000000288833_139	vRhyme_unbinned_88__MGr3G3H3I_000000288833	vRhyme_unbinned_88__MGr3G3H3I_000000288833	0.95347595	high	1.0	very high	unclassified		0.0	low	0.0	low
vRhyme_unbinned_88__MGr3G3H3I_000000288833_140	vRhyme_unbinned_88__MGr3G3H3I_000000288833	vRhyme_unbinned_88__MGr3G3H3I_000000288833	0.97524244	high	1.0	very high	unclassified	DNA polymerase family A	0.0	low	0.0	low
vRhyme_unbinned_88__MGr3G3H3I_000000288833_141	vRhyme_unbinned_88__MGr3G3H3I_000000288833	vRhyme_unbinned_88__MGr3G3H3I_000000288833	0.9432399	high	1.0	very high	unclassified	E1.17.4.1A, nrdA, nrdE; ribonucleoside-diphosphate reductase alpha chain [EC:1.17.4.1]	0.0	low	0.0	low
vRhyme_unbinned_88__MGr3G3H3I_000000288833_142	vRhyme_unbinned_88__MGr3G3H3I_000000288833	vRhyme_unbinned_88__MGr3G3H3I_000000288833	0.9514692	high	1.0	very high	unclassified		0.0	low	0.0	low
vRhyme_unbinned_88__MGr3G3H3I_000000288833_143	vRhyme_unbinned_88__MGr3G3H3I_000000288833	vRhyme_unbinned_88__MGr3G3H3I_000000288833	0.9856165	high	1.0	very high	unclassified		0.0	low	0.0	low
vRhyme_unbinned_88__MGr3G3H3I_000000288833_144	vRhyme_unbinned_88__MGr3G3H3I_000000288833	vRhyme_unbinned_88__MGr3G3H3I_000000288833	0.9890163	high	1.0	very high	unclassified	Rnase H	0.0	low	0.0	low
vRhyme_unbinned_88__MGr3G3H3I_000000288833_145	vRhyme_unbinned_88__MGr3G3H3I_000000288833	vRhyme_unbinned_88__MGr3G3H3I_000000288833	0.9419025	high	1.0	very high	unclassified		0.0	low	0.0	low
vRhyme_unbinned_88__MGr3G3H3I_000000288833_146	vRhyme_unbinned_88__MGr3G3H3I_000000288833	vRhyme_unbinned_88__MGr3G3H3I_000000288833	0.93354905	high	1.0	very high	unclassified		0.0	low	0.0	low
vRhyme_unbinned_88__MGr3G3H3I_000000288833_147	vRhyme_unbinned_88__MGr3G3H3I_000000288833	vRhyme_unbinned_88__MGr3G3H3I_000000288833	0.98239475	high	1.0	very high	unclassified		0.0	low	0.0	low
vRhyme_unbinned_88__MGr3G3H3I_000000288833_148	vRhyme_unbinned_88__MGr3G3H3I_000000288833	vRhyme_unbinned_88__MGr3G3H3I_000000288833	0.96468294	high	1.0	very high	unclassified		0.0	low	0.0	low
vRhyme_unbinned_88__MGr3G3H3I_000000288833_149	vRhyme_unbinned_88__MGr3G3H3I_000000288833	vRhyme_unbinned_88__MGr3G3H3I_000000288833	0.94979167	high	1.0	very high	unclassified		0.0	low	0.0	low
vRhyme_unbinned_88__MGr3G3H3I_000000288833_150	vRhyme_unbinned_88__MGr3G3H3I_000000288833	vRhyme_unbinned_88__MGr3G3H3I_000000288833	0.9503097	high	1.0	very high	unclassified		0.0	low	0.0	low
vRhyme_unbinned_88__MGr3G3H3I_000000288833_151	vRhyme_unbinned_88__MGr3G3H3I_000000288833	vRhyme_unbinned_88__MGr3G3H3I_000000288833	0.9404338	high	1.0	very high	unclassified		0.0	low	0.0	low
vRhyme_unbinned_88__MGr3G3H3I_000000288833_152	vRhyme_unbinned_88__MGr3G3H3I_000000288833	vRhyme_unbinned_88__MGr3G3H3I_000000288833	0.9449207	high	1.0	very high	unclassified		0.0	low	0.0	low
vRhyme_unbinned_88__MGr3G3H3I_000000288833_153	vRhyme_unbinned_88__MGr3G3H3I_000000288833	vRhyme_unbinned_88__MGr3G3H3I_000000288833	0.9603802	high	1.0	very high	unclassified		0.0	low	0.0	low
vRhyme_unbinned_88__MGr3G3H3I_000000288833_154	vRhyme_unbinned_88__MGr3G3H3I_000000288833	vRhyme_unbinned_88__MGr3G3H3I_000000288833	0.93143463	high	1.0	very high	unclassified		0.0	low	0.0	low
vRhyme_unbinned_88__MGr3G3H3I_000000288833_155	vRhyme_unbinned_88__MGr3G3H3I_000000288833	vRhyme_unbinned_88__MGr3G3H3I_000000288833	0.9251614	high	1.0	very high	unclassified		0.0	low	0.0	low
vRhyme_unbinned_88__MGr3G3H3I_000000288833_156	vRhyme_unbinned_88__MGr3G3H3I_000000288833	vRhyme_unbinned_88__MGr3G3H3I_000000288833	0.9497198	high	1.0	very high	unclassified	HNH endonuclease	0.0	low	0.0	low
vRhyme_unbinned_89__MGr3G3H3I_000000289364_1	vRhyme_unbinned_89__MGr3G3H3I_000000289364	vRhyme_unbinned_89__MGr3G3H3I_000000289364	0.95319724	high	1.0	very high	unclassified		0.0	low	0.0	low
vRhyme_unbinned_89__MGr3G3H3I_000000289364_2	vRhyme_unbinned_89__MGr3G3H3I_000000289364	vRhyme_unbinned_89__MGr3G3H3I_000000289364	0.953027	high	1.0	very high	unclassified		0.0	low	0.0	low
vRhyme_unbinned_89__MGr3G3H3I_000000289364_3	vRhyme_unbinned_89__MGr3G3H3I_000000289364	vRhyme_unbinned_89__MGr3G3H3I_000000289364	0.953014	high	1.0	very high	unclassified		0.0	low	0.0	low
vRhyme_unbinned_89__MGr3G3H3I_000000289364_4	vRhyme_unbinned_89__MGr3G3H3I_000000289364	vRhyme_unbinned_89__MGr3G3H3I_000000289364	0.9549368	high	1.0	very high	unclassified		0.0	low	0.0	low
vRhyme_unbinned_89__MGr3G3H3I_000000289364_5	vRhyme_unbinned_89__MGr3G3H3I_000000289364	vRhyme_unbinned_89__MGr3G3H3I_000000289364	0.9508406	high	1.0	very high	unclassified		0.0	low	0.0	low
vRhyme_unbinned_89__MGr3G3H3I_000000289364_6	vRhyme_unbinned_89__MGr3G3H3I_000000289364	vRhyme_unbinned_89__MGr3G3H3I_000000289364	0.9522971	high	1.0	very high	unclassified		0.0	low	0.0	low
vRhyme_unbinned_89__MGr3G3H3I_000000289364_7	vRhyme_unbinned_89__MGr3G3H3I_000000289364	vRhyme_unbinned_89__MGr3G3H3I_000000289364	0.9140155	high	1.0	very high	unclassified		0.0	low	0.0	low
vRhyme_unbinned_89__MGr3G3H3I_000000289364_8	vRhyme_unbinned_89__MGr3G3H3I_000000289364	vRhyme_unbinned_89__MGr3G3H3I_000000289364	0.8755441	medium	1.0	very high	unclassified		0.0	low	0.0	low
vRhyme_unbinned_89__MGr3G3H3I_000000289364_9	vRhyme_unbinned_89__MGr3G3H3I_000000289364	vRhyme_unbinned_89__MGr3G3H3I_000000289364	0.85283345	medium	1.0	very high	unclassified		0.0	low	0.0	low
vRhyme_unbinned_89__MGr3G3H3I_000000289364_10	vRhyme_unbinned_89__MGr3G3H3I_000000289364	vRhyme_unbinned_89__MGr3G3H3I_000000289364	0.8042426	medium	0.9534	high	unclassified		0.0	low	0.0	low
vRhyme_unbinned_89__MGr3G3H3I_000000289364_11	vRhyme_unbinned_89__MGr3G3H3I_000000289364	vRhyme_unbinned_89__MGr3G3H3I_000000289364	0.781097	medium	1.0	very high	unclassified		0.0	low	0.0	low
vRhyme_unbinned_89__MGr3G3H3I_000000289364_12	vRhyme_unbinned_89__MGr3G3H3I_000000289364	vRhyme_unbinned_89__MGr3G3H3I_000000289364	0.7555671	medium	1.0	very high	unclassified		0.0	low	0.0	low
vRhyme_unbinned_89__MGr3G3H3I_000000289364_13	vRhyme_unbinned_89__MGr3G3H3I_000000289364	vRhyme_unbinned_89__MGr3G3H3I_000000289364	0.75436205	medium	0.9551	high	unclassified		0.0	low	0.0	low
vRhyme_unbinned_89__MGr3G3H3I_000000289364_14	vRhyme_unbinned_89__MGr3G3H3I_000000289364	vRhyme_unbinned_89__MGr3G3H3I_000000289364	0.7517331	medium	1.0	very high	unclassified		0.0	low	0.0	low
vRhyme_unbinned_89__MGr3G3H3I_000000289364_15	vRhyme_unbinned_89__MGr3G3H3I_000000289364	vRhyme_unbinned_89__MGr3G3H3I_000000289364	0.4262063	low	1.0	very high	unclassified		0.0921	medium	0.0921	medium
vRhyme_unbinned_89__MGr3G3H3I_000000289364_16	vRhyme_unbinned_89__MGr3G3H3I_000000289364	vRhyme_unbinned_89__MGr3G3H3I_000000289364	0.8388673	medium	1.0	very high	unclassified		0.0	low	0.0	low
vRhyme_unbinned_89__MGr3G3H3I_000000289364_17	vRhyme_unbinned_89__MGr3G3H3I_000000289364	vRhyme_unbinned_89__MGr3G3H3I_000000289364	0.7540084	medium	1.0	very high	unclassified	Putative restriction endonuclease	0.0	low	0.0	low
vRhyme_unbinned_89__MGr3G3H3I_000000289364_18	vRhyme_unbinned_89__MGr3G3H3I_000000289364	vRhyme_unbinned_89__MGr3G3H3I_000000289364	0.8522187	medium	1.0	very high	unclassified		0.0	low	0.0	low
vRhyme_unbinned_89__MGr3G3H3I_000000289364_19	vRhyme_unbinned_89__MGr3G3H3I_000000289364	vRhyme_unbinned_89__MGr3G3H3I_000000289364	0.8282918	medium	1.0	very high	unclassified		0.0	low	0.0	low
vRhyme_unbinned_89__MGr3G3H3I_000000289364_20	vRhyme_unbinned_89__MGr3G3H3I_000000289364	vRhyme_unbinned_89__MGr3G3H3I_000000289364	0.8315914	medium	1.0	very high	unclassified		0.0	low	0.0	low
vRhyme_unbinned_89__MGr3G3H3I_000000289364_21	vRhyme_unbinned_89__MGr3G3H3I_000000289364	vRhyme_unbinned_89__MGr3G3H3I_000000289364	0.82198685	medium	0.9089	high	unclassified		0.0	low	0.0	low
vRhyme_unbinned_89__MGr3G3H3I_000000289364_22	vRhyme_unbinned_89__MGr3G3H3I_000000289364	vRhyme_unbinned_89__MGr3G3H3I_000000289364	0.8069294	medium	1.0	very high	unclassified		0.0	low	0.0	low
vRhyme_unbinned_89__MGr3G3H3I_000000289364_23	vRhyme_unbinned_89__MGr3G3H3I_000000289364	vRhyme_unbinned_89__MGr3G3H3I_000000289364	0.7445168	medium	1.0	very high	unclassified	xerD; integrase/recombinase XerD	0.0	low	0.0	low
vRhyme_unbinned_89__MGr3G3H3I_000000289364_24	vRhyme_unbinned_89__MGr3G3H3I_000000289364	vRhyme_unbinned_89__MGr3G3H3I_000000289364	0.61165893	medium	1.0	very high	unclassified		0.0	low	0.0	low
vRhyme_unbinned_89__MGr3G3H3I_000000289364_25	vRhyme_unbinned_89__MGr3G3H3I_000000289364	vRhyme_unbinned_89__MGr3G3H3I_000000289364	0.64047027	medium	0.9064	high	unclassified		0.0	low	0.0	low
vRhyme_unbinned_89__MGr3G3H3I_000000289364_26	vRhyme_unbinned_89__MGr3G3H3I_000000289364	vRhyme_unbinned_89__MGr3G3H3I_000000289364	0.58897704	medium	1.0	very high	unclassified		0.0	low	0.0	low
vRhyme_unbinned_89__MGr3G3H3I_000000289364_27	vRhyme_unbinned_89__MGr3G3H3I_000000289364	vRhyme_unbinned_89__MGr3G3H3I_000000289364	0.8373937	medium	1.0	very high	unclassified		0.0	low	0.0	low
vRhyme_unbinned_89__MGr3G3H3I_000000289364_28	vRhyme_unbinned_89__MGr3G3H3I_000000289364	vRhyme_unbinned_89__MGr3G3H3I_000000289364	0.8295771	medium	1.0	very high	unclassified		0.0	low	0.0	low
vRhyme_unbinned_89__MGr3G3H3I_000000289364_29	vRhyme_unbinned_89__MGr3G3H3I_000000289364	vRhyme_unbinned_89__MGr3G3H3I_000000289364	0.8065435	medium	1.0	very high	unclassified		0.0	low	0.0	low
vRhyme_unbinned_89__MGr3G3H3I_000000289364_30	vRhyme_unbinned_89__MGr3G3H3I_000000289364	vRhyme_unbinned_89__MGr3G3H3I_000000289364	0.8555196	medium	1.0	very high	unclassified		0.0	low	0.0	low
vRhyme_unbinned_89__MGr3G3H3I_000000289364_31	vRhyme_unbinned_89__MGr3G3H3I_000000289364	vRhyme_unbinned_89__MGr3G3H3I_000000289364	0.84249765	medium	1.0	very high	unclassified		0.0	low	0.0	low
vRhyme_unbinned_89__MGr3G3H3I_000000289364_32	vRhyme_unbinned_89__MGr3G3H3I_000000289364	vRhyme_unbinned_89__MGr3G3H3I_000000289364	0.7576352	medium	1.0	very high	unclassified		0.0	low	0.0	low
vRhyme_unbinned_89__MGr3G3H3I_000000289364_33	vRhyme_unbinned_89__MGr3G3H3I_000000289364	vRhyme_unbinned_89__MGr3G3H3I_000000289364	0.7890595	medium	1.0	very high	unclassified		0.0	low	0.0	low
vRhyme_unbinned_8__MGr3G3H3I_000000017652_1	vRhyme_unbinned_8__MGr3G3H3I_000000017652	vRhyme_unbinned_8__MGr3G3H3I_000000017652	0.9108968	medium	0.9203	high	unclassified		0.0	low	0.0	low
vRhyme_unbinned_8__MGr3G3H3I_000000017652_2	vRhyme_unbinned_8__MGr3G3H3I_000000017652	vRhyme_unbinned_8__MGr3G3H3I_000000017652	0.5651181	low	1.0	very high	unclassified		0.0	low	0.0	low
vRhyme_unbinned_8__MGr3G3H3I_000000017652_3	vRhyme_unbinned_8__MGr3G3H3I_000000017652	vRhyme_unbinned_8__MGr3G3H3I_000000017652	0.7426519	medium	0.9589	high	unclassified		0.0	low	0.0	low
vRhyme_unbinned_8__MGr3G3H3I_000000017652_4	vRhyme_unbinned_8__MGr3G3H3I_000000017652	vRhyme_unbinned_8__MGr3G3H3I_000000017652	0.7331139	medium	0.9573	high	unclassified		0.0	low	0.0	low
vRhyme_unbinned_8__MGr3G3H3I_000000017652_5	vRhyme_unbinned_8__MGr3G3H3I_000000017652	vRhyme_unbinned_8__MGr3G3H3I_000000017652	0.6792015	medium	0.9577	high	unclassified		0.0	low	0.0	low
vRhyme_unbinned_8__MGr3G3H3I_000000017652_6	vRhyme_unbinned_8__MGr3G3H3I_000000017652	vRhyme_unbinned_8__MGr3G3H3I_000000017652	0.80941516	medium	0.8905	high	unclassified		0.0	low	0.0	low
vRhyme_unbinned_8__MGr3G3H3I_000000017652_7	vRhyme_unbinned_8__MGr3G3H3I_000000017652	vRhyme_unbinned_8__MGr3G3H3I_000000017652	0.8098338	medium	1.0	very high	unclassified	""	0.0	low	0.0	low
vRhyme_unbinned_8__MGr3G3H3I_000000017652_8	vRhyme_unbinned_8__MGr3G3H3I_000000017652	vRhyme_unbinned_8__MGr3G3H3I_000000017652	0.74451923	medium	0.9337	high	unclassified		0.0	low	0.0	low
vRhyme_unbinned_8__MGr3G3H3I_000000017652_9	vRhyme_unbinned_8__MGr3G3H3I_000000017652	vRhyme_unbinned_8__MGr3G3H3I_000000017652	0.8310349	medium	0.8576	high	unclassified		0.0	low	0.0	low
vRhyme_unbinned_8__MGr3G3H3I_000000017652_10	vRhyme_unbinned_8__MGr3G3H3I_000000017652	vRhyme_unbinned_8__MGr3G3H3I_000000017652	0.744986	medium	0.8949	high	unclassified		0.0	low	0.0	low
vRhyme_unbinned_8__MGr3G3H3I_000000017652_11	vRhyme_unbinned_8__MGr3G3H3I_000000017652	vRhyme_unbinned_8__MGr3G3H3I_000000017652	0.7030599	medium	0.9569	high	unclassified	integrase	0.0	low	0.0	low
vRhyme_unbinned_8__MGr3G3H3I_000000017652_12	vRhyme_unbinned_8__MGr3G3H3I_000000017652	vRhyme_unbinned_8__MGr3G3H3I_000000017652	0.7645723	medium	1.0	very high	unclassified		0.0	low	0.0	low
vRhyme_unbinned_8__MGr3G3H3I_000000017652_13	vRhyme_unbinned_8__MGr3G3H3I_000000017652	vRhyme_unbinned_8__MGr3G3H3I_000000017652	0.88975936	medium	0.9319	high	unclassified		0.0	low	0.0	low
vRhyme_unbinned_8__MGr3G3H3I_000000017652_14	vRhyme_unbinned_8__MGr3G3H3I_000000017652	vRhyme_unbinned_8__MGr3G3H3I_000000017652	0.9457575	high	1.0	very high	unclassified		0.2544	medium	0.2544	medium
vRhyme_unbinned_8__MGr3G3H3I_000000017652_15	vRhyme_unbinned_8__MGr3G3H3I_000000017652	vRhyme_unbinned_8__MGr3G3H3I_000000017652	0.85820657	medium	1.0	very high	unclassified		0.0	low	0.0	low
vRhyme_unbinned_8__MGr3G3H3I_000000017652_16	vRhyme_unbinned_8__MGr3G3H3I_000000017652	vRhyme_unbinned_8__MGr3G3H3I_000000017652	0.904686	medium	0.9569	high	unclassified		0.0	low	0.0	low
vRhyme_unbinned_8__MGr3G3H3I_000000017652_17	vRhyme_unbinned_8__MGr3G3H3I_000000017652	vRhyme_unbinned_8__MGr3G3H3I_000000017652	0.9329875	high	0.9439	high	unclassified		0.0	low	0.0	low
vRhyme_unbinned_8__MGr3G3H3I_000000017652_18	vRhyme_unbinned_8__MGr3G3H3I_000000017652	vRhyme_unbinned_8__MGr3G3H3I_000000017652	0.92052823	high	1.0	very high	unclassified		0.0	low	0.0	low
vRhyme_unbinned_8__MGr3G3H3I_000000017652_19	vRhyme_unbinned_8__MGr3G3H3I_000000017652	vRhyme_unbinned_8__MGr3G3H3I_000000017652	0.8793115	medium	0.9498	high	unclassified		0.0	low	0.0	low
vRhyme_unbinned_8__MGr3G3H3I_000000017652_20	vRhyme_unbinned_8__MGr3G3H3I_000000017652	vRhyme_unbinned_8__MGr3G3H3I_000000017652	0.8808477	medium	1.0	very high	unclassified	Protein of unknown function (DUF3631)	0.0	low	0.0	low
vRhyme_unbinned_8__MGr3G3H3I_000000017652_21	vRhyme_unbinned_8__MGr3G3H3I_000000017652	vRhyme_unbinned_8__MGr3G3H3I_000000017652	0.9388708	high	1.0	very high	unclassified		0.2897	medium	0.2897	medium
vRhyme_unbinned_8__MGr3G3H3I_000000017652_22	vRhyme_unbinned_8__MGr3G3H3I_000000017652	vRhyme_unbinned_8__MGr3G3H3I_000000017652	0.9085832	medium	1.0	very high	unclassified		0.0	low	0.0	low
vRhyme_unbinned_8__MGr3G3H3I_000000017652_23	vRhyme_unbinned_8__MGr3G3H3I_000000017652	vRhyme_unbinned_8__MGr3G3H3I_000000017652	0.9060106	medium	1.0	very high	unclassified		0.0	low	0.0	low
vRhyme_unbinned_8__MGr3G3H3I_000000017652_24	vRhyme_unbinned_8__MGr3G3H3I_000000017652	vRhyme_unbinned_8__MGr3G3H3I_000000017652	0.90657604	medium	1.0	very high	unclassified		0.0	low	0.0	low
vRhyme_unbinned_90__MGr3G3H3I_000000290477_1	vRhyme_unbinned_90__MGr3G3H3I_000000290477	vRhyme_unbinned_90__MGr3G3H3I_000000290477	0.68307817	medium	1.0	very high	unclassified		0.0	low	0.0	low
vRhyme_unbinned_90__MGr3G3H3I_000000290477_2	vRhyme_unbinned_90__MGr3G3H3I_000000290477	vRhyme_unbinned_90__MGr3G3H3I_000000290477	0.68307817	medium	1.0	very high	unclassified		0.0	low	0.0	low
vRhyme_unbinned_90__MGr3G3H3I_000000290477_3	vRhyme_unbinned_90__MGr3G3H3I_000000290477	vRhyme_unbinned_90__MGr3G3H3I_000000290477	0.68307817	medium	1.0	very high	unclassified		0.0	low	0.0	low
vRhyme_unbinned_90__MGr3G3H3I_000000290477_4	vRhyme_unbinned_90__MGr3G3H3I_000000290477	vRhyme_unbinned_90__MGr3G3H3I_000000290477	0.68307817	medium	1.0	very high	unclassified		0.0	low	0.0	low
vRhyme_unbinned_90__MGr3G3H3I_000000290477_5	vRhyme_unbinned_90__MGr3G3H3I_000000290477	vRhyme_unbinned_90__MGr3G3H3I_000000290477	0.68307817	medium	1.0	very high	unclassified		0.0	low	0.0	low
vRhyme_unbinned_90__MGr3G3H3I_000000290477_6	vRhyme_unbinned_90__MGr3G3H3I_000000290477	vRhyme_unbinned_90__MGr3G3H3I_000000290477	0.68307817	medium	1.0	very high	unclassified		0.0	low	0.0	low
vRhyme_unbinned_90__MGr3G3H3I_000000290477_7	vRhyme_unbinned_90__MGr3G3H3I_000000290477	vRhyme_unbinned_90__MGr3G3H3I_000000290477	0.68307817	medium	1.0	very high	unclassified		0.0	low	0.0	low
vRhyme_unbinned_90__MGr3G3H3I_000000290477_8	vRhyme_unbinned_90__MGr3G3H3I_000000290477	vRhyme_unbinned_90__MGr3G3H3I_000000290477	0.68307817	medium	1.0	very high	unclassified		0.0	low	0.0	low
vRhyme_unbinned_90__MGr3G3H3I_000000290477_9	vRhyme_unbinned_90__MGr3G3H3I_000000290477	vRhyme_unbinned_90__MGr3G3H3I_000000290477	0.68307817	medium	1.0	very high	unclassified		0.0	low	0.0	low
vRhyme_unbinned_90__MGr3G3H3I_000000290477_10	vRhyme_unbinned_90__MGr3G3H3I_000000290477	vRhyme_unbinned_90__MGr3G3H3I_000000290477	0.68307817	medium	1.0	very high	unclassified		0.0	low	0.0	low
vRhyme_unbinned_90__MGr3G3H3I_000000290477_11	vRhyme_unbinned_90__MGr3G3H3I_000000290477	vRhyme_unbinned_90__MGr3G3H3I_000000290477	0.68307817	medium	1.0	very high	unclassified		0.0	low	0.0	low
vRhyme_unbinned_90__MGr3G3H3I_000000290477_12	vRhyme_unbinned_90__MGr3G3H3I_000000290477	vRhyme_unbinned_90__MGr3G3H3I_000000290477	0.68307817	medium	1.0	very high	unclassified		0.0	low	0.0	low
vRhyme_unbinned_90__MGr3G3H3I_000000290477_13	vRhyme_unbinned_90__MGr3G3H3I_000000290477	vRhyme_unbinned_90__MGr3G3H3I_000000290477	0.68307817	medium	1.0	very high	unclassified		0.0	low	0.0	low
vRhyme_unbinned_90__MGr3G3H3I_000000290477_14	vRhyme_unbinned_90__MGr3G3H3I_000000290477	vRhyme_unbinned_90__MGr3G3H3I_000000290477	0.68307817	medium	1.0	very high	unclassified		0.0	low	0.0	low
vRhyme_unbinned_90__MGr3G3H3I_000000290477_15	vRhyme_unbinned_90__MGr3G3H3I_000000290477	vRhyme_unbinned_90__MGr3G3H3I_000000290477	0.68307817	medium	1.0	very high	unclassified		0.0	low	0.0	low
vRhyme_unbinned_90__MGr3G3H3I_000000290477_16	vRhyme_unbinned_90__MGr3G3H3I_000000290477	vRhyme_unbinned_90__MGr3G3H3I_000000290477	0.68307817	medium	1.0	very high	unclassified		0.0	low	0.0	low
vRhyme_unbinned_91__MGr3G3H3I_000000294607_1	vRhyme_unbinned_91__MGr3G3H3I_000000294607	vRhyme_unbinned_91__MGr3G3H3I_000000294607	0.9862818	high	1.0	very high	unclassified		0.0	low	0.0	low
vRhyme_unbinned_91__MGr3G3H3I_000000294607_2	vRhyme_unbinned_91__MGr3G3H3I_000000294607	vRhyme_unbinned_91__MGr3G3H3I_000000294607	0.9757197	high	1.0	very high	unclassified		0.0	low	0.0	low
vRhyme_unbinned_91__MGr3G3H3I_000000294607_3	vRhyme_unbinned_91__MGr3G3H3I_000000294607	vRhyme_unbinned_91__MGr3G3H3I_000000294607	0.9703243	high	1.0	very high	unclassified	KLHDC2/KLHL20/DRC7 Kelch-repeats domain	0.0	low	0.0	low
vRhyme_unbinned_91__MGr3G3H3I_000000294607_4	vRhyme_unbinned_91__MGr3G3H3I_000000294607	vRhyme_unbinned_91__MGr3G3H3I_000000294607	0.9683894	high	1.0	very high	unclassified	SU10 adaptor protein	0.0	low	0.0	low
vRhyme_unbinned_91__MGr3G3H3I_000000294607_5	vRhyme_unbinned_91__MGr3G3H3I_000000294607	vRhyme_unbinned_91__MGr3G3H3I_000000294607	0.96727127	high	1.0	very high	unclassified		0.0	low	0.0	low
vRhyme_unbinned_91__MGr3G3H3I_000000294607_6	vRhyme_unbinned_91__MGr3G3H3I_000000294607	vRhyme_unbinned_91__MGr3G3H3I_000000294607	0.96810746	high	1.0	very high	unclassified		0.0	low	0.0	low
vRhyme_unbinned_91__MGr3G3H3I_000000294607_7	vRhyme_unbinned_91__MGr3G3H3I_000000294607	vRhyme_unbinned_91__MGr3G3H3I_000000294607	0.9872949	high	1.0	very high	unclassified		0.0	low	0.0	low
vRhyme_unbinned_91__MGr3G3H3I_000000294607_8	vRhyme_unbinned_91__MGr3G3H3I_000000294607	vRhyme_unbinned_91__MGr3G3H3I_000000294607	0.9874006	high	1.0	very high	unclassified		0.0	low	0.0	low
vRhyme_unbinned_91__MGr3G3H3I_000000294607_9	vRhyme_unbinned_91__MGr3G3H3I_000000294607	vRhyme_unbinned_91__MGr3G3H3I_000000294607	0.98843664	high	1.0	very high	unclassified		0.0	low	0.0	low
vRhyme_unbinned_91__MGr3G3H3I_000000294607_10	vRhyme_unbinned_91__MGr3G3H3I_000000294607	vRhyme_unbinned_91__MGr3G3H3I_000000294607	0.98424155	high	1.0	very high	unclassified		0.0	low	0.0	low
vRhyme_unbinned_91__MGr3G3H3I_000000294607_11	vRhyme_unbinned_91__MGr3G3H3I_000000294607	vRhyme_unbinned_91__MGr3G3H3I_000000294607	0.9903161	high	1.0	very high	unclassified		0.0	low	0.0	low
vRhyme_unbinned_91__MGr3G3H3I_000000294607_12	vRhyme_unbinned_91__MGr3G3H3I_000000294607	vRhyme_unbinned_91__MGr3G3H3I_000000294607	0.9909909	high	1.0	very high	unclassified		0.0	low	0.0	low
vRhyme_unbinned_91__MGr3G3H3I_000000294607_13	vRhyme_unbinned_91__MGr3G3H3I_000000294607	vRhyme_unbinned_91__MGr3G3H3I_000000294607	0.9943653	high	1.0	very high	unclassified		0.0	low	0.0	low
vRhyme_unbinned_91__MGr3G3H3I_000000294607_14	vRhyme_unbinned_91__MGr3G3H3I_000000294607	vRhyme_unbinned_91__MGr3G3H3I_000000294607	0.9929589	high	1.0	very high	regulatory	groES, HSPE1; chaperonin GroES	0.0	low	0.0	low
vRhyme_unbinned_91__MGr3G3H3I_000000294607_15	vRhyme_unbinned_91__MGr3G3H3I_000000294607	vRhyme_unbinned_91__MGr3G3H3I_000000294607	0.9784728	high	1.0	very high	unclassified		0.0	low	0.0	low
vRhyme_unbinned_91__MGr3G3H3I_000000294607_16	vRhyme_unbinned_91__MGr3G3H3I_000000294607	vRhyme_unbinned_91__MGr3G3H3I_000000294607	0.9853245	high	1.0	very high	unclassified		0.0	low	0.0	low
vRhyme_unbinned_91__MGr3G3H3I_000000294607_17	vRhyme_unbinned_91__MGr3G3H3I_000000294607	vRhyme_unbinned_91__MGr3G3H3I_000000294607	0.98525757	high	1.0	very high	unclassified		0.0	low	0.0	low
vRhyme_unbinned_91__MGr3G3H3I_000000294607_18	vRhyme_unbinned_91__MGr3G3H3I_000000294607	vRhyme_unbinned_91__MGr3G3H3I_000000294607	0.985351	high	1.0	very high	unclassified		0.0	low	0.0	low
vRhyme_unbinned_91__MGr3G3H3I_000000294607_19	vRhyme_unbinned_91__MGr3G3H3I_000000294607	vRhyme_unbinned_91__MGr3G3H3I_000000294607	0.9855663	high	1.0	very high	unclassified		0.0	low	0.0	low
vRhyme_unbinned_91__MGr3G3H3I_000000294607_20	vRhyme_unbinned_91__MGr3G3H3I_000000294607	vRhyme_unbinned_91__MGr3G3H3I_000000294607	0.9854198	high	1.0	very high	unclassified		0.0	low	0.0	low
vRhyme_unbinned_92__MGr3G3H3I_000000298215_1	vRhyme_unbinned_92__MGr3G3H3I_000000298215	vRhyme_unbinned_92__MGr3G3H3I_000000298215	0.68307817	medium	1.0	very high	unclassified		0.0	low	0.0	low
vRhyme_unbinned_92__MGr3G3H3I_000000298215_2	vRhyme_unbinned_92__MGr3G3H3I_000000298215	vRhyme_unbinned_92__MGr3G3H3I_000000298215	0.68307817	medium	1.0	very high	unclassified		0.0	low	0.0	low
vRhyme_unbinned_92__MGr3G3H3I_000000298215_3	vRhyme_unbinned_92__MGr3G3H3I_000000298215	vRhyme_unbinned_92__MGr3G3H3I_000000298215	0.68307817	medium	0.9351	high	unclassified		0.0	low	0.0	low
vRhyme_unbinned_92__MGr3G3H3I_000000298215_4	vRhyme_unbinned_92__MGr3G3H3I_000000298215	vRhyme_unbinned_92__MGr3G3H3I_000000298215	0.68307817	medium	1.0	very high	unclassified		0.0	low	0.0	low
vRhyme_unbinned_92__MGr3G3H3I_000000298215_5	vRhyme_unbinned_92__MGr3G3H3I_000000298215	vRhyme_unbinned_92__MGr3G3H3I_000000298215	0.68307817	medium	1.0	very high	unclassified		0.0	low	0.0	low
vRhyme_unbinned_92__MGr3G3H3I_000000298215_6	vRhyme_unbinned_92__MGr3G3H3I_000000298215	vRhyme_unbinned_92__MGr3G3H3I_000000298215	0.68307817	medium	1.0	very high	unclassified		0.0	low	0.0	low
vRhyme_unbinned_92__MGr3G3H3I_000000298215_7	vRhyme_unbinned_92__MGr3G3H3I_000000298215	vRhyme_unbinned_92__MGr3G3H3I_000000298215	0.68307817	medium	1.0	very high	unclassified		0.0	low	0.0	low
vRhyme_unbinned_92__MGr3G3H3I_000000298215_8	vRhyme_unbinned_92__MGr3G3H3I_000000298215	vRhyme_unbinned_92__MGr3G3H3I_000000298215	0.68307817	medium	1.0	very high	unclassified		0.0	low	0.0	low
vRhyme_unbinned_92__MGr3G3H3I_000000298215_9	vRhyme_unbinned_92__MGr3G3H3I_000000298215	vRhyme_unbinned_92__MGr3G3H3I_000000298215	0.68307817	medium	1.0	very high	unclassified		0.0	low	0.0	low
vRhyme_unbinned_92__MGr3G3H3I_000000298215_10	vRhyme_unbinned_92__MGr3G3H3I_000000298215	vRhyme_unbinned_92__MGr3G3H3I_000000298215	0.68307817	medium	1.0	very high	unclassified		0.0	low	0.0	low
vRhyme_unbinned_92__MGr3G3H3I_000000298215_11	vRhyme_unbinned_92__MGr3G3H3I_000000298215	vRhyme_unbinned_92__MGr3G3H3I_000000298215	0.68307817	medium	1.0	very high	unclassified		0.0	low	0.0	low
vRhyme_unbinned_92__MGr3G3H3I_000000298215_12	vRhyme_unbinned_92__MGr3G3H3I_000000298215	vRhyme_unbinned_92__MGr3G3H3I_000000298215	0.68307817	medium	1.0	very high	unclassified	major head protein	0.0	low	0.0	low
vRhyme_unbinned_92__MGr3G3H3I_000000298215_13	vRhyme_unbinned_92__MGr3G3H3I_000000298215	vRhyme_unbinned_92__MGr3G3H3I_000000298215	0.68307817	medium	1.0	very high	unclassified		0.0	low	0.0	low
vRhyme_unbinned_93__MGr3G3H3I_000000010460|provirus_1_14105_1	vRhyme_unbinned_93__MGr3G3H3I_000000010460|provirus_1_14105	vRhyme_unbinned_93__MGr3G3H3I_000000010460|provirus_1_14105	0.11500603	low	0.0	low	unclassified		0.0	low	0.0	low
vRhyme_unbinned_93__MGr3G3H3I_000000010460|provirus_1_14105_2	vRhyme_unbinned_93__MGr3G3H3I_000000010460|provirus_1_14105	vRhyme_unbinned_93__MGr3G3H3I_000000010460|provirus_1_14105	0.37184525	low	0.0472	low	unclassified		0.0	low	0.0	low
vRhyme_unbinned_93__MGr3G3H3I_000000010460|provirus_1_14105_3	vRhyme_unbinned_93__MGr3G3H3I_000000010460|provirus_1_14105	vRhyme_unbinned_93__MGr3G3H3I_000000010460|provirus_1_14105	0.03568794	low	0.0	low	unclassified		0.0412	low	0.0	low
vRhyme_unbinned_93__MGr3G3H3I_000000010460|provirus_1_14105_4	vRhyme_unbinned_93__MGr3G3H3I_000000010460|provirus_1_14105	vRhyme_unbinned_93__MGr3G3H3I_000000010460|provirus_1_14105	0.027000653	low	0.1091	medium	unclassified	DDE superfamily endonuclease	0.0	low	0.0	low
vRhyme_unbinned_93__MGr3G3H3I_000000010460|provirus_1_14105_5	vRhyme_unbinned_93__MGr3G3H3I_000000010460|provirus_1_14105	vRhyme_unbinned_93__MGr3G3H3I_000000010460|provirus_1_14105	0.033801652	low	0.0496	low	unclassified	HNH endonuclease	0.0	low	0.0	low
vRhyme_unbinned_93__MGr3G3H3I_000000010460|provirus_1_14105_6	vRhyme_unbinned_93__MGr3G3H3I_000000010460|provirus_1_14105	vRhyme_unbinned_93__MGr3G3H3I_000000010460|provirus_1_14105	0.0346897	low	0.098	medium	unclassified	RNA ligase	0.0	low	0.0	low
vRhyme_unbinned_93__MGr3G3H3I_000000010460|provirus_1_14105_7	vRhyme_unbinned_93__MGr3G3H3I_000000010460|provirus_1_14105	vRhyme_unbinned_93__MGr3G3H3I_000000010460|provirus_1_14105	0.0530955	low	0.0	low	unclassified	""	0.0	low	0.0	low
vRhyme_unbinned_93__MGr3G3H3I_000000010460|provirus_1_14105_8	vRhyme_unbinned_93__MGr3G3H3I_000000010460|provirus_1_14105	vRhyme_unbinned_93__MGr3G3H3I_000000010460|provirus_1_14105	0.031549275	low	0.0	low	unclassified		0.0	low	0.0	low
vRhyme_unbinned_93__MGr3G3H3I_000000010460|provirus_1_14105_9	vRhyme_unbinned_93__MGr3G3H3I_000000010460|provirus_1_14105	vRhyme_unbinned_93__MGr3G3H3I_000000010460|provirus_1_14105	0.040702906	low	0.0	low	unclassified	""	0.0	low	0.0	low
vRhyme_unbinned_93__MGr3G3H3I_000000010460|provirus_1_14105_10	vRhyme_unbinned_93__MGr3G3H3I_000000010460|provirus_1_14105	vRhyme_unbinned_93__MGr3G3H3I_000000010460|provirus_1_14105	0.049672198	low	0.0474	low	unclassified		0.0	low	0.0	low
vRhyme_unbinned_93__MGr3G3H3I_000000010460|provirus_1_14105_11	vRhyme_unbinned_93__MGr3G3H3I_000000010460|provirus_1_14105	vRhyme_unbinned_93__MGr3G3H3I_000000010460|provirus_1_14105	0.029333344	low	0.0463	low	unclassified	Protein of unknown function (DUF2997)	0.0	low	0.0	low
vRhyme_unbinned_93__MGr3G3H3I_000000010460|provirus_1_14105_12	vRhyme_unbinned_93__MGr3G3H3I_000000010460|provirus_1_14105	vRhyme_unbinned_93__MGr3G3H3I_000000010460|provirus_1_14105	0.054715563	low	0.0465	low	unclassified		0.0	low	0.0	low
vRhyme_unbinned_93__MGr3G3H3I_000000010460|provirus_1_14105_13	vRhyme_unbinned_93__MGr3G3H3I_000000010460|provirus_1_14105	vRhyme_unbinned_93__MGr3G3H3I_000000010460|provirus_1_14105	0.036092557	low	0.0526	low	unclassified		0.0	low	0.0	low
vRhyme_unbinned_93__MGr3G3H3I_000000010460|provirus_1_14105_14	vRhyme_unbinned_93__MGr3G3H3I_000000010460|provirus_1_14105	vRhyme_unbinned_93__MGr3G3H3I_000000010460|provirus_1_14105	0.0680742	low	0.0	low	unclassified		0.0	low	0.0	low
vRhyme_unbinned_94__MGr3G3H3I_000000010503|provirus_24055_37973_1	vRhyme_unbinned_94__MGr3G3H3I_000000010503|provirus_24055_37973	vRhyme_unbinned_94__MGr3G3H3I_000000010503|provirus_24055_37973	0.9918947	high	1.0	very high	unclassified	integrase	0.0	low	0.0	low
vRhyme_unbinned_94__MGr3G3H3I_000000010503|provirus_24055_37973_2	vRhyme_unbinned_94__MGr3G3H3I_000000010503|provirus_24055_37973	vRhyme_unbinned_94__MGr3G3H3I_000000010503|provirus_24055_37973	0.9954681	high	1.0	very high	unclassified		0.0	low	0.0	low
vRhyme_unbinned_94__MGr3G3H3I_000000010503|provirus_24055_37973_3	vRhyme_unbinned_94__MGr3G3H3I_000000010503|provirus_24055_37973	vRhyme_unbinned_94__MGr3G3H3I_000000010503|provirus_24055_37973	0.99459565	high	0.9491	high	unclassified		0.0	low	0.0	low
vRhyme_unbinned_94__MGr3G3H3I_000000010503|provirus_24055_37973_4	vRhyme_unbinned_94__MGr3G3H3I_000000010503|provirus_24055_37973	vRhyme_unbinned_94__MGr3G3H3I_000000010503|provirus_24055_37973	0.9946505	high	0.8788	high	unclassified		0.0	low	0.0	low
vRhyme_unbinned_94__MGr3G3H3I_000000010503|provirus_24055_37973_5	vRhyme_unbinned_94__MGr3G3H3I_000000010503|provirus_24055_37973	vRhyme_unbinned_94__MGr3G3H3I_000000010503|provirus_24055_37973	0.99749255	high	1.0	very high	unclassified	Caudovirus prohead serine protease	0.0	low	0.0	low
vRhyme_unbinned_94__MGr3G3H3I_000000010503|provirus_24055_37973_6	vRhyme_unbinned_94__MGr3G3H3I_000000010503|provirus_24055_37973	vRhyme_unbinned_94__MGr3G3H3I_000000010503|provirus_24055_37973	0.99836195	high	1.0	very high	unclassified		0.0	low	0.0	low
vRhyme_unbinned_94__MGr3G3H3I_000000010503|provirus_24055_37973_7	vRhyme_unbinned_94__MGr3G3H3I_000000010503|provirus_24055_37973	vRhyme_unbinned_94__MGr3G3H3I_000000010503|provirus_24055_37973	0.9980145	high	1.0	very high	unclassified		0.0	low	0.0	low
vRhyme_unbinned_94__MGr3G3H3I_000000010503|provirus_24055_37973_8	vRhyme_unbinned_94__MGr3G3H3I_000000010503|provirus_24055_37973	vRhyme_unbinned_94__MGr3G3H3I_000000010503|provirus_24055_37973	0.9983249	high	1.0	very high	unclassified	tail fiber protein	0.0	low	0.0	low
vRhyme_unbinned_94__MGr3G3H3I_000000010503|provirus_24055_37973_9	vRhyme_unbinned_94__MGr3G3H3I_000000010503|provirus_24055_37973	vRhyme_unbinned_94__MGr3G3H3I_000000010503|provirus_24055_37973	0.99837625	high	1.0	very high	unclassified		0.0	low	0.0	low
vRhyme_unbinned_94__MGr3G3H3I_000000010503|provirus_24055_37973_10	vRhyme_unbinned_94__MGr3G3H3I_000000010503|provirus_24055_37973	vRhyme_unbinned_94__MGr3G3H3I_000000010503|provirus_24055_37973	0.99522775	high	1.0	very high	unclassified		0.0	low	0.0	low
vRhyme_unbinned_94__MGr3G3H3I_000000010503|provirus_24055_37973_11	vRhyme_unbinned_94__MGr3G3H3I_000000010503|provirus_24055_37973	vRhyme_unbinned_94__MGr3G3H3I_000000010503|provirus_24055_37973	0.9977987	high	1.0	very high	unclassified		0.0	low	0.0	low
vRhyme_unbinned_94__MGr3G3H3I_000000010503|provirus_24055_37973_12	vRhyme_unbinned_94__MGr3G3H3I_000000010503|provirus_24055_37973	vRhyme_unbinned_94__MGr3G3H3I_000000010503|provirus_24055_37973	0.9983148	high	1.0	very high	unclassified	terminase small subunit	0.0	low	0.0	low
vRhyme_unbinned_94__MGr3G3H3I_000000010503|provirus_24055_37973_13	vRhyme_unbinned_94__MGr3G3H3I_000000010503|provirus_24055_37973	vRhyme_unbinned_94__MGr3G3H3I_000000010503|provirus_24055_37973	0.9987649	high	1.0	very high	unclassified	replication initiation protein	0.0	low	0.0	low
vRhyme_unbinned_94__MGr3G3H3I_000000010503|provirus_24055_37973_14	vRhyme_unbinned_94__MGr3G3H3I_000000010503|provirus_24055_37973	vRhyme_unbinned_94__MGr3G3H3I_000000010503|provirus_24055_37973	0.99207467	high	1.0	very high	unclassified		0.0	low	0.0	low
vRhyme_unbinned_94__MGr3G3H3I_000000010503|provirus_24055_37973_15	vRhyme_unbinned_94__MGr3G3H3I_000000010503|provirus_24055_37973	vRhyme_unbinned_94__MGr3G3H3I_000000010503|provirus_24055_37973	0.98799604	high	1.0	very high	unclassified		0.3605	medium	0.3605	high
vRhyme_unbinned_94__MGr3G3H3I_000000010503|provirus_24055_37973_16	vRhyme_unbinned_94__MGr3G3H3I_000000010503|provirus_24055_37973	vRhyme_unbinned_94__MGr3G3H3I_000000010503|provirus_24055_37973	0.98082626	high	1.0	very high	unclassified		0.0	low	0.0	low
vRhyme_unbinned_94__MGr3G3H3I_000000010503|provirus_24055_37973_17	vRhyme_unbinned_94__MGr3G3H3I_000000010503|provirus_24055_37973	vRhyme_unbinned_94__MGr3G3H3I_000000010503|provirus_24055_37973	0.9645297	high	1.0	very high	unclassified	xerC; integrase/recombinase XerC	0.0	low	0.0	low
vRhyme_unbinned_94__MGr3G3H3I_000000010503|provirus_24055_37973_18	vRhyme_unbinned_94__MGr3G3H3I_000000010503|provirus_24055_37973	vRhyme_unbinned_94__MGr3G3H3I_000000010503|provirus_24055_37973	0.86067843	medium	1.0	very high	unclassified		0.0	low	0.0	low
vRhyme_unbinned_94__MGr3G3H3I_000000010503|provirus_24055_37973_19	vRhyme_unbinned_94__MGr3G3H3I_000000010503|provirus_24055_37973	vRhyme_unbinned_94__MGr3G3H3I_000000010503|provirus_24055_37973	0.91334784	high	1.0	very high	unclassified		0.0	low	0.0	low
vRhyme_unbinned_94__MGr3G3H3I_000000010503|provirus_24055_37973_20	vRhyme_unbinned_94__MGr3G3H3I_000000010503|provirus_24055_37973	vRhyme_unbinned_94__MGr3G3H3I_000000010503|provirus_24055_37973	0.8909403	medium	1.0	very high	unclassified		0.0	low	0.0	low
vRhyme_unbinned_95__MGr3G3H3I_000000016731|provirus_134_18976_1	vRhyme_unbinned_95__MGr3G3H3I_000000016731|provirus_134_18976	vRhyme_unbinned_95__MGr3G3H3I_000000016731|provirus_134_18976	0.8121027	medium	0.8688	high	unclassified		0.0	low	0.0	low
vRhyme_unbinned_95__MGr3G3H3I_000000016731|provirus_134_18976_2	vRhyme_unbinned_95__MGr3G3H3I_000000016731|provirus_134_18976	vRhyme_unbinned_95__MGr3G3H3I_000000016731|provirus_134_18976	0.8058552	medium	0.9024	high	unclassified		0.0	low	0.0	low
vRhyme_unbinned_95__MGr3G3H3I_000000016731|provirus_134_18976_3	vRhyme_unbinned_95__MGr3G3H3I_000000016731|provirus_134_18976	vRhyme_unbinned_95__MGr3G3H3I_000000016731|provirus_134_18976	0.85205877	medium	0.9503	high	unclassified		0.0	low	0.0	low
vRhyme_unbinned_95__MGr3G3H3I_000000016731|provirus_134_18976_4	vRhyme_unbinned_95__MGr3G3H3I_000000016731|provirus_134_18976	vRhyme_unbinned_95__MGr3G3H3I_000000016731|provirus_134_18976	0.95991313	high	1.0	very high	unclassified		0.0	low	0.0	low
vRhyme_unbinned_95__MGr3G3H3I_000000016731|provirus_134_18976_5	vRhyme_unbinned_95__MGr3G3H3I_000000016731|provirus_134_18976	vRhyme_unbinned_95__MGr3G3H3I_000000016731|provirus_134_18976	0.90395606	medium	1.0	very high	unclassified		0.0	low	0.0	low
vRhyme_unbinned_95__MGr3G3H3I_000000016731|provirus_134_18976_6	vRhyme_unbinned_95__MGr3G3H3I_000000016731|provirus_134_18976	vRhyme_unbinned_95__MGr3G3H3I_000000016731|provirus_134_18976	0.93558764	high	0.9571	high	unclassified	superinfection exclusion	0.0	low	0.0	low
vRhyme_unbinned_95__MGr3G3H3I_000000016731|provirus_134_18976_7	vRhyme_unbinned_95__MGr3G3H3I_000000016731|provirus_134_18976	vRhyme_unbinned_95__MGr3G3H3I_000000016731|provirus_134_18976	0.93783104	high	0.9339	high	unclassified	Domain of unknown function (DUF4429)	0.0	low	0.0	low
vRhyme_unbinned_95__MGr3G3H3I_000000016731|provirus_134_18976_8	vRhyme_unbinned_95__MGr3G3H3I_000000016731|provirus_134_18976	vRhyme_unbinned_95__MGr3G3H3I_000000016731|provirus_134_18976	0.70763415	medium	1.0	very high	unclassified		0.044	low	0.044	low
vRhyme_unbinned_95__MGr3G3H3I_000000016731|provirus_134_18976_9	vRhyme_unbinned_95__MGr3G3H3I_000000016731|provirus_134_18976	vRhyme_unbinned_95__MGr3G3H3I_000000016731|provirus_134_18976	0.95627415	high	0.9429	high	unclassified		0.0	low	0.0	low
vRhyme_unbinned_95__MGr3G3H3I_000000016731|provirus_134_18976_10	vRhyme_unbinned_95__MGr3G3H3I_000000016731|provirus_134_18976	vRhyme_unbinned_95__MGr3G3H3I_000000016731|provirus_134_18976	0.96528846	high	1.0	very high	unclassified		0.0	low	0.0	low
vRhyme_unbinned_95__MGr3G3H3I_000000016731|provirus_134_18976_11	vRhyme_unbinned_95__MGr3G3H3I_000000016731|provirus_134_18976	vRhyme_unbinned_95__MGr3G3H3I_000000016731|provirus_134_18976	0.9685721	high	0.819	high	unclassified		0.0	low	0.0	low
vRhyme_unbinned_95__MGr3G3H3I_000000016731|provirus_134_18976_12	vRhyme_unbinned_95__MGr3G3H3I_000000016731|provirus_134_18976	vRhyme_unbinned_95__MGr3G3H3I_000000016731|provirus_134_18976	0.96918076	high	1.0	very high	unclassified		0.0	low	0.0	low
vRhyme_unbinned_95__MGr3G3H3I_000000016731|provirus_134_18976_13	vRhyme_unbinned_95__MGr3G3H3I_000000016731|provirus_134_18976	vRhyme_unbinned_95__MGr3G3H3I_000000016731|provirus_134_18976	0.97099555	high	1.0	very high	unclassified		0.0	low	0.0	low
vRhyme_unbinned_95__MGr3G3H3I_000000016731|provirus_134_18976_14	vRhyme_unbinned_95__MGr3G3H3I_000000016731|provirus_134_18976	vRhyme_unbinned_95__MGr3G3H3I_000000016731|provirus_134_18976	0.9200738	high	1.0	very high	unclassified		0.0	low	0.0	low
vRhyme_unbinned_95__MGr3G3H3I_000000016731|provirus_134_18976_15	vRhyme_unbinned_95__MGr3G3H3I_000000016731|provirus_134_18976	vRhyme_unbinned_95__MGr3G3H3I_000000016731|provirus_134_18976	0.9724259	high	1.0	very high	unclassified	KLHDC2/KLHL20/DRC7 Kelch-repeats domain	0.1185	medium	0.1185	medium
vRhyme_unbinned_95__MGr3G3H3I_000000016731|provirus_134_18976_16	vRhyme_unbinned_95__MGr3G3H3I_000000016731|provirus_134_18976	vRhyme_unbinned_95__MGr3G3H3I_000000016731|provirus_134_18976	0.9670623	high	1.0	very high	unclassified		0.0	low	0.0	low
vRhyme_unbinned_95__MGr3G3H3I_000000016731|provirus_134_18976_17	vRhyme_unbinned_95__MGr3G3H3I_000000016731|provirus_134_18976	vRhyme_unbinned_95__MGr3G3H3I_000000016731|provirus_134_18976	0.93312705	high	1.0	very high	unclassified	terminase large subunit	0.0	low	0.0	low
vRhyme_unbinned_95__MGr3G3H3I_000000016731|provirus_134_18976_18	vRhyme_unbinned_95__MGr3G3H3I_000000016731|provirus_134_18976	vRhyme_unbinned_95__MGr3G3H3I_000000016731|provirus_134_18976	0.7554268	medium	0.9087	high	unclassified		0.0	low	0.0	low
vRhyme_unbinned_95__MGr3G3H3I_000000016731|provirus_134_18976_19	vRhyme_unbinned_95__MGr3G3H3I_000000016731|provirus_134_18976	vRhyme_unbinned_95__MGr3G3H3I_000000016731|provirus_134_18976	0.8032812	medium	0.9464	high	unclassified		0.0	low	0.0	low
vRhyme_unbinned_95__MGr3G3H3I_000000016731|provirus_134_18976_20	vRhyme_unbinned_95__MGr3G3H3I_000000016731|provirus_134_18976	vRhyme_unbinned_95__MGr3G3H3I_000000016731|provirus_134_18976	0.7956177	medium	0.9557	high	unclassified		0.0	low	0.0	low
vRhyme_unbinned_95__MGr3G3H3I_000000016731|provirus_134_18976_21	vRhyme_unbinned_95__MGr3G3H3I_000000016731|provirus_134_18976	vRhyme_unbinned_95__MGr3G3H3I_000000016731|provirus_134_18976	0.6919129	medium	1.0	very high	unclassified		0.0	low	0.0	low
vRhyme_unbinned_95__MGr3G3H3I_000000016731|provirus_134_18976_22	vRhyme_unbinned_95__MGr3G3H3I_000000016731|provirus_134_18976	vRhyme_unbinned_95__MGr3G3H3I_000000016731|provirus_134_18976	0.70373565	medium	0.9556	high	unclassified		0.0	low	0.0	low
vRhyme_unbinned_95__MGr3G3H3I_000000016731|provirus_134_18976_23	vRhyme_unbinned_95__MGr3G3H3I_000000016731|provirus_134_18976	vRhyme_unbinned_95__MGr3G3H3I_000000016731|provirus_134_18976	0.5679903	low	0.9064	high	unclassified	DNA primase	0.0	low	0.0	low
vRhyme_unbinned_95__MGr3G3H3I_000000016731|provirus_134_18976_24	vRhyme_unbinned_95__MGr3G3H3I_000000016731|provirus_134_18976	vRhyme_unbinned_95__MGr3G3H3I_000000016731|provirus_134_18976	0.6259186	medium	0.9485	high	unclassified		0.0	low	0.0	low
vRhyme_unbinned_95__MGr3G3H3I_000000016731|provirus_134_18976_25	vRhyme_unbinned_95__MGr3G3H3I_000000016731|provirus_134_18976	vRhyme_unbinned_95__MGr3G3H3I_000000016731|provirus_134_18976	0.6203817	medium	0.9371	high	unclassified		0.0	low	0.0	low
vRhyme_unbinned_95__MGr3G3H3I_000000016731|provirus_134_18976_26	vRhyme_unbinned_95__MGr3G3H3I_000000016731|provirus_134_18976	vRhyme_unbinned_95__MGr3G3H3I_000000016731|provirus_134_18976	0.54217756	low	1.0	very high	unclassified		0.0	low	0.0	low
vRhyme_unbinned_95__MGr3G3H3I_000000016731|provirus_134_18976_27	vRhyme_unbinned_95__MGr3G3H3I_000000016731|provirus_134_18976	vRhyme_unbinned_95__MGr3G3H3I_000000016731|provirus_134_18976	0.46877778	low	1.0	very high	unclassified		0.0	low	0.0	low
vRhyme_unbinned_95__MGr3G3H3I_000000016731|provirus_134_18976_28	vRhyme_unbinned_95__MGr3G3H3I_000000016731|provirus_134_18976	vRhyme_unbinned_95__MGr3G3H3I_000000016731|provirus_134_18976	0.61193776	medium	1.0	very high	unclassified		0.0	low	0.0	low
vRhyme_unbinned_95__MGr3G3H3I_000000016731|provirus_134_18976_29	vRhyme_unbinned_95__MGr3G3H3I_000000016731|provirus_134_18976	vRhyme_unbinned_95__MGr3G3H3I_000000016731|provirus_134_18976	0.8551191	medium	1.0	very high	unclassified	integrase	0.0	low	0.0	low
vRhyme_unbinned_96__MGr3G3H3I_000000020223|provirus_35327_48594_1	vRhyme_unbinned_96__MGr3G3H3I_000000020223|provirus_35327_48594	vRhyme_unbinned_96__MGr3G3H3I_000000020223|provirus_35327_48594	0.994521	high	1.0	very high	unclassified		0.0	low	0.0	low
vRhyme_unbinned_96__MGr3G3H3I_000000020223|provirus_35327_48594_2	vRhyme_unbinned_96__MGr3G3H3I_000000020223|provirus_35327_48594	vRhyme_unbinned_96__MGr3G3H3I_000000020223|provirus_35327_48594	0.99406296	high	1.0	very high	unclassified		0.0	low	0.0	low
vRhyme_unbinned_96__MGr3G3H3I_000000020223|provirus_35327_48594_3	vRhyme_unbinned_96__MGr3G3H3I_000000020223|provirus_35327_48594	vRhyme_unbinned_96__MGr3G3H3I_000000020223|provirus_35327_48594	0.9949458	high	1.0	very high	unclassified		0.0	low	0.0	low
vRhyme_unbinned_96__MGr3G3H3I_000000020223|provirus_35327_48594_4	vRhyme_unbinned_96__MGr3G3H3I_000000020223|provirus_35327_48594	vRhyme_unbinned_96__MGr3G3H3I_000000020223|provirus_35327_48594	0.99560314	high	0.9512	high	unclassified		0.0	low	0.0	low
vRhyme_unbinned_96__MGr3G3H3I_000000020223|provirus_35327_48594_5	vRhyme_unbinned_96__MGr3G3H3I_000000020223|provirus_35327_48594	vRhyme_unbinned_96__MGr3G3H3I_000000020223|provirus_35327_48594	0.99534416	high	1.0	very high	unclassified		0.0	low	0.0	low
vRhyme_unbinned_96__MGr3G3H3I_000000020223|provirus_35327_48594_6	vRhyme_unbinned_96__MGr3G3H3I_000000020223|provirus_35327_48594	vRhyme_unbinned_96__MGr3G3H3I_000000020223|provirus_35327_48594	0.99472755	high	1.0	very high	unclassified		0.0	low	0.0	low
vRhyme_unbinned_96__MGr3G3H3I_000000020223|provirus_35327_48594_7	vRhyme_unbinned_96__MGr3G3H3I_000000020223|provirus_35327_48594	vRhyme_unbinned_96__MGr3G3H3I_000000020223|provirus_35327_48594	0.99680376	high	1.0	very high	unclassified	terminase large subunit	0.0	low	0.0	low
vRhyme_unbinned_96__MGr3G3H3I_000000020223|provirus_35327_48594_8	vRhyme_unbinned_96__MGr3G3H3I_000000020223|provirus_35327_48594	vRhyme_unbinned_96__MGr3G3H3I_000000020223|provirus_35327_48594	0.9952929	high	1.0	very high	unclassified		0.0	low	0.0	low
vRhyme_unbinned_96__MGr3G3H3I_000000020223|provirus_35327_48594_9	vRhyme_unbinned_96__MGr3G3H3I_000000020223|provirus_35327_48594	vRhyme_unbinned_96__MGr3G3H3I_000000020223|provirus_35327_48594	0.9951531	high	1.0	very high	unclassified		0.0	low	0.0	low
vRhyme_unbinned_96__MGr3G3H3I_000000020223|provirus_35327_48594_10	vRhyme_unbinned_96__MGr3G3H3I_000000020223|provirus_35327_48594	vRhyme_unbinned_96__MGr3G3H3I_000000020223|provirus_35327_48594	0.9969599	high	1.0	very high	unclassified		0.0	low	0.0	low
vRhyme_unbinned_96__MGr3G3H3I_000000020223|provirus_35327_48594_11	vRhyme_unbinned_96__MGr3G3H3I_000000020223|provirus_35327_48594	vRhyme_unbinned_96__MGr3G3H3I_000000020223|provirus_35327_48594	0.9936403	high	1.0	very high	unclassified		0.0	low	0.0	low
vRhyme_unbinned_96__MGr3G3H3I_000000020223|provirus_35327_48594_12	vRhyme_unbinned_96__MGr3G3H3I_000000020223|provirus_35327_48594	vRhyme_unbinned_96__MGr3G3H3I_000000020223|provirus_35327_48594	0.994341	high	1.0	very high	unclassified		0.0	low	0.0	low
vRhyme_unbinned_96__MGr3G3H3I_000000020223|provirus_35327_48594_13	vRhyme_unbinned_96__MGr3G3H3I_000000020223|provirus_35327_48594	vRhyme_unbinned_96__MGr3G3H3I_000000020223|provirus_35327_48594	0.99426866	high	1.0	very high	unclassified		0.0	low	0.0	low
vRhyme_unbinned_96__MGr3G3H3I_000000020223|provirus_35327_48594_14	vRhyme_unbinned_96__MGr3G3H3I_000000020223|provirus_35327_48594	vRhyme_unbinned_96__MGr3G3H3I_000000020223|provirus_35327_48594	0.9959583	high	1.0	very high	unclassified		0.0	low	0.0	low
vRhyme_unbinned_96__MGr3G3H3I_000000020223|provirus_35327_48594_15	vRhyme_unbinned_96__MGr3G3H3I_000000020223|provirus_35327_48594	vRhyme_unbinned_96__MGr3G3H3I_000000020223|provirus_35327_48594	0.9958975	high	1.0	very high	unclassified		0.0	low	0.0	low
vRhyme_unbinned_96__MGr3G3H3I_000000020223|provirus_35327_48594_16	vRhyme_unbinned_96__MGr3G3H3I_000000020223|provirus_35327_48594	vRhyme_unbinned_96__MGr3G3H3I_000000020223|provirus_35327_48594	0.9961776	high	1.0	very high	unclassified		0.0	low	0.0	low
vRhyme_unbinned_97__MGr3G3H3I_000000021262|provirus_50810_75077_1	vRhyme_unbinned_97__MGr3G3H3I_000000021262|provirus_50810_75077	vRhyme_unbinned_97__MGr3G3H3I_000000021262|provirus_50810_75077	0.9882872	high	0.951	high	unclassified		0.0	low	0.0	low
vRhyme_unbinned_97__MGr3G3H3I_000000021262|provirus_50810_75077_2	vRhyme_unbinned_97__MGr3G3H3I_000000021262|provirus_50810_75077	vRhyme_unbinned_97__MGr3G3H3I_000000021262|provirus_50810_75077	0.98887676	high	1.0	very high	unclassified		0.0	low	0.0	low
vRhyme_unbinned_97__MGr3G3H3I_000000021262|provirus_50810_75077_3	vRhyme_unbinned_97__MGr3G3H3I_000000021262|provirus_50810_75077	vRhyme_unbinned_97__MGr3G3H3I_000000021262|provirus_50810_75077	0.9910942	high	1.0	very high	unclassified		0.0	low	0.0	low
vRhyme_unbinned_97__MGr3G3H3I_000000021262|provirus_50810_75077_4	vRhyme_unbinned_97__MGr3G3H3I_000000021262|provirus_50810_75077	vRhyme_unbinned_97__MGr3G3H3I_000000021262|provirus_50810_75077	0.9880663	high	1.0	very high	unclassified	head-tail adaptor	0.0	low	0.0	low
vRhyme_unbinned_97__MGr3G3H3I_000000021262|provirus_50810_75077_5	vRhyme_unbinned_97__MGr3G3H3I_000000021262|provirus_50810_75077	vRhyme_unbinned_97__MGr3G3H3I_000000021262|provirus_50810_75077	0.9929048	high	1.0	very high	unclassified		0.0	low	0.0	low
vRhyme_unbinned_97__MGr3G3H3I_000000021262|provirus_50810_75077_6	vRhyme_unbinned_97__MGr3G3H3I_000000021262|provirus_50810_75077	vRhyme_unbinned_97__MGr3G3H3I_000000021262|provirus_50810_75077	0.9930324	high	1.0	very high	unclassified		0.0	low	0.0	low
vRhyme_unbinned_97__MGr3G3H3I_000000021262|provirus_50810_75077_7	vRhyme_unbinned_97__MGr3G3H3I_000000021262|provirus_50810_75077	vRhyme_unbinned_97__MGr3G3H3I_000000021262|provirus_50810_75077	0.99548304	high	1.0	very high	unclassified	""	0.0	low	0.0	low
vRhyme_unbinned_97__MGr3G3H3I_000000021262|provirus_50810_75077_8	vRhyme_unbinned_97__MGr3G3H3I_000000021262|provirus_50810_75077	vRhyme_unbinned_97__MGr3G3H3I_000000021262|provirus_50810_75077	0.9905349	high	1.0	very high	unclassified		0.0	low	0.0	low
vRhyme_unbinned_97__MGr3G3H3I_000000021262|provirus_50810_75077_9	vRhyme_unbinned_97__MGr3G3H3I_000000021262|provirus_50810_75077	vRhyme_unbinned_97__MGr3G3H3I_000000021262|provirus_50810_75077	0.9972989	high	1.0	very high	unclassified		0.0	low	0.0	low
vRhyme_unbinned_97__MGr3G3H3I_000000021262|provirus_50810_75077_10	vRhyme_unbinned_97__MGr3G3H3I_000000021262|provirus_50810_75077	vRhyme_unbinned_97__MGr3G3H3I_000000021262|provirus_50810_75077	0.9928331	high	1.0	very high	unclassified	protease	0.0	low	0.0	low
vRhyme_unbinned_97__MGr3G3H3I_000000021262|provirus_50810_75077_11	vRhyme_unbinned_97__MGr3G3H3I_000000021262|provirus_50810_75077	vRhyme_unbinned_97__MGr3G3H3I_000000021262|provirus_50810_75077	0.9916259	high	1.0	very high	unclassified	Major capsid protein GP7	0.0	low	0.0	low
vRhyme_unbinned_97__MGr3G3H3I_000000021262|provirus_50810_75077_12	vRhyme_unbinned_97__MGr3G3H3I_000000021262|provirus_50810_75077	vRhyme_unbinned_97__MGr3G3H3I_000000021262|provirus_50810_75077	0.9894618	high	1.0	very high	unclassified		0.0	low	0.0	low
vRhyme_unbinned_97__MGr3G3H3I_000000021262|provirus_50810_75077_13	vRhyme_unbinned_97__MGr3G3H3I_000000021262|provirus_50810_75077	vRhyme_unbinned_97__MGr3G3H3I_000000021262|provirus_50810_75077	0.9918436	high	1.0	very high	unclassified		0.0	low	0.0	low
vRhyme_unbinned_97__MGr3G3H3I_000000021262|provirus_50810_75077_14	vRhyme_unbinned_97__MGr3G3H3I_000000021262|provirus_50810_75077	vRhyme_unbinned_97__MGr3G3H3I_000000021262|provirus_50810_75077	0.9852567	high	1.0	very high	unclassified		0.0	low	0.0	low
vRhyme_unbinned_97__MGr3G3H3I_000000021262|provirus_50810_75077_15	vRhyme_unbinned_97__MGr3G3H3I_000000021262|provirus_50810_75077	vRhyme_unbinned_97__MGr3G3H3I_000000021262|provirus_50810_75077	0.984439	high	1.0	very high	unclassified		0.0	low	0.0	low
vRhyme_unbinned_97__MGr3G3H3I_000000021262|provirus_50810_75077_16	vRhyme_unbinned_97__MGr3G3H3I_000000021262|provirus_50810_75077	vRhyme_unbinned_97__MGr3G3H3I_000000021262|provirus_50810_75077	0.9818627	high	1.0	very high	unclassified		0.0	low	0.0	low
vRhyme_unbinned_97__MGr3G3H3I_000000021262|provirus_50810_75077_17	vRhyme_unbinned_97__MGr3G3H3I_000000021262|provirus_50810_75077	vRhyme_unbinned_97__MGr3G3H3I_000000021262|provirus_50810_75077	0.9834407	high	1.0	very high	unclassified		0.0	low	0.0	low
vRhyme_unbinned_97__MGr3G3H3I_000000021262|provirus_50810_75077_18	vRhyme_unbinned_97__MGr3G3H3I_000000021262|provirus_50810_75077	vRhyme_unbinned_97__MGr3G3H3I_000000021262|provirus_50810_75077	0.9862631	high	1.0	very high	unclassified		0.0	low	0.0	low
vRhyme_unbinned_97__MGr3G3H3I_000000021262|provirus_50810_75077_19	vRhyme_unbinned_97__MGr3G3H3I_000000021262|provirus_50810_75077	vRhyme_unbinned_97__MGr3G3H3I_000000021262|provirus_50810_75077	0.9818345	high	1.0	very high	unclassified		0.0	low	0.0	low
vRhyme_unbinned_97__MGr3G3H3I_000000021262|provirus_50810_75077_20	vRhyme_unbinned_97__MGr3G3H3I_000000021262|provirus_50810_75077	vRhyme_unbinned_97__MGr3G3H3I_000000021262|provirus_50810_75077	0.99807316	high	1.0	very high	unclassified	N-acetylmuramidase (EC 3.2.1.17)	0.0	low	0.0	low
vRhyme_unbinned_97__MGr3G3H3I_000000021262|provirus_50810_75077_21	vRhyme_unbinned_97__MGr3G3H3I_000000021262|provirus_50810_75077	vRhyme_unbinned_97__MGr3G3H3I_000000021262|provirus_50810_75077	0.9831519	high	1.0	very high	unclassified		0.0	low	0.0	low
vRhyme_unbinned_97__MGr3G3H3I_000000021262|provirus_50810_75077_22	vRhyme_unbinned_97__MGr3G3H3I_000000021262|provirus_50810_75077	vRhyme_unbinned_97__MGr3G3H3I_000000021262|provirus_50810_75077	0.9817476	high	1.0	very high	unclassified		0.0	low	0.0	low
vRhyme_unbinned_97__MGr3G3H3I_000000021262|provirus_50810_75077_23	vRhyme_unbinned_97__MGr3G3H3I_000000021262|provirus_50810_75077	vRhyme_unbinned_97__MGr3G3H3I_000000021262|provirus_50810_75077	0.96796024	high	1.0	very high	unclassified		0.0	low	0.0	low
vRhyme_unbinned_97__MGr3G3H3I_000000021262|provirus_50810_75077_24	vRhyme_unbinned_97__MGr3G3H3I_000000021262|provirus_50810_75077	vRhyme_unbinned_97__MGr3G3H3I_000000021262|provirus_50810_75077	0.9685814	high	1.0	very high	unclassified		0.0	low	0.0	low
vRhyme_unbinned_97__MGr3G3H3I_000000021262|provirus_50810_75077_25	vRhyme_unbinned_97__MGr3G3H3I_000000021262|provirus_50810_75077	vRhyme_unbinned_97__MGr3G3H3I_000000021262|provirus_50810_75077	0.9767896	high	1.0	very high	unclassified	tail protein	0.0	low	0.0	low
vRhyme_unbinned_97__MGr3G3H3I_000000021262|provirus_50810_75077_26	vRhyme_unbinned_97__MGr3G3H3I_000000021262|provirus_50810_75077	vRhyme_unbinned_97__MGr3G3H3I_000000021262|provirus_50810_75077	0.958845	high	1.0	very high	unclassified		0.0	low	0.0	low
vRhyme_unbinned_97__MGr3G3H3I_000000021262|provirus_50810_75077_27	vRhyme_unbinned_97__MGr3G3H3I_000000021262|provirus_50810_75077	vRhyme_unbinned_97__MGr3G3H3I_000000021262|provirus_50810_75077	0.9808904	high	1.0	very high	unclassified		0.0	low	0.0	low
vRhyme_unbinned_97__MGr3G3H3I_000000021262|provirus_50810_75077_28	vRhyme_unbinned_97__MGr3G3H3I_000000021262|provirus_50810_75077	vRhyme_unbinned_97__MGr3G3H3I_000000021262|provirus_50810_75077	0.9792239	high	1.0	very high	unclassified		0.0	low	0.0	low
vRhyme_unbinned_97__MGr3G3H3I_000000021262|provirus_50810_75077_29	vRhyme_unbinned_97__MGr3G3H3I_000000021262|provirus_50810_75077	vRhyme_unbinned_97__MGr3G3H3I_000000021262|provirus_50810_75077	0.9788903	high	1.0	very high	unclassified		0.0	low	0.0	low
vRhyme_unbinned_97__MGr3G3H3I_000000021262|provirus_50810_75077_30	vRhyme_unbinned_97__MGr3G3H3I_000000021262|provirus_50810_75077	vRhyme_unbinned_97__MGr3G3H3I_000000021262|provirus_50810_75077	0.98380566	high	1.0	very high	unclassified		0.0	low	0.0	low
vRhyme_unbinned_97__MGr3G3H3I_000000021262|provirus_50810_75077_31	vRhyme_unbinned_97__MGr3G3H3I_000000021262|provirus_50810_75077	vRhyme_unbinned_97__MGr3G3H3I_000000021262|provirus_50810_75077	0.98184097	high	1.0	very high	unclassified		0.0	low	0.0	low
vRhyme_unbinned_97__MGr3G3H3I_000000021262|provirus_50810_75077_32	vRhyme_unbinned_97__MGr3G3H3I_000000021262|provirus_50810_75077	vRhyme_unbinned_97__MGr3G3H3I_000000021262|provirus_50810_75077	0.9950687	high	1.0	very high	unclassified		0.0	low	0.0	low
vRhyme_unbinned_97__MGr3G3H3I_000000021262|provirus_50810_75077_33	vRhyme_unbinned_97__MGr3G3H3I_000000021262|provirus_50810_75077	vRhyme_unbinned_97__MGr3G3H3I_000000021262|provirus_50810_75077	0.99605596	high	1.0	very high	unclassified	""	0.0	low	0.0	low
vRhyme_unbinned_97__MGr3G3H3I_000000021262|provirus_50810_75077_34	vRhyme_unbinned_97__MGr3G3H3I_000000021262|provirus_50810_75077	vRhyme_unbinned_97__MGr3G3H3I_000000021262|provirus_50810_75077	0.9928898	high	1.0	very high	unclassified		0.0	low	0.0	low
vRhyme_unbinned_97__MGr3G3H3I_000000021262|provirus_50810_75077_35	vRhyme_unbinned_97__MGr3G3H3I_000000021262|provirus_50810_75077	vRhyme_unbinned_97__MGr3G3H3I_000000021262|provirus_50810_75077	0.97999406	high	1.0	very high	unclassified	tail protein	0.0	low	0.0	low
vRhyme_unbinned_97__MGr3G3H3I_000000021262|provirus_50810_75077_36	vRhyme_unbinned_97__MGr3G3H3I_000000021262|provirus_50810_75077	vRhyme_unbinned_97__MGr3G3H3I_000000021262|provirus_50810_75077	0.97342306	high	1.0	very high	unclassified		0.0	low	0.0	low
vRhyme_unbinned_97__MGr3G3H3I_000000021262|provirus_50810_75077_37	vRhyme_unbinned_97__MGr3G3H3I_000000021262|provirus_50810_75077	vRhyme_unbinned_97__MGr3G3H3I_000000021262|provirus_50810_75077	0.9734396	high	1.0	very high	unclassified	internal virion protein	0.0	low	0.0	low
vRhyme_unbinned_97__MGr3G3H3I_000000021262|provirus_50810_75077_38	vRhyme_unbinned_97__MGr3G3H3I_000000021262|provirus_50810_75077	vRhyme_unbinned_97__MGr3G3H3I_000000021262|provirus_50810_75077	0.9770714	high	1.0	very high	unclassified	internal virion protein	0.0	low	0.0	low
vRhyme_unbinned_98__MGr3G3H3I_000000054290|provirus_3_6002_1	vRhyme_unbinned_98__MGr3G3H3I_000000054290|provirus_3_6002	vRhyme_unbinned_98__MGr3G3H3I_000000054290|provirus_3_6002	0.9986949	high	1.0	very high	unclassified	terminase large subunit	0.0	low	0.0	low
vRhyme_unbinned_98__MGr3G3H3I_000000054290|provirus_3_6002_2	vRhyme_unbinned_98__MGr3G3H3I_000000054290|provirus_3_6002	vRhyme_unbinned_98__MGr3G3H3I_000000054290|provirus_3_6002	0.9986246	high	1.0	very high	unclassified		0.0	low	0.0	low
vRhyme_unbinned_98__MGr3G3H3I_000000054290|provirus_3_6002_3	vRhyme_unbinned_98__MGr3G3H3I_000000054290|provirus_3_6002	vRhyme_unbinned_98__MGr3G3H3I_000000054290|provirus_3_6002	0.99592614	high	1.0	very high	unclassified	RusA-like Holliday junction resolvase	0.0	low	0.0	low
vRhyme_unbinned_98__MGr3G3H3I_000000054290|provirus_3_6002_4	vRhyme_unbinned_98__MGr3G3H3I_000000054290|provirus_3_6002	vRhyme_unbinned_98__MGr3G3H3I_000000054290|provirus_3_6002	0.99919665	high	1.0	very high	unclassified		0.0	low	0.0	low
vRhyme_unbinned_98__MGr3G3H3I_000000054290|provirus_3_6002_5	vRhyme_unbinned_98__MGr3G3H3I_000000054290|provirus_3_6002	vRhyme_unbinned_98__MGr3G3H3I_000000054290|provirus_3_6002	0.9980837	high	1.0	very high	unclassified		0.0	low	0.0	low
vRhyme_unbinned_98__MGr3G3H3I_000000054290|provirus_3_6002_6	vRhyme_unbinned_98__MGr3G3H3I_000000054290|provirus_3_6002	vRhyme_unbinned_98__MGr3G3H3I_000000054290|provirus_3_6002	0.9961262	high	1.0	very high	unclassified	AAA domain	0.6456	high	0.6456	high
vRhyme_unbinned_98__MGr3G3H3I_000000054290|provirus_3_6002_7	vRhyme_unbinned_98__MGr3G3H3I_000000054290|provirus_3_6002	vRhyme_unbinned_98__MGr3G3H3I_000000054290|provirus_3_6002	0.98386216	high	1.0	very high	unclassified		0.0	low	0.0	low
vRhyme_unbinned_98__MGr3G3H3I_000000054290|provirus_3_6002_8	vRhyme_unbinned_98__MGr3G3H3I_000000054290|provirus_3_6002	vRhyme_unbinned_98__MGr3G3H3I_000000054290|provirus_3_6002	0.9813252	high	0.9532	high	unclassified		0.0	low	0.0	low
vRhyme_unbinned_98__MGr3G3H3I_000000054290|provirus_3_6002_9	vRhyme_unbinned_98__MGr3G3H3I_000000054290|provirus_3_6002	vRhyme_unbinned_98__MGr3G3H3I_000000054290|provirus_3_6002	0.8365436	medium	1.0	very high	unclassified		0.0	low	0.0	low
vRhyme_unbinned_98__MGr3G3H3I_000000054290|provirus_3_6002_10	vRhyme_unbinned_98__MGr3G3H3I_000000054290|provirus_3_6002	vRhyme_unbinned_98__MGr3G3H3I_000000054290|provirus_3_6002	0.98095053	high	1.0	very high	unclassified		0.0	low	0.0	low
vRhyme_unbinned_98__MGr3G3H3I_000000054290|provirus_3_6002_11	vRhyme_unbinned_98__MGr3G3H3I_000000054290|provirus_3_6002	vRhyme_unbinned_98__MGr3G3H3I_000000054290|provirus_3_6002	0.9819002	high	1.0	very high	unclassified		0.0	low	0.0	low
vRhyme_unbinned_99__MGr3G3H3I_000000077756|provirus_33272_71474_1	vRhyme_unbinned_99__MGr3G3H3I_000000077756|provirus_33272_71474	vRhyme_unbinned_99__MGr3G3H3I_000000077756|provirus_33272_71474	0.9718165	high	0.0	low	unclassified		0.0489	low	0.0	low
vRhyme_unbinned_99__MGr3G3H3I_000000077756|provirus_33272_71474_2	vRhyme_unbinned_99__MGr3G3H3I_000000077756|provirus_33272_71474	vRhyme_unbinned_99__MGr3G3H3I_000000077756|provirus_33272_71474	0.97919774	high	0.0	low	unclassified		0.0	low	0.0	low
vRhyme_unbinned_99__MGr3G3H3I_000000077756|provirus_33272_71474_3	vRhyme_unbinned_99__MGr3G3H3I_000000077756|provirus_33272_71474	vRhyme_unbinned_99__MGr3G3H3I_000000077756|provirus_33272_71474	0.9711041	high	0.0	low	unclassified		0.0	low	0.0	low
vRhyme_unbinned_99__MGr3G3H3I_000000077756|provirus_33272_71474_4	vRhyme_unbinned_99__MGr3G3H3I_000000077756|provirus_33272_71474	vRhyme_unbinned_99__MGr3G3H3I_000000077756|provirus_33272_71474	0.95539635	high	0.0	low	unclassified	NYN domain	0.0	low	0.0	low
vRhyme_unbinned_99__MGr3G3H3I_000000077756|provirus_33272_71474_5	vRhyme_unbinned_99__MGr3G3H3I_000000077756|provirus_33272_71474	vRhyme_unbinned_99__MGr3G3H3I_000000077756|provirus_33272_71474	0.96411103	high	0.0	low	unclassified	int; integrase	0.0	low	0.0	low
vRhyme_unbinned_99__MGr3G3H3I_000000077756|provirus_33272_71474_6	vRhyme_unbinned_99__MGr3G3H3I_000000077756|provirus_33272_71474	vRhyme_unbinned_99__MGr3G3H3I_000000077756|provirus_33272_71474	0.84045225	medium	0.0	low	unclassified		0.0	low	0.0	low
vRhyme_unbinned_99__MGr3G3H3I_000000077756|provirus_33272_71474_7	vRhyme_unbinned_99__MGr3G3H3I_000000077756|provirus_33272_71474	vRhyme_unbinned_99__MGr3G3H3I_000000077756|provirus_33272_71474	0.9356177	high	0.0	low	unclassified		0.0	low	0.0	low
vRhyme_unbinned_99__MGr3G3H3I_000000077756|provirus_33272_71474_8	vRhyme_unbinned_99__MGr3G3H3I_000000077756|provirus_33272_71474	vRhyme_unbinned_99__MGr3G3H3I_000000077756|provirus_33272_71474	0.9375626	high	0.0	low	unclassified		0.0	low	0.0	low
vRhyme_unbinned_99__MGr3G3H3I_000000077756|provirus_33272_71474_9	vRhyme_unbinned_99__MGr3G3H3I_000000077756|provirus_33272_71474	vRhyme_unbinned_99__MGr3G3H3I_000000077756|provirus_33272_71474	0.97606224	high	0.0	low	unclassified		0.0	low	0.0	low
vRhyme_unbinned_99__MGr3G3H3I_000000077756|provirus_33272_71474_10	vRhyme_unbinned_99__MGr3G3H3I_000000077756|provirus_33272_71474	vRhyme_unbinned_99__MGr3G3H3I_000000077756|provirus_33272_71474	0.97087395	high	0.0	low	unclassified		0.0	low	0.0	low
vRhyme_unbinned_99__MGr3G3H3I_000000077756|provirus_33272_71474_11	vRhyme_unbinned_99__MGr3G3H3I_000000077756|provirus_33272_71474	vRhyme_unbinned_99__MGr3G3H3I_000000077756|provirus_33272_71474	0.9707086	high	0.0	low	unclassified		0.0	low	0.0	low
vRhyme_unbinned_99__MGr3G3H3I_000000077756|provirus_33272_71474_12	vRhyme_unbinned_99__MGr3G3H3I_000000077756|provirus_33272_71474	vRhyme_unbinned_99__MGr3G3H3I_000000077756|provirus_33272_71474	0.9727063	high	0.0	low	unclassified	KTSC domain	0.0	low	0.0	low
vRhyme_unbinned_99__MGr3G3H3I_000000077756|provirus_33272_71474_13	vRhyme_unbinned_99__MGr3G3H3I_000000077756|provirus_33272_71474	vRhyme_unbinned_99__MGr3G3H3I_000000077756|provirus_33272_71474	0.88359976	medium	0.0	low	unclassified	""	0.3959	medium	0.0	low
vRhyme_unbinned_99__MGr3G3H3I_000000077756|provirus_33272_71474_14	vRhyme_unbinned_99__MGr3G3H3I_000000077756|provirus_33272_71474	vRhyme_unbinned_99__MGr3G3H3I_000000077756|provirus_33272_71474	0.94710696	high	0.0	low	unclassified		0.3774	medium	0.0	low
vRhyme_unbinned_99__MGr3G3H3I_000000077756|provirus_33272_71474_15	vRhyme_unbinned_99__MGr3G3H3I_000000077756|provirus_33272_71474	vRhyme_unbinned_99__MGr3G3H3I_000000077756|provirus_33272_71474	0.6194281	medium	0.0	low	unclassified	Uncharacterized protein conserved in bacteria (DUF2130)	0.0	low	0.0	low
vRhyme_unbinned_99__MGr3G3H3I_000000077756|provirus_33272_71474_16	vRhyme_unbinned_99__MGr3G3H3I_000000077756|provirus_33272_71474	vRhyme_unbinned_99__MGr3G3H3I_000000077756|provirus_33272_71474	0.86954105	medium	0.0	low	unclassified	res; type III restriction enzyme [EC:3.1.21.5]	0.0	low	0.0	low
vRhyme_unbinned_99__MGr3G3H3I_000000077756|provirus_33272_71474_17	vRhyme_unbinned_99__MGr3G3H3I_000000077756|provirus_33272_71474	vRhyme_unbinned_99__MGr3G3H3I_000000077756|provirus_33272_71474	0.70108366	medium	0.0	low	unclassified	mod; adenine-specific DNA-methyltransferase [EC:2.1.1.72]	0.0	low	0.0	low
vRhyme_unbinned_99__MGr3G3H3I_000000077756|provirus_33272_71474_18	vRhyme_unbinned_99__MGr3G3H3I_000000077756|provirus_33272_71474	vRhyme_unbinned_99__MGr3G3H3I_000000077756|provirus_33272_71474	0.96154946	high	0.0	low	unclassified		0.0	low	0.0	low
vRhyme_unbinned_99__MGr3G3H3I_000000077756|provirus_33272_71474_19	vRhyme_unbinned_99__MGr3G3H3I_000000077756|provirus_33272_71474	vRhyme_unbinned_99__MGr3G3H3I_000000077756|provirus_33272_71474	0.9569767	high	0.0	low	unclassified	PD-(D/E)XK nuclease superfamily	0.0	low	0.0	low
vRhyme_unbinned_99__MGr3G3H3I_000000077756|provirus_33272_71474_20	vRhyme_unbinned_99__MGr3G3H3I_000000077756|provirus_33272_71474	vRhyme_unbinned_99__MGr3G3H3I_000000077756|provirus_33272_71474	0.95725435	high	0.0	low	unclassified		0.0	low	0.0	low
vRhyme_unbinned_99__MGr3G3H3I_000000077756|provirus_33272_71474_21	vRhyme_unbinned_99__MGr3G3H3I_000000077756|provirus_33272_71474	vRhyme_unbinned_99__MGr3G3H3I_000000077756|provirus_33272_71474	0.7488137	medium	0.0	low	unclassified	""	0.0507	low	0.0	low
vRhyme_unbinned_99__MGr3G3H3I_000000077756|provirus_33272_71474_22	vRhyme_unbinned_99__MGr3G3H3I_000000077756|provirus_33272_71474	vRhyme_unbinned_99__MGr3G3H3I_000000077756|provirus_33272_71474	0.8475049	medium	0.0	low	unclassified		0.0	low	0.0	low
vRhyme_unbinned_99__MGr3G3H3I_000000077756|provirus_33272_71474_23	vRhyme_unbinned_99__MGr3G3H3I_000000077756|provirus_33272_71474	vRhyme_unbinned_99__MGr3G3H3I_000000077756|provirus_33272_71474	0.95274144	high	0.0	low	unclassified		0.0	low	0.0	low
vRhyme_unbinned_99__MGr3G3H3I_000000077756|provirus_33272_71474_24	vRhyme_unbinned_99__MGr3G3H3I_000000077756|provirus_33272_71474	vRhyme_unbinned_99__MGr3G3H3I_000000077756|provirus_33272_71474	0.94771564	high	0.0	low	unclassified		0.0	low	0.0	low
vRhyme_unbinned_99__MGr3G3H3I_000000077756|provirus_33272_71474_25	vRhyme_unbinned_99__MGr3G3H3I_000000077756|provirus_33272_71474	vRhyme_unbinned_99__MGr3G3H3I_000000077756|provirus_33272_71474	0.96090424	high	0.0	low	unclassified	ruvC; crossover junction endodeoxyribonuclease RuvC [EC:3.1.21.10]	0.0	low	0.0	low
vRhyme_unbinned_99__MGr3G3H3I_000000077756|provirus_33272_71474_26	vRhyme_unbinned_99__MGr3G3H3I_000000077756|provirus_33272_71474	vRhyme_unbinned_99__MGr3G3H3I_000000077756|provirus_33272_71474	0.9973461	high	0.0	low	unclassified	Putative Ig domain	0.3305	medium	0.0	low
vRhyme_unbinned_99__MGr3G3H3I_000000077756|provirus_33272_71474_27	vRhyme_unbinned_99__MGr3G3H3I_000000077756|provirus_33272_71474	vRhyme_unbinned_99__MGr3G3H3I_000000077756|provirus_33272_71474	0.83109933	medium	0.0	low	unclassified		0.2035	medium	0.0	low
vRhyme_unbinned_99__MGr3G3H3I_000000077756|provirus_33272_71474_28	vRhyme_unbinned_99__MGr3G3H3I_000000077756|provirus_33272_71474	vRhyme_unbinned_99__MGr3G3H3I_000000077756|provirus_33272_71474	0.97426873	high	0.0	low	unclassified		0.0	low	0.0	low
vRhyme_unbinned_99__MGr3G3H3I_000000077756|provirus_33272_71474_29	vRhyme_unbinned_99__MGr3G3H3I_000000077756|provirus_33272_71474	vRhyme_unbinned_99__MGr3G3H3I_000000077756|provirus_33272_71474	0.988103	high	0.0	low	unclassified		0.1592	medium	0.0	low
vRhyme_unbinned_99__MGr3G3H3I_000000077756|provirus_33272_71474_30	vRhyme_unbinned_99__MGr3G3H3I_000000077756|provirus_33272_71474	vRhyme_unbinned_99__MGr3G3H3I_000000077756|provirus_33272_71474	0.9854399	high	0.0	low	unclassified		0.0	low	0.0	low
vRhyme_unbinned_99__MGr3G3H3I_000000077756|provirus_33272_71474_31	vRhyme_unbinned_99__MGr3G3H3I_000000077756|provirus_33272_71474	vRhyme_unbinned_99__MGr3G3H3I_000000077756|provirus_33272_71474	0.98378134	high	0.0	low	unclassified		0.0	low	0.0	low
vRhyme_unbinned_99__MGr3G3H3I_000000077756|provirus_33272_71474_32	vRhyme_unbinned_99__MGr3G3H3I_000000077756|provirus_33272_71474	vRhyme_unbinned_99__MGr3G3H3I_000000077756|provirus_33272_71474	0.9817575	high	0.0	low	unclassified		0.0	low	0.0	low
vRhyme_unbinned_99__MGr3G3H3I_000000077756|provirus_33272_71474_33	vRhyme_unbinned_99__MGr3G3H3I_000000077756|provirus_33272_71474	vRhyme_unbinned_99__MGr3G3H3I_000000077756|provirus_33272_71474	0.9866903	high	0.0	low	unclassified		0.0	low	0.0	low
vRhyme_unbinned_99__MGr3G3H3I_000000077756|provirus_33272_71474_34	vRhyme_unbinned_99__MGr3G3H3I_000000077756|provirus_33272_71474	vRhyme_unbinned_99__MGr3G3H3I_000000077756|provirus_33272_71474	0.9906592	high	0.0	low	unclassified		0.0	low	0.0	low
vRhyme_unbinned_99__MGr3G3H3I_000000077756|provirus_33272_71474_35	vRhyme_unbinned_99__MGr3G3H3I_000000077756|provirus_33272_71474	vRhyme_unbinned_99__MGr3G3H3I_000000077756|provirus_33272_71474	0.96018475	high	0.0	low	unclassified	ihfA, himA; integration host factor subunit alpha	0.3512	medium	0.0	low
vRhyme_unbinned_99__MGr3G3H3I_000000077756|provirus_33272_71474_36	vRhyme_unbinned_99__MGr3G3H3I_000000077756|provirus_33272_71474	vRhyme_unbinned_99__MGr3G3H3I_000000077756|provirus_33272_71474	0.7615327	medium	0.0	low	unclassified		0.0	low	0.0	low
vRhyme_unbinned_99__MGr3G3H3I_000000077756|provirus_33272_71474_37	vRhyme_unbinned_99__MGr3G3H3I_000000077756|provirus_33272_71474	vRhyme_unbinned_99__MGr3G3H3I_000000077756|provirus_33272_71474	0.7337966	medium	0.0	low	unclassified		0.0	low	0.0	low
vRhyme_unbinned_99__MGr3G3H3I_000000077756|provirus_33272_71474_38	vRhyme_unbinned_99__MGr3G3H3I_000000077756|provirus_33272_71474	vRhyme_unbinned_99__MGr3G3H3I_000000077756|provirus_33272_71474	0.72938055	medium	0.0	low	unclassified		0.0	low	0.0	low
vRhyme_unbinned_99__MGr3G3H3I_000000077756|provirus_33272_71474_39	vRhyme_unbinned_99__MGr3G3H3I_000000077756|provirus_33272_71474	vRhyme_unbinned_99__MGr3G3H3I_000000077756|provirus_33272_71474	0.6850437	medium	0.0	low	unclassified		0.0	low	0.0	low
vRhyme_unbinned_9__MGr3G3H3I_000000020590_1	vRhyme_unbinned_9__MGr3G3H3I_000000020590	vRhyme_unbinned_9__MGr3G3H3I_000000020590	0.7028273	medium	1.0	very high	unclassified		0.0	low	0.0	low
vRhyme_unbinned_9__MGr3G3H3I_000000020590_2	vRhyme_unbinned_9__MGr3G3H3I_000000020590	vRhyme_unbinned_9__MGr3G3H3I_000000020590	0.6790632	medium	1.0	very high	unclassified		0.0	low	0.0	low
vRhyme_unbinned_9__MGr3G3H3I_000000020590_3	vRhyme_unbinned_9__MGr3G3H3I_000000020590	vRhyme_unbinned_9__MGr3G3H3I_000000020590	0.58577466	medium	1.0	very high	unclassified		0.0	low	0.0	low
vRhyme_unbinned_9__MGr3G3H3I_000000020590_4	vRhyme_unbinned_9__MGr3G3H3I_000000020590	vRhyme_unbinned_9__MGr3G3H3I_000000020590	0.51229405	low	1.0	very high	unclassified		0.0	low	0.0	low
vRhyme_unbinned_9__MGr3G3H3I_000000020590_5	vRhyme_unbinned_9__MGr3G3H3I_000000020590	vRhyme_unbinned_9__MGr3G3H3I_000000020590	0.5093436	low	1.0	very high	unclassified		0.0	low	0.0	low
vRhyme_unbinned_9__MGr3G3H3I_000000020590_6	vRhyme_unbinned_9__MGr3G3H3I_000000020590	vRhyme_unbinned_9__MGr3G3H3I_000000020590	0.14707977	low	1.0	very high	unclassified		0.0	low	0.0	low
vRhyme_unbinned_9__MGr3G3H3I_000000020590_7	vRhyme_unbinned_9__MGr3G3H3I_000000020590	vRhyme_unbinned_9__MGr3G3H3I_000000020590	0.53030866	low	1.0	very high	unclassified	Type I Thoeris inhibitor Tad3	0.0	low	0.0	low
vRhyme_unbinned_9__MGr3G3H3I_000000020590_8	vRhyme_unbinned_9__MGr3G3H3I_000000020590	vRhyme_unbinned_9__MGr3G3H3I_000000020590	0.53326386	low	1.0	very high	unclassified		0.0	low	0.0	low
vRhyme_unbinned_9__MGr3G3H3I_000000020590_9	vRhyme_unbinned_9__MGr3G3H3I_000000020590	vRhyme_unbinned_9__MGr3G3H3I_000000020590	0.11310556	low	1.0	very high	unclassified		0.0	low	0.0	low
vRhyme_unbinned_9__MGr3G3H3I_000000020590_10	vRhyme_unbinned_9__MGr3G3H3I_000000020590	vRhyme_unbinned_9__MGr3G3H3I_000000020590	0.5338527	low	1.0	very high	unclassified		0.0	low	0.0	low
vRhyme_unbinned_9__MGr3G3H3I_000000020590_11	vRhyme_unbinned_9__MGr3G3H3I_000000020590	vRhyme_unbinned_9__MGr3G3H3I_000000020590	0.6271179	medium	1.0	very high	unclassified	Family of unknown function (DUF6221)	0.0	low	0.0	low
vRhyme_unbinned_9__MGr3G3H3I_000000020590_12	vRhyme_unbinned_9__MGr3G3H3I_000000020590	vRhyme_unbinned_9__MGr3G3H3I_000000020590	0.58969307	medium	1.0	very high	unclassified		0.0	low	0.0	low
vRhyme_unbinned_9__MGr3G3H3I_000000020590_13	vRhyme_unbinned_9__MGr3G3H3I_000000020590	vRhyme_unbinned_9__MGr3G3H3I_000000020590	0.4373642	low	1.0	very high	unclassified		0.0	low	0.0	low
vRhyme_unbinned_9__MGr3G3H3I_000000020590_14	vRhyme_unbinned_9__MGr3G3H3I_000000020590	vRhyme_unbinned_9__MGr3G3H3I_000000020590	0.86954135	medium	1.0	very high	unclassified		0.0	low	0.0	low
vRhyme_unbinned_9__MGr3G3H3I_000000020590_15	vRhyme_unbinned_9__MGr3G3H3I_000000020590	vRhyme_unbinned_9__MGr3G3H3I_000000020590	0.22848657	low	1.0	very high	unclassified		0.0	low	0.0	low
vRhyme_unbinned_9__MGr3G3H3I_000000020590_16	vRhyme_unbinned_9__MGr3G3H3I_000000020590	vRhyme_unbinned_9__MGr3G3H3I_000000020590	0.45194578	low	1.0	very high	unclassified		0.0	low	0.0	low
vRhyme_unbinned_9__MGr3G3H3I_000000020590_17	vRhyme_unbinned_9__MGr3G3H3I_000000020590	vRhyme_unbinned_9__MGr3G3H3I_000000020590	0.47024715	low	1.0	very high	unclassified		0.0	low	0.0	low
vRhyme_unbinned_9__MGr3G3H3I_000000020590_18	vRhyme_unbinned_9__MGr3G3H3I_000000020590	vRhyme_unbinned_9__MGr3G3H3I_000000020590	0.7073921	medium	1.0	very high	unclassified		0.0	low	0.0	low
vRhyme_unbinned_9__MGr3G3H3I_000000020590_19	vRhyme_unbinned_9__MGr3G3H3I_000000020590	vRhyme_unbinned_9__MGr3G3H3I_000000020590	0.7408537	medium	1.0	very high	unclassified		0.0	low	0.0	low
vRhyme_unbinned_9__MGr3G3H3I_000000020590_20	vRhyme_unbinned_9__MGr3G3H3I_000000020590	vRhyme_unbinned_9__MGr3G3H3I_000000020590	0.76277333	medium	1.0	very high	unclassified		0.0	low	0.0	low
vRhyme_unbinned_9__MGr3G3H3I_000000020590_21	vRhyme_unbinned_9__MGr3G3H3I_000000020590	vRhyme_unbinned_9__MGr3G3H3I_000000020590	0.76884663	medium	1.0	very high	unclassified		0.0	low	0.0	low
vRhyme_unbinned_9__MGr3G3H3I_000000020590_22	vRhyme_unbinned_9__MGr3G3H3I_000000020590	vRhyme_unbinned_9__MGr3G3H3I_000000020590	0.76884663	medium	1.0	very high	unclassified		0.0	low	0.0	low
vRhyme_unbinned_9__MGr3G3H3I_000000020590_23	vRhyme_unbinned_9__MGr3G3H3I_000000020590	vRhyme_unbinned_9__MGr3G3H3I_000000020590	0.77707225	medium	1.0	very high	unclassified	protein with Ig domain	0.0	low	0.0	low
vRhyme_unbinned_9__MGr3G3H3I_000000020590_24	vRhyme_unbinned_9__MGr3G3H3I_000000020590	vRhyme_unbinned_9__MGr3G3H3I_000000020590	0.9553519	high	1.0	very high	unclassified		0.0	low	0.0	low
vRhyme_unbinned_9__MGr3G3H3I_000000020590_25	vRhyme_unbinned_9__MGr3G3H3I_000000020590	vRhyme_unbinned_9__MGr3G3H3I_000000020590	0.9570391	high	1.0	very high	unclassified		0.0	low	0.0	low
vRhyme_unbinned_9__MGr3G3H3I_000000020590_26	vRhyme_unbinned_9__MGr3G3H3I_000000020590	vRhyme_unbinned_9__MGr3G3H3I_000000020590	0.9726674	high	1.0	very high	unclassified		0.0	low	0.0	low
