klass	lgbm_bin	pst_bin	n	lgbm_p	pst_p
Ground-truth non-viral	0	0	551540	0.01	0.01
Ground-truth non-viral	0	1	509	0.01	0.03
Ground-truth non-viral	0	2	7910	0.01	0.05
Ground-truth non-viral	0	3	450	0.01	0.07
Ground-truth non-viral	0	4	811	0.01	0.09
Ground-truth non-viral	0	5	499	0.01	0.11
Ground-truth non-viral	0	6	225	0.01	0.13
Ground-truth non-viral	0	7	325	0.01	0.15
Ground-truth non-viral	0	8	128	0.01	0.17
Ground-truth non-viral	0	9	168	0.01	0.19
Ground-truth non-viral	0	10	152	0.01	0.21
Ground-truth non-viral	0	11	114	0.01	0.23
Ground-truth non-viral	0	12	132	0.01	0.25
Ground-truth non-viral	0	13	82	0.01	0.27
Ground-truth non-viral	0	14	74	0.01	0.29
Ground-truth non-viral	0	15	83	0.01	0.31
Ground-truth non-viral	0	16	57	0.01	0.33
Ground-truth non-viral	0	17	72	0.01	0.35
Ground-truth non-viral	0	18	60	0.01	0.37
Ground-truth non-viral	0	19	68	0.01	0.39
Ground-truth non-viral	0	20	63	0.01	0.41
Ground-truth non-viral	0	21	46	0.01	0.43
Ground-truth non-viral	0	22	70	0.01	0.45
Ground-truth non-viral	0	23	49	0.01	0.47
Ground-truth non-viral	0	24	45	0.01	0.49
Ground-truth non-viral	0	25	56	0.01	0.51
Ground-truth non-viral	0	26	57	0.01	0.53
Ground-truth non-viral	0	27	56	0.01	0.55
Ground-truth non-viral	0	28	37	0.01	0.57
Ground-truth non-viral	0	29	43	0.01	0.59
Ground-truth non-viral	0	30	38	0.01	0.61
Ground-truth non-viral	0	31	46	0.01	0.63
Ground-truth non-viral	0	32	30	0.01	0.65
Ground-truth non-viral	0	33	38	0.01	0.67
Ground-truth non-viral	0	34	40	0.01	0.69
Ground-truth non-viral	0	35	39	0.01	0.71
Ground-truth non-viral	0	36	33	0.01	0.73
Ground-truth non-viral	0	37	34	0.01	0.75
Ground-truth non-viral	0	38	32	0.01	0.77
Ground-truth non-viral	0	39	39	0.01	0.79
Ground-truth non-viral	0	40	38	0.01	0.81
Ground-truth non-viral	0	41	29	0.01	0.83
Ground-truth non-viral	0	42	47	0.01	0.85
Ground-truth non-viral	0	43	21	0.01	0.87
Ground-truth non-viral	0	44	32	0.01	0.89
Ground-truth non-viral	0	45	44	0.01	0.91
Ground-truth non-viral	0	46	16	0.01	0.93
Ground-truth non-viral	0	47	78	0.01	0.95
Ground-truth non-viral	0	48	9	0.01	0.97
Ground-truth non-viral	0	49	125	0.01	0.99
Ground-truth non-viral	1	0	63774	0.03	0.01
Ground-truth non-viral	1	1	73	0.03	0.03
Ground-truth non-viral	1	2	1353	0.03	0.05
Ground-truth non-viral	1	3	85	0.03	0.07
Ground-truth non-viral	1	4	230	0.03	0.09
Ground-truth non-viral	1	5	137	0.03	0.11
Ground-truth non-viral	1	6	60	0.03	0.13
Ground-truth non-viral	1	7	117	0.03	0.15
Ground-truth non-viral	1	8	54	0.03	0.17
Ground-truth non-viral	1	9	59	0.03	0.19
Ground-truth non-viral	1	10	47	0.03	0.21
Ground-truth non-viral	1	11	41	0.03	0.23
Ground-truth non-viral	1	12	36	0.03	0.25
Ground-truth non-viral	1	13	23	0.03	0.27
Ground-truth non-viral	1	14	27	0.03	0.29
Ground-truth non-viral	1	15	41	0.03	0.31
Ground-truth non-viral	1	16	31	0.03	0.33
Ground-truth non-viral	1	17	30	0.03	0.35
Ground-truth non-viral	1	18	19	0.03	0.37
Ground-truth non-viral	1	19	22	0.03	0.39
Ground-truth non-viral	1	20	28	0.03	0.41
Ground-truth non-viral	1	21	35	0.03	0.43
Ground-truth non-viral	1	22	28	0.03	0.45
Ground-truth non-viral	1	23	26	0.03	0.47
Ground-truth non-viral	1	24	19	0.03	0.49
Ground-truth non-viral	1	25	26	0.03	0.51
Ground-truth non-viral	1	26	24	0.03	0.53
Ground-truth non-viral	1	27	30	0.03	0.55
Ground-truth non-viral	1	28	20	0.03	0.57
Ground-truth non-viral	1	29	17	0.03	0.59
Ground-truth non-viral	1	30	21	0.03	0.61
Ground-truth non-viral	1	31	16	0.03	0.63
Ground-truth non-viral	1	32	23	0.03	0.65
Ground-truth non-viral	1	33	17	0.03	0.67
Ground-truth non-viral	1	34	18	0.03	0.69
Ground-truth non-viral	1	35	23	0.03	0.71
Ground-truth non-viral	1	36	13	0.03	0.73
Ground-truth non-viral	1	37	19	0.03	0.75
Ground-truth non-viral	1	38	19	0.03	0.77
Ground-truth non-viral	1	39	18	0.03	0.79
Ground-truth non-viral	1	40	18	0.03	0.81
Ground-truth non-viral	1	41	15	0.03	0.83
Ground-truth non-viral	1	42	22	0.03	0.85
Ground-truth non-viral	1	43	12	0.03	0.87
Ground-truth non-viral	1	44	23	0.03	0.89
Ground-truth non-viral	1	45	28	0.03	0.91
Ground-truth non-viral	1	46	14	0.03	0.93
Ground-truth non-viral	1	47	48	0.03	0.95
Ground-truth non-viral	1	48	10	0.03	0.97
Ground-truth non-viral	1	49	92	0.03	0.99
Ground-truth non-viral	2	0	32152	0.05	0.01
Ground-truth non-viral	2	1	40	0.05	0.03
Ground-truth non-viral	2	2	831	0.05	0.05
Ground-truth non-viral	2	3	42	0.05	0.07
Ground-truth non-viral	2	4	153	0.05	0.09
Ground-truth non-viral	2	5	72	0.05	0.11
Ground-truth non-viral	2	6	51	0.05	0.13
Ground-truth non-viral	2	7	67	0.05	0.15
Ground-truth non-viral	2	8	36	0.05	0.17
Ground-truth non-viral	2	9	44	0.05	0.19
Ground-truth non-viral	2	10	31	0.05	0.21
Ground-truth non-viral	2	11	23	0.05	0.23
Ground-truth non-viral	2	12	31	0.05	0.25
Ground-truth non-viral	2	13	17	0.05	0.27
Ground-truth non-viral	2	14	18	0.05	0.29
Ground-truth non-viral	2	15	15	0.05	0.31
Ground-truth non-viral	2	16	17	0.05	0.33
Ground-truth non-viral	2	17	27	0.05	0.35
Ground-truth non-viral	2	18	16	0.05	0.37
Ground-truth non-viral	2	19	29	0.05	0.39
Ground-truth non-viral	2	20	13	0.05	0.41
Ground-truth non-viral	2	21	13	0.05	0.43
Ground-truth non-viral	2	22	26	0.05	0.45
Ground-truth non-viral	2	23	18	0.05	0.47
Ground-truth non-viral	2	24	14	0.05	0.49
Ground-truth non-viral	2	25	19	0.05	0.51
Ground-truth non-viral	2	26	17	0.05	0.53
Ground-truth non-viral	2	27	17	0.05	0.55
Ground-truth non-viral	2	28	7	0.05	0.57
Ground-truth non-viral	2	29	16	0.05	0.59
Ground-truth non-viral	2	30	11	0.05	0.61
Ground-truth non-viral	2	31	13	0.05	0.63
Ground-truth non-viral	2	32	24	0.05	0.65
Ground-truth non-viral	2	33	17	0.05	0.67
Ground-truth non-viral	2	34	15	0.05	0.69
Ground-truth non-viral	2	35	14	0.05	0.71
Ground-truth non-viral	2	36	14	0.05	0.73
Ground-truth non-viral	2	37	14	0.05	0.75
Ground-truth non-viral	2	38	14	0.05	0.77
Ground-truth non-viral	2	39	10	0.05	0.79
Ground-truth non-viral	2	40	12	0.05	0.81
Ground-truth non-viral	2	41	7	0.05	0.83
Ground-truth non-viral	2	42	13	0.05	0.85
Ground-truth non-viral	2	43	11	0.05	0.87
Ground-truth non-viral	2	44	16	0.05	0.89
Ground-truth non-viral	2	45	21	0.05	0.91
Ground-truth non-viral	2	46	5	0.05	0.93
Ground-truth non-viral	2	47	35	0.05	0.95
Ground-truth non-viral	2	48	7	0.05	0.97
Ground-truth non-viral	2	49	72	0.05	0.99
Ground-truth non-viral	3	0	19043	0.07	0.01
Ground-truth non-viral	3	1	38	0.07	0.03
Ground-truth non-viral	3	2	571	0.07	0.05
Ground-truth non-viral	3	3	33	0.07	0.07
Ground-truth non-viral	3	4	117	0.07	0.09
Ground-truth non-viral	3	5	81	0.07	0.11
Ground-truth non-viral	3	6	38	0.07	0.13
Ground-truth non-viral	3	7	70	0.07	0.15
Ground-truth non-viral	3	8	40	0.07	0.17
Ground-truth non-viral	3	9	36	0.07	0.19
Ground-truth non-viral	3	10	25	0.07	0.21
Ground-truth non-viral	3	11	23	0.07	0.23
Ground-truth non-viral	3	12	30	0.07	0.25
Ground-truth non-viral	3	13	15	0.07	0.27
Ground-truth non-viral	3	14	17	0.07	0.29
Ground-truth non-viral	3	15	27	0.07	0.31
Ground-truth non-viral	3	16	12	0.07	0.33
Ground-truth non-viral	3	17	19	0.07	0.35
Ground-truth non-viral	3	18	20	0.07	0.37
Ground-truth non-viral	3	19	12	0.07	0.39
Ground-truth non-viral	3	20	22	0.07	0.41
Ground-truth non-viral	3	21	14	0.07	0.43
Ground-truth non-viral	3	22	19	0.07	0.45
Ground-truth non-viral	3	23	17	0.07	0.47
Ground-truth non-viral	3	24	17	0.07	0.49
Ground-truth non-viral	3	25	11	0.07	0.51
Ground-truth non-viral	3	26	10	0.07	0.53
Ground-truth non-viral	3	27	14	0.07	0.55
Ground-truth non-viral	3	28	18	0.07	0.57
Ground-truth non-viral	3	29	14	0.07	0.59
Ground-truth non-viral	3	30	16	0.07	0.61
Ground-truth non-viral	3	31	12	0.07	0.63
Ground-truth non-viral	3	32	19	0.07	0.65
Ground-truth non-viral	3	33	9	0.07	0.67
Ground-truth non-viral	3	34	10	0.07	0.69
Ground-truth non-viral	3	35	14	0.07	0.71
Ground-truth non-viral	3	36	11	0.07	0.73
Ground-truth non-viral	3	37	11	0.07	0.75
Ground-truth non-viral	3	38	11	0.07	0.77
Ground-truth non-viral	3	39	10	0.07	0.79
Ground-truth non-viral	3	40	24	0.07	0.81
Ground-truth non-viral	3	41	10	0.07	0.83
Ground-truth non-viral	3	42	11	0.07	0.85
Ground-truth non-viral	3	43	10	0.07	0.87
Ground-truth non-viral	3	44	12	0.07	0.89
Ground-truth non-viral	3	45	21	0.07	0.91
Ground-truth non-viral	3	46	5	0.07	0.93
Ground-truth non-viral	3	47	37	0.07	0.95
Ground-truth non-viral	3	48	2	0.07	0.97
Ground-truth non-viral	3	49	72	0.07	0.99
Ground-truth non-viral	4	0	13411	0.09	0.01
Ground-truth non-viral	4	1	18	0.09	0.03
Ground-truth non-viral	4	2	405	0.09	0.05
Ground-truth non-viral	4	3	24	0.09	0.07
Ground-truth non-viral	4	4	91	0.09	0.09
Ground-truth non-viral	4	5	62	0.09	0.11
Ground-truth non-viral	4	6	25	0.09	0.13
Ground-truth non-viral	4	7	38	0.09	0.15
Ground-truth non-viral	4	8	12	0.09	0.17
Ground-truth non-viral	4	9	29	0.09	0.19
Ground-truth non-viral	4	10	27	0.09	0.21
Ground-truth non-viral	4	11	14	0.09	0.23
Ground-truth non-viral	4	12	13	0.09	0.25
Ground-truth non-viral	4	13	12	0.09	0.27
Ground-truth non-viral	4	14	17	0.09	0.29
Ground-truth non-viral	4	15	13	0.09	0.31
Ground-truth non-viral	4	16	9	0.09	0.33
Ground-truth non-viral	4	17	12	0.09	0.35
Ground-truth non-viral	4	18	9	0.09	0.37
Ground-truth non-viral	4	19	10	0.09	0.39
Ground-truth non-viral	4	20	6	0.09	0.41
Ground-truth non-viral	4	21	11	0.09	0.43
Ground-truth non-viral	4	22	8	0.09	0.45
Ground-truth non-viral	4	23	11	0.09	0.47
Ground-truth non-viral	4	24	9	0.09	0.49
Ground-truth non-viral	4	25	13	0.09	0.51
Ground-truth non-viral	4	26	10	0.09	0.53
Ground-truth non-viral	4	27	11	0.09	0.55
Ground-truth non-viral	4	28	5	0.09	0.57
Ground-truth non-viral	4	29	10	0.09	0.59
Ground-truth non-viral	4	30	13	0.09	0.61
Ground-truth non-viral	4	31	4	0.09	0.63
Ground-truth non-viral	4	32	8	0.09	0.65
Ground-truth non-viral	4	33	11	0.09	0.67
Ground-truth non-viral	4	34	12	0.09	0.69
Ground-truth non-viral	4	35	10	0.09	0.71
Ground-truth non-viral	4	36	6	0.09	0.73
Ground-truth non-viral	4	37	8	0.09	0.75
Ground-truth non-viral	4	38	7	0.09	0.77
Ground-truth non-viral	4	39	8	0.09	0.79
Ground-truth non-viral	4	40	9	0.09	0.81
Ground-truth non-viral	4	41	4	0.09	0.83
Ground-truth non-viral	4	42	7	0.09	0.85
Ground-truth non-viral	4	43	6	0.09	0.87
Ground-truth non-viral	4	44	3	0.09	0.89
Ground-truth non-viral	4	45	14	0.09	0.91
Ground-truth non-viral	4	46	6	0.09	0.93
Ground-truth non-viral	4	47	28	0.09	0.95
Ground-truth non-viral	4	48	3	0.09	0.97
Ground-truth non-viral	4	49	55	0.09	0.99
Ground-truth non-viral	5	0	10200	0.11	0.01
Ground-truth non-viral	5	1	11	0.11	0.03
Ground-truth non-viral	5	2	301	0.11	0.05
Ground-truth non-viral	5	3	18	0.11	0.07
Ground-truth non-viral	5	4	65	0.11	0.09
Ground-truth non-viral	5	5	59	0.11	0.11
Ground-truth non-viral	5	6	21	0.11	0.13
Ground-truth non-viral	5	7	43	0.11	0.15
Ground-truth non-viral	5	8	20	0.11	0.17
Ground-truth non-viral	5	9	22	0.11	0.19
Ground-truth non-viral	5	10	16	0.11	0.21
Ground-truth non-viral	5	11	21	0.11	0.23
Ground-truth non-viral	5	12	17	0.11	0.25
Ground-truth non-viral	5	13	15	0.11	0.27
Ground-truth non-viral	5	14	15	0.11	0.29
Ground-truth non-viral	5	15	11	0.11	0.31
Ground-truth non-viral	5	16	9	0.11	0.33
Ground-truth non-viral	5	17	9	0.11	0.35
Ground-truth non-viral	5	18	10	0.11	0.37
Ground-truth non-viral	5	19	17	0.11	0.39
Ground-truth non-viral	5	20	13	0.11	0.41
Ground-truth non-viral	5	21	8	0.11	0.43
Ground-truth non-viral	5	22	13	0.11	0.45
Ground-truth non-viral	5	23	10	0.11	0.47
Ground-truth non-viral	5	24	8	0.11	0.49
Ground-truth non-viral	5	25	7	0.11	0.51
Ground-truth non-viral	5	26	6	0.11	0.53
Ground-truth non-viral	5	27	8	0.11	0.55
Ground-truth non-viral	5	28	2	0.11	0.57
Ground-truth non-viral	5	29	3	0.11	0.59
Ground-truth non-viral	5	30	4	0.11	0.61
Ground-truth non-viral	5	31	7	0.11	0.63
Ground-truth non-viral	5	32	6	0.11	0.65
Ground-truth non-viral	5	33	10	0.11	0.67
Ground-truth non-viral	5	34	6	0.11	0.69
Ground-truth non-viral	5	35	11	0.11	0.71
Ground-truth non-viral	5	36	7	0.11	0.73
Ground-truth non-viral	5	37	7	0.11	0.75
Ground-truth non-viral	5	38	8	0.11	0.77
Ground-truth non-viral	5	39	4	0.11	0.79
Ground-truth non-viral	5	40	1	0.11	0.81
Ground-truth non-viral	5	41	8	0.11	0.83
Ground-truth non-viral	5	42	10	0.11	0.85
Ground-truth non-viral	5	43	8	0.11	0.87
Ground-truth non-viral	5	44	8	0.11	0.89
Ground-truth non-viral	5	45	14	0.11	0.91
Ground-truth non-viral	5	46	6	0.11	0.93
Ground-truth non-viral	5	47	10	0.11	0.95
Ground-truth non-viral	5	48	1	0.11	0.97
Ground-truth non-viral	5	49	42	0.11	0.99
Ground-truth non-viral	6	0	8235	0.13	0.01
Ground-truth non-viral	6	1	14	0.13	0.03
Ground-truth non-viral	6	2	288	0.13	0.05
Ground-truth non-viral	6	3	20	0.13	0.07
Ground-truth non-viral	6	4	48	0.13	0.09
Ground-truth non-viral	6	5	38	0.13	0.11
Ground-truth non-viral	6	6	18	0.13	0.13
Ground-truth non-viral	6	7	25	0.13	0.15
Ground-truth non-viral	6	8	11	0.13	0.17
Ground-truth non-viral	6	9	14	0.13	0.19
Ground-truth non-viral	6	10	10	0.13	0.21
Ground-truth non-viral	6	11	10	0.13	0.23
Ground-truth non-viral	6	12	17	0.13	0.25
Ground-truth non-viral	6	13	6	0.13	0.27
Ground-truth non-viral	6	14	6	0.13	0.29
Ground-truth non-viral	6	15	12	0.13	0.31
Ground-truth non-viral	6	16	10	0.13	0.33
Ground-truth non-viral	6	17	9	0.13	0.35
Ground-truth non-viral	6	18	7	0.13	0.37
Ground-truth non-viral	6	19	8	0.13	0.39
Ground-truth non-viral	6	20	6	0.13	0.41
Ground-truth non-viral	6	21	7	0.13	0.43
Ground-truth non-viral	6	22	10	0.13	0.45
Ground-truth non-viral	6	23	6	0.13	0.47
Ground-truth non-viral	6	24	9	0.13	0.49
Ground-truth non-viral	6	25	6	0.13	0.51
Ground-truth non-viral	6	26	3	0.13	0.53
Ground-truth non-viral	6	27	10	0.13	0.55
Ground-truth non-viral	6	28	11	0.13	0.57
Ground-truth non-viral	6	29	5	0.13	0.59
Ground-truth non-viral	6	30	8	0.13	0.61
Ground-truth non-viral	6	31	13	0.13	0.63
Ground-truth non-viral	6	32	11	0.13	0.65
Ground-truth non-viral	6	33	5	0.13	0.67
Ground-truth non-viral	6	34	14	0.13	0.69
Ground-truth non-viral	6	35	11	0.13	0.71
Ground-truth non-viral	6	36	8	0.13	0.73
Ground-truth non-viral	6	37	7	0.13	0.75
Ground-truth non-viral	6	38	4	0.13	0.77
Ground-truth non-viral	6	39	5	0.13	0.79
Ground-truth non-viral	6	40	9	0.13	0.81
Ground-truth non-viral	6	41	10	0.13	0.83
Ground-truth non-viral	6	42	7	0.13	0.85
Ground-truth non-viral	6	43	7	0.13	0.87
Ground-truth non-viral	6	44	7	0.13	0.89
Ground-truth non-viral	6	45	10	0.13	0.91
Ground-truth non-viral	6	46	3	0.13	0.93
Ground-truth non-viral	6	47	21	0.13	0.95
Ground-truth non-viral	6	48	3	0.13	0.97
Ground-truth non-viral	6	49	42	0.13	0.99
Ground-truth non-viral	7	0	6630	0.15	0.01
Ground-truth non-viral	7	1	14	0.15	0.03
Ground-truth non-viral	7	2	229	0.15	0.05
Ground-truth non-viral	7	3	19	0.15	0.07
Ground-truth non-viral	7	4	37	0.15	0.09
Ground-truth non-viral	7	5	22	0.15	0.11
Ground-truth non-viral	7	6	25	0.15	0.13
Ground-truth non-viral	7	7	22	0.15	0.15
Ground-truth non-viral	7	8	18	0.15	0.17
Ground-truth non-viral	7	9	15	0.15	0.19
Ground-truth non-viral	7	10	12	0.15	0.21
Ground-truth non-viral	7	11	13	0.15	0.23
Ground-truth non-viral	7	12	11	0.15	0.25
Ground-truth non-viral	7	13	9	0.15	0.27
Ground-truth non-viral	7	14	12	0.15	0.29
Ground-truth non-viral	7	15	1	0.15	0.31
Ground-truth non-viral	7	16	4	0.15	0.33
Ground-truth non-viral	7	17	9	0.15	0.35
Ground-truth non-viral	7	18	5	0.15	0.37
Ground-truth non-viral	7	19	11	0.15	0.39
Ground-truth non-viral	7	20	8	0.15	0.41
Ground-truth non-viral	7	21	7	0.15	0.43
Ground-truth non-viral	7	22	5	0.15	0.45
Ground-truth non-viral	7	23	5	0.15	0.47
Ground-truth non-viral	7	24	5	0.15	0.49
Ground-truth non-viral	7	25	4	0.15	0.51
Ground-truth non-viral	7	26	1	0.15	0.53
Ground-truth non-viral	7	27	11	0.15	0.55
Ground-truth non-viral	7	28	2	0.15	0.57
Ground-truth non-viral	7	29	6	0.15	0.59
Ground-truth non-viral	7	30	4	0.15	0.61
Ground-truth non-viral	7	31	3	0.15	0.63
Ground-truth non-viral	7	32	4	0.15	0.65
Ground-truth non-viral	7	33	8	0.15	0.67
Ground-truth non-viral	7	34	10	0.15	0.69
Ground-truth non-viral	7	35	9	0.15	0.71
Ground-truth non-viral	7	36	3	0.15	0.73
Ground-truth non-viral	7	37	7	0.15	0.75
Ground-truth non-viral	7	38	7	0.15	0.77
Ground-truth non-viral	7	39	4	0.15	0.79
Ground-truth non-viral	7	40	3	0.15	0.81
Ground-truth non-viral	7	41	5	0.15	0.83
Ground-truth non-viral	7	42	10	0.15	0.85
Ground-truth non-viral	7	43	5	0.15	0.87
Ground-truth non-viral	7	44	5	0.15	0.89
Ground-truth non-viral	7	45	15	0.15	0.91
Ground-truth non-viral	7	46	6	0.15	0.93
Ground-truth non-viral	7	47	18	0.15	0.95
Ground-truth non-viral	7	48	6	0.15	0.97
Ground-truth non-viral	7	49	37	0.15	0.99
Ground-truth non-viral	8	0	5736	0.17	0.01
Ground-truth non-viral	8	1	17	0.17	0.03
Ground-truth non-viral	8	2	212	0.17	0.05
Ground-truth non-viral	8	3	13	0.17	0.07
Ground-truth non-viral	8	4	44	0.17	0.09
Ground-truth non-viral	8	5	24	0.17	0.11
Ground-truth non-viral	8	6	16	0.17	0.13
Ground-truth non-viral	8	7	19	0.17	0.15
Ground-truth non-viral	8	8	14	0.17	0.17
Ground-truth non-viral	8	9	17	0.17	0.19
Ground-truth non-viral	8	10	10	0.17	0.21
Ground-truth non-viral	8	11	10	0.17	0.23
Ground-truth non-viral	8	12	10	0.17	0.25
Ground-truth non-viral	8	13	6	0.17	0.27
Ground-truth non-viral	8	14	3	0.17	0.29
Ground-truth non-viral	8	15	9	0.17	0.31
Ground-truth non-viral	8	16	6	0.17	0.33
Ground-truth non-viral	8	17	8	0.17	0.35
Ground-truth non-viral	8	18	10	0.17	0.37
Ground-truth non-viral	8	19	11	0.17	0.39
Ground-truth non-viral	8	20	7	0.17	0.41
Ground-truth non-viral	8	21	7	0.17	0.43
Ground-truth non-viral	8	22	7	0.17	0.45
Ground-truth non-viral	8	23	11	0.17	0.47
Ground-truth non-viral	8	24	16	0.17	0.49
Ground-truth non-viral	8	25	7	0.17	0.51
Ground-truth non-viral	8	26	4	0.17	0.53
Ground-truth non-viral	8	27	10	0.17	0.55
Ground-truth non-viral	8	28	10	0.17	0.57
Ground-truth non-viral	8	29	3	0.17	0.59
Ground-truth non-viral	8	30	7	0.17	0.61
Ground-truth non-viral	8	31	16	0.17	0.63
Ground-truth non-viral	8	32	5	0.17	0.65
Ground-truth non-viral	8	33	1	0.17	0.67
Ground-truth non-viral	8	34	12	0.17	0.69
Ground-truth non-viral	8	35	3	0.17	0.71
Ground-truth non-viral	8	36	5	0.17	0.73
Ground-truth non-viral	8	37	9	0.17	0.75
Ground-truth non-viral	8	38	6	0.17	0.77
Ground-truth non-viral	8	39	13	0.17	0.79
Ground-truth non-viral	8	40	4	0.17	0.81
Ground-truth non-viral	8	41	4	0.17	0.83
Ground-truth non-viral	8	42	7	0.17	0.85
Ground-truth non-viral	8	43	5	0.17	0.87
Ground-truth non-viral	8	44	7	0.17	0.89
Ground-truth non-viral	8	45	5	0.17	0.91
Ground-truth non-viral	8	46	1	0.17	0.93
Ground-truth non-viral	8	47	15	0.17	0.95
Ground-truth non-viral	8	48	4	0.17	0.97
Ground-truth non-viral	8	49	44	0.17	0.99
Ground-truth non-viral	9	0	4822	0.19	0.01
Ground-truth non-viral	9	1	8	0.19	0.03
Ground-truth non-viral	9	2	183	0.19	0.05
Ground-truth non-viral	9	3	19	0.19	0.07
Ground-truth non-viral	9	4	34	0.19	0.09
Ground-truth non-viral	9	5	17	0.19	0.11
Ground-truth non-viral	9	6	11	0.19	0.13
Ground-truth non-viral	9	7	29	0.19	0.15
Ground-truth non-viral	9	8	17	0.19	0.17
Ground-truth non-viral	9	9	13	0.19	0.19
Ground-truth non-viral	9	10	16	0.19	0.21
Ground-truth non-viral	9	11	9	0.19	0.23
Ground-truth non-viral	9	12	7	0.19	0.25
Ground-truth non-viral	9	13	6	0.19	0.27
Ground-truth non-viral	9	14	8	0.19	0.29
Ground-truth non-viral	9	15	5	0.19	0.31
Ground-truth non-viral	9	16	6	0.19	0.33
Ground-truth non-viral	9	17	9	0.19	0.35
Ground-truth non-viral	9	18	5	0.19	0.37
Ground-truth non-viral	9	19	3	0.19	0.39
Ground-truth non-viral	9	20	8	0.19	0.41
Ground-truth non-viral	9	21	9	0.19	0.43
Ground-truth non-viral	9	22	1	0.19	0.45
Ground-truth non-viral	9	23	6	0.19	0.47
Ground-truth non-viral	9	24	4	0.19	0.49
Ground-truth non-viral	9	25	4	0.19	0.51
Ground-truth non-viral	9	26	2	0.19	0.53
Ground-truth non-viral	9	27	6	0.19	0.55
Ground-truth non-viral	9	28	4	0.19	0.57
Ground-truth non-viral	9	29	7	0.19	0.59
Ground-truth non-viral	9	30	6	0.19	0.61
Ground-truth non-viral	9	31	4	0.19	0.63
Ground-truth non-viral	9	32	3	0.19	0.65
Ground-truth non-viral	9	33	5	0.19	0.67
Ground-truth non-viral	9	34	4	0.19	0.69
Ground-truth non-viral	9	35	5	0.19	0.71
Ground-truth non-viral	9	36	5	0.19	0.73
Ground-truth non-viral	9	37	5	0.19	0.75
Ground-truth non-viral	9	38	5	0.19	0.77
Ground-truth non-viral	9	39	8	0.19	0.79
Ground-truth non-viral	9	40	2	0.19	0.81
Ground-truth non-viral	9	41	2	0.19	0.83
Ground-truth non-viral	9	42	5	0.19	0.85
Ground-truth non-viral	9	43	3	0.19	0.87
Ground-truth non-viral	9	44	8	0.19	0.89
Ground-truth non-viral	9	45	7	0.19	0.91
Ground-truth non-viral	9	47	18	0.19	0.95
Ground-truth non-viral	9	48	2	0.19	0.97
Ground-truth non-viral	9	49	32	0.19	0.99
Ground-truth non-viral	10	0	4191	0.21	0.01
Ground-truth non-viral	10	1	6	0.21	0.03
Ground-truth non-viral	10	2	141	0.21	0.05
Ground-truth non-viral	10	3	10	0.21	0.07
Ground-truth non-viral	10	4	36	0.21	0.09
Ground-truth non-viral	10	5	14	0.21	0.11
Ground-truth non-viral	10	6	18	0.21	0.13
Ground-truth non-viral	10	7	22	0.21	0.15
Ground-truth non-viral	10	8	17	0.21	0.17
Ground-truth non-viral	10	9	16	0.21	0.19
Ground-truth non-viral	10	10	14	0.21	0.21
Ground-truth non-viral	10	11	12	0.21	0.23
Ground-truth non-viral	10	12	17	0.21	0.25
Ground-truth non-viral	10	13	5	0.21	0.27
Ground-truth non-viral	10	14	12	0.21	0.29
Ground-truth non-viral	10	15	6	0.21	0.31
Ground-truth non-viral	10	16	12	0.21	0.33
Ground-truth non-viral	10	17	4	0.21	0.35
Ground-truth non-viral	10	18	7	0.21	0.37
Ground-truth non-viral	10	19	8	0.21	0.39
Ground-truth non-viral	10	20	7	0.21	0.41
Ground-truth non-viral	10	21	5	0.21	0.43
Ground-truth non-viral	10	22	6	0.21	0.45
Ground-truth non-viral	10	23	9	0.21	0.47
Ground-truth non-viral	10	24	6	0.21	0.49
Ground-truth non-viral	10	25	4	0.21	0.51
Ground-truth non-viral	10	26	5	0.21	0.53
Ground-truth non-viral	10	27	7	0.21	0.55
Ground-truth non-viral	10	28	8	0.21	0.57
Ground-truth non-viral	10	29	8	0.21	0.59
Ground-truth non-viral	10	30	9	0.21	0.61
Ground-truth non-viral	10	31	3	0.21	0.63
Ground-truth non-viral	10	32	6	0.21	0.65
Ground-truth non-viral	10	33	5	0.21	0.67
Ground-truth non-viral	10	34	8	0.21	0.69
Ground-truth non-viral	10	35	3	0.21	0.71
Ground-truth non-viral	10	36	9	0.21	0.73
Ground-truth non-viral	10	37	5	0.21	0.75
Ground-truth non-viral	10	38	3	0.21	0.77
Ground-truth non-viral	10	39	7	0.21	0.79
Ground-truth non-viral	10	40	7	0.21	0.81
Ground-truth non-viral	10	41	4	0.21	0.83
Ground-truth non-viral	10	42	7	0.21	0.85
Ground-truth non-viral	10	43	2	0.21	0.87
Ground-truth non-viral	10	44	4	0.21	0.89
Ground-truth non-viral	10	45	11	0.21	0.91
Ground-truth non-viral	10	46	4	0.21	0.93
Ground-truth non-viral	10	47	17	0.21	0.95
Ground-truth non-viral	10	49	41	0.21	0.99
Ground-truth non-viral	11	0	3823	0.23	0.01
Ground-truth non-viral	11	1	5	0.23	0.03
Ground-truth non-viral	11	2	138	0.23	0.05
Ground-truth non-viral	11	3	10	0.23	0.07
Ground-truth non-viral	11	4	37	0.23	0.09
Ground-truth non-viral	11	5	30	0.23	0.11
Ground-truth non-viral	11	6	19	0.23	0.13
Ground-truth non-viral	11	7	17	0.23	0.15
Ground-truth non-viral	11	8	9	0.23	0.17
Ground-truth non-viral	11	9	9	0.23	0.19
Ground-truth non-viral	11	10	7	0.23	0.21
Ground-truth non-viral	11	11	6	0.23	0.23
Ground-truth non-viral	11	12	11	0.23	0.25
Ground-truth non-viral	11	13	7	0.23	0.27
Ground-truth non-viral	11	14	15	0.23	0.29
Ground-truth non-viral	11	15	14	0.23	0.31
Ground-truth non-viral	11	16	9	0.23	0.33
Ground-truth non-viral	11	17	9	0.23	0.35
Ground-truth non-viral	11	18	2	0.23	0.37
Ground-truth non-viral	11	20	8	0.23	0.41
Ground-truth non-viral	11	22	8	0.23	0.45
Ground-truth non-viral	11	23	6	0.23	0.47
Ground-truth non-viral	11	24	3	0.23	0.49
Ground-truth non-viral	11	25	5	0.23	0.51
Ground-truth non-viral	11	26	4	0.23	0.53
Ground-truth non-viral	11	27	8	0.23	0.55
Ground-truth non-viral	11	28	8	0.23	0.57
Ground-truth non-viral	11	29	6	0.23	0.59
Ground-truth non-viral	11	30	2	0.23	0.61
Ground-truth non-viral	11	31	9	0.23	0.63
Ground-truth non-viral	11	32	5	0.23	0.65
Ground-truth non-viral	11	33	3	0.23	0.67
Ground-truth non-viral	11	34	2	0.23	0.69
Ground-truth non-viral	11	35	5	0.23	0.71
Ground-truth non-viral	11	36	2	0.23	0.73
Ground-truth non-viral	11	37	6	0.23	0.75
Ground-truth non-viral	11	38	6	0.23	0.77
Ground-truth non-viral	11	39	8	0.23	0.79
Ground-truth non-viral	11	40	6	0.23	0.81
Ground-truth non-viral	11	41	4	0.23	0.83
Ground-truth non-viral	11	42	5	0.23	0.85
Ground-truth non-viral	11	43	7	0.23	0.87
Ground-truth non-viral	11	44	5	0.23	0.89
Ground-truth non-viral	11	45	9	0.23	0.91
Ground-truth non-viral	11	46	3	0.23	0.93
Ground-truth non-viral	11	47	16	0.23	0.95
Ground-truth non-viral	11	49	42	0.23	0.99
Ground-truth non-viral	12	0	2999	0.25	0.01
Ground-truth non-viral	12	1	10	0.25	0.03
Ground-truth non-viral	12	2	128	0.25	0.05
Ground-truth non-viral	12	3	10	0.25	0.07
Ground-truth non-viral	12	4	29	0.25	0.09
Ground-truth non-viral	12	5	14	0.25	0.11
Ground-truth non-viral	12	6	11	0.25	0.13
Ground-truth non-viral	12	7	17	0.25	0.15
Ground-truth non-viral	12	8	7	0.25	0.17
Ground-truth non-viral	12	9	8	0.25	0.19
Ground-truth non-viral	12	10	11	0.25	0.21
Ground-truth non-viral	12	11	7	0.25	0.23
Ground-truth non-viral	12	12	8	0.25	0.25
Ground-truth non-viral	12	13	7	0.25	0.27
Ground-truth non-viral	12	14	5	0.25	0.29
Ground-truth non-viral	12	15	3	0.25	0.31
Ground-truth non-viral	12	16	7	0.25	0.33
Ground-truth non-viral	12	17	7	0.25	0.35
Ground-truth non-viral	12	18	10	0.25	0.37
Ground-truth non-viral	12	19	7	0.25	0.39
Ground-truth non-viral	12	20	7	0.25	0.41
Ground-truth non-viral	12	21	5	0.25	0.43
Ground-truth non-viral	12	22	4	0.25	0.45
Ground-truth non-viral	12	23	5	0.25	0.47
Ground-truth non-viral	12	24	1	0.25	0.49
Ground-truth non-viral	12	25	5	0.25	0.51
Ground-truth non-viral	12	26	5	0.25	0.53
Ground-truth non-viral	12	27	6	0.25	0.55
Ground-truth non-viral	12	28	8	0.25	0.57
Ground-truth non-viral	12	29	4	0.25	0.59
Ground-truth non-viral	12	30	1	0.25	0.61
Ground-truth non-viral	12	31	3	0.25	0.63
Ground-truth non-viral	12	32	4	0.25	0.65
Ground-truth non-viral	12	33	3	0.25	0.67
Ground-truth non-viral	12	34	3	0.25	0.69
Ground-truth non-viral	12	35	8	0.25	0.71
Ground-truth non-viral	12	36	1	0.25	0.73
Ground-truth non-viral	12	37	9	0.25	0.75
Ground-truth non-viral	12	38	1	0.25	0.77
Ground-truth non-viral	12	39	2	0.25	0.79
Ground-truth non-viral	12	40	2	0.25	0.81
Ground-truth non-viral	12	41	2	0.25	0.83
Ground-truth non-viral	12	42	4	0.25	0.85
Ground-truth non-viral	12	43	5	0.25	0.87
Ground-truth non-viral	12	44	7	0.25	0.89
Ground-truth non-viral	12	45	4	0.25	0.91
Ground-truth non-viral	12	46	1	0.25	0.93
Ground-truth non-viral	12	47	8	0.25	0.95
Ground-truth non-viral	12	48	1	0.25	0.97
Ground-truth non-viral	12	49	31	0.25	0.99
Ground-truth non-viral	13	0	2852	0.27	0.01
Ground-truth non-viral	13	1	1	0.27	0.03
Ground-truth non-viral	13	2	107	0.27	0.05
Ground-truth non-viral	13	3	4	0.27	0.07
Ground-truth non-viral	13	4	30	0.27	0.09
Ground-truth non-viral	13	5	19	0.27	0.11
Ground-truth non-viral	13	6	5	0.27	0.13
Ground-truth non-viral	13	7	13	0.27	0.15
Ground-truth non-viral	13	8	9	0.27	0.17
Ground-truth non-viral	13	9	12	0.27	0.19
Ground-truth non-viral	13	10	2	0.27	0.21
Ground-truth non-viral	13	11	7	0.27	0.23
Ground-truth non-viral	13	12	7	0.27	0.25
Ground-truth non-viral	13	13	10	0.27	0.27
Ground-truth non-viral	13	14	7	0.27	0.29
Ground-truth non-viral	13	15	6	0.27	0.31
Ground-truth non-viral	13	16	3	0.27	0.33
Ground-truth non-viral	13	17	5	0.27	0.35
Ground-truth non-viral	13	18	6	0.27	0.37
Ground-truth non-viral	13	19	4	0.27	0.39
Ground-truth non-viral	13	20	2	0.27	0.41
Ground-truth non-viral	13	21	1	0.27	0.43
Ground-truth non-viral	13	22	3	0.27	0.45
Ground-truth non-viral	13	23	2	0.27	0.47
Ground-truth non-viral	13	24	4	0.27	0.49
Ground-truth non-viral	13	25	4	0.27	0.51
Ground-truth non-viral	13	26	3	0.27	0.53
Ground-truth non-viral	13	27	4	0.27	0.55
Ground-truth non-viral	13	28	4	0.27	0.57
Ground-truth non-viral	13	29	2	0.27	0.59
Ground-truth non-viral	13	30	6	0.27	0.61
Ground-truth non-viral	13	31	1	0.27	0.63
Ground-truth non-viral	13	33	3	0.27	0.67
Ground-truth non-viral	13	34	7	0.27	0.69
Ground-truth non-viral	13	35	5	0.27	0.71
Ground-truth non-viral	13	36	6	0.27	0.73
Ground-truth non-viral	13	37	3	0.27	0.75
Ground-truth non-viral	13	38	7	0.27	0.77
Ground-truth non-viral	13	39	3	0.27	0.79
Ground-truth non-viral	13	40	9	0.27	0.81
Ground-truth non-viral	13	41	1	0.27	0.83
Ground-truth non-viral	13	42	4	0.27	0.85
Ground-truth non-viral	13	43	4	0.27	0.87
Ground-truth non-viral	13	44	7	0.27	0.89
Ground-truth non-viral	13	45	7	0.27	0.91
Ground-truth non-viral	13	46	3	0.27	0.93
Ground-truth non-viral	13	47	13	0.27	0.95
Ground-truth non-viral	13	49	29	0.27	0.99
Ground-truth non-viral	14	0	2419	0.29	0.01
Ground-truth non-viral	14	1	5	0.29	0.03
Ground-truth non-viral	14	2	96	0.29	0.05
Ground-truth non-viral	14	3	5	0.29	0.07
Ground-truth non-viral	14	4	34	0.29	0.09
Ground-truth non-viral	14	5	12	0.29	0.11
Ground-truth non-viral	14	6	10	0.29	0.13
Ground-truth non-viral	14	7	14	0.29	0.15
Ground-truth non-viral	14	8	11	0.29	0.17
Ground-truth non-viral	14	9	7	0.29	0.19
Ground-truth non-viral	14	10	14	0.29	0.21
Ground-truth non-viral	14	11	4	0.29	0.23
Ground-truth non-viral	14	12	6	0.29	0.25
Ground-truth non-viral	14	13	2	0.29	0.27
Ground-truth non-viral	14	14	13	0.29	0.29
Ground-truth non-viral	14	15	5	0.29	0.31
Ground-truth non-viral	14	16	5	0.29	0.33
Ground-truth non-viral	14	17	6	0.29	0.35
Ground-truth non-viral	14	18	8	0.29	0.37
Ground-truth non-viral	14	19	3	0.29	0.39
Ground-truth non-viral	14	20	4	0.29	0.41
Ground-truth non-viral	14	21	7	0.29	0.43
Ground-truth non-viral	14	22	6	0.29	0.45
Ground-truth non-viral	14	23	3	0.29	0.47
Ground-truth non-viral	14	24	5	0.29	0.49
Ground-truth non-viral	14	25	7	0.29	0.51
Ground-truth non-viral	14	26	8	0.29	0.53
Ground-truth non-viral	14	27	6	0.29	0.55
Ground-truth non-viral	14	28	5	0.29	0.57
Ground-truth non-viral	14	29	3	0.29	0.59
Ground-truth non-viral	14	30	2	0.29	0.61
Ground-truth non-viral	14	31	2	0.29	0.63
Ground-truth non-viral	14	32	5	0.29	0.65
Ground-truth non-viral	14	33	8	0.29	0.67
Ground-truth non-viral	14	34	4	0.29	0.69
Ground-truth non-viral	14	35	3	0.29	0.71
Ground-truth non-viral	14	36	2	0.29	0.73
Ground-truth non-viral	14	37	7	0.29	0.75
Ground-truth non-viral	14	38	5	0.29	0.77
Ground-truth non-viral	14	39	1	0.29	0.79
Ground-truth non-viral	14	40	3	0.29	0.81
Ground-truth non-viral	14	41	3	0.29	0.83
Ground-truth non-viral	14	42	9	0.29	0.85
Ground-truth non-viral	14	43	4	0.29	0.87
Ground-truth non-viral	14	44	6	0.29	0.89
Ground-truth non-viral	14	45	11	0.29	0.91
Ground-truth non-viral	14	46	8	0.29	0.93
Ground-truth non-viral	14	47	11	0.29	0.95
Ground-truth non-viral	14	48	1	0.29	0.97
Ground-truth non-viral	14	49	35	0.29	0.99
Ground-truth non-viral	15	0	2445	0.31	0.01
Ground-truth non-viral	15	1	3	0.31	0.03
Ground-truth non-viral	15	2	110	0.31	0.05
Ground-truth non-viral	15	3	12	0.31	0.07
Ground-truth non-viral	15	4	29	0.31	0.09
Ground-truth non-viral	15	5	14	0.31	0.11
Ground-truth non-viral	15	6	10	0.31	0.13
Ground-truth non-viral	15	7	15	0.31	0.15
Ground-truth non-viral	15	8	1	0.31	0.17
Ground-truth non-viral	15	9	3	0.31	0.19
Ground-truth non-viral	15	10	9	0.31	0.21
Ground-truth non-viral	15	11	10	0.31	0.23
Ground-truth non-viral	15	12	6	0.31	0.25
Ground-truth non-viral	15	13	2	0.31	0.27
Ground-truth non-viral	15	14	4	0.31	0.29
Ground-truth non-viral	15	15	8	0.31	0.31
Ground-truth non-viral	15	16	5	0.31	0.33
Ground-truth non-viral	15	17	6	0.31	0.35
Ground-truth non-viral	15	18	4	0.31	0.37
Ground-truth non-viral	15	19	4	0.31	0.39
Ground-truth non-viral	15	20	4	0.31	0.41
Ground-truth non-viral	15	21	3	0.31	0.43
Ground-truth non-viral	15	22	3	0.31	0.45
Ground-truth non-viral	15	23	4	0.31	0.47
Ground-truth non-viral	15	24	4	0.31	0.49
Ground-truth non-viral	15	25	2	0.31	0.51
Ground-truth non-viral	15	26	4	0.31	0.53
Ground-truth non-viral	15	27	1	0.31	0.55
Ground-truth non-viral	15	28	5	0.31	0.57
Ground-truth non-viral	15	29	9	0.31	0.59
Ground-truth non-viral	15	30	6	0.31	0.61
Ground-truth non-viral	15	31	2	0.31	0.63
Ground-truth non-viral	15	32	2	0.31	0.65
Ground-truth non-viral	15	33	5	0.31	0.67
Ground-truth non-viral	15	34	2	0.31	0.69
Ground-truth non-viral	15	35	2	0.31	0.71
Ground-truth non-viral	15	36	2	0.31	0.73
Ground-truth non-viral	15	37	4	0.31	0.75
Ground-truth non-viral	15	38	3	0.31	0.77
Ground-truth non-viral	15	39	2	0.31	0.79
Ground-truth non-viral	15	40	2	0.31	0.81
Ground-truth non-viral	15	41	2	0.31	0.83
Ground-truth non-viral	15	42	4	0.31	0.85
Ground-truth non-viral	15	43	2	0.31	0.87
Ground-truth non-viral	15	44	5	0.31	0.89
Ground-truth non-viral	15	45	5	0.31	0.91
Ground-truth non-viral	15	46	2	0.31	0.93
Ground-truth non-viral	15	47	6	0.31	0.95
Ground-truth non-viral	15	49	27	0.31	0.99
Ground-truth non-viral	16	0	2183	0.33	0.01
Ground-truth non-viral	16	1	10	0.33	0.03
Ground-truth non-viral	16	2	95	0.33	0.05
Ground-truth non-viral	16	3	7	0.33	0.07
Ground-truth non-viral	16	4	24	0.33	0.09
Ground-truth non-viral	16	5	16	0.33	0.11
Ground-truth non-viral	16	6	2	0.33	0.13
Ground-truth non-viral	16	7	6	0.33	0.15
Ground-truth non-viral	16	8	10	0.33	0.17
Ground-truth non-viral	16	9	10	0.33	0.19
Ground-truth non-viral	16	10	6	0.33	0.21
Ground-truth non-viral	16	11	9	0.33	0.23
Ground-truth non-viral	16	12	11	0.33	0.25
Ground-truth non-viral	16	13	7	0.33	0.27
Ground-truth non-viral	16	14	7	0.33	0.29
Ground-truth non-viral	16	15	5	0.33	0.31
Ground-truth non-viral	16	16	10	0.33	0.33
Ground-truth non-viral	16	17	6	0.33	0.35
Ground-truth non-viral	16	18	5	0.33	0.37
Ground-truth non-viral	16	19	6	0.33	0.39
Ground-truth non-viral	16	20	6	0.33	0.41
Ground-truth non-viral	16	22	2	0.33	0.45
Ground-truth non-viral	16	23	3	0.33	0.47
Ground-truth non-viral	16	24	3	0.33	0.49
Ground-truth non-viral	16	25	5	0.33	0.51
Ground-truth non-viral	16	26	3	0.33	0.53
Ground-truth non-viral	16	27	1	0.33	0.55
Ground-truth non-viral	16	28	4	0.33	0.57
Ground-truth non-viral	16	29	1	0.33	0.59
Ground-truth non-viral	16	30	3	0.33	0.61
Ground-truth non-viral	16	31	3	0.33	0.63
Ground-truth non-viral	16	32	1	0.33	0.65
Ground-truth non-viral	16	33	3	0.33	0.67
Ground-truth non-viral	16	34	2	0.33	0.69
Ground-truth non-viral	16	35	6	0.33	0.71
Ground-truth non-viral	16	36	1	0.33	0.73
Ground-truth non-viral	16	37	4	0.33	0.75
Ground-truth non-viral	16	38	1	0.33	0.77
Ground-truth non-viral	16	39	2	0.33	0.79
Ground-truth non-viral	16	41	1	0.33	0.83
Ground-truth non-viral	16	42	4	0.33	0.85
Ground-truth non-viral	16	43	5	0.33	0.87
Ground-truth non-viral	16	44	3	0.33	0.89
Ground-truth non-viral	16	45	3	0.33	0.91
Ground-truth non-viral	16	46	1	0.33	0.93
Ground-truth non-viral	16	47	8	0.33	0.95
Ground-truth non-viral	16	49	26	0.33	0.99
Ground-truth non-viral	17	0	1903	0.35	0.01
Ground-truth non-viral	17	1	3	0.35	0.03
Ground-truth non-viral	17	2	104	0.35	0.05
Ground-truth non-viral	17	3	6	0.35	0.07
Ground-truth non-viral	17	4	18	0.35	0.09
Ground-truth non-viral	17	5	24	0.35	0.11
Ground-truth non-viral	17	6	9	0.35	0.13
Ground-truth non-viral	17	7	13	0.35	0.15
Ground-truth non-viral	17	8	8	0.35	0.17
Ground-truth non-viral	17	9	8	0.35	0.19
Ground-truth non-viral	17	10	5	0.35	0.21
Ground-truth non-viral	17	12	10	0.35	0.25
Ground-truth non-viral	17	13	5	0.35	0.27
Ground-truth non-viral	17	14	4	0.35	0.29
Ground-truth non-viral	17	15	1	0.35	0.31
Ground-truth non-viral	17	16	4	0.35	0.33
Ground-truth non-viral	17	17	7	0.35	0.35
Ground-truth non-viral	17	19	6	0.35	0.39
Ground-truth non-viral	17	20	4	0.35	0.41
Ground-truth non-viral	17	21	2	0.35	0.43
Ground-truth non-viral	17	22	6	0.35	0.45
Ground-truth non-viral	17	23	3	0.35	0.47
Ground-truth non-viral	17	24	9	0.35	0.49
Ground-truth non-viral	17	25	3	0.35	0.51
Ground-truth non-viral	17	26	3	0.35	0.53
Ground-truth non-viral	17	27	6	0.35	0.55
Ground-truth non-viral	17	28	2	0.35	0.57
Ground-truth non-viral	17	29	9	0.35	0.59
Ground-truth non-viral	17	30	2	0.35	0.61
Ground-truth non-viral	17	31	7	0.35	0.63
Ground-truth non-viral	17	32	5	0.35	0.65
Ground-truth non-viral	17	33	2	0.35	0.67
Ground-truth non-viral	17	34	1	0.35	0.69
Ground-truth non-viral	17	35	4	0.35	0.71
Ground-truth non-viral	17	36	5	0.35	0.73
Ground-truth non-viral	17	37	7	0.35	0.75
Ground-truth non-viral	17	38	4	0.35	0.77
Ground-truth non-viral	17	39	7	0.35	0.79
Ground-truth non-viral	17	40	10	0.35	0.81
Ground-truth non-viral	17	41	3	0.35	0.83
Ground-truth non-viral	17	42	4	0.35	0.85
Ground-truth non-viral	17	43	2	0.35	0.87
Ground-truth non-viral	17	44	5	0.35	0.89
Ground-truth non-viral	17	45	8	0.35	0.91
Ground-truth non-viral	17	46	2	0.35	0.93
Ground-truth non-viral	17	47	17	0.35	0.95
Ground-truth non-viral	17	48	2	0.35	0.97
Ground-truth non-viral	17	49	40	0.35	0.99
Ground-truth non-viral	18	0	1780	0.37	0.01
Ground-truth non-viral	18	1	8	0.37	0.03
Ground-truth non-viral	18	2	103	0.37	0.05
Ground-truth non-viral	18	3	8	0.37	0.07
Ground-truth non-viral	18	4	22	0.37	0.09
Ground-truth non-viral	18	5	19	0.37	0.11
Ground-truth non-viral	18	6	6	0.37	0.13
Ground-truth non-viral	18	7	10	0.37	0.15
Ground-truth non-viral	18	8	4	0.37	0.17
Ground-truth non-viral	18	9	4	0.37	0.19
Ground-truth non-viral	18	10	7	0.37	0.21
Ground-truth non-viral	18	11	3	0.37	0.23
Ground-truth non-viral	18	12	5	0.37	0.25
Ground-truth non-viral	18	13	3	0.37	0.27
Ground-truth non-viral	18	14	4	0.37	0.29
Ground-truth non-viral	18	15	1	0.37	0.31
Ground-truth non-viral	18	16	6	0.37	0.33
Ground-truth non-viral	18	17	1	0.37	0.35
Ground-truth non-viral	18	18	3	0.37	0.37
Ground-truth non-viral	18	19	3	0.37	0.39
Ground-truth non-viral	18	20	5	0.37	0.41
Ground-truth non-viral	18	21	6	0.37	0.43
Ground-truth non-viral	18	22	5	0.37	0.45
Ground-truth non-viral	18	23	2	0.37	0.47
Ground-truth non-viral	18	24	6	0.37	0.49
Ground-truth non-viral	18	25	4	0.37	0.51
Ground-truth non-viral	18	26	1	0.37	0.53
Ground-truth non-viral	18	27	7	0.37	0.55
Ground-truth non-viral	18	28	3	0.37	0.57
Ground-truth non-viral	18	29	4	0.37	0.59
Ground-truth non-viral	18	30	4	0.37	0.61
Ground-truth non-viral	18	31	1	0.37	0.63
Ground-truth non-viral	18	32	9	0.37	0.65
Ground-truth non-viral	18	33	2	0.37	0.67
Ground-truth non-viral	18	34	2	0.37	0.69
Ground-truth non-viral	18	35	3	0.37	0.71
Ground-truth non-viral	18	36	8	0.37	0.73
Ground-truth non-viral	18	37	3	0.37	0.75
Ground-truth non-viral	18	38	6	0.37	0.77
Ground-truth non-viral	18	39	5	0.37	0.79
Ground-truth non-viral	18	40	3	0.37	0.81
Ground-truth non-viral	18	41	2	0.37	0.83
Ground-truth non-viral	18	42	2	0.37	0.85
Ground-truth non-viral	18	43	2	0.37	0.87
Ground-truth non-viral	18	44	2	0.37	0.89
Ground-truth non-viral	18	45	3	0.37	0.91
Ground-truth non-viral	18	46	4	0.37	0.93
Ground-truth non-viral	18	47	9	0.37	0.95
Ground-truth non-viral	18	48	3	0.37	0.97
Ground-truth non-viral	18	49	19	0.37	0.99
Ground-truth non-viral	19	0	1578	0.39	0.01
Ground-truth non-viral	19	1	2	0.39	0.03
Ground-truth non-viral	19	2	76	0.39	0.05
Ground-truth non-viral	19	3	2	0.39	0.07
Ground-truth non-viral	19	4	21	0.39	0.09
Ground-truth non-viral	19	5	12	0.39	0.11
Ground-truth non-viral	19	6	7	0.39	0.13
Ground-truth non-viral	19	7	11	0.39	0.15
Ground-truth non-viral	19	8	13	0.39	0.17
Ground-truth non-viral	19	9	5	0.39	0.19
Ground-truth non-viral	19	10	7	0.39	0.21
Ground-truth non-viral	19	11	6	0.39	0.23
Ground-truth non-viral	19	12	4	0.39	0.25
Ground-truth non-viral	19	13	2	0.39	0.27
Ground-truth non-viral	19	14	5	0.39	0.29
Ground-truth non-viral	19	15	3	0.39	0.31
Ground-truth non-viral	19	16	3	0.39	0.33
Ground-truth non-viral	19	17	4	0.39	0.35
Ground-truth non-viral	19	18	2	0.39	0.37
Ground-truth non-viral	19	19	4	0.39	0.39
Ground-truth non-viral	19	20	5	0.39	0.41
Ground-truth non-viral	19	21	4	0.39	0.43
Ground-truth non-viral	19	22	5	0.39	0.45
Ground-truth non-viral	19	23	7	0.39	0.47
Ground-truth non-viral	19	24	5	0.39	0.49
Ground-truth non-viral	19	25	6	0.39	0.51
Ground-truth non-viral	19	26	2	0.39	0.53
Ground-truth non-viral	19	27	3	0.39	0.55
Ground-truth non-viral	19	28	3	0.39	0.57
Ground-truth non-viral	19	29	7	0.39	0.59
Ground-truth non-viral	19	30	1	0.39	0.61
Ground-truth non-viral	19	31	6	0.39	0.63
Ground-truth non-viral	19	33	3	0.39	0.67
Ground-truth non-viral	19	35	6	0.39	0.71
Ground-truth non-viral	19	36	3	0.39	0.73
Ground-truth non-viral	19	37	3	0.39	0.75
Ground-truth non-viral	19	38	2	0.39	0.77
Ground-truth non-viral	19	39	4	0.39	0.79
Ground-truth non-viral	19	40	6	0.39	0.81
Ground-truth non-viral	19	41	4	0.39	0.83
Ground-truth non-viral	19	42	4	0.39	0.85
Ground-truth non-viral	19	43	3	0.39	0.87
Ground-truth non-viral	19	44	4	0.39	0.89
Ground-truth non-viral	19	45	4	0.39	0.91
Ground-truth non-viral	19	46	1	0.39	0.93
Ground-truth non-viral	19	47	7	0.39	0.95
Ground-truth non-viral	19	49	23	0.39	0.99
Ground-truth non-viral	20	0	1516	0.41	0.01
Ground-truth non-viral	20	1	3	0.41	0.03
Ground-truth non-viral	20	2	83	0.41	0.05
Ground-truth non-viral	20	3	3	0.41	0.07
Ground-truth non-viral	20	4	9	0.41	0.09
Ground-truth non-viral	20	5	15	0.41	0.11
Ground-truth non-viral	20	6	10	0.41	0.13
Ground-truth non-viral	20	7	8	0.41	0.15
Ground-truth non-viral	20	8	3	0.41	0.17
Ground-truth non-viral	20	9	7	0.41	0.19
Ground-truth non-viral	20	10	4	0.41	0.21
Ground-truth non-viral	20	11	8	0.41	0.23
Ground-truth non-viral	20	12	5	0.41	0.25
Ground-truth non-viral	20	13	3	0.41	0.27
Ground-truth non-viral	20	14	3	0.41	0.29
Ground-truth non-viral	20	15	4	0.41	0.31
Ground-truth non-viral	20	16	6	0.41	0.33
Ground-truth non-viral	20	17	5	0.41	0.35
Ground-truth non-viral	20	18	5	0.41	0.37
Ground-truth non-viral	20	19	2	0.41	0.39
Ground-truth non-viral	20	20	4	0.41	0.41
Ground-truth non-viral	20	21	5	0.41	0.43
Ground-truth non-viral	20	22	9	0.41	0.45
Ground-truth non-viral	20	24	4	0.41	0.49
Ground-truth non-viral	20	25	1	0.41	0.51
Ground-truth non-viral	20	26	1	0.41	0.53
Ground-truth non-viral	20	27	3	0.41	0.55
Ground-truth non-viral	20	28	6	0.41	0.57
Ground-truth non-viral	20	29	1	0.41	0.59
Ground-truth non-viral	20	30	1	0.41	0.61
Ground-truth non-viral	20	31	5	0.41	0.63
Ground-truth non-viral	20	32	1	0.41	0.65
Ground-truth non-viral	20	33	6	0.41	0.67
Ground-truth non-viral	20	34	4	0.41	0.69
Ground-truth non-viral	20	35	3	0.41	0.71
Ground-truth non-viral	20	36	2	0.41	0.73
Ground-truth non-viral	20	37	3	0.41	0.75
Ground-truth non-viral	20	38	6	0.41	0.77
Ground-truth non-viral	20	39	1	0.41	0.79
Ground-truth non-viral	20	40	1	0.41	0.81
Ground-truth non-viral	20	41	1	0.41	0.83
Ground-truth non-viral	20	42	3	0.41	0.85
Ground-truth non-viral	20	43	5	0.41	0.87
Ground-truth non-viral	20	44	5	0.41	0.89
Ground-truth non-viral	20	45	5	0.41	0.91
Ground-truth non-viral	20	47	10	0.41	0.95
Ground-truth non-viral	20	48	4	0.41	0.97
Ground-truth non-viral	20	49	22	0.41	0.99
Ground-truth non-viral	21	0	1477	0.43	0.01
Ground-truth non-viral	21	1	6	0.43	0.03
Ground-truth non-viral	21	2	72	0.43	0.05
Ground-truth non-viral	21	3	5	0.43	0.07
Ground-truth non-viral	21	4	19	0.43	0.09
Ground-truth non-viral	21	5	9	0.43	0.11
Ground-truth non-viral	21	6	7	0.43	0.13
Ground-truth non-viral	21	7	11	0.43	0.15
Ground-truth non-viral	21	8	5	0.43	0.17
Ground-truth non-viral	21	9	8	0.43	0.19
Ground-truth non-viral	21	10	5	0.43	0.21
Ground-truth non-viral	21	11	8	0.43	0.23
Ground-truth non-viral	21	12	2	0.43	0.25
Ground-truth non-viral	21	13	8	0.43	0.27
Ground-truth non-viral	21	14	1	0.43	0.29
Ground-truth non-viral	21	15	2	0.43	0.31
Ground-truth non-viral	21	16	4	0.43	0.33
Ground-truth non-viral	21	17	5	0.43	0.35
Ground-truth non-viral	21	18	4	0.43	0.37
Ground-truth non-viral	21	19	4	0.43	0.39
Ground-truth non-viral	21	20	1	0.43	0.41
Ground-truth non-viral	21	21	4	0.43	0.43
Ground-truth non-viral	21	22	3	0.43	0.45
Ground-truth non-viral	21	23	3	0.43	0.47
Ground-truth non-viral	21	24	1	0.43	0.49
Ground-truth non-viral	21	25	2	0.43	0.51
Ground-truth non-viral	21	26	3	0.43	0.53
Ground-truth non-viral	21	27	3	0.43	0.55
Ground-truth non-viral	21	28	5	0.43	0.57
Ground-truth non-viral	21	30	3	0.43	0.61
Ground-truth non-viral	21	31	2	0.43	0.63
Ground-truth non-viral	21	32	3	0.43	0.65
Ground-truth non-viral	21	33	3	0.43	0.67
Ground-truth non-viral	21	34	1	0.43	0.69
Ground-truth non-viral	21	35	6	0.43	0.71
Ground-truth non-viral	21	36	1	0.43	0.73
Ground-truth non-viral	21	37	2	0.43	0.75
Ground-truth non-viral	21	39	5	0.43	0.79
Ground-truth non-viral	21	40	5	0.43	0.81
Ground-truth non-viral	21	41	3	0.43	0.83
Ground-truth non-viral	21	42	4	0.43	0.85
Ground-truth non-viral	21	43	4	0.43	0.87
Ground-truth non-viral	21	44	5	0.43	0.89
Ground-truth non-viral	21	45	6	0.43	0.91
Ground-truth non-viral	21	46	1	0.43	0.93
Ground-truth non-viral	21	47	15	0.43	0.95
Ground-truth non-viral	21	48	1	0.43	0.97
Ground-truth non-viral	21	49	43	0.43	0.99
Ground-truth non-viral	22	0	1374	0.45	0.01
Ground-truth non-viral	22	1	3	0.45	0.03
Ground-truth non-viral	22	2	65	0.45	0.05
Ground-truth non-viral	22	3	9	0.45	0.07
Ground-truth non-viral	22	4	17	0.45	0.09
Ground-truth non-viral	22	5	12	0.45	0.11
Ground-truth non-viral	22	6	6	0.45	0.13
Ground-truth non-viral	22	7	8	0.45	0.15
Ground-truth non-viral	22	8	3	0.45	0.17
Ground-truth non-viral	22	9	9	0.45	0.19
Ground-truth non-viral	22	10	4	0.45	0.21
Ground-truth non-viral	22	11	4	0.45	0.23
Ground-truth non-viral	22	12	7	0.45	0.25
Ground-truth non-viral	22	13	5	0.45	0.27
Ground-truth non-viral	22	14	4	0.45	0.29
Ground-truth non-viral	22	15	7	0.45	0.31
Ground-truth non-viral	22	16	7	0.45	0.33
Ground-truth non-viral	22	17	7	0.45	0.35
Ground-truth non-viral	22	18	4	0.45	0.37
Ground-truth non-viral	22	19	3	0.45	0.39
Ground-truth non-viral	22	20	4	0.45	0.41
Ground-truth non-viral	22	21	4	0.45	0.43
Ground-truth non-viral	22	22	1	0.45	0.45
Ground-truth non-viral	22	23	5	0.45	0.47
Ground-truth non-viral	22	24	4	0.45	0.49
Ground-truth non-viral	22	25	3	0.45	0.51
Ground-truth non-viral	22	26	3	0.45	0.53
Ground-truth non-viral	22	27	9	0.45	0.55
Ground-truth non-viral	22	28	5	0.45	0.57
Ground-truth non-viral	22	29	3	0.45	0.59
Ground-truth non-viral	22	30	3	0.45	0.61
Ground-truth non-viral	22	31	8	0.45	0.63
Ground-truth non-viral	22	32	2	0.45	0.65
Ground-truth non-viral	22	33	4	0.45	0.67
Ground-truth non-viral	22	34	2	0.45	0.69
Ground-truth non-viral	22	35	2	0.45	0.71
Ground-truth non-viral	22	36	1	0.45	0.73
Ground-truth non-viral	22	37	3	0.45	0.75
Ground-truth non-viral	22	38	6	0.45	0.77
Ground-truth non-viral	22	39	5	0.45	0.79
Ground-truth non-viral	22	40	4	0.45	0.81
Ground-truth non-viral	22	41	1	0.45	0.83
Ground-truth non-viral	22	42	3	0.45	0.85
Ground-truth non-viral	22	43	3	0.45	0.87
Ground-truth non-viral	22	44	3	0.45	0.89
Ground-truth non-viral	22	45	7	0.45	0.91
Ground-truth non-viral	22	46	1	0.45	0.93
Ground-truth non-viral	22	47	9	0.45	0.95
Ground-truth non-viral	22	48	3	0.45	0.97
Ground-truth non-viral	22	49	36	0.45	0.99
Ground-truth non-viral	23	0	1424	0.47	0.01
Ground-truth non-viral	23	1	3	0.47	0.03
Ground-truth non-viral	23	2	70	0.47	0.05
Ground-truth non-viral	23	3	4	0.47	0.07
Ground-truth non-viral	23	4	14	0.47	0.09
Ground-truth non-viral	23	5	16	0.47	0.11
Ground-truth non-viral	23	6	2	0.47	0.13
Ground-truth non-viral	23	7	13	0.47	0.15
Ground-truth non-viral	23	8	3	0.47	0.17
Ground-truth non-viral	23	9	9	0.47	0.19
Ground-truth non-viral	23	10	8	0.47	0.21
Ground-truth non-viral	23	12	10	0.47	0.25
Ground-truth non-viral	23	13	8	0.47	0.27
Ground-truth non-viral	23	14	2	0.47	0.29
Ground-truth non-viral	23	15	4	0.47	0.31
Ground-truth non-viral	23	16	1	0.47	0.33
Ground-truth non-viral	23	17	4	0.47	0.35
Ground-truth non-viral	23	18	4	0.47	0.37
Ground-truth non-viral	23	19	3	0.47	0.39
Ground-truth non-viral	23	20	2	0.47	0.41
Ground-truth non-viral	23	21	3	0.47	0.43
Ground-truth non-viral	23	22	4	0.47	0.45
Ground-truth non-viral	23	23	3	0.47	0.47
Ground-truth non-viral	23	24	1	0.47	0.49
Ground-truth non-viral	23	25	5	0.47	0.51
Ground-truth non-viral	23	26	1	0.47	0.53
Ground-truth non-viral	23	27	2	0.47	0.55
Ground-truth non-viral	23	28	4	0.47	0.57
Ground-truth non-viral	23	29	1	0.47	0.59
Ground-truth non-viral	23	30	3	0.47	0.61
Ground-truth non-viral	23	31	2	0.47	0.63
Ground-truth non-viral	23	32	3	0.47	0.65
Ground-truth non-viral	23	33	1	0.47	0.67
Ground-truth non-viral	23	34	1	0.47	0.69
Ground-truth non-viral	23	35	3	0.47	0.71
Ground-truth non-viral	23	36	1	0.47	0.73
Ground-truth non-viral	23	37	3	0.47	0.75
Ground-truth non-viral	23	38	4	0.47	0.77
Ground-truth non-viral	23	39	2	0.47	0.79
Ground-truth non-viral	23	40	3	0.47	0.81
Ground-truth non-viral	23	41	1	0.47	0.83
Ground-truth non-viral	23	42	9	0.47	0.85
Ground-truth non-viral	23	43	5	0.47	0.87
Ground-truth non-viral	23	44	7	0.47	0.89
Ground-truth non-viral	23	45	6	0.47	0.91
Ground-truth non-viral	23	46	3	0.47	0.93
Ground-truth non-viral	23	47	10	0.47	0.95
Ground-truth non-viral	23	49	30	0.47	0.99
Ground-truth non-viral	24	0	1217	0.49	0.01
Ground-truth non-viral	24	1	4	0.49	0.03
Ground-truth non-viral	24	2	71	0.49	0.05
Ground-truth non-viral	24	3	5	0.49	0.07
Ground-truth non-viral	24	4	19	0.49	0.09
Ground-truth non-viral	24	5	12	0.49	0.11
Ground-truth non-viral	24	6	8	0.49	0.13
Ground-truth non-viral	24	7	10	0.49	0.15
Ground-truth non-viral	24	8	7	0.49	0.17
Ground-truth non-viral	24	9	7	0.49	0.19
Ground-truth non-viral	24	10	6	0.49	0.21
Ground-truth non-viral	24	11	6	0.49	0.23
Ground-truth non-viral	24	12	6	0.49	0.25
Ground-truth non-viral	24	13	2	0.49	0.27
Ground-truth non-viral	24	14	5	0.49	0.29
Ground-truth non-viral	24	16	4	0.49	0.33
Ground-truth non-viral	24	17	1	0.49	0.35
Ground-truth non-viral	24	18	2	0.49	0.37
Ground-truth non-viral	24	19	6	0.49	0.39
Ground-truth non-viral	24	20	3	0.49	0.41
Ground-truth non-viral	24	21	2	0.49	0.43
Ground-truth non-viral	24	22	5	0.49	0.45
Ground-truth non-viral	24	24	4	0.49	0.49
Ground-truth non-viral	24	25	2	0.49	0.51
Ground-truth non-viral	24	26	1	0.49	0.53
Ground-truth non-viral	24	27	5	0.49	0.55
Ground-truth non-viral	24	28	2	0.49	0.57
Ground-truth non-viral	24	29	4	0.49	0.59
Ground-truth non-viral	24	30	4	0.49	0.61
Ground-truth non-viral	24	31	2	0.49	0.63
Ground-truth non-viral	24	32	2	0.49	0.65
Ground-truth non-viral	24	33	1	0.49	0.67
Ground-truth non-viral	24	34	3	0.49	0.69
Ground-truth non-viral	24	35	1	0.49	0.71
Ground-truth non-viral	24	36	2	0.49	0.73
Ground-truth non-viral	24	37	3	0.49	0.75
Ground-truth non-viral	24	38	3	0.49	0.77
Ground-truth non-viral	24	39	3	0.49	0.79
Ground-truth non-viral	24	40	4	0.49	0.81
Ground-truth non-viral	24	41	3	0.49	0.83
Ground-truth non-viral	24	42	4	0.49	0.85
Ground-truth non-viral	24	43	2	0.49	0.87
Ground-truth non-viral	24	44	2	0.49	0.89
Ground-truth non-viral	24	45	3	0.49	0.91
Ground-truth non-viral	24	47	9	0.49	0.95
Ground-truth non-viral	24	49	38	0.49	0.99
Ground-truth non-viral	25	0	1185	0.51	0.01
Ground-truth non-viral	25	1	3	0.51	0.03
Ground-truth non-viral	25	2	62	0.51	0.05
Ground-truth non-viral	25	3	10	0.51	0.07
Ground-truth non-viral	25	4	26	0.51	0.09
Ground-truth non-viral	25	5	13	0.51	0.11
Ground-truth non-viral	25	6	7	0.51	0.13
Ground-truth non-viral	25	7	8	0.51	0.15
Ground-truth non-viral	25	8	2	0.51	0.17
Ground-truth non-viral	25	9	10	0.51	0.19
Ground-truth non-viral	25	10	5	0.51	0.21
Ground-truth non-viral	25	11	4	0.51	0.23
Ground-truth non-viral	25	12	3	0.51	0.25
Ground-truth non-viral	25	13	6	0.51	0.27
Ground-truth non-viral	25	14	4	0.51	0.29
Ground-truth non-viral	25	15	1	0.51	0.31
Ground-truth non-viral	25	16	3	0.51	0.33
Ground-truth non-viral	25	17	1	0.51	0.35
Ground-truth non-viral	25	18	2	0.51	0.37
Ground-truth non-viral	25	19	3	0.51	0.39
Ground-truth non-viral	25	20	5	0.51	0.41
Ground-truth non-viral	25	22	7	0.51	0.45
Ground-truth non-viral	25	23	4	0.51	0.47
Ground-truth non-viral	25	24	5	0.51	0.49
Ground-truth non-viral	25	25	4	0.51	0.51
Ground-truth non-viral	25	26	1	0.51	0.53
Ground-truth non-viral	25	27	2	0.51	0.55
Ground-truth non-viral	25	28	3	0.51	0.57
Ground-truth non-viral	25	29	6	0.51	0.59
Ground-truth non-viral	25	30	3	0.51	0.61
Ground-truth non-viral	25	31	1	0.51	0.63
Ground-truth non-viral	25	32	3	0.51	0.65
Ground-truth non-viral	25	33	2	0.51	0.67
Ground-truth non-viral	25	34	1	0.51	0.69
Ground-truth non-viral	25	35	4	0.51	0.71
Ground-truth non-viral	25	36	4	0.51	0.73
Ground-truth non-viral	25	37	1	0.51	0.75
Ground-truth non-viral	25	38	2	0.51	0.77
Ground-truth non-viral	25	39	4	0.51	0.79
Ground-truth non-viral	25	40	6	0.51	0.81
Ground-truth non-viral	25	41	3	0.51	0.83
Ground-truth non-viral	25	42	5	0.51	0.85
Ground-truth non-viral	25	43	5	0.51	0.87
Ground-truth non-viral	25	44	5	0.51	0.89
Ground-truth non-viral	25	45	13	0.51	0.91
Ground-truth non-viral	25	46	8	0.51	0.93
Ground-truth non-viral	25	47	14	0.51	0.95
Ground-truth non-viral	25	48	3	0.51	0.97
Ground-truth non-viral	25	49	36	0.51	0.99
Ground-truth non-viral	26	0	1151	0.53	0.01
Ground-truth non-viral	26	1	1	0.53	0.03
Ground-truth non-viral	26	2	66	0.53	0.05
Ground-truth non-viral	26	3	4	0.53	0.07
Ground-truth non-viral	26	4	17	0.53	0.09
Ground-truth non-viral	26	5	15	0.53	0.11
Ground-truth non-viral	26	6	10	0.53	0.13
Ground-truth non-viral	26	7	10	0.53	0.15
Ground-truth non-viral	26	8	1	0.53	0.17
Ground-truth non-viral	26	9	8	0.53	0.19
Ground-truth non-viral	26	10	4	0.53	0.21
Ground-truth non-viral	26	11	5	0.53	0.23
Ground-truth non-viral	26	12	3	0.53	0.25
Ground-truth non-viral	26	13	6	0.53	0.27
Ground-truth non-viral	26	14	8	0.53	0.29
Ground-truth non-viral	26	15	1	0.53	0.31
Ground-truth non-viral	26	16	5	0.53	0.33
Ground-truth non-viral	26	17	2	0.53	0.35
Ground-truth non-viral	26	18	1	0.53	0.37
Ground-truth non-viral	26	19	1	0.53	0.39
Ground-truth non-viral	26	20	1	0.53	0.41
Ground-truth non-viral	26	21	3	0.53	0.43
Ground-truth non-viral	26	22	4	0.53	0.45
Ground-truth non-viral	26	23	3	0.53	0.47
Ground-truth non-viral	26	24	4	0.53	0.49
Ground-truth non-viral	26	25	3	0.53	0.51
Ground-truth non-viral	26	26	1	0.53	0.53
Ground-truth non-viral	26	28	3	0.53	0.57
Ground-truth non-viral	26	29	5	0.53	0.59
Ground-truth non-viral	26	30	3	0.53	0.61
Ground-truth non-viral	26	32	4	0.53	0.65
Ground-truth non-viral	26	33	3	0.53	0.67
Ground-truth non-viral	26	34	5	0.53	0.69
Ground-truth non-viral	26	35	2	0.53	0.71
Ground-truth non-viral	26	36	1	0.53	0.73
Ground-truth non-viral	26	37	6	0.53	0.75
Ground-truth non-viral	26	38	1	0.53	0.77
Ground-truth non-viral	26	39	2	0.53	0.79
Ground-truth non-viral	26	40	1	0.53	0.81
Ground-truth non-viral	26	41	4	0.53	0.83
Ground-truth non-viral	26	42	4	0.53	0.85
Ground-truth non-viral	26	43	2	0.53	0.87
Ground-truth non-viral	26	45	5	0.53	0.91
Ground-truth non-viral	26	46	4	0.53	0.93
Ground-truth non-viral	26	47	8	0.53	0.95
Ground-truth non-viral	26	48	1	0.53	0.97
Ground-truth non-viral	26	49	35	0.53	0.99
Ground-truth non-viral	27	0	1145	0.55	0.01
Ground-truth non-viral	27	1	1	0.55	0.03
Ground-truth non-viral	27	2	66	0.55	0.05
Ground-truth non-viral	27	3	3	0.55	0.07
Ground-truth non-viral	27	4	15	0.55	0.09
Ground-truth non-viral	27	5	13	0.55	0.11
Ground-truth non-viral	27	6	3	0.55	0.13
Ground-truth non-viral	27	7	10	0.55	0.15
Ground-truth non-viral	27	8	5	0.55	0.17
Ground-truth non-viral	27	9	2	0.55	0.19
Ground-truth non-viral	27	10	3	0.55	0.21
Ground-truth non-viral	27	11	7	0.55	0.23
Ground-truth non-viral	27	12	4	0.55	0.25
Ground-truth non-viral	27	13	2	0.55	0.27
Ground-truth non-viral	27	14	5	0.55	0.29
Ground-truth non-viral	27	15	4	0.55	0.31
Ground-truth non-viral	27	16	5	0.55	0.33
Ground-truth non-viral	27	17	1	0.55	0.35
Ground-truth non-viral	27	18	5	0.55	0.37
Ground-truth non-viral	27	19	4	0.55	0.39
Ground-truth non-viral	27	20	3	0.55	0.41
Ground-truth non-viral	27	21	6	0.55	0.43
Ground-truth non-viral	27	22	2	0.55	0.45
Ground-truth non-viral	27	23	3	0.55	0.47
Ground-truth non-viral	27	24	2	0.55	0.49
Ground-truth non-viral	27	25	1	0.55	0.51
Ground-truth non-viral	27	26	2	0.55	0.53
Ground-truth non-viral	27	27	2	0.55	0.55
Ground-truth non-viral	27	28	6	0.55	0.57
Ground-truth non-viral	27	29	4	0.55	0.59
Ground-truth non-viral	27	30	2	0.55	0.61
Ground-truth non-viral	27	31	1	0.55	0.63
Ground-truth non-viral	27	32	5	0.55	0.65
Ground-truth non-viral	27	33	4	0.55	0.67
Ground-truth non-viral	27	34	4	0.55	0.69
Ground-truth non-viral	27	35	7	0.55	0.71
Ground-truth non-viral	27	36	1	0.55	0.73
Ground-truth non-viral	27	37	7	0.55	0.75
Ground-truth non-viral	27	38	1	0.55	0.77
Ground-truth non-viral	27	39	7	0.55	0.79
Ground-truth non-viral	27	41	2	0.55	0.83
Ground-truth non-viral	27	42	5	0.55	0.85
Ground-truth non-viral	27	43	5	0.55	0.87
Ground-truth non-viral	27	44	3	0.55	0.89
Ground-truth non-viral	27	45	4	0.55	0.91
Ground-truth non-viral	27	46	4	0.55	0.93
Ground-truth non-viral	27	47	6	0.55	0.95
Ground-truth non-viral	27	48	1	0.55	0.97
Ground-truth non-viral	27	49	45	0.55	0.99
Ground-truth non-viral	28	0	1023	0.57	0.01
Ground-truth non-viral	28	1	4	0.57	0.03
Ground-truth non-viral	28	2	70	0.57	0.05
Ground-truth non-viral	28	3	1	0.57	0.07
Ground-truth non-viral	28	4	16	0.57	0.09
Ground-truth non-viral	28	5	15	0.57	0.11
Ground-truth non-viral	28	6	12	0.57	0.13
Ground-truth non-viral	28	7	9	0.57	0.15
Ground-truth non-viral	28	8	4	0.57	0.17
Ground-truth non-viral	28	9	7	0.57	0.19
Ground-truth non-viral	28	10	5	0.57	0.21
Ground-truth non-viral	28	11	5	0.57	0.23
Ground-truth non-viral	28	12	6	0.57	0.25
Ground-truth non-viral	28	13	1	0.57	0.27
Ground-truth non-viral	28	14	4	0.57	0.29
Ground-truth non-viral	28	15	2	0.57	0.31
Ground-truth non-viral	28	16	4	0.57	0.33
Ground-truth non-viral	28	17	1	0.57	0.35
Ground-truth non-viral	28	18	1	0.57	0.37
Ground-truth non-viral	28	19	2	0.57	0.39
Ground-truth non-viral	28	20	2	0.57	0.41
Ground-truth non-viral	28	21	1	0.57	0.43
Ground-truth non-viral	28	23	4	0.57	0.47
Ground-truth non-viral	28	24	5	0.57	0.49
Ground-truth non-viral	28	25	1	0.57	0.51
Ground-truth non-viral	28	26	1	0.57	0.53
Ground-truth non-viral	28	27	5	0.57	0.55
Ground-truth non-viral	28	28	1	0.57	0.57
Ground-truth non-viral	28	29	5	0.57	0.59
Ground-truth non-viral	28	30	5	0.57	0.61
Ground-truth non-viral	28	32	6	0.57	0.65
Ground-truth non-viral	28	34	2	0.57	0.69
Ground-truth non-viral	28	35	3	0.57	0.71
Ground-truth non-viral	28	36	4	0.57	0.73
Ground-truth non-viral	28	37	2	0.57	0.75
Ground-truth non-viral	28	38	1	0.57	0.77
Ground-truth non-viral	28	39	6	0.57	0.79
Ground-truth non-viral	28	40	3	0.57	0.81
Ground-truth non-viral	28	41	4	0.57	0.83
Ground-truth non-viral	28	42	7	0.57	0.85
Ground-truth non-viral	28	43	2	0.57	0.87
Ground-truth non-viral	28	44	3	0.57	0.89
Ground-truth non-viral	28	45	6	0.57	0.91
Ground-truth non-viral	28	46	2	0.57	0.93
Ground-truth non-viral	28	47	8	0.57	0.95
Ground-truth non-viral	28	48	1	0.57	0.97
Ground-truth non-viral	28	49	28	0.57	0.99
Ground-truth non-viral	29	0	959	0.59	0.01
Ground-truth non-viral	29	1	3	0.59	0.03
Ground-truth non-viral	29	2	74	0.59	0.05
Ground-truth non-viral	29	3	6	0.59	0.07
Ground-truth non-viral	29	4	16	0.59	0.09
Ground-truth non-viral	29	5	8	0.59	0.11
Ground-truth non-viral	29	6	6	0.59	0.13
Ground-truth non-viral	29	7	11	0.59	0.15
Ground-truth non-viral	29	8	2	0.59	0.17
Ground-truth non-viral	29	9	7	0.59	0.19
Ground-truth non-viral	29	10	8	0.59	0.21
Ground-truth non-viral	29	11	2	0.59	0.23
Ground-truth non-viral	29	12	5	0.59	0.25
Ground-truth non-viral	29	13	2	0.59	0.27
Ground-truth non-viral	29	14	3	0.59	0.29
Ground-truth non-viral	29	15	5	0.59	0.31
Ground-truth non-viral	29	16	7	0.59	0.33
Ground-truth non-viral	29	17	3	0.59	0.35
Ground-truth non-viral	29	18	3	0.59	0.37
Ground-truth non-viral	29	19	3	0.59	0.39
Ground-truth non-viral	29	20	2	0.59	0.41
Ground-truth non-viral	29	21	2	0.59	0.43
Ground-truth non-viral	29	23	1	0.59	0.47
Ground-truth non-viral	29	24	4	0.59	0.49
Ground-truth non-viral	29	26	2	0.59	0.53
Ground-truth non-viral	29	27	1	0.59	0.55
Ground-truth non-viral	29	28	3	0.59	0.57
Ground-truth non-viral	29	29	2	0.59	0.59
Ground-truth non-viral	29	30	6	0.59	0.61
Ground-truth non-viral	29	31	2	0.59	0.63
Ground-truth non-viral	29	32	6	0.59	0.65
Ground-truth non-viral	29	33	4	0.59	0.67
Ground-truth non-viral	29	34	4	0.59	0.69
Ground-truth non-viral	29	35	5	0.59	0.71
Ground-truth non-viral	29	36	2	0.59	0.73
Ground-truth non-viral	29	37	2	0.59	0.75
Ground-truth non-viral	29	38	2	0.59	0.77
Ground-truth non-viral	29	39	1	0.59	0.79
Ground-truth non-viral	29	40	5	0.59	0.81
Ground-truth non-viral	29	41	1	0.59	0.83
Ground-truth non-viral	29	42	6	0.59	0.85
Ground-truth non-viral	29	43	4	0.59	0.87
Ground-truth non-viral	29	44	3	0.59	0.89
Ground-truth non-viral	29	45	11	0.59	0.91
Ground-truth non-viral	29	46	3	0.59	0.93
Ground-truth non-viral	29	47	15	0.59	0.95
Ground-truth non-viral	29	48	3	0.59	0.97
Ground-truth non-viral	29	49	33	0.59	0.99
Ground-truth non-viral	30	0	977	0.61	0.01
Ground-truth non-viral	30	1	4	0.61	0.03
Ground-truth non-viral	30	2	63	0.61	0.05
Ground-truth non-viral	30	3	6	0.61	0.07
Ground-truth non-viral	30	4	16	0.61	0.09
Ground-truth non-viral	30	5	8	0.61	0.11
Ground-truth non-viral	30	6	10	0.61	0.13
Ground-truth non-viral	30	7	7	0.61	0.15
Ground-truth non-viral	30	8	3	0.61	0.17
Ground-truth non-viral	30	9	5	0.61	0.19
Ground-truth non-viral	30	10	4	0.61	0.21
Ground-truth non-viral	30	11	2	0.61	0.23
Ground-truth non-viral	30	12	4	0.61	0.25
Ground-truth non-viral	30	15	4	0.61	0.31
Ground-truth non-viral	30	16	4	0.61	0.33
Ground-truth non-viral	30	17	2	0.61	0.35
Ground-truth non-viral	30	18	4	0.61	0.37
Ground-truth non-viral	30	19	2	0.61	0.39
Ground-truth non-viral	30	20	4	0.61	0.41
Ground-truth non-viral	30	21	3	0.61	0.43
Ground-truth non-viral	30	22	1	0.61	0.45
Ground-truth non-viral	30	23	2	0.61	0.47
Ground-truth non-viral	30	25	4	0.61	0.51
Ground-truth non-viral	30	26	2	0.61	0.53
Ground-truth non-viral	30	27	4	0.61	0.55
Ground-truth non-viral	30	28	3	0.61	0.57
Ground-truth non-viral	30	29	5	0.61	0.59
Ground-truth non-viral	30	30	4	0.61	0.61
Ground-truth non-viral	30	31	6	0.61	0.63
Ground-truth non-viral	30	32	6	0.61	0.65
Ground-truth non-viral	30	33	3	0.61	0.67
Ground-truth non-viral	30	34	5	0.61	0.69
Ground-truth non-viral	30	35	4	0.61	0.71
Ground-truth non-viral	30	36	2	0.61	0.73
Ground-truth non-viral	30	37	2	0.61	0.75
Ground-truth non-viral	30	39	2	0.61	0.79
Ground-truth non-viral	30	40	1	0.61	0.81
Ground-truth non-viral	30	41	1	0.61	0.83
Ground-truth non-viral	30	42	6	0.61	0.85
Ground-truth non-viral	30	43	1	0.61	0.87
Ground-truth non-viral	30	44	3	0.61	0.89
Ground-truth non-viral	30	45	4	0.61	0.91
Ground-truth non-viral	30	46	1	0.61	0.93
Ground-truth non-viral	30	47	14	0.61	0.95
Ground-truth non-viral	30	48	1	0.61	0.97
Ground-truth non-viral	30	49	21	0.61	0.99
Ground-truth non-viral	31	0	939	0.63	0.01
Ground-truth non-viral	31	1	4	0.63	0.03
Ground-truth non-viral	31	2	76	0.63	0.05
Ground-truth non-viral	31	3	5	0.63	0.07
Ground-truth non-viral	31	4	14	0.63	0.09
Ground-truth non-viral	31	5	10	0.63	0.11
Ground-truth non-viral	31	6	7	0.63	0.13
Ground-truth non-viral	31	7	12	0.63	0.15
Ground-truth non-viral	31	8	1	0.63	0.17
Ground-truth non-viral	31	9	6	0.63	0.19
Ground-truth non-viral	31	10	9	0.63	0.21
Ground-truth non-viral	31	11	1	0.63	0.23
Ground-truth non-viral	31	12	6	0.63	0.25
Ground-truth non-viral	31	13	2	0.63	0.27
Ground-truth non-viral	31	14	4	0.63	0.29
Ground-truth non-viral	31	15	2	0.63	0.31
Ground-truth non-viral	31	16	5	0.63	0.33
Ground-truth non-viral	31	17	4	0.63	0.35
Ground-truth non-viral	31	18	3	0.63	0.37
Ground-truth non-viral	31	19	5	0.63	0.39
Ground-truth non-viral	31	20	5	0.63	0.41
Ground-truth non-viral	31	21	4	0.63	0.43
Ground-truth non-viral	31	22	5	0.63	0.45
Ground-truth non-viral	31	23	2	0.63	0.47
Ground-truth non-viral	31	24	3	0.63	0.49
Ground-truth non-viral	31	25	2	0.63	0.51
Ground-truth non-viral	31	26	2	0.63	0.53
Ground-truth non-viral	31	27	2	0.63	0.55
Ground-truth non-viral	31	29	5	0.63	0.59
Ground-truth non-viral	31	30	2	0.63	0.61
Ground-truth non-viral	31	31	4	0.63	0.63
Ground-truth non-viral	31	32	3	0.63	0.65
Ground-truth non-viral	31	33	3	0.63	0.67
Ground-truth non-viral	31	34	4	0.63	0.69
Ground-truth non-viral	31	35	5	0.63	0.71
Ground-truth non-viral	31	36	7	0.63	0.73
Ground-truth non-viral	31	37	3	0.63	0.75
Ground-truth non-viral	31	38	5	0.63	0.77
Ground-truth non-viral	31	39	4	0.63	0.79
Ground-truth non-viral	31	42	6	0.63	0.85
Ground-truth non-viral	31	43	2	0.63	0.87
Ground-truth non-viral	31	44	3	0.63	0.89
Ground-truth non-viral	31	45	9	0.63	0.91
Ground-truth non-viral	31	46	4	0.63	0.93
Ground-truth non-viral	31	47	13	0.63	0.95
Ground-truth non-viral	31	49	41	0.63	0.99
Ground-truth non-viral	32	0	945	0.65	0.01
Ground-truth non-viral	32	1	3	0.65	0.03
Ground-truth non-viral	32	2	64	0.65	0.05
Ground-truth non-viral	32	3	5	0.65	0.07
Ground-truth non-viral	32	4	19	0.65	0.09
Ground-truth non-viral	32	5	12	0.65	0.11
Ground-truth non-viral	32	6	5	0.65	0.13
Ground-truth non-viral	32	7	7	0.65	0.15
Ground-truth non-viral	32	8	4	0.65	0.17
Ground-truth non-viral	32	9	4	0.65	0.19
Ground-truth non-viral	32	10	6	0.65	0.21
Ground-truth non-viral	32	11	4	0.65	0.23
Ground-truth non-viral	32	12	12	0.65	0.25
Ground-truth non-viral	32	13	1	0.65	0.27
Ground-truth non-viral	32	14	3	0.65	0.29
Ground-truth non-viral	32	15	2	0.65	0.31
Ground-truth non-viral	32	16	3	0.65	0.33
Ground-truth non-viral	32	17	2	0.65	0.35
Ground-truth non-viral	32	18	4	0.65	0.37
Ground-truth non-viral	32	19	4	0.65	0.39
Ground-truth non-viral	32	20	6	0.65	0.41
Ground-truth non-viral	32	21	3	0.65	0.43
Ground-truth non-viral	32	22	1	0.65	0.45
Ground-truth non-viral	32	23	1	0.65	0.47
Ground-truth non-viral	32	24	2	0.65	0.49
Ground-truth non-viral	32	25	3	0.65	0.51
Ground-truth non-viral	32	26	5	0.65	0.53
Ground-truth non-viral	32	27	1	0.65	0.55
Ground-truth non-viral	32	28	3	0.65	0.57
Ground-truth non-viral	32	29	3	0.65	0.59
Ground-truth non-viral	32	31	6	0.65	0.63
Ground-truth non-viral	32	32	7	0.65	0.65
Ground-truth non-viral	32	33	4	0.65	0.67
Ground-truth non-viral	32	34	2	0.65	0.69
Ground-truth non-viral	32	35	4	0.65	0.71
Ground-truth non-viral	32	36	2	0.65	0.73
Ground-truth non-viral	32	37	2	0.65	0.75
Ground-truth non-viral	32	38	2	0.65	0.77
Ground-truth non-viral	32	39	2	0.65	0.79
Ground-truth non-viral	32	40	2	0.65	0.81
Ground-truth non-viral	32	41	3	0.65	0.83
Ground-truth non-viral	32	42	3	0.65	0.85
Ground-truth non-viral	32	43	2	0.65	0.87
Ground-truth non-viral	32	44	1	0.65	0.89
Ground-truth non-viral	32	45	10	0.65	0.91
Ground-truth non-viral	32	46	5	0.65	0.93
Ground-truth non-viral	32	47	9	0.65	0.95
Ground-truth non-viral	32	48	1	0.65	0.97
Ground-truth non-viral	32	49	36	0.65	0.99
Ground-truth non-viral	33	0	906	0.67	0.01
Ground-truth non-viral	33	1	1	0.67	0.03
Ground-truth non-viral	33	2	53	0.67	0.05
Ground-truth non-viral	33	3	3	0.67	0.07
Ground-truth non-viral	33	4	21	0.67	0.09
Ground-truth non-viral	33	5	10	0.67	0.11
Ground-truth non-viral	33	6	1	0.67	0.13
Ground-truth non-viral	33	7	10	0.67	0.15
Ground-truth non-viral	33	8	4	0.67	0.17
Ground-truth non-viral	33	9	7	0.67	0.19
Ground-truth non-viral	33	10	2	0.67	0.21
Ground-truth non-viral	33	11	4	0.67	0.23
Ground-truth non-viral	33	12	4	0.67	0.25
Ground-truth non-viral	33	13	7	0.67	0.27
Ground-truth non-viral	33	14	2	0.67	0.29
Ground-truth non-viral	33	15	3	0.67	0.31
Ground-truth non-viral	33	16	4	0.67	0.33
Ground-truth non-viral	33	17	2	0.67	0.35
Ground-truth non-viral	33	18	1	0.67	0.37
Ground-truth non-viral	33	19	6	0.67	0.39
Ground-truth non-viral	33	20	2	0.67	0.41
Ground-truth non-viral	33	21	1	0.67	0.43
Ground-truth non-viral	33	22	1	0.67	0.45
Ground-truth non-viral	33	23	4	0.67	0.47
Ground-truth non-viral	33	24	5	0.67	0.49
Ground-truth non-viral	33	25	3	0.67	0.51
Ground-truth non-viral	33	26	1	0.67	0.53
Ground-truth non-viral	33	27	1	0.67	0.55
Ground-truth non-viral	33	28	5	0.67	0.57
Ground-truth non-viral	33	29	6	0.67	0.59
Ground-truth non-viral	33	30	5	0.67	0.61
Ground-truth non-viral	33	31	2	0.67	0.63
Ground-truth non-viral	33	32	5	0.67	0.65
Ground-truth non-viral	33	33	2	0.67	0.67
Ground-truth non-viral	33	34	5	0.67	0.69
Ground-truth non-viral	33	35	4	0.67	0.71
Ground-truth non-viral	33	36	4	0.67	0.73
Ground-truth non-viral	33	37	9	0.67	0.75
Ground-truth non-viral	33	38	2	0.67	0.77
Ground-truth non-viral	33	39	4	0.67	0.79
Ground-truth non-viral	33	40	6	0.67	0.81
Ground-truth non-viral	33	41	2	0.67	0.83
Ground-truth non-viral	33	42	3	0.67	0.85
Ground-truth non-viral	33	43	2	0.67	0.87
Ground-truth non-viral	33	44	3	0.67	0.89
Ground-truth non-viral	33	45	5	0.67	0.91
Ground-truth non-viral	33	46	7	0.67	0.93
Ground-truth non-viral	33	47	9	0.67	0.95
Ground-truth non-viral	33	48	3	0.67	0.97
Ground-truth non-viral	33	49	66	0.67	0.99
Ground-truth non-viral	34	0	36483	0.69	0.01
Ground-truth non-viral	34	1	29	0.69	0.03
Ground-truth non-viral	34	2	2643	0.69	0.05
Ground-truth non-viral	34	3	73	0.69	0.07
Ground-truth non-viral	34	4	560	0.69	0.09
Ground-truth non-viral	34	5	382	0.69	0.11
Ground-truth non-viral	34	6	98	0.69	0.13
Ground-truth non-viral	34	7	330	0.69	0.15
Ground-truth non-viral	34	8	75	0.69	0.17
Ground-truth non-viral	34	9	165	0.69	0.19
Ground-truth non-viral	34	10	132	0.69	0.21
Ground-truth non-viral	34	11	77	0.69	0.23
Ground-truth non-viral	34	12	124	0.69	0.25
Ground-truth non-viral	34	13	80	0.69	0.27
Ground-truth non-viral	34	14	90	0.69	0.29
Ground-truth non-viral	34	15	65	0.69	0.31
Ground-truth non-viral	34	16	62	0.69	0.33
Ground-truth non-viral	34	17	80	0.69	0.35
Ground-truth non-viral	34	18	65	0.69	0.37
Ground-truth non-viral	34	19	66	0.69	0.39
Ground-truth non-viral	34	20	70	0.69	0.41
Ground-truth non-viral	34	21	63	0.69	0.43
Ground-truth non-viral	34	22	57	0.69	0.45
Ground-truth non-viral	34	23	73	0.69	0.47
Ground-truth non-viral	34	24	62	0.69	0.49
Ground-truth non-viral	34	25	56	0.69	0.51
Ground-truth non-viral	34	26	44	0.69	0.53
Ground-truth non-viral	34	27	58	0.69	0.55
Ground-truth non-viral	34	28	63	0.69	0.57
Ground-truth non-viral	34	29	59	0.69	0.59
Ground-truth non-viral	34	30	55	0.69	0.61
Ground-truth non-viral	34	31	64	0.69	0.63
Ground-truth non-viral	34	32	39	0.69	0.65
Ground-truth non-viral	34	33	64	0.69	0.67
Ground-truth non-viral	34	34	75	0.69	0.69
Ground-truth non-viral	34	35	54	0.69	0.71
Ground-truth non-viral	34	36	64	0.69	0.73
Ground-truth non-viral	34	37	73	0.69	0.75
Ground-truth non-viral	34	38	70	0.69	0.77
Ground-truth non-viral	34	39	68	0.69	0.79
Ground-truth non-viral	34	40	84	0.69	0.81
Ground-truth non-viral	34	41	53	0.69	0.83
Ground-truth non-viral	34	42	100	0.69	0.85
Ground-truth non-viral	34	43	86	0.69	0.87
Ground-truth non-viral	34	44	102	0.69	0.89
Ground-truth non-viral	34	45	136	0.69	0.91
Ground-truth non-viral	34	46	68	0.69	0.93
Ground-truth non-viral	34	47	251	0.69	0.95
Ground-truth non-viral	34	48	38	0.69	0.97
Ground-truth non-viral	34	49	860	0.69	0.99
Ground-truth non-viral	35	0	836	0.71	0.01
Ground-truth non-viral	35	1	5	0.71	0.03
Ground-truth non-viral	35	2	72	0.71	0.05
Ground-truth non-viral	35	3	8	0.71	0.07
Ground-truth non-viral	35	4	17	0.71	0.09
Ground-truth non-viral	35	5	12	0.71	0.11
Ground-truth non-viral	35	6	10	0.71	0.13
Ground-truth non-viral	35	7	22	0.71	0.15
Ground-truth non-viral	35	8	7	0.71	0.17
Ground-truth non-viral	35	9	4	0.71	0.19
Ground-truth non-viral	35	10	8	0.71	0.21
Ground-truth non-viral	35	11	8	0.71	0.23
Ground-truth non-viral	35	12	10	0.71	0.25
Ground-truth non-viral	35	13	2	0.71	0.27
Ground-truth non-viral	35	14	9	0.71	0.29
Ground-truth non-viral	35	15	5	0.71	0.31
Ground-truth non-viral	35	16	6	0.71	0.33
Ground-truth non-viral	35	17	8	0.71	0.35
Ground-truth non-viral	35	18	5	0.71	0.37
Ground-truth non-viral	35	19	3	0.71	0.39
Ground-truth non-viral	35	20	5	0.71	0.41
Ground-truth non-viral	35	21	6	0.71	0.43
Ground-truth non-viral	35	22	3	0.71	0.45
Ground-truth non-viral	35	23	4	0.71	0.47
Ground-truth non-viral	35	24	1	0.71	0.49
Ground-truth non-viral	35	25	4	0.71	0.51
Ground-truth non-viral	35	26	4	0.71	0.53
Ground-truth non-viral	35	27	3	0.71	0.55
Ground-truth non-viral	35	28	6	0.71	0.57
Ground-truth non-viral	35	29	4	0.71	0.59
Ground-truth non-viral	35	30	3	0.71	0.61
Ground-truth non-viral	35	31	3	0.71	0.63
Ground-truth non-viral	35	32	4	0.71	0.65
Ground-truth non-viral	35	33	6	0.71	0.67
Ground-truth non-viral	35	34	5	0.71	0.69
Ground-truth non-viral	35	35	4	0.71	0.71
Ground-truth non-viral	35	36	3	0.71	0.73
Ground-truth non-viral	35	37	4	0.71	0.75
Ground-truth non-viral	35	38	4	0.71	0.77
Ground-truth non-viral	35	39	8	0.71	0.79
Ground-truth non-viral	35	40	5	0.71	0.81
Ground-truth non-viral	35	41	9	0.71	0.83
Ground-truth non-viral	35	42	3	0.71	0.85
Ground-truth non-viral	35	43	2	0.71	0.87
Ground-truth non-viral	35	44	4	0.71	0.89
Ground-truth non-viral	35	45	10	0.71	0.91
Ground-truth non-viral	35	47	8	0.71	0.95
Ground-truth non-viral	35	48	4	0.71	0.97
Ground-truth non-viral	35	49	45	0.71	0.99
Ground-truth non-viral	36	0	778	0.73	0.01
Ground-truth non-viral	36	1	5	0.73	0.03
Ground-truth non-viral	36	2	53	0.73	0.05
Ground-truth non-viral	36	3	2	0.73	0.07
Ground-truth non-viral	36	4	18	0.73	0.09
Ground-truth non-viral	36	5	14	0.73	0.11
Ground-truth non-viral	36	6	11	0.73	0.13
Ground-truth non-viral	36	7	17	0.73	0.15
Ground-truth non-viral	36	8	9	0.73	0.17
Ground-truth non-viral	36	9	8	0.73	0.19
Ground-truth non-viral	36	10	11	0.73	0.21
Ground-truth non-viral	36	11	6	0.73	0.23
Ground-truth non-viral	36	12	8	0.73	0.25
Ground-truth non-viral	36	13	6	0.73	0.27
Ground-truth non-viral	36	14	3	0.73	0.29
Ground-truth non-viral	36	15	1	0.73	0.31
Ground-truth non-viral	36	16	3	0.73	0.33
Ground-truth non-viral	36	17	6	0.73	0.35
Ground-truth non-viral	36	18	6	0.73	0.37
Ground-truth non-viral	36	19	5	0.73	0.39
Ground-truth non-viral	36	20	3	0.73	0.41
Ground-truth non-viral	36	21	3	0.73	0.43
Ground-truth non-viral	36	22	2	0.73	0.45
Ground-truth non-viral	36	23	3	0.73	0.47
Ground-truth non-viral	36	24	7	0.73	0.49
Ground-truth non-viral	36	25	2	0.73	0.51
Ground-truth non-viral	36	26	3	0.73	0.53
Ground-truth non-viral	36	27	1	0.73	0.55
Ground-truth non-viral	36	28	2	0.73	0.57
Ground-truth non-viral	36	29	3	0.73	0.59
Ground-truth non-viral	36	31	4	0.73	0.63
Ground-truth non-viral	36	32	7	0.73	0.65
Ground-truth non-viral	36	33	3	0.73	0.67
Ground-truth non-viral	36	34	5	0.73	0.69
Ground-truth non-viral	36	35	4	0.73	0.71
Ground-truth non-viral	36	36	5	0.73	0.73
Ground-truth non-viral	36	37	5	0.73	0.75
Ground-truth non-viral	36	38	2	0.73	0.77
Ground-truth non-viral	36	39	6	0.73	0.79
Ground-truth non-viral	36	40	3	0.73	0.81
Ground-truth non-viral	36	41	1	0.73	0.83
Ground-truth non-viral	36	42	2	0.73	0.85
Ground-truth non-viral	36	43	3	0.73	0.87
Ground-truth non-viral	36	44	2	0.73	0.89
Ground-truth non-viral	36	45	6	0.73	0.91
Ground-truth non-viral	36	46	3	0.73	0.93
Ground-truth non-viral	36	47	13	0.73	0.95
Ground-truth non-viral	36	49	55	0.73	0.99
Ground-truth non-viral	37	0	800	0.75	0.01
Ground-truth non-viral	37	1	1	0.75	0.03
Ground-truth non-viral	37	2	57	0.75	0.05
Ground-truth non-viral	37	3	3	0.75	0.07
Ground-truth non-viral	37	4	13	0.75	0.09
Ground-truth non-viral	37	5	18	0.75	0.11
Ground-truth non-viral	37	6	5	0.75	0.13
Ground-truth non-viral	37	7	12	0.75	0.15
Ground-truth non-viral	37	8	11	0.75	0.17
Ground-truth non-viral	37	9	9	0.75	0.19
Ground-truth non-viral	37	10	7	0.75	0.21
Ground-truth non-viral	37	11	7	0.75	0.23
Ground-truth non-viral	37	12	7	0.75	0.25
Ground-truth non-viral	37	13	4	0.75	0.27
Ground-truth non-viral	37	14	6	0.75	0.29
Ground-truth non-viral	37	15	6	0.75	0.31
Ground-truth non-viral	37	16	3	0.75	0.33
Ground-truth non-viral	37	17	7	0.75	0.35
Ground-truth non-viral	37	18	5	0.75	0.37
Ground-truth non-viral	37	19	6	0.75	0.39
Ground-truth non-viral	37	20	3	0.75	0.41
Ground-truth non-viral	37	21	6	0.75	0.43
Ground-truth non-viral	37	22	7	0.75	0.45
Ground-truth non-viral	37	23	5	0.75	0.47
Ground-truth non-viral	37	24	4	0.75	0.49
Ground-truth non-viral	37	25	5	0.75	0.51
Ground-truth non-viral	37	26	6	0.75	0.53
Ground-truth non-viral	37	27	2	0.75	0.55
Ground-truth non-viral	37	28	7	0.75	0.57
Ground-truth non-viral	37	29	7	0.75	0.59
Ground-truth non-viral	37	30	4	0.75	0.61
Ground-truth non-viral	37	31	6	0.75	0.63
Ground-truth non-viral	37	32	5	0.75	0.65
Ground-truth non-viral	37	33	6	0.75	0.67
Ground-truth non-viral	37	34	6	0.75	0.69
Ground-truth non-viral	37	35	6	0.75	0.71
Ground-truth non-viral	37	36	11	0.75	0.73
Ground-truth non-viral	37	37	3	0.75	0.75
Ground-truth non-viral	37	38	7	0.75	0.77
Ground-truth non-viral	37	39	3	0.75	0.79
Ground-truth non-viral	37	40	6	0.75	0.81
Ground-truth non-viral	37	41	4	0.75	0.83
Ground-truth non-viral	37	42	11	0.75	0.85
Ground-truth non-viral	37	43	5	0.75	0.87
Ground-truth non-viral	37	44	6	0.75	0.89
Ground-truth non-viral	37	45	6	0.75	0.91
Ground-truth non-viral	37	46	3	0.75	0.93
Ground-truth non-viral	37	47	20	0.75	0.95
Ground-truth non-viral	37	48	3	0.75	0.97
Ground-truth non-viral	37	49	57	0.75	0.99
Ground-truth non-viral	38	0	751	0.77	0.01
Ground-truth non-viral	38	1	2	0.77	0.03
Ground-truth non-viral	38	2	49	0.77	0.05
Ground-truth non-viral	38	3	3	0.77	0.07
Ground-truth non-viral	38	4	28	0.77	0.09
Ground-truth non-viral	38	5	10	0.77	0.11
Ground-truth non-viral	38	6	3	0.77	0.13
Ground-truth non-viral	38	7	10	0.77	0.15
Ground-truth non-viral	38	8	4	0.77	0.17
Ground-truth non-viral	38	9	5	0.77	0.19
Ground-truth non-viral	38	10	8	0.77	0.21
Ground-truth non-viral	38	11	6	0.77	0.23
Ground-truth non-viral	38	12	6	0.77	0.25
Ground-truth non-viral	38	13	1	0.77	0.27
Ground-truth non-viral	38	14	1	0.77	0.29
Ground-truth non-viral	38	15	9	0.77	0.31
Ground-truth non-viral	38	16	3	0.77	0.33
Ground-truth non-viral	38	17	3	0.77	0.35
Ground-truth non-viral	38	19	2	0.77	0.39
Ground-truth non-viral	38	20	4	0.77	0.41
Ground-truth non-viral	38	21	2	0.77	0.43
Ground-truth non-viral	38	22	2	0.77	0.45
Ground-truth non-viral	38	23	3	0.77	0.47
Ground-truth non-viral	38	24	4	0.77	0.49
Ground-truth non-viral	38	25	4	0.77	0.51
Ground-truth non-viral	38	26	7	0.77	0.53
Ground-truth non-viral	38	27	4	0.77	0.55
Ground-truth non-viral	38	28	3	0.77	0.57
Ground-truth non-viral	38	29	4	0.77	0.59
Ground-truth non-viral	38	30	7	0.77	0.61
Ground-truth non-viral	38	31	1	0.77	0.63
Ground-truth non-viral	38	32	4	0.77	0.65
Ground-truth non-viral	38	33	6	0.77	0.67
Ground-truth non-viral	38	34	5	0.77	0.69
Ground-truth non-viral	38	35	5	0.77	0.71
Ground-truth non-viral	38	36	4	0.77	0.73
Ground-truth non-viral	38	38	4	0.77	0.77
Ground-truth non-viral	38	39	6	0.77	0.79
Ground-truth non-viral	38	40	5	0.77	0.81
Ground-truth non-viral	38	41	2	0.77	0.83
Ground-truth non-viral	38	42	2	0.77	0.85
Ground-truth non-viral	38	43	2	0.77	0.87
Ground-truth non-viral	38	44	9	0.77	0.89
Ground-truth non-viral	38	45	5	0.77	0.91
Ground-truth non-viral	38	46	5	0.77	0.93
Ground-truth non-viral	38	47	16	0.77	0.95
Ground-truth non-viral	38	48	1	0.77	0.97
Ground-truth non-viral	38	49	39	0.77	0.99
Ground-truth non-viral	39	0	662	0.79	0.01
Ground-truth non-viral	39	1	1	0.79	0.03
Ground-truth non-viral	39	2	59	0.79	0.05
Ground-truth non-viral	39	3	7	0.79	0.07
Ground-truth non-viral	39	4	14	0.79	0.09
Ground-truth non-viral	39	5	16	0.79	0.11
Ground-truth non-viral	39	6	5	0.79	0.13
Ground-truth non-viral	39	7	13	0.79	0.15
Ground-truth non-viral	39	8	2	0.79	0.17
Ground-truth non-viral	39	9	7	0.79	0.19
Ground-truth non-viral	39	10	3	0.79	0.21
Ground-truth non-viral	39	11	7	0.79	0.23
Ground-truth non-viral	39	12	3	0.79	0.25
Ground-truth non-viral	39	13	10	0.79	0.27
Ground-truth non-viral	39	14	7	0.79	0.29
Ground-truth non-viral	39	15	6	0.79	0.31
Ground-truth non-viral	39	16	2	0.79	0.33
Ground-truth non-viral	39	17	4	0.79	0.35
Ground-truth non-viral	39	18	3	0.79	0.37
Ground-truth non-viral	39	19	7	0.79	0.39
Ground-truth non-viral	39	20	2	0.79	0.41
Ground-truth non-viral	39	21	8	0.79	0.43
Ground-truth non-viral	39	22	3	0.79	0.45
Ground-truth non-viral	39	23	3	0.79	0.47
Ground-truth non-viral	39	24	4	0.79	0.49
Ground-truth non-viral	39	25	4	0.79	0.51
Ground-truth non-viral	39	26	3	0.79	0.53
Ground-truth non-viral	39	27	2	0.79	0.55
Ground-truth non-viral	39	28	2	0.79	0.57
Ground-truth non-viral	39	29	3	0.79	0.59
Ground-truth non-viral	39	30	2	0.79	0.61
Ground-truth non-viral	39	31	4	0.79	0.63
Ground-truth non-viral	39	32	2	0.79	0.65
Ground-truth non-viral	39	33	4	0.79	0.67
Ground-truth non-viral	39	34	6	0.79	0.69
Ground-truth non-viral	39	35	4	0.79	0.71
Ground-truth non-viral	39	36	10	0.79	0.73
Ground-truth non-viral	39	37	4	0.79	0.75
Ground-truth non-viral	39	38	4	0.79	0.77
Ground-truth non-viral	39	39	7	0.79	0.79
Ground-truth non-viral	39	40	2	0.79	0.81
Ground-truth non-viral	39	41	5	0.79	0.83
Ground-truth non-viral	39	42	9	0.79	0.85
Ground-truth non-viral	39	43	8	0.79	0.87
Ground-truth non-viral	39	44	5	0.79	0.89
Ground-truth non-viral	39	45	6	0.79	0.91
Ground-truth non-viral	39	46	2	0.79	0.93
Ground-truth non-viral	39	47	15	0.79	0.95
Ground-truth non-viral	39	48	2	0.79	0.97
Ground-truth non-viral	39	49	58	0.79	0.99
Ground-truth non-viral	40	0	722	0.81	0.01
Ground-truth non-viral	40	1	4	0.81	0.03
Ground-truth non-viral	40	2	61	0.81	0.05
Ground-truth non-viral	40	3	6	0.81	0.07
Ground-truth non-viral	40	4	17	0.81	0.09
Ground-truth non-viral	40	5	11	0.81	0.11
Ground-truth non-viral	40	6	8	0.81	0.13
Ground-truth non-viral	40	7	3	0.81	0.15
Ground-truth non-viral	40	8	7	0.81	0.17
Ground-truth non-viral	40	9	12	0.81	0.19
Ground-truth non-viral	40	10	3	0.81	0.21
Ground-truth non-viral	40	11	5	0.81	0.23
Ground-truth non-viral	40	12	9	0.81	0.25
Ground-truth non-viral	40	13	4	0.81	0.27
Ground-truth non-viral	40	14	3	0.81	0.29
Ground-truth non-viral	40	15	2	0.81	0.31
Ground-truth non-viral	40	16	5	0.81	0.33
Ground-truth non-viral	40	17	3	0.81	0.35
Ground-truth non-viral	40	18	4	0.81	0.37
Ground-truth non-viral	40	19	3	0.81	0.39
Ground-truth non-viral	40	20	2	0.81	0.41
Ground-truth non-viral	40	21	2	0.81	0.43
Ground-truth non-viral	40	22	5	0.81	0.45
Ground-truth non-viral	40	23	3	0.81	0.47
Ground-truth non-viral	40	24	2	0.81	0.49
Ground-truth non-viral	40	25	4	0.81	0.51
Ground-truth non-viral	40	26	4	0.81	0.53
Ground-truth non-viral	40	27	2	0.81	0.55
Ground-truth non-viral	40	28	2	0.81	0.57
Ground-truth non-viral	40	29	5	0.81	0.59
Ground-truth non-viral	40	30	7	0.81	0.61
Ground-truth non-viral	40	31	2	0.81	0.63
Ground-truth non-viral	40	32	6	0.81	0.65
Ground-truth non-viral	40	33	9	0.81	0.67
Ground-truth non-viral	40	34	5	0.81	0.69
Ground-truth non-viral	40	35	1	0.81	0.71
Ground-truth non-viral	40	36	2	0.81	0.73
Ground-truth non-viral	40	37	4	0.81	0.75
Ground-truth non-viral	40	38	4	0.81	0.77
Ground-truth non-viral	40	39	5	0.81	0.79
Ground-truth non-viral	40	40	8	0.81	0.81
Ground-truth non-viral	40	41	5	0.81	0.83
Ground-truth non-viral	40	42	7	0.81	0.85
Ground-truth non-viral	40	43	3	0.81	0.87
Ground-truth non-viral	40	44	11	0.81	0.89
Ground-truth non-viral	40	45	6	0.81	0.91
Ground-truth non-viral	40	46	5	0.81	0.93
Ground-truth non-viral	40	47	21	0.81	0.95
Ground-truth non-viral	40	48	2	0.81	0.97
Ground-truth non-viral	40	49	51	0.81	0.99
Ground-truth non-viral	41	0	708	0.83	0.01
Ground-truth non-viral	41	1	4	0.83	0.03
Ground-truth non-viral	41	2	58	0.83	0.05
Ground-truth non-viral	41	3	7	0.83	0.07
Ground-truth non-viral	41	4	12	0.83	0.09
Ground-truth non-viral	41	5	18	0.83	0.11
Ground-truth non-viral	41	6	2	0.83	0.13
Ground-truth non-viral	41	7	11	0.83	0.15
Ground-truth non-viral	41	8	5	0.83	0.17
Ground-truth non-viral	41	9	3	0.83	0.19
Ground-truth non-viral	41	10	5	0.83	0.21
Ground-truth non-viral	41	11	8	0.83	0.23
Ground-truth non-viral	41	12	4	0.83	0.25
Ground-truth non-viral	41	13	5	0.83	0.27
Ground-truth non-viral	41	14	10	0.83	0.29
Ground-truth non-viral	41	15	9	0.83	0.31
Ground-truth non-viral	41	16	2	0.83	0.33
Ground-truth non-viral	41	17	3	0.83	0.35
Ground-truth non-viral	41	18	5	0.83	0.37
Ground-truth non-viral	41	19	4	0.83	0.39
Ground-truth non-viral	41	20	5	0.83	0.41
Ground-truth non-viral	41	21	6	0.83	0.43
Ground-truth non-viral	41	22	5	0.83	0.45
Ground-truth non-viral	41	23	9	0.83	0.47
Ground-truth non-viral	41	24	9	0.83	0.49
Ground-truth non-viral	41	25	5	0.83	0.51
Ground-truth non-viral	41	26	1	0.83	0.53
Ground-truth non-viral	41	27	3	0.83	0.55
Ground-truth non-viral	41	28	2	0.83	0.57
Ground-truth non-viral	41	29	5	0.83	0.59
Ground-truth non-viral	41	30	5	0.83	0.61
Ground-truth non-viral	41	31	2	0.83	0.63
Ground-truth non-viral	41	32	4	0.83	0.65
Ground-truth non-viral	41	33	7	0.83	0.67
Ground-truth non-viral	41	34	4	0.83	0.69
Ground-truth non-viral	41	35	4	0.83	0.71
Ground-truth non-viral	41	36	1	0.83	0.73
Ground-truth non-viral	41	37	3	0.83	0.75
Ground-truth non-viral	41	38	1	0.83	0.77
Ground-truth non-viral	41	39	2	0.83	0.79
Ground-truth non-viral	41	40	4	0.83	0.81
Ground-truth non-viral	41	41	4	0.83	0.83
Ground-truth non-viral	41	42	8	0.83	0.85
Ground-truth non-viral	41	43	7	0.83	0.87
Ground-truth non-viral	41	44	3	0.83	0.89
Ground-truth non-viral	41	45	10	0.83	0.91
Ground-truth non-viral	41	46	2	0.83	0.93
Ground-truth non-viral	41	47	18	0.83	0.95
Ground-truth non-viral	41	48	3	0.83	0.97
Ground-truth non-viral	41	49	61	0.83	0.99
Ground-truth non-viral	42	0	683	0.85	0.01
Ground-truth non-viral	42	1	4	0.85	0.03
Ground-truth non-viral	42	2	60	0.85	0.05
Ground-truth non-viral	42	3	2	0.85	0.07
Ground-truth non-viral	42	4	28	0.85	0.09
Ground-truth non-viral	42	5	11	0.85	0.11
Ground-truth non-viral	42	6	8	0.85	0.13
Ground-truth non-viral	42	7	17	0.85	0.15
Ground-truth non-viral	42	8	10	0.85	0.17
Ground-truth non-viral	42	9	5	0.85	0.19
Ground-truth non-viral	42	10	7	0.85	0.21
Ground-truth non-viral	42	11	6	0.85	0.23
Ground-truth non-viral	42	12	6	0.85	0.25
Ground-truth non-viral	42	13	4	0.85	0.27
Ground-truth non-viral	42	14	5	0.85	0.29
Ground-truth non-viral	42	15	5	0.85	0.31
Ground-truth non-viral	42	16	4	0.85	0.33
Ground-truth non-viral	42	17	5	0.85	0.35
Ground-truth non-viral	42	18	6	0.85	0.37
Ground-truth non-viral	42	19	2	0.85	0.39
Ground-truth non-viral	42	20	4	0.85	0.41
Ground-truth non-viral	42	21	7	0.85	0.43
Ground-truth non-viral	42	22	4	0.85	0.45
Ground-truth non-viral	42	23	3	0.85	0.47
Ground-truth non-viral	42	24	3	0.85	0.49
Ground-truth non-viral	42	25	6	0.85	0.51
Ground-truth non-viral	42	26	5	0.85	0.53
Ground-truth non-viral	42	27	8	0.85	0.55
Ground-truth non-viral	42	28	4	0.85	0.57
Ground-truth non-viral	42	29	3	0.85	0.59
Ground-truth non-viral	42	30	4	0.85	0.61
Ground-truth non-viral	42	31	3	0.85	0.63
Ground-truth non-viral	42	32	3	0.85	0.65
Ground-truth non-viral	42	33	6	0.85	0.67
Ground-truth non-viral	42	34	5	0.85	0.69
Ground-truth non-viral	42	35	4	0.85	0.71
Ground-truth non-viral	42	36	10	0.85	0.73
Ground-truth non-viral	42	37	5	0.85	0.75
Ground-truth non-viral	42	38	3	0.85	0.77
Ground-truth non-viral	42	39	5	0.85	0.79
Ground-truth non-viral	42	40	7	0.85	0.81
Ground-truth non-viral	42	41	7	0.85	0.83
Ground-truth non-viral	42	42	14	0.85	0.85
Ground-truth non-viral	42	43	5	0.85	0.87
Ground-truth non-viral	42	44	10	0.85	0.89
Ground-truth non-viral	42	45	12	0.85	0.91
Ground-truth non-viral	42	46	5	0.85	0.93
Ground-truth non-viral	42	47	24	0.85	0.95
Ground-truth non-viral	42	48	4	0.85	0.97
Ground-truth non-viral	42	49	66	0.85	0.99
Ground-truth non-viral	43	0	709	0.87	0.01
Ground-truth non-viral	43	1	5	0.87	0.03
Ground-truth non-viral	43	2	65	0.87	0.05
Ground-truth non-viral	43	3	1	0.87	0.07
Ground-truth non-viral	43	4	12	0.87	0.09
Ground-truth non-viral	43	5	13	0.87	0.11
Ground-truth non-viral	43	6	9	0.87	0.13
Ground-truth non-viral	43	7	6	0.87	0.15
Ground-truth non-viral	43	8	5	0.87	0.17
Ground-truth non-viral	43	9	6	0.87	0.19
Ground-truth non-viral	43	10	5	0.87	0.21
Ground-truth non-viral	43	11	8	0.87	0.23
Ground-truth non-viral	43	12	9	0.87	0.25
Ground-truth non-viral	43	13	1	0.87	0.27
Ground-truth non-viral	43	14	10	0.87	0.29
Ground-truth non-viral	43	15	4	0.87	0.31
Ground-truth non-viral	43	16	3	0.87	0.33
Ground-truth non-viral	43	17	3	0.87	0.35
Ground-truth non-viral	43	18	4	0.87	0.37
Ground-truth non-viral	43	19	7	0.87	0.39
Ground-truth non-viral	43	20	4	0.87	0.41
Ground-truth non-viral	43	21	2	0.87	0.43
Ground-truth non-viral	43	22	5	0.87	0.45
Ground-truth non-viral	43	23	8	0.87	0.47
Ground-truth non-viral	43	24	3	0.87	0.49
Ground-truth non-viral	43	25	4	0.87	0.51
Ground-truth non-viral	43	26	5	0.87	0.53
Ground-truth non-viral	43	27	5	0.87	0.55
Ground-truth non-viral	43	28	8	0.87	0.57
Ground-truth non-viral	43	29	3	0.87	0.59
Ground-truth non-viral	43	30	3	0.87	0.61
Ground-truth non-viral	43	31	7	0.87	0.63
Ground-truth non-viral	43	32	3	0.87	0.65
Ground-truth non-viral	43	33	2	0.87	0.67
Ground-truth non-viral	43	34	3	0.87	0.69
Ground-truth non-viral	43	35	4	0.87	0.71
Ground-truth non-viral	43	36	4	0.87	0.73
Ground-truth non-viral	43	37	6	0.87	0.75
Ground-truth non-viral	43	38	9	0.87	0.77
Ground-truth non-viral	43	39	2	0.87	0.79
Ground-truth non-viral	43	40	6	0.87	0.81
Ground-truth non-viral	43	41	5	0.87	0.83
Ground-truth non-viral	43	42	7	0.87	0.85
Ground-truth non-viral	43	43	8	0.87	0.87
Ground-truth non-viral	43	44	12	0.87	0.89
Ground-truth non-viral	43	45	10	0.87	0.91
Ground-truth non-viral	43	46	4	0.87	0.93
Ground-truth non-viral	43	47	26	0.87	0.95
Ground-truth non-viral	43	48	4	0.87	0.97
Ground-truth non-viral	43	49	103	0.87	0.99
Ground-truth non-viral	44	0	690	0.89	0.01
Ground-truth non-viral	44	1	5	0.89	0.03
Ground-truth non-viral	44	2	51	0.89	0.05
Ground-truth non-viral	44	3	2	0.89	0.07
Ground-truth non-viral	44	4	19	0.89	0.09
Ground-truth non-viral	44	5	8	0.89	0.11
Ground-truth non-viral	44	6	13	0.89	0.13
Ground-truth non-viral	44	7	12	0.89	0.15
Ground-truth non-viral	44	8	2	0.89	0.17
Ground-truth non-viral	44	9	12	0.89	0.19
Ground-truth non-viral	44	10	8	0.89	0.21
Ground-truth non-viral	44	11	7	0.89	0.23
Ground-truth non-viral	44	12	4	0.89	0.25
Ground-truth non-viral	44	13	7	0.89	0.27
Ground-truth non-viral	44	14	3	0.89	0.29
Ground-truth non-viral	44	15	2	0.89	0.31
Ground-truth non-viral	44	16	8	0.89	0.33
Ground-truth non-viral	44	17	5	0.89	0.35
Ground-truth non-viral	44	18	4	0.89	0.37
Ground-truth non-viral	44	19	4	0.89	0.39
Ground-truth non-viral	44	20	2	0.89	0.41
Ground-truth non-viral	44	21	2	0.89	0.43
Ground-truth non-viral	44	22	5	0.89	0.45
Ground-truth non-viral	44	23	5	0.89	0.47
Ground-truth non-viral	44	24	3	0.89	0.49
Ground-truth non-viral	44	25	5	0.89	0.51
Ground-truth non-viral	44	26	5	0.89	0.53
Ground-truth non-viral	44	27	6	0.89	0.55
Ground-truth non-viral	44	28	4	0.89	0.57
Ground-truth non-viral	44	29	5	0.89	0.59
Ground-truth non-viral	44	30	2	0.89	0.61
Ground-truth non-viral	44	31	4	0.89	0.63
Ground-truth non-viral	44	32	4	0.89	0.65
Ground-truth non-viral	44	33	3	0.89	0.67
Ground-truth non-viral	44	34	5	0.89	0.69
Ground-truth non-viral	44	35	6	0.89	0.71
Ground-truth non-viral	44	36	7	0.89	0.73
Ground-truth non-viral	44	37	8	0.89	0.75
Ground-truth non-viral	44	38	6	0.89	0.77
Ground-truth non-viral	44	39	3	0.89	0.79
Ground-truth non-viral	44	40	7	0.89	0.81
Ground-truth non-viral	44	41	4	0.89	0.83
Ground-truth non-viral	44	42	9	0.89	0.85
Ground-truth non-viral	44	43	3	0.89	0.87
Ground-truth non-viral	44	44	6	0.89	0.89
Ground-truth non-viral	44	45	8	0.89	0.91
Ground-truth non-viral	44	46	8	0.89	0.93
Ground-truth non-viral	44	47	30	0.89	0.95
Ground-truth non-viral	44	48	6	0.89	0.97
Ground-truth non-viral	44	49	90	0.89	0.99
Ground-truth non-viral	45	0	706	0.91	0.01
Ground-truth non-viral	45	1	6	0.91	0.03
Ground-truth non-viral	45	2	67	0.91	0.05
Ground-truth non-viral	45	3	15	0.91	0.07
Ground-truth non-viral	45	4	21	0.91	0.09
Ground-truth non-viral	45	5	16	0.91	0.11
Ground-truth non-viral	45	6	12	0.91	0.13
Ground-truth non-viral	45	7	9	0.91	0.15
Ground-truth non-viral	45	8	6	0.91	0.17
Ground-truth non-viral	45	9	8	0.91	0.19
Ground-truth non-viral	45	10	6	0.91	0.21
Ground-truth non-viral	45	11	6	0.91	0.23
Ground-truth non-viral	45	12	7	0.91	0.25
Ground-truth non-viral	45	13	8	0.91	0.27
Ground-truth non-viral	45	14	6	0.91	0.29
Ground-truth non-viral	45	15	3	0.91	0.31
Ground-truth non-viral	45	16	10	0.91	0.33
Ground-truth non-viral	45	17	5	0.91	0.35
Ground-truth non-viral	45	18	5	0.91	0.37
Ground-truth non-viral	45	19	7	0.91	0.39
Ground-truth non-viral	45	20	3	0.91	0.41
Ground-truth non-viral	45	21	3	0.91	0.43
Ground-truth non-viral	45	22	6	0.91	0.45
Ground-truth non-viral	45	23	5	0.91	0.47
Ground-truth non-viral	45	24	9	0.91	0.49
Ground-truth non-viral	45	25	4	0.91	0.51
Ground-truth non-viral	45	26	1	0.91	0.53
Ground-truth non-viral	45	27	5	0.91	0.55
Ground-truth non-viral	45	28	5	0.91	0.57
Ground-truth non-viral	45	29	7	0.91	0.59
Ground-truth non-viral	45	30	3	0.91	0.61
Ground-truth non-viral	45	31	6	0.91	0.63
Ground-truth non-viral	45	32	7	0.91	0.65
Ground-truth non-viral	45	33	2	0.91	0.67
Ground-truth non-viral	45	34	6	0.91	0.69
Ground-truth non-viral	45	35	8	0.91	0.71
Ground-truth non-viral	45	36	9	0.91	0.73
Ground-truth non-viral	45	37	6	0.91	0.75
Ground-truth non-viral	45	38	3	0.91	0.77
Ground-truth non-viral	45	39	7	0.91	0.79
Ground-truth non-viral	45	40	5	0.91	0.81
Ground-truth non-viral	45	41	6	0.91	0.83
Ground-truth non-viral	45	42	14	0.91	0.85
Ground-truth non-viral	45	43	3	0.91	0.87
Ground-truth non-viral	45	44	7	0.91	0.89
Ground-truth non-viral	45	45	12	0.91	0.91
Ground-truth non-viral	45	46	8	0.91	0.93
Ground-truth non-viral	45	47	33	0.91	0.95
Ground-truth non-viral	45	48	4	0.91	0.97
Ground-truth non-viral	45	49	96	0.91	0.99
Ground-truth non-viral	46	0	700	0.93	0.01
Ground-truth non-viral	46	1	1	0.93	0.03
Ground-truth non-viral	46	2	72	0.93	0.05
Ground-truth non-viral	46	3	3	0.93	0.07
Ground-truth non-viral	46	4	21	0.93	0.09
Ground-truth non-viral	46	5	18	0.93	0.11
Ground-truth non-viral	46	6	11	0.93	0.13
Ground-truth non-viral	46	7	17	0.93	0.15
Ground-truth non-viral	46	8	3	0.93	0.17
Ground-truth non-viral	46	9	11	0.93	0.19
Ground-truth non-viral	46	10	4	0.93	0.21
Ground-truth non-viral	46	11	6	0.93	0.23
Ground-truth non-viral	46	12	9	0.93	0.25
Ground-truth non-viral	46	13	6	0.93	0.27
Ground-truth non-viral	46	14	10	0.93	0.29
Ground-truth non-viral	46	15	10	0.93	0.31
Ground-truth non-viral	46	16	10	0.93	0.33
Ground-truth non-viral	46	17	9	0.93	0.35
Ground-truth non-viral	46	18	3	0.93	0.37
Ground-truth non-viral	46	19	1	0.93	0.39
Ground-truth non-viral	46	20	5	0.93	0.41
Ground-truth non-viral	46	21	9	0.93	0.43
Ground-truth non-viral	46	22	4	0.93	0.45
Ground-truth non-viral	46	23	3	0.93	0.47
Ground-truth non-viral	46	24	2	0.93	0.49
Ground-truth non-viral	46	25	6	0.93	0.51
Ground-truth non-viral	46	26	4	0.93	0.53
Ground-truth non-viral	46	27	7	0.93	0.55
Ground-truth non-viral	46	28	8	0.93	0.57
Ground-truth non-viral	46	29	6	0.93	0.59
Ground-truth non-viral	46	30	7	0.93	0.61
Ground-truth non-viral	46	31	9	0.93	0.63
Ground-truth non-viral	46	32	6	0.93	0.65
Ground-truth non-viral	46	33	2	0.93	0.67
Ground-truth non-viral	46	34	5	0.93	0.69
Ground-truth non-viral	46	35	6	0.93	0.71
Ground-truth non-viral	46	36	5	0.93	0.73
Ground-truth non-viral	46	37	7	0.93	0.75
Ground-truth non-viral	46	38	4	0.93	0.77
Ground-truth non-viral	46	39	5	0.93	0.79
Ground-truth non-viral	46	40	6	0.93	0.81
Ground-truth non-viral	46	41	10	0.93	0.83
Ground-truth non-viral	46	42	15	0.93	0.85
Ground-truth non-viral	46	43	5	0.93	0.87
Ground-truth non-viral	46	44	14	0.93	0.89
Ground-truth non-viral	46	45	16	0.93	0.91
Ground-truth non-viral	46	46	5	0.93	0.93
Ground-truth non-viral	46	47	48	0.93	0.95
Ground-truth non-viral	46	48	4	0.93	0.97
Ground-truth non-viral	46	49	149	0.93	0.99
Ground-truth non-viral	47	0	671	0.95	0.01
Ground-truth non-viral	47	1	1	0.95	0.03
Ground-truth non-viral	47	2	76	0.95	0.05
Ground-truth non-viral	47	3	11	0.95	0.07
Ground-truth non-viral	47	4	28	0.95	0.09
Ground-truth non-viral	47	5	17	0.95	0.11
Ground-truth non-viral	47	6	15	0.95	0.13
Ground-truth non-viral	47	7	16	0.95	0.15
Ground-truth non-viral	47	8	9	0.95	0.17
Ground-truth non-viral	47	9	12	0.95	0.19
Ground-truth non-viral	47	10	4	0.95	0.21
Ground-truth non-viral	47	11	8	0.95	0.23
Ground-truth non-viral	47	12	10	0.95	0.25
Ground-truth non-viral	47	13	3	0.95	0.27
Ground-truth non-viral	47	14	8	0.95	0.29
Ground-truth non-viral	47	15	6	0.95	0.31
Ground-truth non-viral	47	16	10	0.95	0.33
Ground-truth non-viral	47	17	9	0.95	0.35
Ground-truth non-viral	47	18	6	0.95	0.37
Ground-truth non-viral	47	19	10	0.95	0.39
Ground-truth non-viral	47	20	8	0.95	0.41
Ground-truth non-viral	47	21	2	0.95	0.43
Ground-truth non-viral	47	22	7	0.95	0.45
Ground-truth non-viral	47	23	5	0.95	0.47
Ground-truth non-viral	47	24	4	0.95	0.49
Ground-truth non-viral	47	25	10	0.95	0.51
Ground-truth non-viral	47	26	6	0.95	0.53
Ground-truth non-viral	47	27	6	0.95	0.55
Ground-truth non-viral	47	28	6	0.95	0.57
Ground-truth non-viral	47	29	5	0.95	0.59
Ground-truth non-viral	47	30	9	0.95	0.61
Ground-truth non-viral	47	31	8	0.95	0.63
Ground-truth non-viral	47	32	11	0.95	0.65
Ground-truth non-viral	47	33	5	0.95	0.67
Ground-truth non-viral	47	34	6	0.95	0.69
Ground-truth non-viral	47	35	13	0.95	0.71
Ground-truth non-viral	47	36	9	0.95	0.73
Ground-truth non-viral	47	37	12	0.95	0.75
Ground-truth non-viral	47	38	6	0.95	0.77
Ground-truth non-viral	47	39	7	0.95	0.79
Ground-truth non-viral	47	40	10	0.95	0.81
Ground-truth non-viral	47	41	6	0.95	0.83
Ground-truth non-viral	47	42	15	0.95	0.85
Ground-truth non-viral	47	43	8	0.95	0.87
Ground-truth non-viral	47	44	15	0.95	0.89
Ground-truth non-viral	47	45	26	0.95	0.91
Ground-truth non-viral	47	46	6	0.95	0.93
Ground-truth non-viral	47	47	41	0.95	0.95
Ground-truth non-viral	47	48	5	0.95	0.97
Ground-truth non-viral	47	49	180	0.95	0.99
Ground-truth non-viral	48	0	672	0.97	0.01
Ground-truth non-viral	48	1	3	0.97	0.03
Ground-truth non-viral	48	2	81	0.97	0.05
Ground-truth non-viral	48	3	11	0.97	0.07
Ground-truth non-viral	48	4	34	0.97	0.09
Ground-truth non-viral	48	5	17	0.97	0.11
Ground-truth non-viral	48	6	11	0.97	0.13
Ground-truth non-viral	48	7	17	0.97	0.15
Ground-truth non-viral	48	8	15	0.97	0.17
Ground-truth non-viral	48	9	10	0.97	0.19
Ground-truth non-viral	48	10	13	0.97	0.21
Ground-truth non-viral	48	11	10	0.97	0.23
Ground-truth non-viral	48	12	6	0.97	0.25
Ground-truth non-viral	48	13	10	0.97	0.27
Ground-truth non-viral	48	14	6	0.97	0.29
Ground-truth non-viral	48	15	3	0.97	0.31
Ground-truth non-viral	48	16	4	0.97	0.33
Ground-truth non-viral	48	17	2	0.97	0.35
Ground-truth non-viral	48	18	4	0.97	0.37
Ground-truth non-viral	48	19	5	0.97	0.39
Ground-truth non-viral	48	20	8	0.97	0.41
Ground-truth non-viral	48	21	10	0.97	0.43
Ground-truth non-viral	48	22	6	0.97	0.45
Ground-truth non-viral	48	23	10	0.97	0.47
Ground-truth non-viral	48	24	8	0.97	0.49
Ground-truth non-viral	48	25	3	0.97	0.51
Ground-truth non-viral	48	26	10	0.97	0.53
Ground-truth non-viral	48	27	6	0.97	0.55
Ground-truth non-viral	48	28	8	0.97	0.57
Ground-truth non-viral	48	29	5	0.97	0.59
Ground-truth non-viral	48	30	9	0.97	0.61
Ground-truth non-viral	48	31	4	0.97	0.63
Ground-truth non-viral	48	32	8	0.97	0.65
Ground-truth non-viral	48	33	3	0.97	0.67
Ground-truth non-viral	48	34	7	0.97	0.69
Ground-truth non-viral	48	35	8	0.97	0.71
Ground-truth non-viral	48	36	6	0.97	0.73
Ground-truth non-viral	48	37	6	0.97	0.75
Ground-truth non-viral	48	38	5	0.97	0.77
Ground-truth non-viral	48	39	4	0.97	0.79
Ground-truth non-viral	48	40	14	0.97	0.81
Ground-truth non-viral	48	41	10	0.97	0.83
Ground-truth non-viral	48	42	7	0.97	0.85
Ground-truth non-viral	48	43	10	0.97	0.87
Ground-truth non-viral	48	44	16	0.97	0.89
Ground-truth non-viral	48	45	14	0.97	0.91
Ground-truth non-viral	48	46	9	0.97	0.93
Ground-truth non-viral	48	47	42	0.97	0.95
Ground-truth non-viral	48	48	7	0.97	0.97
Ground-truth non-viral	48	49	250	0.97	0.99
Ground-truth non-viral	49	0	524	0.99	0.01
Ground-truth non-viral	49	1	9	0.99	0.03
Ground-truth non-viral	49	2	63	0.99	0.05
Ground-truth non-viral	49	3	6	0.99	0.07
Ground-truth non-viral	49	4	24	0.99	0.09
Ground-truth non-viral	49	5	18	0.99	0.11
Ground-truth non-viral	49	6	16	0.99	0.13
Ground-truth non-viral	49	7	17	0.99	0.15
Ground-truth non-viral	49	8	7	0.99	0.17
Ground-truth non-viral	49	9	8	0.99	0.19
Ground-truth non-viral	49	10	11	0.99	0.21
Ground-truth non-viral	49	11	8	0.99	0.23
Ground-truth non-viral	49	12	10	0.99	0.25
Ground-truth non-viral	49	13	9	0.99	0.27
Ground-truth non-viral	49	14	9	0.99	0.29
Ground-truth non-viral	49	15	13	0.99	0.31
Ground-truth non-viral	49	16	14	0.99	0.33
Ground-truth non-viral	49	17	3	0.99	0.35
Ground-truth non-viral	49	18	10	0.99	0.37
Ground-truth non-viral	49	19	4	0.99	0.39
Ground-truth non-viral	49	20	5	0.99	0.41
Ground-truth non-viral	49	21	10	0.99	0.43
Ground-truth non-viral	49	22	7	0.99	0.45
Ground-truth non-viral	49	23	8	0.99	0.47
Ground-truth non-viral	49	24	13	0.99	0.49
Ground-truth non-viral	49	25	12	0.99	0.51
Ground-truth non-viral	49	26	10	0.99	0.53
Ground-truth non-viral	49	27	9	0.99	0.55
Ground-truth non-viral	49	28	9	0.99	0.57
Ground-truth non-viral	49	29	5	0.99	0.59
Ground-truth non-viral	49	30	10	0.99	0.61
Ground-truth non-viral	49	31	7	0.99	0.63
Ground-truth non-viral	49	32	10	0.99	0.65
Ground-truth non-viral	49	33	13	0.99	0.67
Ground-truth non-viral	49	34	9	0.99	0.69
Ground-truth non-viral	49	35	15	0.99	0.71
Ground-truth non-viral	49	36	5	0.99	0.73
Ground-truth non-viral	49	37	15	0.99	0.75
Ground-truth non-viral	49	38	9	0.99	0.77
Ground-truth non-viral	49	39	8	0.99	0.79
Ground-truth non-viral	49	40	15	0.99	0.81
Ground-truth non-viral	49	41	13	0.99	0.83
Ground-truth non-viral	49	42	25	0.99	0.85
Ground-truth non-viral	49	43	16	0.99	0.87
Ground-truth non-viral	49	44	18	0.99	0.89
Ground-truth non-viral	49	45	26	0.99	0.91
Ground-truth non-viral	49	46	11	0.99	0.93
Ground-truth non-viral	49	47	79	0.99	0.95
Ground-truth non-viral	49	48	7	0.99	0.97
Ground-truth non-viral	49	49	523	0.99	0.99
Ground-truth viral	0	0	785	0.01	0.01
Ground-truth viral	0	1	5	0.01	0.03
Ground-truth viral	0	2	130	0.01	0.05
Ground-truth viral	0	3	16	0.01	0.07
Ground-truth viral	0	4	35	0.01	0.09
Ground-truth viral	0	5	31	0.01	0.11
Ground-truth viral	0	6	29	0.01	0.13
Ground-truth viral	0	7	27	0.01	0.15
Ground-truth viral	0	8	17	0.01	0.17
Ground-truth viral	0	9	25	0.01	0.19
Ground-truth viral	0	10	15	0.01	0.21
Ground-truth viral	0	11	10	0.01	0.23
Ground-truth viral	0	12	26	0.01	0.25
Ground-truth viral	0	13	10	0.01	0.27
Ground-truth viral	0	14	16	0.01	0.29
Ground-truth viral	0	15	14	0.01	0.31
Ground-truth viral	0	16	22	0.01	0.33
Ground-truth viral	0	17	10	0.01	0.35
Ground-truth viral	0	18	19	0.01	0.37
Ground-truth viral	0	19	17	0.01	0.39
Ground-truth viral	0	20	13	0.01	0.41
Ground-truth viral	0	21	12	0.01	0.43
Ground-truth viral	0	22	20	0.01	0.45
Ground-truth viral	0	23	17	0.01	0.47
Ground-truth viral	0	24	20	0.01	0.49
Ground-truth viral	0	25	12	0.01	0.51
Ground-truth viral	0	26	8	0.01	0.53
Ground-truth viral	0	27	16	0.01	0.55
Ground-truth viral	0	28	15	0.01	0.57
Ground-truth viral	0	29	21	0.01	0.59
Ground-truth viral	0	30	17	0.01	0.61
Ground-truth viral	0	31	19	0.01	0.63
Ground-truth viral	0	32	16	0.01	0.65
Ground-truth viral	0	33	23	0.01	0.67
Ground-truth viral	0	34	21	0.01	0.69
Ground-truth viral	0	35	26	0.01	0.71
Ground-truth viral	0	36	24	0.01	0.73
Ground-truth viral	0	37	34	0.01	0.75
Ground-truth viral	0	38	40	0.01	0.77
Ground-truth viral	0	39	37	0.01	0.79
Ground-truth viral	0	40	38	0.01	0.81
Ground-truth viral	0	41	22	0.01	0.83
Ground-truth viral	0	42	49	0.01	0.85
Ground-truth viral	0	43	44	0.01	0.87
Ground-truth viral	0	44	63	0.01	0.89
Ground-truth viral	0	45	83	0.01	0.91
Ground-truth viral	0	46	32	0.01	0.93
Ground-truth viral	0	47	253	0.01	0.95
Ground-truth viral	0	48	30	0.01	0.97
Ground-truth viral	0	49	1965	0.01	0.99
Ground-truth viral	1	0	165	0.03	0.01
Ground-truth viral	1	1	2	0.03	0.03
Ground-truth viral	1	2	43	0.03	0.05
Ground-truth viral	1	3	5	0.03	0.07
Ground-truth viral	1	4	15	0.03	0.09
Ground-truth viral	1	5	14	0.03	0.11
Ground-truth viral	1	6	13	0.03	0.13
Ground-truth viral	1	7	11	0.03	0.15
Ground-truth viral	1	8	8	0.03	0.17
Ground-truth viral	1	9	19	0.03	0.19
Ground-truth viral	1	10	12	0.03	0.21
Ground-truth viral	1	11	12	0.03	0.23
Ground-truth viral	1	12	15	0.03	0.25
Ground-truth viral	1	13	11	0.03	0.27
Ground-truth viral	1	14	14	0.03	0.29
Ground-truth viral	1	15	15	0.03	0.31
Ground-truth viral	1	16	7	0.03	0.33
Ground-truth viral	1	17	9	0.03	0.35
Ground-truth viral	1	18	11	0.03	0.37
Ground-truth viral	1	19	10	0.03	0.39
Ground-truth viral	1	20	9	0.03	0.41
Ground-truth viral	1	21	9	0.03	0.43
Ground-truth viral	1	22	13	0.03	0.45
Ground-truth viral	1	23	8	0.03	0.47
Ground-truth viral	1	24	12	0.03	0.49
Ground-truth viral	1	25	14	0.03	0.51
Ground-truth viral	1	26	14	0.03	0.53
Ground-truth viral	1	27	6	0.03	0.55
Ground-truth viral	1	28	9	0.03	0.57
Ground-truth viral	1	29	13	0.03	0.59
Ground-truth viral	1	30	15	0.03	0.61
Ground-truth viral	1	31	7	0.03	0.63
Ground-truth viral	1	32	13	0.03	0.65
Ground-truth viral	1	33	27	0.03	0.67
Ground-truth viral	1	34	16	0.03	0.69
Ground-truth viral	1	35	18	0.03	0.71
Ground-truth viral	1	36	14	0.03	0.73
Ground-truth viral	1	37	21	0.03	0.75
Ground-truth viral	1	38	21	0.03	0.77
Ground-truth viral	1	39	29	0.03	0.79
Ground-truth viral	1	40	38	0.03	0.81
Ground-truth viral	1	41	23	0.03	0.83
Ground-truth viral	1	42	47	0.03	0.85
Ground-truth viral	1	43	37	0.03	0.87
Ground-truth viral	1	44	50	0.03	0.89
Ground-truth viral	1	45	85	0.03	0.91
Ground-truth viral	1	46	37	0.03	0.93
Ground-truth viral	1	47	205	0.03	0.95
Ground-truth viral	1	48	25	0.03	0.97
Ground-truth viral	1	49	1901	0.03	0.99
Ground-truth viral	2	0	112	0.05	0.01
Ground-truth viral	2	1	2	0.05	0.03
Ground-truth viral	2	2	36	0.05	0.05
Ground-truth viral	2	3	3	0.05	0.07
Ground-truth viral	2	4	15	0.05	0.09
Ground-truth viral	2	5	13	0.05	0.11
Ground-truth viral	2	6	12	0.05	0.13
Ground-truth viral	2	7	14	0.05	0.15
Ground-truth viral	2	8	13	0.05	0.17
Ground-truth viral	2	9	5	0.05	0.19
Ground-truth viral	2	10	8	0.05	0.21
Ground-truth viral	2	11	4	0.05	0.23
Ground-truth viral	2	12	4	0.05	0.25
Ground-truth viral	2	13	5	0.05	0.27
Ground-truth viral	2	14	7	0.05	0.29
Ground-truth viral	2	15	6	0.05	0.31
Ground-truth viral	2	16	8	0.05	0.33
Ground-truth viral	2	17	7	0.05	0.35
Ground-truth viral	2	18	6	0.05	0.37
Ground-truth viral	2	19	8	0.05	0.39
Ground-truth viral	2	20	5	0.05	0.41
Ground-truth viral	2	21	7	0.05	0.43
Ground-truth viral	2	22	4	0.05	0.45
Ground-truth viral	2	23	3	0.05	0.47
Ground-truth viral	2	24	6	0.05	0.49
Ground-truth viral	2	25	12	0.05	0.51
Ground-truth viral	2	26	9	0.05	0.53
Ground-truth viral	2	27	10	0.05	0.55
Ground-truth viral	2	28	12	0.05	0.57
Ground-truth viral	2	29	8	0.05	0.59
Ground-truth viral	2	30	12	0.05	0.61
Ground-truth viral	2	31	7	0.05	0.63
Ground-truth viral	2	32	11	0.05	0.65
Ground-truth viral	2	33	8	0.05	0.67
Ground-truth viral	2	34	9	0.05	0.69
Ground-truth viral	2	35	15	0.05	0.71
Ground-truth viral	2	36	15	0.05	0.73
Ground-truth viral	2	37	16	0.05	0.75
Ground-truth viral	2	38	13	0.05	0.77
Ground-truth viral	2	39	24	0.05	0.79
Ground-truth viral	2	40	23	0.05	0.81
Ground-truth viral	2	41	18	0.05	0.83
Ground-truth viral	2	42	27	0.05	0.85
Ground-truth viral	2	43	23	0.05	0.87
Ground-truth viral	2	44	32	0.05	0.89
Ground-truth viral	2	45	59	0.05	0.91
Ground-truth viral	2	46	17	0.05	0.93
Ground-truth viral	2	47	156	0.05	0.95
Ground-truth viral	2	48	12	0.05	0.97
Ground-truth viral	2	49	1659	0.05	0.99
Ground-truth viral	3	0	99	0.07	0.01
Ground-truth viral	3	1	3	0.07	0.03
Ground-truth viral	3	2	35	0.07	0.05
Ground-truth viral	3	3	2	0.07	0.07
Ground-truth viral	3	4	14	0.07	0.09
Ground-truth viral	3	5	4	0.07	0.11
Ground-truth viral	3	6	6	0.07	0.13
Ground-truth viral	3	7	9	0.07	0.15
Ground-truth viral	3	8	8	0.07	0.17
Ground-truth viral	3	9	10	0.07	0.19
Ground-truth viral	3	10	4	0.07	0.21
Ground-truth viral	3	11	5	0.07	0.23
Ground-truth viral	3	12	3	0.07	0.25
Ground-truth viral	3	13	5	0.07	0.27
Ground-truth viral	3	14	5	0.07	0.29
Ground-truth viral	3	15	5	0.07	0.31
Ground-truth viral	3	16	6	0.07	0.33
Ground-truth viral	3	17	8	0.07	0.35
Ground-truth viral	3	18	5	0.07	0.37
Ground-truth viral	3	19	11	0.07	0.39
Ground-truth viral	3	20	11	0.07	0.41
Ground-truth viral	3	21	5	0.07	0.43
Ground-truth viral	3	22	7	0.07	0.45
Ground-truth viral	3	23	4	0.07	0.47
Ground-truth viral	3	24	4	0.07	0.49
Ground-truth viral	3	25	8	0.07	0.51
Ground-truth viral	3	26	8	0.07	0.53
Ground-truth viral	3	27	7	0.07	0.55
Ground-truth viral	3	28	9	0.07	0.57
Ground-truth viral	3	29	4	0.07	0.59
Ground-truth viral	3	30	6	0.07	0.61
Ground-truth viral	3	31	13	0.07	0.63
Ground-truth viral	3	32	9	0.07	0.65
Ground-truth viral	3	33	4	0.07	0.67
Ground-truth viral	3	34	6	0.07	0.69
Ground-truth viral	3	35	18	0.07	0.71
Ground-truth viral	3	36	8	0.07	0.73
Ground-truth viral	3	37	21	0.07	0.75
Ground-truth viral	3	38	18	0.07	0.77
Ground-truth viral	3	39	12	0.07	0.79
Ground-truth viral	3	40	18	0.07	0.81
Ground-truth viral	3	41	10	0.07	0.83
Ground-truth viral	3	42	23	0.07	0.85
Ground-truth viral	3	43	29	0.07	0.87
Ground-truth viral	3	44	24	0.07	0.89
Ground-truth viral	3	45	42	0.07	0.91
Ground-truth viral	3	46	17	0.07	0.93
Ground-truth viral	3	47	133	0.07	0.95
Ground-truth viral	3	48	8	0.07	0.97
Ground-truth viral	3	49	1452	0.07	0.99
Ground-truth viral	4	0	83	0.09	0.01
Ground-truth viral	4	1	3	0.09	0.03
Ground-truth viral	4	2	18	0.09	0.05
Ground-truth viral	4	3	4	0.09	0.07
Ground-truth viral	4	4	8	0.09	0.09
Ground-truth viral	4	5	10	0.09	0.11
Ground-truth viral	4	6	4	0.09	0.13
Ground-truth viral	4	7	4	0.09	0.15
Ground-truth viral	4	8	2	0.09	0.17
Ground-truth viral	4	9	6	0.09	0.19
Ground-truth viral	4	10	7	0.09	0.21
Ground-truth viral	4	11	3	0.09	0.23
Ground-truth viral	4	12	4	0.09	0.25
Ground-truth viral	4	13	5	0.09	0.27
Ground-truth viral	4	14	4	0.09	0.29
Ground-truth viral	4	15	8	0.09	0.31
Ground-truth viral	4	16	5	0.09	0.33
Ground-truth viral	4	17	2	0.09	0.35
Ground-truth viral	4	18	5	0.09	0.37
Ground-truth viral	4	19	7	0.09	0.39
Ground-truth viral	4	20	5	0.09	0.41
Ground-truth viral	4	21	6	0.09	0.43
Ground-truth viral	4	23	6	0.09	0.47
Ground-truth viral	4	24	2	0.09	0.49
Ground-truth viral	4	25	7	0.09	0.51
Ground-truth viral	4	26	7	0.09	0.53
Ground-truth viral	4	27	3	0.09	0.55
Ground-truth viral	4	28	9	0.09	0.57
Ground-truth viral	4	29	8	0.09	0.59
Ground-truth viral	4	30	13	0.09	0.61
Ground-truth viral	4	31	2	0.09	0.63
Ground-truth viral	4	32	9	0.09	0.65
Ground-truth viral	4	33	5	0.09	0.67
Ground-truth viral	4	34	6	0.09	0.69
Ground-truth viral	4	35	7	0.09	0.71
Ground-truth viral	4	36	7	0.09	0.73
Ground-truth viral	4	37	18	0.09	0.75
Ground-truth viral	4	38	15	0.09	0.77
Ground-truth viral	4	39	11	0.09	0.79
Ground-truth viral	4	40	18	0.09	0.81
Ground-truth viral	4	41	12	0.09	0.83
Ground-truth viral	4	42	19	0.09	0.85
Ground-truth viral	4	43	14	0.09	0.87
Ground-truth viral	4	44	21	0.09	0.89
Ground-truth viral	4	45	44	0.09	0.91
Ground-truth viral	4	46	10	0.09	0.93
Ground-truth viral	4	47	117	0.09	0.95
Ground-truth viral	4	48	17	0.09	0.97
Ground-truth viral	4	49	1379	0.09	0.99
Ground-truth viral	5	0	70	0.11	0.01
Ground-truth viral	5	1	1	0.11	0.03
Ground-truth viral	5	2	25	0.11	0.05
Ground-truth viral	5	3	3	0.11	0.07
Ground-truth viral	5	4	8	0.11	0.09
Ground-truth viral	5	5	9	0.11	0.11
Ground-truth viral	5	6	4	0.11	0.13
Ground-truth viral	5	7	5	0.11	0.15
Ground-truth viral	5	8	4	0.11	0.17
Ground-truth viral	5	9	8	0.11	0.19
Ground-truth viral	5	10	4	0.11	0.21
Ground-truth viral	5	11	2	0.11	0.23
Ground-truth viral	5	12	5	0.11	0.25
Ground-truth viral	5	13	5	0.11	0.27
Ground-truth viral	5	14	5	0.11	0.29
Ground-truth viral	5	15	4	0.11	0.31
Ground-truth viral	5	16	3	0.11	0.33
Ground-truth viral	5	17	5	0.11	0.35
Ground-truth viral	5	18	2	0.11	0.37
Ground-truth viral	5	19	6	0.11	0.39
Ground-truth viral	5	20	5	0.11	0.41
Ground-truth viral	5	21	4	0.11	0.43
Ground-truth viral	5	22	7	0.11	0.45
Ground-truth viral	5	23	7	0.11	0.47
Ground-truth viral	5	24	5	0.11	0.49
Ground-truth viral	5	25	5	0.11	0.51
Ground-truth viral	5	26	1	0.11	0.53
Ground-truth viral	5	27	8	0.11	0.55
Ground-truth viral	5	28	5	0.11	0.57
Ground-truth viral	5	29	7	0.11	0.59
Ground-truth viral	5	30	6	0.11	0.61
Ground-truth viral	5	31	6	0.11	0.63
Ground-truth viral	5	32	6	0.11	0.65
Ground-truth viral	5	33	8	0.11	0.67
Ground-truth viral	5	34	5	0.11	0.69
Ground-truth viral	5	35	9	0.11	0.71
Ground-truth viral	5	36	8	0.11	0.73
Ground-truth viral	5	37	10	0.11	0.75
Ground-truth viral	5	38	15	0.11	0.77
Ground-truth viral	5	39	12	0.11	0.79
Ground-truth viral	5	40	12	0.11	0.81
Ground-truth viral	5	41	10	0.11	0.83
Ground-truth viral	5	42	21	0.11	0.85
Ground-truth viral	5	43	18	0.11	0.87
Ground-truth viral	5	44	23	0.11	0.89
Ground-truth viral	5	45	33	0.11	0.91
Ground-truth viral	5	46	16	0.11	0.93
Ground-truth viral	5	47	101	0.11	0.95
Ground-truth viral	5	48	15	0.11	0.97
Ground-truth viral	5	49	1383	0.11	0.99
Ground-truth viral	6	0	40	0.13	0.01
Ground-truth viral	6	1	2	0.13	0.03
Ground-truth viral	6	2	19	0.13	0.05
Ground-truth viral	6	3	2	0.13	0.07
Ground-truth viral	6	4	4	0.13	0.09
Ground-truth viral	6	5	6	0.13	0.11
Ground-truth viral	6	6	3	0.13	0.13
Ground-truth viral	6	7	5	0.13	0.15
Ground-truth viral	6	8	4	0.13	0.17
Ground-truth viral	6	9	6	0.13	0.19
Ground-truth viral	6	10	1	0.13	0.21
Ground-truth viral	6	11	5	0.13	0.23
Ground-truth viral	6	12	2	0.13	0.25
Ground-truth viral	6	13	4	0.13	0.27
Ground-truth viral	6	14	3	0.13	0.29
Ground-truth viral	6	15	2	0.13	0.31
Ground-truth viral	6	16	2	0.13	0.33
Ground-truth viral	6	17	5	0.13	0.35
Ground-truth viral	6	18	5	0.13	0.37
Ground-truth viral	6	19	6	0.13	0.39
Ground-truth viral	6	20	5	0.13	0.41
Ground-truth viral	6	21	6	0.13	0.43
Ground-truth viral	6	22	3	0.13	0.45
Ground-truth viral	6	23	2	0.13	0.47
Ground-truth viral	6	24	3	0.13	0.49
Ground-truth viral	6	25	2	0.13	0.51
Ground-truth viral	6	26	4	0.13	0.53
Ground-truth viral	6	27	4	0.13	0.55
Ground-truth viral	6	28	3	0.13	0.57
Ground-truth viral	6	29	4	0.13	0.59
Ground-truth viral	6	30	2	0.13	0.61
Ground-truth viral	6	31	12	0.13	0.63
Ground-truth viral	6	32	6	0.13	0.65
Ground-truth viral	6	33	4	0.13	0.67
Ground-truth viral	6	34	10	0.13	0.69
Ground-truth viral	6	35	14	0.13	0.71
Ground-truth viral	6	36	3	0.13	0.73
Ground-truth viral	6	37	7	0.13	0.75
Ground-truth viral	6	38	9	0.13	0.77
Ground-truth viral	6	39	11	0.13	0.79
Ground-truth viral	6	40	17	0.13	0.81
Ground-truth viral	6	41	13	0.13	0.83
Ground-truth viral	6	42	14	0.13	0.85
Ground-truth viral	6	43	9	0.13	0.87
Ground-truth viral	6	44	22	0.13	0.89
Ground-truth viral	6	45	47	0.13	0.91
Ground-truth viral	6	46	14	0.13	0.93
Ground-truth viral	6	47	120	0.13	0.95
Ground-truth viral	6	48	5	0.13	0.97
Ground-truth viral	6	49	1391	0.13	0.99
Ground-truth viral	7	0	42	0.15	0.01
Ground-truth viral	7	2	15	0.15	0.05
Ground-truth viral	7	3	3	0.15	0.07
Ground-truth viral	7	4	4	0.15	0.09
Ground-truth viral	7	5	4	0.15	0.11
Ground-truth viral	7	6	2	0.15	0.13
Ground-truth viral	7	7	4	0.15	0.15
Ground-truth viral	7	8	5	0.15	0.17
Ground-truth viral	7	9	1	0.15	0.19
Ground-truth viral	7	10	3	0.15	0.21
Ground-truth viral	7	11	4	0.15	0.23
Ground-truth viral	7	12	3	0.15	0.25
Ground-truth viral	7	13	5	0.15	0.27
Ground-truth viral	7	14	4	0.15	0.29
Ground-truth viral	7	15	1	0.15	0.31
Ground-truth viral	7	16	4	0.15	0.33
Ground-truth viral	7	17	6	0.15	0.35
Ground-truth viral	7	18	3	0.15	0.37
Ground-truth viral	7	19	2	0.15	0.39
Ground-truth viral	7	20	5	0.15	0.41
Ground-truth viral	7	22	2	0.15	0.45
Ground-truth viral	7	23	3	0.15	0.47
Ground-truth viral	7	24	7	0.15	0.49
Ground-truth viral	7	25	2	0.15	0.51
Ground-truth viral	7	26	3	0.15	0.53
Ground-truth viral	7	27	8	0.15	0.55
Ground-truth viral	7	28	1	0.15	0.57
Ground-truth viral	7	29	5	0.15	0.59
Ground-truth viral	7	30	4	0.15	0.61
Ground-truth viral	7	31	4	0.15	0.63
Ground-truth viral	7	32	6	0.15	0.65
Ground-truth viral	7	33	3	0.15	0.67
Ground-truth viral	7	34	10	0.15	0.69
Ground-truth viral	7	35	17	0.15	0.71
Ground-truth viral	7	36	8	0.15	0.73
Ground-truth viral	7	37	6	0.15	0.75
Ground-truth viral	7	38	11	0.15	0.77
Ground-truth viral	7	39	11	0.15	0.79
Ground-truth viral	7	40	15	0.15	0.81
Ground-truth viral	7	41	8	0.15	0.83
Ground-truth viral	7	42	10	0.15	0.85
Ground-truth viral	7	43	19	0.15	0.87
Ground-truth viral	7	44	25	0.15	0.89
Ground-truth viral	7	45	29	0.15	0.91
Ground-truth viral	7	46	14	0.15	0.93
Ground-truth viral	7	47	111	0.15	0.95
Ground-truth viral	7	48	16	0.15	0.97
Ground-truth viral	7	49	1237	0.15	0.99
Ground-truth viral	8	0	43	0.17	0.01
Ground-truth viral	8	1	1	0.17	0.03
Ground-truth viral	8	2	20	0.17	0.05
Ground-truth viral	8	3	1	0.17	0.07
Ground-truth viral	8	4	6	0.17	0.09
Ground-truth viral	8	5	2	0.17	0.11
Ground-truth viral	8	6	2	0.17	0.13
Ground-truth viral	8	7	5	0.17	0.15
Ground-truth viral	8	8	9	0.17	0.17
Ground-truth viral	8	9	5	0.17	0.19
Ground-truth viral	8	10	3	0.17	0.21
Ground-truth viral	8	11	4	0.17	0.23
Ground-truth viral	8	12	3	0.17	0.25
Ground-truth viral	8	13	4	0.17	0.27
Ground-truth viral	8	14	4	0.17	0.29
Ground-truth viral	8	15	1	0.17	0.31
Ground-truth viral	8	16	3	0.17	0.33
Ground-truth viral	8	17	4	0.17	0.35
Ground-truth viral	8	18	2	0.17	0.37
Ground-truth viral	8	19	3	0.17	0.39
Ground-truth viral	8	20	3	0.17	0.41
Ground-truth viral	8	21	2	0.17	0.43
Ground-truth viral	8	22	3	0.17	0.45
Ground-truth viral	8	23	5	0.17	0.47
Ground-truth viral	8	24	5	0.17	0.49
Ground-truth viral	8	25	7	0.17	0.51
Ground-truth viral	8	26	2	0.17	0.53
Ground-truth viral	8	27	8	0.17	0.55
Ground-truth viral	8	28	2	0.17	0.57
Ground-truth viral	8	29	11	0.17	0.59
Ground-truth viral	8	30	10	0.17	0.61
Ground-truth viral	8	31	9	0.17	0.63
Ground-truth viral	8	32	9	0.17	0.65
Ground-truth viral	8	33	8	0.17	0.67
Ground-truth viral	8	34	9	0.17	0.69
Ground-truth viral	8	35	9	0.17	0.71
Ground-truth viral	8	36	5	0.17	0.73
Ground-truth viral	8	37	17	0.17	0.75
Ground-truth viral	8	38	20	0.17	0.77
Ground-truth viral	8	39	9	0.17	0.79
Ground-truth viral	8	40	12	0.17	0.81
Ground-truth viral	8	41	17	0.17	0.83
Ground-truth viral	8	42	17	0.17	0.85
Ground-truth viral	8	43	25	0.17	0.87
Ground-truth viral	8	44	19	0.17	0.89
Ground-truth viral	8	45	46	0.17	0.91
Ground-truth viral	8	46	15	0.17	0.93
Ground-truth viral	8	47	126	0.17	0.95
Ground-truth viral	8	48	16	0.17	0.97
Ground-truth viral	8	49	1502	0.17	0.99
Ground-truth viral	9	0	37	0.19	0.01
Ground-truth viral	9	2	15	0.19	0.05
Ground-truth viral	9	3	2	0.19	0.07
Ground-truth viral	9	4	5	0.19	0.09
Ground-truth viral	9	5	3	0.19	0.11
Ground-truth viral	9	6	2	0.19	0.13
Ground-truth viral	9	7	3	0.19	0.15
Ground-truth viral	9	8	2	0.19	0.17
Ground-truth viral	9	9	2	0.19	0.19
Ground-truth viral	9	10	4	0.19	0.21
Ground-truth viral	9	11	2	0.19	0.23
Ground-truth viral	9	13	2	0.19	0.27
Ground-truth viral	9	14	2	0.19	0.29
Ground-truth viral	9	15	4	0.19	0.31
Ground-truth viral	9	16	2	0.19	0.33
Ground-truth viral	9	17	2	0.19	0.35
Ground-truth viral	9	18	5	0.19	0.37
Ground-truth viral	9	19	4	0.19	0.39
Ground-truth viral	9	20	8	0.19	0.41
Ground-truth viral	9	21	4	0.19	0.43
Ground-truth viral	9	22	5	0.19	0.45
Ground-truth viral	9	23	2	0.19	0.47
Ground-truth viral	9	24	2	0.19	0.49
Ground-truth viral	9	25	6	0.19	0.51
Ground-truth viral	9	26	7	0.19	0.53
Ground-truth viral	9	27	5	0.19	0.55
Ground-truth viral	9	28	10	0.19	0.57
Ground-truth viral	9	29	7	0.19	0.59
Ground-truth viral	9	30	4	0.19	0.61
Ground-truth viral	9	31	8	0.19	0.63
Ground-truth viral	9	32	8	0.19	0.65
Ground-truth viral	9	33	10	0.19	0.67
Ground-truth viral	9	34	4	0.19	0.69
Ground-truth viral	9	35	10	0.19	0.71
Ground-truth viral	9	36	11	0.19	0.73
Ground-truth viral	9	37	10	0.19	0.75
Ground-truth viral	9	38	9	0.19	0.77
Ground-truth viral	9	39	5	0.19	0.79
Ground-truth viral	9	40	13	0.19	0.81
Ground-truth viral	9	41	9	0.19	0.83
Ground-truth viral	9	42	20	0.19	0.85
Ground-truth viral	9	43	14	0.19	0.87
Ground-truth viral	9	44	23	0.19	0.89
Ground-truth viral	9	45	27	0.19	0.91
Ground-truth viral	9	46	10	0.19	0.93
Ground-truth viral	9	47	90	0.19	0.95
Ground-truth viral	9	48	12	0.19	0.97
Ground-truth viral	9	49	1266	0.19	0.99
Ground-truth viral	10	0	31	0.21	0.01
Ground-truth viral	10	1	1	0.21	0.03
Ground-truth viral	10	2	17	0.21	0.05
Ground-truth viral	10	3	1	0.21	0.07
Ground-truth viral	10	4	2	0.21	0.09
Ground-truth viral	10	5	5	0.21	0.11
Ground-truth viral	10	6	5	0.21	0.13
Ground-truth viral	10	7	5	0.21	0.15
Ground-truth viral	10	8	2	0.21	0.17
Ground-truth viral	10	9	2	0.21	0.19
Ground-truth viral	10	10	3	0.21	0.21
Ground-truth viral	10	11	6	0.21	0.23
Ground-truth viral	10	13	6	0.21	0.27
Ground-truth viral	10	14	4	0.21	0.29
Ground-truth viral	10	15	2	0.21	0.31
Ground-truth viral	10	16	4	0.21	0.33
Ground-truth viral	10	17	2	0.21	0.35
Ground-truth viral	10	18	1	0.21	0.37
Ground-truth viral	10	19	2	0.21	0.39
Ground-truth viral	10	20	4	0.21	0.41
Ground-truth viral	10	21	2	0.21	0.43
Ground-truth viral	10	22	3	0.21	0.45
Ground-truth viral	10	23	4	0.21	0.47
Ground-truth viral	10	25	3	0.21	0.51
Ground-truth viral	10	26	3	0.21	0.53
Ground-truth viral	10	27	1	0.21	0.55
Ground-truth viral	10	28	5	0.21	0.57
Ground-truth viral	10	29	2	0.21	0.59
Ground-truth viral	10	30	4	0.21	0.61
Ground-truth viral	10	31	4	0.21	0.63
Ground-truth viral	10	32	6	0.21	0.65
Ground-truth viral	10	33	5	0.21	0.67
Ground-truth viral	10	34	14	0.21	0.69
Ground-truth viral	10	35	8	0.21	0.71
Ground-truth viral	10	36	5	0.21	0.73
Ground-truth viral	10	37	12	0.21	0.75
Ground-truth viral	10	38	5	0.21	0.77
Ground-truth viral	10	39	14	0.21	0.79
Ground-truth viral	10	40	19	0.21	0.81
Ground-truth viral	10	41	9	0.21	0.83
Ground-truth viral	10	42	17	0.21	0.85
Ground-truth viral	10	43	8	0.21	0.87
Ground-truth viral	10	44	16	0.21	0.89
Ground-truth viral	10	45	33	0.21	0.91
Ground-truth viral	10	46	14	0.21	0.93
Ground-truth viral	10	47	91	0.21	0.95
Ground-truth viral	10	48	11	0.21	0.97
Ground-truth viral	10	49	1403	0.21	0.99
Ground-truth viral	11	0	36	0.23	0.01
Ground-truth viral	11	2	12	0.23	0.05
Ground-truth viral	11	3	1	0.23	0.07
Ground-truth viral	11	4	7	0.23	0.09
Ground-truth viral	11	5	2	0.23	0.11
Ground-truth viral	11	6	1	0.23	0.13
Ground-truth viral	11	7	4	0.23	0.15
Ground-truth viral	11	8	5	0.23	0.17
Ground-truth viral	11	9	2	0.23	0.19
Ground-truth viral	11	10	3	0.23	0.21
Ground-truth viral	11	11	2	0.23	0.23
Ground-truth viral	11	12	9	0.23	0.25
Ground-truth viral	11	13	3	0.23	0.27
Ground-truth viral	11	14	1	0.23	0.29
Ground-truth viral	11	15	2	0.23	0.31
Ground-truth viral	11	16	8	0.23	0.33
Ground-truth viral	11	17	5	0.23	0.35
Ground-truth viral	11	18	4	0.23	0.37
Ground-truth viral	11	20	5	0.23	0.41
Ground-truth viral	11	21	5	0.23	0.43
Ground-truth viral	11	22	4	0.23	0.45
Ground-truth viral	11	23	8	0.23	0.47
Ground-truth viral	11	24	3	0.23	0.49
Ground-truth viral	11	25	4	0.23	0.51
Ground-truth viral	11	26	5	0.23	0.53
Ground-truth viral	11	27	9	0.23	0.55
Ground-truth viral	11	28	3	0.23	0.57
Ground-truth viral	11	29	9	0.23	0.59
Ground-truth viral	11	30	5	0.23	0.61
Ground-truth viral	11	31	7	0.23	0.63
Ground-truth viral	11	32	6	0.23	0.65
Ground-truth viral	11	33	6	0.23	0.67
Ground-truth viral	11	34	7	0.23	0.69
Ground-truth viral	11	35	17	0.23	0.71
Ground-truth viral	11	36	3	0.23	0.73
Ground-truth viral	11	37	10	0.23	0.75
Ground-truth viral	11	38	8	0.23	0.77
Ground-truth viral	11	39	10	0.23	0.79
Ground-truth viral	11	40	13	0.23	0.81
Ground-truth viral	11	41	4	0.23	0.83
Ground-truth viral	11	42	24	0.23	0.85
Ground-truth viral	11	43	10	0.23	0.87
Ground-truth viral	11	44	8	0.23	0.89
Ground-truth viral	11	45	33	0.23	0.91
Ground-truth viral	11	46	20	0.23	0.93
Ground-truth viral	11	47	92	0.23	0.95
Ground-truth viral	11	48	11	0.23	0.97
Ground-truth viral	11	49	1333	0.23	0.99
Ground-truth viral	12	0	29	0.25	0.01
Ground-truth viral	12	2	5	0.25	0.05
Ground-truth viral	12	4	7	0.25	0.09
Ground-truth viral	12	5	8	0.25	0.11
Ground-truth viral	12	6	6	0.25	0.13
Ground-truth viral	12	7	2	0.25	0.15
Ground-truth viral	12	8	3	0.25	0.17
Ground-truth viral	12	9	6	0.25	0.19
Ground-truth viral	12	10	2	0.25	0.21
Ground-truth viral	12	11	2	0.25	0.23
Ground-truth viral	12	12	3	0.25	0.25
Ground-truth viral	12	13	5	0.25	0.27
Ground-truth viral	12	14	7	0.25	0.29
Ground-truth viral	12	15	2	0.25	0.31
Ground-truth viral	12	16	7	0.25	0.33
Ground-truth viral	12	17	8	0.25	0.35
Ground-truth viral	12	18	5	0.25	0.37
Ground-truth viral	12	19	6	0.25	0.39
Ground-truth viral	12	20	3	0.25	0.41
Ground-truth viral	12	21	7	0.25	0.43
Ground-truth viral	12	22	4	0.25	0.45
Ground-truth viral	12	23	4	0.25	0.47
Ground-truth viral	12	24	2	0.25	0.49
Ground-truth viral	12	25	9	0.25	0.51
Ground-truth viral	12	26	5	0.25	0.53
Ground-truth viral	12	27	5	0.25	0.55
Ground-truth viral	12	28	8	0.25	0.57
Ground-truth viral	12	29	8	0.25	0.59
Ground-truth viral	12	30	4	0.25	0.61
Ground-truth viral	12	31	5	0.25	0.63
Ground-truth viral	12	32	6	0.25	0.65
Ground-truth viral	12	33	10	0.25	0.67
Ground-truth viral	12	34	7	0.25	0.69
Ground-truth viral	12	35	10	0.25	0.71
Ground-truth viral	12	36	8	0.25	0.73
Ground-truth viral	12	37	8	0.25	0.75
Ground-truth viral	12	38	9	0.25	0.77
Ground-truth viral	12	39	11	0.25	0.79
Ground-truth viral	12	40	25	0.25	0.81
Ground-truth viral	12	41	11	0.25	0.83
Ground-truth viral	12	42	20	0.25	0.85
Ground-truth viral	12	43	18	0.25	0.87
Ground-truth viral	12	44	14	0.25	0.89
Ground-truth viral	12	45	35	0.25	0.91
Ground-truth viral	12	46	21	0.25	0.93
Ground-truth viral	12	47	93	0.25	0.95
Ground-truth viral	12	48	9	0.25	0.97
Ground-truth viral	12	49	1445	0.25	0.99
Ground-truth viral	13	0	24	0.27	0.01
Ground-truth viral	13	2	13	0.27	0.05
Ground-truth viral	13	3	3	0.27	0.07
Ground-truth viral	13	4	5	0.27	0.09
Ground-truth viral	13	5	6	0.27	0.11
Ground-truth viral	13	6	3	0.27	0.13
Ground-truth viral	13	7	4	0.27	0.15
Ground-truth viral	13	8	7	0.27	0.17
Ground-truth viral	13	9	3	0.27	0.19
Ground-truth viral	13	10	2	0.27	0.21
Ground-truth viral	13	11	5	0.27	0.23
Ground-truth viral	13	12	5	0.27	0.25
Ground-truth viral	13	13	3	0.27	0.27
Ground-truth viral	13	14	3	0.27	0.29
Ground-truth viral	13	15	5	0.27	0.31
Ground-truth viral	13	16	4	0.27	0.33
Ground-truth viral	13	17	4	0.27	0.35
Ground-truth viral	13	18	3	0.27	0.37
Ground-truth viral	13	19	1	0.27	0.39
Ground-truth viral	13	20	2	0.27	0.41
Ground-truth viral	13	21	3	0.27	0.43
Ground-truth viral	13	22	4	0.27	0.45
Ground-truth viral	13	23	4	0.27	0.47
Ground-truth viral	13	24	6	0.27	0.49
Ground-truth viral	13	25	8	0.27	0.51
Ground-truth viral	13	26	9	0.27	0.53
Ground-truth viral	13	27	7	0.27	0.55
Ground-truth viral	13	28	4	0.27	0.57
Ground-truth viral	13	29	8	0.27	0.59
Ground-truth viral	13	30	11	0.27	0.61
Ground-truth viral	13	31	6	0.27	0.63
Ground-truth viral	13	32	7	0.27	0.65
Ground-truth viral	13	33	11	0.27	0.67
Ground-truth viral	13	34	8	0.27	0.69
Ground-truth viral	13	35	11	0.27	0.71
Ground-truth viral	13	36	6	0.27	0.73
Ground-truth viral	13	37	7	0.27	0.75
Ground-truth viral	13	38	6	0.27	0.77
Ground-truth viral	13	39	8	0.27	0.79
Ground-truth viral	13	40	6	0.27	0.81
Ground-truth viral	13	41	10	0.27	0.83
Ground-truth viral	13	42	11	0.27	0.85
Ground-truth viral	13	43	26	0.27	0.87
Ground-truth viral	13	44	16	0.27	0.89
Ground-truth viral	13	45	36	0.27	0.91
Ground-truth viral	13	46	15	0.27	0.93
Ground-truth viral	13	47	102	0.27	0.95
Ground-truth viral	13	48	8	0.27	0.97
Ground-truth viral	13	49	1363	0.27	0.99
Ground-truth viral	14	0	25	0.29	0.01
Ground-truth viral	14	2	12	0.29	0.05
Ground-truth viral	14	3	1	0.29	0.07
Ground-truth viral	14	4	7	0.29	0.09
Ground-truth viral	14	5	3	0.29	0.11
Ground-truth viral	14	6	4	0.29	0.13
Ground-truth viral	14	7	1	0.29	0.15
Ground-truth viral	14	10	2	0.29	0.21
Ground-truth viral	14	11	1	0.29	0.23
Ground-truth viral	14	12	2	0.29	0.25
Ground-truth viral	14	13	8	0.29	0.27
Ground-truth viral	14	14	1	0.29	0.29
Ground-truth viral	14	15	4	0.29	0.31
Ground-truth viral	14	17	2	0.29	0.35
Ground-truth viral	14	20	3	0.29	0.41
Ground-truth viral	14	21	1	0.29	0.43
Ground-truth viral	14	22	4	0.29	0.45
Ground-truth viral	14	23	2	0.29	0.47
Ground-truth viral	14	24	4	0.29	0.49
Ground-truth viral	14	25	6	0.29	0.51
Ground-truth viral	14	26	3	0.29	0.53
Ground-truth viral	14	27	12	0.29	0.55
Ground-truth viral	14	28	3	0.29	0.57
Ground-truth viral	14	29	1	0.29	0.59
Ground-truth viral	14	30	6	0.29	0.61
Ground-truth viral	14	31	3	0.29	0.63
Ground-truth viral	14	32	7	0.29	0.65
Ground-truth viral	14	33	6	0.29	0.67
Ground-truth viral	14	34	6	0.29	0.69
Ground-truth viral	14	35	14	0.29	0.71
Ground-truth viral	14	36	5	0.29	0.73
Ground-truth viral	14	37	10	0.29	0.75
Ground-truth viral	14	38	6	0.29	0.77
Ground-truth viral	14	39	8	0.29	0.79
Ground-truth viral	14	40	7	0.29	0.81
Ground-truth viral	14	41	7	0.29	0.83
Ground-truth viral	14	42	18	0.29	0.85
Ground-truth viral	14	43	11	0.29	0.87
Ground-truth viral	14	44	14	0.29	0.89
Ground-truth viral	14	45	33	0.29	0.91
Ground-truth viral	14	46	15	0.29	0.93
Ground-truth viral	14	47	77	0.29	0.95
Ground-truth viral	14	48	11	0.29	0.97
Ground-truth viral	14	49	1408	0.29	0.99
Ground-truth viral	15	0	27	0.31	0.01
Ground-truth viral	15	1	2	0.31	0.03
Ground-truth viral	15	2	12	0.31	0.05
Ground-truth viral	15	3	2	0.31	0.07
Ground-truth viral	15	4	4	0.31	0.09
Ground-truth viral	15	5	3	0.31	0.11
Ground-truth viral	15	6	1	0.31	0.13
Ground-truth viral	15	7	4	0.31	0.15
Ground-truth viral	15	8	2	0.31	0.17
Ground-truth viral	15	9	3	0.31	0.19
Ground-truth viral	15	10	7	0.31	0.21
Ground-truth viral	15	11	3	0.31	0.23
Ground-truth viral	15	12	1	0.31	0.25
Ground-truth viral	15	13	2	0.31	0.27
Ground-truth viral	15	14	3	0.31	0.29
Ground-truth viral	15	15	4	0.31	0.31
Ground-truth viral	15	16	3	0.31	0.33
Ground-truth viral	15	17	2	0.31	0.35
Ground-truth viral	15	18	7	0.31	0.37
Ground-truth viral	15	19	1	0.31	0.39
Ground-truth viral	15	20	3	0.31	0.41
Ground-truth viral	15	21	4	0.31	0.43
Ground-truth viral	15	24	2	0.31	0.49
Ground-truth viral	15	25	2	0.31	0.51
Ground-truth viral	15	26	3	0.31	0.53
Ground-truth viral	15	27	2	0.31	0.55
Ground-truth viral	15	28	2	0.31	0.57
Ground-truth viral	15	29	5	0.31	0.59
Ground-truth viral	15	30	4	0.31	0.61
Ground-truth viral	15	31	5	0.31	0.63
Ground-truth viral	15	32	5	0.31	0.65
Ground-truth viral	15	33	7	0.31	0.67
Ground-truth viral	15	34	6	0.31	0.69
Ground-truth viral	15	35	4	0.31	0.71
Ground-truth viral	15	36	4	0.31	0.73
Ground-truth viral	15	37	10	0.31	0.75
Ground-truth viral	15	38	3	0.31	0.77
Ground-truth viral	15	39	9	0.31	0.79
Ground-truth viral	15	40	15	0.31	0.81
Ground-truth viral	15	41	7	0.31	0.83
Ground-truth viral	15	42	12	0.31	0.85
Ground-truth viral	15	43	15	0.31	0.87
Ground-truth viral	15	44	14	0.31	0.89
Ground-truth viral	15	45	24	0.31	0.91
Ground-truth viral	15	46	12	0.31	0.93
Ground-truth viral	15	47	91	0.31	0.95
Ground-truth viral	15	48	6	0.31	0.97
Ground-truth viral	15	49	1289	0.31	0.99
Ground-truth viral	16	0	17	0.33	0.01
Ground-truth viral	16	2	9	0.33	0.05
Ground-truth viral	16	3	2	0.33	0.07
Ground-truth viral	16	4	7	0.33	0.09
Ground-truth viral	16	5	4	0.33	0.11
Ground-truth viral	16	6	3	0.33	0.13
Ground-truth viral	16	7	3	0.33	0.15
Ground-truth viral	16	8	2	0.33	0.17
Ground-truth viral	16	9	5	0.33	0.19
Ground-truth viral	16	10	4	0.33	0.21
Ground-truth viral	16	11	4	0.33	0.23
Ground-truth viral	16	12	4	0.33	0.25
Ground-truth viral	16	13	1	0.33	0.27
Ground-truth viral	16	14	4	0.33	0.29
Ground-truth viral	16	15	1	0.33	0.31
Ground-truth viral	16	16	2	0.33	0.33
Ground-truth viral	16	17	2	0.33	0.35
Ground-truth viral	16	18	4	0.33	0.37
Ground-truth viral	16	19	4	0.33	0.39
Ground-truth viral	16	20	2	0.33	0.41
Ground-truth viral	16	21	2	0.33	0.43
Ground-truth viral	16	22	2	0.33	0.45
Ground-truth viral	16	23	6	0.33	0.47
Ground-truth viral	16	24	4	0.33	0.49
Ground-truth viral	16	25	8	0.33	0.51
Ground-truth viral	16	26	4	0.33	0.53
Ground-truth viral	16	27	4	0.33	0.55
Ground-truth viral	16	28	5	0.33	0.57
Ground-truth viral	16	29	4	0.33	0.59
Ground-truth viral	16	30	5	0.33	0.61
Ground-truth viral	16	31	8	0.33	0.63
Ground-truth viral	16	32	4	0.33	0.65
Ground-truth viral	16	33	10	0.33	0.67
Ground-truth viral	16	34	2	0.33	0.69
Ground-truth viral	16	35	5	0.33	0.71
Ground-truth viral	16	36	3	0.33	0.73
Ground-truth viral	16	37	9	0.33	0.75
Ground-truth viral	16	38	5	0.33	0.77
Ground-truth viral	16	39	9	0.33	0.79
Ground-truth viral	16	40	8	0.33	0.81
Ground-truth viral	16	41	9	0.33	0.83
Ground-truth viral	16	42	12	0.33	0.85
Ground-truth viral	16	43	13	0.33	0.87
Ground-truth viral	16	44	19	0.33	0.89
Ground-truth viral	16	45	23	0.33	0.91
Ground-truth viral	16	46	17	0.33	0.93
Ground-truth viral	16	47	91	0.33	0.95
Ground-truth viral	16	48	5	0.33	0.97
Ground-truth viral	16	49	1357	0.33	0.99
Ground-truth viral	17	0	23	0.35	0.01
Ground-truth viral	17	1	1	0.35	0.03
Ground-truth viral	17	2	13	0.35	0.05
Ground-truth viral	17	3	1	0.35	0.07
Ground-truth viral	17	4	4	0.35	0.09
Ground-truth viral	17	5	4	0.35	0.11
Ground-truth viral	17	6	2	0.35	0.13
Ground-truth viral	17	7	8	0.35	0.15
Ground-truth viral	17	8	3	0.35	0.17
Ground-truth viral	17	9	3	0.35	0.19
Ground-truth viral	17	10	5	0.35	0.21
Ground-truth viral	17	11	3	0.35	0.23
Ground-truth viral	17	12	5	0.35	0.25
Ground-truth viral	17	13	6	0.35	0.27
Ground-truth viral	17	14	2	0.35	0.29
Ground-truth viral	17	15	3	0.35	0.31
Ground-truth viral	17	16	3	0.35	0.33
Ground-truth viral	17	17	3	0.35	0.35
Ground-truth viral	17	18	2	0.35	0.37
Ground-truth viral	17	19	4	0.35	0.39
Ground-truth viral	17	20	4	0.35	0.41
Ground-truth viral	17	21	1	0.35	0.43
Ground-truth viral	17	22	5	0.35	0.45
Ground-truth viral	17	23	2	0.35	0.47
Ground-truth viral	17	24	2	0.35	0.49
Ground-truth viral	17	25	3	0.35	0.51
Ground-truth viral	17	26	5	0.35	0.53
Ground-truth viral	17	27	5	0.35	0.55
Ground-truth viral	17	28	6	0.35	0.57
Ground-truth viral	17	29	8	0.35	0.59
Ground-truth viral	17	30	3	0.35	0.61
Ground-truth viral	17	31	5	0.35	0.63
Ground-truth viral	17	32	5	0.35	0.65
Ground-truth viral	17	33	6	0.35	0.67
Ground-truth viral	17	34	10	0.35	0.69
Ground-truth viral	17	35	6	0.35	0.71
Ground-truth viral	17	36	6	0.35	0.73
Ground-truth viral	17	37	7	0.35	0.75
Ground-truth viral	17	38	10	0.35	0.77
Ground-truth viral	17	39	12	0.35	0.79
Ground-truth viral	17	40	15	0.35	0.81
Ground-truth viral	17	41	11	0.35	0.83
Ground-truth viral	17	42	7	0.35	0.85
Ground-truth viral	17	43	13	0.35	0.87
Ground-truth viral	17	44	22	0.35	0.89
Ground-truth viral	17	45	29	0.35	0.91
Ground-truth viral	17	46	13	0.35	0.93
Ground-truth viral	17	47	105	0.35	0.95
Ground-truth viral	17	48	10	0.35	0.97
Ground-truth viral	17	49	1398	0.35	0.99
Ground-truth viral	18	0	28	0.37	0.01
Ground-truth viral	18	2	13	0.37	0.05
Ground-truth viral	18	3	3	0.37	0.07
Ground-truth viral	18	4	6	0.37	0.09
Ground-truth viral	18	5	4	0.37	0.11
Ground-truth viral	18	6	4	0.37	0.13
Ground-truth viral	18	7	6	0.37	0.15
Ground-truth viral	18	9	2	0.37	0.19
Ground-truth viral	18	10	6	0.37	0.21
Ground-truth viral	18	11	3	0.37	0.23
Ground-truth viral	18	12	1	0.37	0.25
Ground-truth viral	18	13	5	0.37	0.27
Ground-truth viral	18	14	2	0.37	0.29
Ground-truth viral	18	15	4	0.37	0.31
Ground-truth viral	18	16	5	0.37	0.33
Ground-truth viral	18	17	3	0.37	0.35
Ground-truth viral	18	18	2	0.37	0.37
Ground-truth viral	18	19	5	0.37	0.39
Ground-truth viral	18	20	4	0.37	0.41
Ground-truth viral	18	21	3	0.37	0.43
Ground-truth viral	18	22	5	0.37	0.45
Ground-truth viral	18	23	2	0.37	0.47
Ground-truth viral	18	24	2	0.37	0.49
Ground-truth viral	18	25	4	0.37	0.51
Ground-truth viral	18	26	2	0.37	0.53
Ground-truth viral	18	27	9	0.37	0.55
Ground-truth viral	18	28	7	0.37	0.57
Ground-truth viral	18	29	5	0.37	0.59
Ground-truth viral	18	30	5	0.37	0.61
Ground-truth viral	18	31	7	0.37	0.63
Ground-truth viral	18	32	9	0.37	0.65
Ground-truth viral	18	33	3	0.37	0.67
Ground-truth viral	18	34	11	0.37	0.69
Ground-truth viral	18	35	15	0.37	0.71
Ground-truth viral	18	36	8	0.37	0.73
Ground-truth viral	18	37	3	0.37	0.75
Ground-truth viral	18	38	10	0.37	0.77
Ground-truth viral	18	39	5	0.37	0.79
Ground-truth viral	18	40	9	0.37	0.81
Ground-truth viral	18	41	8	0.37	0.83
Ground-truth viral	18	42	13	0.37	0.85
Ground-truth viral	18	43	17	0.37	0.87
Ground-truth viral	18	44	17	0.37	0.89
Ground-truth viral	18	45	27	0.37	0.91
Ground-truth viral	18	46	18	0.37	0.93
Ground-truth viral	18	47	86	0.37	0.95
Ground-truth viral	18	48	13	0.37	0.97
Ground-truth viral	18	49	1641	0.37	0.99
Ground-truth viral	19	0	21	0.39	0.01
Ground-truth viral	19	2	1	0.39	0.05
Ground-truth viral	19	3	1	0.39	0.07
Ground-truth viral	19	4	6	0.39	0.09
Ground-truth viral	19	5	2	0.39	0.11
Ground-truth viral	19	6	2	0.39	0.13
Ground-truth viral	19	8	2	0.39	0.17
Ground-truth viral	19	9	3	0.39	0.19
Ground-truth viral	19	10	4	0.39	0.21
Ground-truth viral	19	11	2	0.39	0.23
Ground-truth viral	19	12	2	0.39	0.25
Ground-truth viral	19	13	3	0.39	0.27
Ground-truth viral	19	14	4	0.39	0.29
Ground-truth viral	19	16	5	0.39	0.33
Ground-truth viral	19	17	5	0.39	0.35
Ground-truth viral	19	18	4	0.39	0.37
Ground-truth viral	19	19	1	0.39	0.39
Ground-truth viral	19	20	2	0.39	0.41
Ground-truth viral	19	21	4	0.39	0.43
Ground-truth viral	19	22	2	0.39	0.45
Ground-truth viral	19	23	2	0.39	0.47
Ground-truth viral	19	24	2	0.39	0.49
Ground-truth viral	19	25	3	0.39	0.51
Ground-truth viral	19	26	4	0.39	0.53
Ground-truth viral	19	27	3	0.39	0.55
Ground-truth viral	19	28	2	0.39	0.57
Ground-truth viral	19	29	2	0.39	0.59
Ground-truth viral	19	30	7	0.39	0.61
Ground-truth viral	19	31	7	0.39	0.63
Ground-truth viral	19	32	6	0.39	0.65
Ground-truth viral	19	33	5	0.39	0.67
Ground-truth viral	19	34	4	0.39	0.69
Ground-truth viral	19	35	10	0.39	0.71
Ground-truth viral	19	36	5	0.39	0.73
Ground-truth viral	19	37	8	0.39	0.75
Ground-truth viral	19	38	7	0.39	0.77
Ground-truth viral	19	39	6	0.39	0.79
Ground-truth viral	19	40	7	0.39	0.81
Ground-truth viral	19	41	7	0.39	0.83
Ground-truth viral	19	42	17	0.39	0.85
Ground-truth viral	19	43	13	0.39	0.87
Ground-truth viral	19	44	14	0.39	0.89
Ground-truth viral	19	45	33	0.39	0.91
Ground-truth viral	19	46	10	0.39	0.93
Ground-truth viral	19	47	90	0.39	0.95
Ground-truth viral	19	48	8	0.39	0.97
Ground-truth viral	19	49	1588	0.39	0.99
Ground-truth viral	20	0	18	0.41	0.01
Ground-truth viral	20	2	3	0.41	0.05
Ground-truth viral	20	4	5	0.41	0.09
Ground-truth viral	20	5	6	0.41	0.11
Ground-truth viral	20	6	2	0.41	0.13
Ground-truth viral	20	7	4	0.41	0.15
Ground-truth viral	20	8	4	0.41	0.17
Ground-truth viral	20	9	4	0.41	0.19
Ground-truth viral	20	10	1	0.41	0.21
Ground-truth viral	20	11	1	0.41	0.23
Ground-truth viral	20	12	2	0.41	0.25
Ground-truth viral	20	14	5	0.41	0.29
Ground-truth viral	20	15	4	0.41	0.31
Ground-truth viral	20	16	5	0.41	0.33
Ground-truth viral	20	17	2	0.41	0.35
Ground-truth viral	20	18	5	0.41	0.37
Ground-truth viral	20	19	2	0.41	0.39
Ground-truth viral	20	20	6	0.41	0.41
Ground-truth viral	20	21	2	0.41	0.43
Ground-truth viral	20	22	5	0.41	0.45
Ground-truth viral	20	23	2	0.41	0.47
Ground-truth viral	20	24	4	0.41	0.49
Ground-truth viral	20	25	3	0.41	0.51
Ground-truth viral	20	26	4	0.41	0.53
Ground-truth viral	20	27	5	0.41	0.55
Ground-truth viral	20	28	6	0.41	0.57
Ground-truth viral	20	29	7	0.41	0.59
Ground-truth viral	20	30	8	0.41	0.61
Ground-truth viral	20	31	7	0.41	0.63
Ground-truth viral	20	32	10	0.41	0.65
Ground-truth viral	20	33	10	0.41	0.67
Ground-truth viral	20	34	10	0.41	0.69
Ground-truth viral	20	35	3	0.41	0.71
Ground-truth viral	20	36	5	0.41	0.73
Ground-truth viral	20	37	11	0.41	0.75
Ground-truth viral	20	38	7	0.41	0.77
Ground-truth viral	20	39	5	0.41	0.79
Ground-truth viral	20	40	12	0.41	0.81
Ground-truth viral	20	41	9	0.41	0.83
Ground-truth viral	20	42	19	0.41	0.85
Ground-truth viral	20	43	7	0.41	0.87
Ground-truth viral	20	44	17	0.41	0.89
Ground-truth viral	20	45	19	0.41	0.91
Ground-truth viral	20	46	10	0.41	0.93
Ground-truth viral	20	47	85	0.41	0.95
Ground-truth viral	20	48	13	0.41	0.97
Ground-truth viral	20	49	1555	0.41	0.99
Ground-truth viral	21	0	18	0.43	0.01
Ground-truth viral	21	2	18	0.43	0.05
Ground-truth viral	21	3	1	0.43	0.07
Ground-truth viral	21	4	6	0.43	0.09
Ground-truth viral	21	5	2	0.43	0.11
Ground-truth viral	21	6	2	0.43	0.13
Ground-truth viral	21	7	1	0.43	0.15
Ground-truth viral	21	8	4	0.43	0.17
Ground-truth viral	21	9	3	0.43	0.19
Ground-truth viral	21	11	1	0.43	0.23
Ground-truth viral	21	12	2	0.43	0.25
Ground-truth viral	21	13	1	0.43	0.27
Ground-truth viral	21	14	2	0.43	0.29
Ground-truth viral	21	15	1	0.43	0.31
Ground-truth viral	21	16	3	0.43	0.33
Ground-truth viral	21	17	8	0.43	0.35
Ground-truth viral	21	18	6	0.43	0.37
Ground-truth viral	21	19	1	0.43	0.39
Ground-truth viral	21	20	3	0.43	0.41
Ground-truth viral	21	21	4	0.43	0.43
Ground-truth viral	21	22	1	0.43	0.45
Ground-truth viral	21	24	4	0.43	0.49
Ground-truth viral	21	25	4	0.43	0.51
Ground-truth viral	21	26	1	0.43	0.53
Ground-truth viral	21	27	2	0.43	0.55
Ground-truth viral	21	28	2	0.43	0.57
Ground-truth viral	21	29	3	0.43	0.59
Ground-truth viral	21	30	5	0.43	0.61
Ground-truth viral	21	31	8	0.43	0.63
Ground-truth viral	21	32	4	0.43	0.65
Ground-truth viral	21	33	1	0.43	0.67
Ground-truth viral	21	34	7	0.43	0.69
Ground-truth viral	21	35	8	0.43	0.71
Ground-truth viral	21	36	9	0.43	0.73
Ground-truth viral	21	37	9	0.43	0.75
Ground-truth viral	21	38	7	0.43	0.77
Ground-truth viral	21	39	7	0.43	0.79
Ground-truth viral	21	40	16	0.43	0.81
Ground-truth viral	21	41	5	0.43	0.83
Ground-truth viral	21	42	17	0.43	0.85
Ground-truth viral	21	43	6	0.43	0.87
Ground-truth viral	21	44	13	0.43	0.89
Ground-truth viral	21	45	34	0.43	0.91
Ground-truth viral	21	46	16	0.43	0.93
Ground-truth viral	21	47	92	0.43	0.95
Ground-truth viral	21	48	11	0.43	0.97
Ground-truth viral	21	49	1730	0.43	0.99
Ground-truth viral	22	0	25	0.45	0.01
Ground-truth viral	22	2	6	0.45	0.05
Ground-truth viral	22	4	4	0.45	0.09
Ground-truth viral	22	5	1	0.45	0.11
Ground-truth viral	22	7	4	0.45	0.15
Ground-truth viral	22	8	2	0.45	0.17
Ground-truth viral	22	9	1	0.45	0.19
Ground-truth viral	22	12	5	0.45	0.25
Ground-truth viral	22	13	2	0.45	0.27
Ground-truth viral	22	14	1	0.45	0.29
Ground-truth viral	22	15	1	0.45	0.31
Ground-truth viral	22	17	1	0.45	0.35
Ground-truth viral	22	18	1	0.45	0.37
Ground-truth viral	22	20	2	0.45	0.41
Ground-truth viral	22	21	1	0.45	0.43
Ground-truth viral	22	22	2	0.45	0.45
Ground-truth viral	22	23	3	0.45	0.47
Ground-truth viral	22	24	8	0.45	0.49
Ground-truth viral	22	25	1	0.45	0.51
Ground-truth viral	22	26	5	0.45	0.53
Ground-truth viral	22	27	5	0.45	0.55
Ground-truth viral	22	29	4	0.45	0.59
Ground-truth viral	22	30	4	0.45	0.61
Ground-truth viral	22	31	3	0.45	0.63
Ground-truth viral	22	32	8	0.45	0.65
Ground-truth viral	22	33	3	0.45	0.67
Ground-truth viral	22	34	8	0.45	0.69
Ground-truth viral	22	35	10	0.45	0.71
Ground-truth viral	22	36	3	0.45	0.73
Ground-truth viral	22	37	6	0.45	0.75
Ground-truth viral	22	38	5	0.45	0.77
Ground-truth viral	22	39	6	0.45	0.79
Ground-truth viral	22	40	14	0.45	0.81
Ground-truth viral	22	41	5	0.45	0.83
Ground-truth viral	22	42	10	0.45	0.85
Ground-truth viral	22	43	10	0.45	0.87
Ground-truth viral	22	44	18	0.45	0.89
Ground-truth viral	22	45	21	0.45	0.91
Ground-truth viral	22	46	20	0.45	0.93
Ground-truth viral	22	47	90	0.45	0.95
Ground-truth viral	22	48	7	0.45	0.97
Ground-truth viral	22	49	1726	0.45	0.99
Ground-truth viral	23	0	11	0.47	0.01
Ground-truth viral	23	2	2	0.47	0.05
Ground-truth viral	23	3	2	0.47	0.07
Ground-truth viral	23	4	7	0.47	0.09
Ground-truth viral	23	5	5	0.47	0.11
Ground-truth viral	23	6	3	0.47	0.13
Ground-truth viral	23	7	3	0.47	0.15
Ground-truth viral	23	8	4	0.47	0.17
Ground-truth viral	23	9	4	0.47	0.19
Ground-truth viral	23	10	2	0.47	0.21
Ground-truth viral	23	11	4	0.47	0.23
Ground-truth viral	23	12	3	0.47	0.25
Ground-truth viral	23	13	3	0.47	0.27
Ground-truth viral	23	14	5	0.47	0.29
Ground-truth viral	23	15	2	0.47	0.31
Ground-truth viral	23	16	4	0.47	0.33
Ground-truth viral	23	17	2	0.47	0.35
Ground-truth viral	23	18	2	0.47	0.37
Ground-truth viral	23	19	1	0.47	0.39
Ground-truth viral	23	20	1	0.47	0.41
Ground-truth viral	23	21	5	0.47	0.43
Ground-truth viral	23	22	7	0.47	0.45
Ground-truth viral	23	23	2	0.47	0.47
Ground-truth viral	23	24	2	0.47	0.49
Ground-truth viral	23	25	9	0.47	0.51
Ground-truth viral	23	26	2	0.47	0.53
Ground-truth viral	23	27	2	0.47	0.55
Ground-truth viral	23	28	2	0.47	0.57
Ground-truth viral	23	29	2	0.47	0.59
Ground-truth viral	23	30	6	0.47	0.61
Ground-truth viral	23	31	4	0.47	0.63
Ground-truth viral	23	32	2	0.47	0.65
Ground-truth viral	23	33	5	0.47	0.67
Ground-truth viral	23	34	6	0.47	0.69
Ground-truth viral	23	35	14	0.47	0.71
Ground-truth viral	23	36	8	0.47	0.73
Ground-truth viral	23	37	9	0.47	0.75
Ground-truth viral	23	38	9	0.47	0.77
Ground-truth viral	23	39	3	0.47	0.79
Ground-truth viral	23	40	15	0.47	0.81
Ground-truth viral	23	41	8	0.47	0.83
Ground-truth viral	23	42	12	0.47	0.85
Ground-truth viral	23	43	11	0.47	0.87
Ground-truth viral	23	44	20	0.47	0.89
Ground-truth viral	23	45	40	0.47	0.91
Ground-truth viral	23	46	8	0.47	0.93
Ground-truth viral	23	47	106	0.47	0.95
Ground-truth viral	23	48	9	0.47	0.97
Ground-truth viral	23	49	1843	0.47	0.99
Ground-truth viral	24	0	11	0.49	0.01
Ground-truth viral	24	1	1	0.49	0.03
Ground-truth viral	24	2	10	0.49	0.05
Ground-truth viral	24	4	3	0.49	0.09
Ground-truth viral	24	6	3	0.49	0.13
Ground-truth viral	24	7	5	0.49	0.15
Ground-truth viral	24	9	4	0.49	0.19
Ground-truth viral	24	11	4	0.49	0.23
Ground-truth viral	24	12	4	0.49	0.25
Ground-truth viral	24	13	2	0.49	0.27
Ground-truth viral	24	14	1	0.49	0.29
Ground-truth viral	24	15	3	0.49	0.31
Ground-truth viral	24	16	1	0.49	0.33
Ground-truth viral	24	17	1	0.49	0.35
Ground-truth viral	24	18	5	0.49	0.37
Ground-truth viral	24	19	2	0.49	0.39
Ground-truth viral	24	20	2	0.49	0.41
Ground-truth viral	24	21	2	0.49	0.43
Ground-truth viral	24	22	3	0.49	0.45
Ground-truth viral	24	23	1	0.49	0.47
Ground-truth viral	24	24	1	0.49	0.49
Ground-truth viral	24	25	2	0.49	0.51
Ground-truth viral	24	26	4	0.49	0.53
Ground-truth viral	24	27	6	0.49	0.55
Ground-truth viral	24	28	3	0.49	0.57
Ground-truth viral	24	29	3	0.49	0.59
Ground-truth viral	24	30	9	0.49	0.61
Ground-truth viral	24	31	3	0.49	0.63
Ground-truth viral	24	32	7	0.49	0.65
Ground-truth viral	24	33	5	0.49	0.67
Ground-truth viral	24	34	4	0.49	0.69
Ground-truth viral	24	35	5	0.49	0.71
Ground-truth viral	24	36	3	0.49	0.73
Ground-truth viral	24	37	8	0.49	0.75
Ground-truth viral	24	38	7	0.49	0.77
Ground-truth viral	24	39	7	0.49	0.79
Ground-truth viral	24	40	9	0.49	0.81
Ground-truth viral	24	41	4	0.49	0.83
Ground-truth viral	24	42	6	0.49	0.85
Ground-truth viral	24	43	12	0.49	0.87
Ground-truth viral	24	44	15	0.49	0.89
Ground-truth viral	24	45	26	0.49	0.91
Ground-truth viral	24	46	15	0.49	0.93
Ground-truth viral	24	47	77	0.49	0.95
Ground-truth viral	24	48	10	0.49	0.97
Ground-truth viral	24	49	1805	0.49	0.99
Ground-truth viral	25	0	20	0.51	0.01
Ground-truth viral	25	2	14	0.51	0.05
Ground-truth viral	25	3	2	0.51	0.07
Ground-truth viral	25	4	4	0.51	0.09
Ground-truth viral	25	5	2	0.51	0.11
Ground-truth viral	25	7	5	0.51	0.15
Ground-truth viral	25	8	1	0.51	0.17
Ground-truth viral	25	9	2	0.51	0.19
Ground-truth viral	25	11	3	0.51	0.23
Ground-truth viral	25	12	4	0.51	0.25
Ground-truth viral	25	13	1	0.51	0.27
Ground-truth viral	25	14	4	0.51	0.29
Ground-truth viral	25	15	2	0.51	0.31
Ground-truth viral	25	16	4	0.51	0.33
Ground-truth viral	25	17	3	0.51	0.35
Ground-truth viral	25	18	3	0.51	0.37
Ground-truth viral	25	19	4	0.51	0.39
Ground-truth viral	25	22	1	0.51	0.45
Ground-truth viral	25	23	5	0.51	0.47
Ground-truth viral	25	24	2	0.51	0.49
Ground-truth viral	25	25	2	0.51	0.51
Ground-truth viral	25	26	3	0.51	0.53
Ground-truth viral	25	27	4	0.51	0.55
Ground-truth viral	25	28	2	0.51	0.57
Ground-truth viral	25	29	7	0.51	0.59
Ground-truth viral	25	30	3	0.51	0.61
Ground-truth viral	25	31	3	0.51	0.63
Ground-truth viral	25	32	4	0.51	0.65
Ground-truth viral	25	33	8	0.51	0.67
Ground-truth viral	25	34	3	0.51	0.69
Ground-truth viral	25	35	7	0.51	0.71
Ground-truth viral	25	36	7	0.51	0.73
Ground-truth viral	25	37	4	0.51	0.75
Ground-truth viral	25	38	8	0.51	0.77
Ground-truth viral	25	39	10	0.51	0.79
Ground-truth viral	25	40	12	0.51	0.81
Ground-truth viral	25	41	13	0.51	0.83
Ground-truth viral	25	42	15	0.51	0.85
Ground-truth viral	25	43	17	0.51	0.87
Ground-truth viral	25	44	13	0.51	0.89
Ground-truth viral	25	45	31	0.51	0.91
Ground-truth viral	25	46	7	0.51	0.93
Ground-truth viral	25	47	96	0.51	0.95
Ground-truth viral	25	48	4	0.51	0.97
Ground-truth viral	25	49	2024	0.51	0.99
Ground-truth viral	26	0	15	0.53	0.01
Ground-truth viral	26	2	9	0.53	0.05
Ground-truth viral	26	3	3	0.53	0.07
Ground-truth viral	26	4	6	0.53	0.09
Ground-truth viral	26	5	4	0.53	0.11
Ground-truth viral	26	6	6	0.53	0.13
Ground-truth viral	26	7	2	0.53	0.15
Ground-truth viral	26	8	1	0.53	0.17
Ground-truth viral	26	9	1	0.53	0.19
Ground-truth viral	26	10	3	0.53	0.21
Ground-truth viral	26	11	3	0.53	0.23
Ground-truth viral	26	12	3	0.53	0.25
Ground-truth viral	26	13	3	0.53	0.27
Ground-truth viral	26	14	1	0.53	0.29
Ground-truth viral	26	15	1	0.53	0.31
Ground-truth viral	26	17	1	0.53	0.35
Ground-truth viral	26	18	1	0.53	0.37
Ground-truth viral	26	19	2	0.53	0.39
Ground-truth viral	26	20	3	0.53	0.41
Ground-truth viral	26	21	2	0.53	0.43
Ground-truth viral	26	22	5	0.53	0.45
Ground-truth viral	26	23	3	0.53	0.47
Ground-truth viral	26	24	4	0.53	0.49
Ground-truth viral	26	25	1	0.53	0.51
Ground-truth viral	26	26	4	0.53	0.53
Ground-truth viral	26	27	4	0.53	0.55
Ground-truth viral	26	28	2	0.53	0.57
Ground-truth viral	26	29	5	0.53	0.59
Ground-truth viral	26	30	4	0.53	0.61
Ground-truth viral	26	31	3	0.53	0.63
Ground-truth viral	26	32	7	0.53	0.65
Ground-truth viral	26	33	4	0.53	0.67
Ground-truth viral	26	34	8	0.53	0.69
Ground-truth viral	26	35	8	0.53	0.71
Ground-truth viral	26	36	11	0.53	0.73
Ground-truth viral	26	37	5	0.53	0.75
Ground-truth viral	26	38	8	0.53	0.77
Ground-truth viral	26	39	11	0.53	0.79
Ground-truth viral	26	40	14	0.53	0.81
Ground-truth viral	26	41	5	0.53	0.83
Ground-truth viral	26	42	17	0.53	0.85
Ground-truth viral	26	43	8	0.53	0.87
Ground-truth viral	26	44	20	0.53	0.89
Ground-truth viral	26	45	34	0.53	0.91
Ground-truth viral	26	46	14	0.53	0.93
Ground-truth viral	26	47	79	0.53	0.95
Ground-truth viral	26	48	4	0.53	0.97
Ground-truth viral	26	49	2004	0.53	0.99
Ground-truth viral	27	0	24	0.55	0.01
Ground-truth viral	27	1	1	0.55	0.03
Ground-truth viral	27	2	9	0.55	0.05
Ground-truth viral	27	4	8	0.55	0.09
Ground-truth viral	27	5	1	0.55	0.11
Ground-truth viral	27	6	3	0.55	0.13
Ground-truth viral	27	7	6	0.55	0.15
Ground-truth viral	27	8	5	0.55	0.17
Ground-truth viral	27	10	4	0.55	0.21
Ground-truth viral	27	11	2	0.55	0.23
Ground-truth viral	27	12	3	0.55	0.25
Ground-truth viral	27	13	3	0.55	0.27
Ground-truth viral	27	14	5	0.55	0.29
Ground-truth viral	27	15	1	0.55	0.31
Ground-truth viral	27	16	1	0.55	0.33
Ground-truth viral	27	17	2	0.55	0.35
Ground-truth viral	27	18	3	0.55	0.37
Ground-truth viral	27	19	3	0.55	0.39
Ground-truth viral	27	20	5	0.55	0.41
Ground-truth viral	27	21	1	0.55	0.43
Ground-truth viral	27	22	1	0.55	0.45
Ground-truth viral	27	23	6	0.55	0.47
Ground-truth viral	27	24	8	0.55	0.49
Ground-truth viral	27	25	8	0.55	0.51
Ground-truth viral	27	26	2	0.55	0.53
Ground-truth viral	27	27	8	0.55	0.55
Ground-truth viral	27	28	2	0.55	0.57
Ground-truth viral	27	29	5	0.55	0.59
Ground-truth viral	27	30	6	0.55	0.61
Ground-truth viral	27	31	3	0.55	0.63
Ground-truth viral	27	32	5	0.55	0.65
Ground-truth viral	27	33	3	0.55	0.67
Ground-truth viral	27	34	5	0.55	0.69
Ground-truth viral	27	35	6	0.55	0.71
Ground-truth viral	27	36	8	0.55	0.73
Ground-truth viral	27	37	10	0.55	0.75
Ground-truth viral	27	38	9	0.55	0.77
Ground-truth viral	27	39	7	0.55	0.79
Ground-truth viral	27	40	9	0.55	0.81
Ground-truth viral	27	41	11	0.55	0.83
Ground-truth viral	27	42	14	0.55	0.85
Ground-truth viral	27	43	15	0.55	0.87
Ground-truth viral	27	44	14	0.55	0.89
Ground-truth viral	27	45	30	0.55	0.91
Ground-truth viral	27	46	17	0.55	0.93
Ground-truth viral	27	47	93	0.55	0.95
Ground-truth viral	27	48	12	0.55	0.97
Ground-truth viral	27	49	2312	0.55	0.99
Ground-truth viral	28	0	19	0.57	0.01
Ground-truth viral	28	2	10	0.57	0.05
Ground-truth viral	28	3	2	0.57	0.07
Ground-truth viral	28	4	6	0.57	0.09
Ground-truth viral	28	5	6	0.57	0.11
Ground-truth viral	28	6	2	0.57	0.13
Ground-truth viral	28	7	3	0.57	0.15
Ground-truth viral	28	8	1	0.57	0.17
Ground-truth viral	28	10	3	0.57	0.21
Ground-truth viral	28	11	4	0.57	0.23
Ground-truth viral	28	12	2	0.57	0.25
Ground-truth viral	28	14	2	0.57	0.29
Ground-truth viral	28	15	4	0.57	0.31
Ground-truth viral	28	16	4	0.57	0.33
Ground-truth viral	28	17	4	0.57	0.35
Ground-truth viral	28	19	3	0.57	0.39
Ground-truth viral	28	20	2	0.57	0.41
Ground-truth viral	28	21	4	0.57	0.43
Ground-truth viral	28	22	4	0.57	0.45
Ground-truth viral	28	23	4	0.57	0.47
Ground-truth viral	28	24	5	0.57	0.49
Ground-truth viral	28	25	4	0.57	0.51
Ground-truth viral	28	26	7	0.57	0.53
Ground-truth viral	28	27	7	0.57	0.55
Ground-truth viral	28	28	2	0.57	0.57
Ground-truth viral	28	29	4	0.57	0.59
Ground-truth viral	28	30	5	0.57	0.61
Ground-truth viral	28	31	11	0.57	0.63
Ground-truth viral	28	32	6	0.57	0.65
Ground-truth viral	28	33	4	0.57	0.67
Ground-truth viral	28	34	9	0.57	0.69
Ground-truth viral	28	35	8	0.57	0.71
Ground-truth viral	28	36	5	0.57	0.73
Ground-truth viral	28	37	12	0.57	0.75
Ground-truth viral	28	38	8	0.57	0.77
Ground-truth viral	28	39	10	0.57	0.79
Ground-truth viral	28	40	13	0.57	0.81
Ground-truth viral	28	41	6	0.57	0.83
Ground-truth viral	28	42	12	0.57	0.85
Ground-truth viral	28	43	20	0.57	0.87
Ground-truth viral	28	44	22	0.57	0.89
Ground-truth viral	28	45	30	0.57	0.91
Ground-truth viral	28	46	13	0.57	0.93
Ground-truth viral	28	47	108	0.57	0.95
Ground-truth viral	28	48	9	0.57	0.97
Ground-truth viral	28	49	2364	0.57	0.99
Ground-truth viral	29	0	20	0.59	0.01
Ground-truth viral	29	1	1	0.59	0.03
Ground-truth viral	29	2	9	0.59	0.05
Ground-truth viral	29	3	2	0.59	0.07
Ground-truth viral	29	4	2	0.59	0.09
Ground-truth viral	29	5	7	0.59	0.11
Ground-truth viral	29	6	5	0.59	0.13
Ground-truth viral	29	7	5	0.59	0.15
Ground-truth viral	29	8	1	0.59	0.17
Ground-truth viral	29	9	5	0.59	0.19
Ground-truth viral	29	10	2	0.59	0.21
Ground-truth viral	29	11	3	0.59	0.23
Ground-truth viral	29	12	4	0.59	0.25
Ground-truth viral	29	13	2	0.59	0.27
Ground-truth viral	29	14	7	0.59	0.29
Ground-truth viral	29	15	4	0.59	0.31
Ground-truth viral	29	16	3	0.59	0.33
Ground-truth viral	29	17	3	0.59	0.35
Ground-truth viral	29	18	3	0.59	0.37
Ground-truth viral	29	19	3	0.59	0.39
Ground-truth viral	29	20	3	0.59	0.41
Ground-truth viral	29	21	5	0.59	0.43
Ground-truth viral	29	22	5	0.59	0.45
Ground-truth viral	29	23	6	0.59	0.47
Ground-truth viral	29	24	4	0.59	0.49
Ground-truth viral	29	25	6	0.59	0.51
Ground-truth viral	29	26	5	0.59	0.53
Ground-truth viral	29	27	1	0.59	0.55
Ground-truth viral	29	28	2	0.59	0.57
Ground-truth viral	29	29	7	0.59	0.59
Ground-truth viral	29	30	11	0.59	0.61
Ground-truth viral	29	31	7	0.59	0.63
Ground-truth viral	29	32	7	0.59	0.65
Ground-truth viral	29	33	7	0.59	0.67
Ground-truth viral	29	34	10	0.59	0.69
Ground-truth viral	29	35	11	0.59	0.71
Ground-truth viral	29	36	11	0.59	0.73
Ground-truth viral	29	37	5	0.59	0.75
Ground-truth viral	29	38	15	0.59	0.77
Ground-truth viral	29	39	17	0.59	0.79
Ground-truth viral	29	40	10	0.59	0.81
Ground-truth viral	29	41	9	0.59	0.83
Ground-truth viral	29	42	15	0.59	0.85
Ground-truth viral	29	43	15	0.59	0.87
Ground-truth viral	29	44	17	0.59	0.89
Ground-truth viral	29	45	41	0.59	0.91
Ground-truth viral	29	46	17	0.59	0.93
Ground-truth viral	29	47	100	0.59	0.95
Ground-truth viral	29	48	19	0.59	0.97
Ground-truth viral	29	49	2568	0.59	0.99
Ground-truth viral	30	0	16	0.61	0.01
Ground-truth viral	30	1	4	0.61	0.03
Ground-truth viral	30	2	10	0.61	0.05
Ground-truth viral	30	3	1	0.61	0.07
Ground-truth viral	30	4	5	0.61	0.09
Ground-truth viral	30	5	1	0.61	0.11
Ground-truth viral	30	6	5	0.61	0.13
Ground-truth viral	30	7	4	0.61	0.15
Ground-truth viral	30	8	6	0.61	0.17
Ground-truth viral	30	9	1	0.61	0.19
Ground-truth viral	30	10	4	0.61	0.21
Ground-truth viral	30	11	3	0.61	0.23
Ground-truth viral	30	12	4	0.61	0.25
Ground-truth viral	30	13	2	0.61	0.27
Ground-truth viral	30	14	2	0.61	0.29
Ground-truth viral	30	15	2	0.61	0.31
Ground-truth viral	30	16	5	0.61	0.33
Ground-truth viral	30	17	1	0.61	0.35
Ground-truth viral	30	18	3	0.61	0.37
Ground-truth viral	30	19	2	0.61	0.39
Ground-truth viral	30	20	2	0.61	0.41
Ground-truth viral	30	21	6	0.61	0.43
Ground-truth viral	30	22	2	0.61	0.45
Ground-truth viral	30	23	2	0.61	0.47
Ground-truth viral	30	24	7	0.61	0.49
Ground-truth viral	30	25	1	0.61	0.51
Ground-truth viral	30	26	3	0.61	0.53
Ground-truth viral	30	27	3	0.61	0.55
Ground-truth viral	30	28	3	0.61	0.57
Ground-truth viral	30	29	6	0.61	0.59
Ground-truth viral	30	30	4	0.61	0.61
Ground-truth viral	30	31	4	0.61	0.63
Ground-truth viral	30	32	8	0.61	0.65
Ground-truth viral	30	33	6	0.61	0.67
Ground-truth viral	30	34	5	0.61	0.69
Ground-truth viral	30	35	6	0.61	0.71
Ground-truth viral	30	36	6	0.61	0.73
Ground-truth viral	30	37	6	0.61	0.75
Ground-truth viral	30	38	8	0.61	0.77
Ground-truth viral	30	39	7	0.61	0.79
Ground-truth viral	30	40	9	0.61	0.81
Ground-truth viral	30	41	11	0.61	0.83
Ground-truth viral	30	42	12	0.61	0.85
Ground-truth viral	30	43	20	0.61	0.87
Ground-truth viral	30	44	22	0.61	0.89
Ground-truth viral	30	45	28	0.61	0.91
Ground-truth viral	30	46	11	0.61	0.93
Ground-truth viral	30	47	116	0.61	0.95
Ground-truth viral	30	48	11	0.61	0.97
Ground-truth viral	30	49	2551	0.61	0.99
Ground-truth viral	31	0	23	0.63	0.01
Ground-truth viral	31	2	8	0.63	0.05
Ground-truth viral	31	3	1	0.63	0.07
Ground-truth viral	31	4	8	0.63	0.09
Ground-truth viral	31	5	4	0.63	0.11
Ground-truth viral	31	6	2	0.63	0.13
Ground-truth viral	31	7	2	0.63	0.15
Ground-truth viral	31	8	6	0.63	0.17
Ground-truth viral	31	9	1	0.63	0.19
Ground-truth viral	31	10	2	0.63	0.21
Ground-truth viral	31	11	3	0.63	0.23
Ground-truth viral	31	12	6	0.63	0.25
Ground-truth viral	31	13	1	0.63	0.27
Ground-truth viral	31	14	3	0.63	0.29
Ground-truth viral	31	15	4	0.63	0.31
Ground-truth viral	31	16	3	0.63	0.33
Ground-truth viral	31	17	4	0.63	0.35
Ground-truth viral	31	18	5	0.63	0.37
Ground-truth viral	31	19	3	0.63	0.39
Ground-truth viral	31	20	4	0.63	0.41
Ground-truth viral	31	21	2	0.63	0.43
Ground-truth viral	31	22	3	0.63	0.45
Ground-truth viral	31	23	3	0.63	0.47
Ground-truth viral	31	24	4	0.63	0.49
Ground-truth viral	31	25	7	0.63	0.51
Ground-truth viral	31	26	5	0.63	0.53
Ground-truth viral	31	27	6	0.63	0.55
Ground-truth viral	31	28	9	0.63	0.57
Ground-truth viral	31	29	5	0.63	0.59
Ground-truth viral	31	30	4	0.63	0.61
Ground-truth viral	31	31	10	0.63	0.63
Ground-truth viral	31	32	9	0.63	0.65
Ground-truth viral	31	33	6	0.63	0.67
Ground-truth viral	31	34	10	0.63	0.69
Ground-truth viral	31	35	7	0.63	0.71
Ground-truth viral	31	36	10	0.63	0.73
Ground-truth viral	31	37	6	0.63	0.75
Ground-truth viral	31	38	5	0.63	0.77
Ground-truth viral	31	39	10	0.63	0.79
Ground-truth viral	31	40	15	0.63	0.81
Ground-truth viral	31	41	9	0.63	0.83
Ground-truth viral	31	42	20	0.63	0.85
Ground-truth viral	31	43	17	0.63	0.87
Ground-truth viral	31	44	26	0.63	0.89
Ground-truth viral	31	45	39	0.63	0.91
Ground-truth viral	31	46	18	0.63	0.93
Ground-truth viral	31	47	127	0.63	0.95
Ground-truth viral	31	48	12	0.63	0.97
Ground-truth viral	31	49	2952	0.63	0.99
Ground-truth viral	32	0	31	0.65	0.01
Ground-truth viral	32	1	1	0.65	0.03
Ground-truth viral	32	2	16	0.65	0.05
Ground-truth viral	32	4	5	0.65	0.09
Ground-truth viral	32	5	7	0.65	0.11
Ground-truth viral	32	6	6	0.65	0.13
Ground-truth viral	32	7	7	0.65	0.15
Ground-truth viral	32	8	4	0.65	0.17
Ground-truth viral	32	9	6	0.65	0.19
Ground-truth viral	32	10	4	0.65	0.21
Ground-truth viral	32	11	4	0.65	0.23
Ground-truth viral	32	12	2	0.65	0.25
Ground-truth viral	32	13	2	0.65	0.27
Ground-truth viral	32	14	2	0.65	0.29
Ground-truth viral	32	15	6	0.65	0.31
Ground-truth viral	32	16	4	0.65	0.33
Ground-truth viral	32	17	2	0.65	0.35
Ground-truth viral	32	18	5	0.65	0.37
Ground-truth viral	32	19	2	0.65	0.39
Ground-truth viral	32	20	4	0.65	0.41
Ground-truth viral	32	21	6	0.65	0.43
Ground-truth viral	32	22	6	0.65	0.45
Ground-truth viral	32	23	3	0.65	0.47
Ground-truth viral	32	24	5	0.65	0.49
Ground-truth viral	32	25	6	0.65	0.51
Ground-truth viral	32	26	2	0.65	0.53
Ground-truth viral	32	27	7	0.65	0.55
Ground-truth viral	32	28	2	0.65	0.57
Ground-truth viral	32	29	3	0.65	0.59
Ground-truth viral	32	30	5	0.65	0.61
Ground-truth viral	32	31	5	0.65	0.63
Ground-truth viral	32	33	9	0.65	0.67
Ground-truth viral	32	34	12	0.65	0.69
Ground-truth viral	32	35	6	0.65	0.71
Ground-truth viral	32	36	8	0.65	0.73
Ground-truth viral	32	37	12	0.65	0.75
Ground-truth viral	32	38	14	0.65	0.77
Ground-truth viral	32	39	13	0.65	0.79
Ground-truth viral	32	40	14	0.65	0.81
Ground-truth viral	32	41	17	0.65	0.83
Ground-truth viral	32	42	23	0.65	0.85
Ground-truth viral	32	43	14	0.65	0.87
Ground-truth viral	32	44	20	0.65	0.89
Ground-truth viral	32	45	41	0.65	0.91
Ground-truth viral	32	46	21	0.65	0.93
Ground-truth viral	32	47	120	0.65	0.95
Ground-truth viral	32	48	15	0.65	0.97
Ground-truth viral	32	49	2973	0.65	0.99
Ground-truth viral	33	0	16	0.67	0.01
Ground-truth viral	33	1	1	0.67	0.03
Ground-truth viral	33	2	11	0.67	0.05
Ground-truth viral	33	3	2	0.67	0.07
Ground-truth viral	33	4	4	0.67	0.09
Ground-truth viral	33	5	3	0.67	0.11
Ground-truth viral	33	6	3	0.67	0.13
Ground-truth viral	33	7	7	0.67	0.15
Ground-truth viral	33	8	3	0.67	0.17
Ground-truth viral	33	9	3	0.67	0.19
Ground-truth viral	33	10	1	0.67	0.21
Ground-truth viral	33	11	4	0.67	0.23
Ground-truth viral	33	12	2	0.67	0.25
Ground-truth viral	33	13	3	0.67	0.27
Ground-truth viral	33	14	3	0.67	0.29
Ground-truth viral	33	15	4	0.67	0.31
Ground-truth viral	33	16	3	0.67	0.33
Ground-truth viral	33	17	1	0.67	0.35
Ground-truth viral	33	18	3	0.67	0.37
Ground-truth viral	33	19	4	0.67	0.39
Ground-truth viral	33	20	3	0.67	0.41
Ground-truth viral	33	21	5	0.67	0.43
Ground-truth viral	33	22	7	0.67	0.45
Ground-truth viral	33	23	5	0.67	0.47
Ground-truth viral	33	24	2	0.67	0.49
Ground-truth viral	33	25	4	0.67	0.51
Ground-truth viral	33	26	8	0.67	0.53
Ground-truth viral	33	27	4	0.67	0.55
Ground-truth viral	33	28	5	0.67	0.57
Ground-truth viral	33	29	9	0.67	0.59
Ground-truth viral	33	30	5	0.67	0.61
Ground-truth viral	33	31	2	0.67	0.63
Ground-truth viral	33	32	2	0.67	0.65
Ground-truth viral	33	33	4	0.67	0.67
Ground-truth viral	33	34	5	0.67	0.69
Ground-truth viral	33	35	6	0.67	0.71
Ground-truth viral	33	36	4	0.67	0.73
Ground-truth viral	33	37	7	0.67	0.75
Ground-truth viral	33	38	6	0.67	0.77
Ground-truth viral	33	39	9	0.67	0.79
Ground-truth viral	33	40	14	0.67	0.81
Ground-truth viral	33	41	16	0.67	0.83
Ground-truth viral	33	42	22	0.67	0.85
Ground-truth viral	33	43	18	0.67	0.87
Ground-truth viral	33	44	20	0.67	0.89
Ground-truth viral	33	45	41	0.67	0.91
Ground-truth viral	33	46	25	0.67	0.93
Ground-truth viral	33	47	129	0.67	0.95
Ground-truth viral	33	48	19	0.67	0.97
Ground-truth viral	33	49	3221	0.67	0.99
Ground-truth viral	34	0	444	0.69	0.01
Ground-truth viral	34	1	7	0.69	0.03
Ground-truth viral	34	2	267	0.69	0.05
Ground-truth viral	34	3	17	0.69	0.07
Ground-truth viral	34	4	120	0.69	0.09
Ground-truth viral	34	5	69	0.69	0.11
Ground-truth viral	34	6	49	0.69	0.13
Ground-truth viral	34	7	97	0.69	0.15
Ground-truth viral	34	8	41	0.69	0.17
Ground-truth viral	34	9	69	0.69	0.19
Ground-truth viral	34	10	63	0.69	0.21
Ground-truth viral	34	11	41	0.69	0.23
Ground-truth viral	34	12	54	0.69	0.25
Ground-truth viral	34	13	45	0.69	0.27
Ground-truth viral	34	14	64	0.69	0.29
Ground-truth viral	34	15	48	0.69	0.31
Ground-truth viral	34	16	61	0.69	0.33
Ground-truth viral	34	17	57	0.69	0.35
Ground-truth viral	34	18	59	0.69	0.37
Ground-truth viral	34	19	55	0.69	0.39
Ground-truth viral	34	20	55	0.69	0.41
Ground-truth viral	34	21	62	0.69	0.43
Ground-truth viral	34	22	73	0.69	0.45
Ground-truth viral	34	23	54	0.69	0.47
Ground-truth viral	34	24	71	0.69	0.49
Ground-truth viral	34	25	77	0.69	0.51
Ground-truth viral	34	26	80	0.69	0.53
Ground-truth viral	34	27	102	0.69	0.55
Ground-truth viral	34	28	83	0.69	0.57
Ground-truth viral	34	29	91	0.69	0.59
Ground-truth viral	34	30	122	0.69	0.61
Ground-truth viral	34	31	122	0.69	0.63
Ground-truth viral	34	32	112	0.69	0.65
Ground-truth viral	34	33	115	0.69	0.67
Ground-truth viral	34	34	138	0.69	0.69
Ground-truth viral	34	35	141	0.69	0.71
Ground-truth viral	34	36	167	0.69	0.73
Ground-truth viral	34	37	184	0.69	0.75
Ground-truth viral	34	38	160	0.69	0.77
Ground-truth viral	34	39	225	0.69	0.79
Ground-truth viral	34	40	283	0.69	0.81
Ground-truth viral	34	41	252	0.69	0.83
Ground-truth viral	34	42	435	0.69	0.85
Ground-truth viral	34	43	339	0.69	0.87
Ground-truth viral	34	44	530	0.69	0.89
Ground-truth viral	34	45	837	0.69	0.91
Ground-truth viral	34	46	490	0.69	0.93
Ground-truth viral	34	47	3471	0.69	0.95
Ground-truth viral	34	48	339	0.69	0.97
Ground-truth viral	34	49	93592	0.69	0.99
Ground-truth viral	35	0	23	0.71	0.01
Ground-truth viral	35	1	1	0.71	0.03
Ground-truth viral	35	2	20	0.71	0.05
Ground-truth viral	35	4	5	0.71	0.09
Ground-truth viral	35	5	3	0.71	0.11
Ground-truth viral	35	7	7	0.71	0.15
Ground-truth viral	35	8	2	0.71	0.17
Ground-truth viral	35	9	3	0.71	0.19
Ground-truth viral	35	10	4	0.71	0.21
Ground-truth viral	35	11	1	0.71	0.23
Ground-truth viral	35	12	2	0.71	0.25
Ground-truth viral	35	13	5	0.71	0.27
Ground-truth viral	35	14	3	0.71	0.29
Ground-truth viral	35	15	3	0.71	0.31
Ground-truth viral	35	16	5	0.71	0.33
Ground-truth viral	35	17	6	0.71	0.35
Ground-truth viral	35	18	7	0.71	0.37
Ground-truth viral	35	19	3	0.71	0.39
Ground-truth viral	35	20	3	0.71	0.41
Ground-truth viral	35	21	5	0.71	0.43
Ground-truth viral	35	22	5	0.71	0.45
Ground-truth viral	35	23	8	0.71	0.47
Ground-truth viral	35	24	6	0.71	0.49
Ground-truth viral	35	25	4	0.71	0.51
Ground-truth viral	35	26	2	0.71	0.53
Ground-truth viral	35	27	4	0.71	0.55
Ground-truth viral	35	28	2	0.71	0.57
Ground-truth viral	35	29	8	0.71	0.59
Ground-truth viral	35	30	14	0.71	0.61
Ground-truth viral	35	31	6	0.71	0.63
Ground-truth viral	35	32	4	0.71	0.65
Ground-truth viral	35	33	8	0.71	0.67
Ground-truth viral	35	34	8	0.71	0.69
Ground-truth viral	35	35	7	0.71	0.71
Ground-truth viral	35	36	10	0.71	0.73
Ground-truth viral	35	37	14	0.71	0.75
Ground-truth viral	35	38	12	0.71	0.77
Ground-truth viral	35	39	21	0.71	0.79
Ground-truth viral	35	40	16	0.71	0.81
Ground-truth viral	35	41	13	0.71	0.83
Ground-truth viral	35	42	23	0.71	0.85
Ground-truth viral	35	43	24	0.71	0.87
Ground-truth viral	35	44	23	0.71	0.89
Ground-truth viral	35	45	46	0.71	0.91
Ground-truth viral	35	46	31	0.71	0.93
Ground-truth viral	35	47	185	0.71	0.95
Ground-truth viral	35	48	22	0.71	0.97
Ground-truth viral	35	49	3805	0.71	0.99
Ground-truth viral	36	0	40	0.73	0.01
Ground-truth viral	36	1	2	0.73	0.03
Ground-truth viral	36	2	16	0.73	0.05
Ground-truth viral	36	3	1	0.73	0.07
Ground-truth viral	36	4	8	0.73	0.09
Ground-truth viral	36	5	2	0.73	0.11
Ground-truth viral	36	6	1	0.73	0.13
Ground-truth viral	36	7	7	0.73	0.15
Ground-truth viral	36	8	5	0.73	0.17
Ground-truth viral	36	9	4	0.73	0.19
Ground-truth viral	36	10	1	0.73	0.21
Ground-truth viral	36	11	5	0.73	0.23
Ground-truth viral	36	12	6	0.73	0.25
Ground-truth viral	36	13	2	0.73	0.27
Ground-truth viral	36	14	3	0.73	0.29
Ground-truth viral	36	15	5	0.73	0.31
Ground-truth viral	36	16	8	0.73	0.33
Ground-truth viral	36	17	10	0.73	0.35
Ground-truth viral	36	18	8	0.73	0.37
Ground-truth viral	36	19	5	0.73	0.39
Ground-truth viral	36	20	1	0.73	0.41
Ground-truth viral	36	21	8	0.73	0.43
Ground-truth viral	36	22	3	0.73	0.45
Ground-truth viral	36	23	7	0.73	0.47
Ground-truth viral	36	24	7	0.73	0.49
Ground-truth viral	36	25	9	0.73	0.51
Ground-truth viral	36	26	12	0.73	0.53
Ground-truth viral	36	27	5	0.73	0.55
Ground-truth viral	36	28	10	0.73	0.57
Ground-truth viral	36	29	7	0.73	0.59
Ground-truth viral	36	30	9	0.73	0.61
Ground-truth viral	36	31	6	0.73	0.63
Ground-truth viral	36	32	5	0.73	0.65
Ground-truth viral	36	33	6	0.73	0.67
Ground-truth viral	36	34	15	0.73	0.69
Ground-truth viral	36	35	7	0.73	0.71
Ground-truth viral	36	36	11	0.73	0.73
Ground-truth viral	36	37	11	0.73	0.75
Ground-truth viral	36	38	9	0.73	0.77
Ground-truth viral	36	39	3	0.73	0.79
Ground-truth viral	36	40	23	0.73	0.81
Ground-truth viral	36	41	12	0.73	0.83
Ground-truth viral	36	42	26	0.73	0.85
Ground-truth viral	36	43	13	0.73	0.87
Ground-truth viral	36	44	42	0.73	0.89
Ground-truth viral	36	45	46	0.73	0.91
Ground-truth viral	36	46	32	0.73	0.93
Ground-truth viral	36	47	201	0.73	0.95
Ground-truth viral	36	48	22	0.73	0.97
Ground-truth viral	36	49	4549	0.73	0.99
Ground-truth viral	37	0	30	0.75	0.01
Ground-truth viral	37	1	1	0.75	0.03
Ground-truth viral	37	2	11	0.75	0.05
Ground-truth viral	37	3	2	0.75	0.07
Ground-truth viral	37	4	6	0.75	0.09
Ground-truth viral	37	5	3	0.75	0.11
Ground-truth viral	37	6	3	0.75	0.13
Ground-truth viral	37	7	7	0.75	0.15
Ground-truth viral	37	8	1	0.75	0.17
Ground-truth viral	37	9	2	0.75	0.19
Ground-truth viral	37	10	2	0.75	0.21
Ground-truth viral	37	11	5	0.75	0.23
Ground-truth viral	37	12	5	0.75	0.25
Ground-truth viral	37	13	5	0.75	0.27
Ground-truth viral	37	14	5	0.75	0.29
Ground-truth viral	37	15	2	0.75	0.31
Ground-truth viral	37	16	2	0.75	0.33
Ground-truth viral	37	17	5	0.75	0.35
Ground-truth viral	37	18	2	0.75	0.37
Ground-truth viral	37	19	3	0.75	0.39
Ground-truth viral	37	20	1	0.75	0.41
Ground-truth viral	37	21	5	0.75	0.43
Ground-truth viral	37	22	6	0.75	0.45
Ground-truth viral	37	23	6	0.75	0.47
Ground-truth viral	37	24	6	0.75	0.49
Ground-truth viral	37	25	2	0.75	0.51
Ground-truth viral	37	26	7	0.75	0.53
Ground-truth viral	37	27	7	0.75	0.55
Ground-truth viral	37	28	3	0.75	0.57
Ground-truth viral	37	29	3	0.75	0.59
Ground-truth viral	37	30	9	0.75	0.61
Ground-truth viral	37	31	5	0.75	0.63
Ground-truth viral	37	32	11	0.75	0.65
Ground-truth viral	37	33	5	0.75	0.67
Ground-truth viral	37	34	10	0.75	0.69
Ground-truth viral	37	35	13	0.75	0.71
Ground-truth viral	37	36	13	0.75	0.73
Ground-truth viral	37	37	15	0.75	0.75
Ground-truth viral	37	38	12	0.75	0.77
Ground-truth viral	37	39	13	0.75	0.79
Ground-truth viral	37	40	14	0.75	0.81
Ground-truth viral	37	41	15	0.75	0.83
Ground-truth viral	37	42	29	0.75	0.85
Ground-truth viral	37	43	29	0.75	0.87
Ground-truth viral	37	44	42	0.75	0.89
Ground-truth viral	37	45	52	0.75	0.91
Ground-truth viral	37	46	30	0.75	0.93
Ground-truth viral	37	47	202	0.75	0.95
Ground-truth viral	37	48	24	0.75	0.97
Ground-truth viral	37	49	4876	0.75	0.99
Ground-truth viral	38	0	16	0.77	0.01
Ground-truth viral	38	1	1	0.77	0.03
Ground-truth viral	38	2	7	0.77	0.05
Ground-truth viral	38	4	9	0.77	0.09
Ground-truth viral	38	5	1	0.77	0.11
Ground-truth viral	38	6	3	0.77	0.13
Ground-truth viral	38	7	2	0.77	0.15
Ground-truth viral	38	8	4	0.77	0.17
Ground-truth viral	38	9	6	0.77	0.19
Ground-truth viral	38	10	1	0.77	0.21
Ground-truth viral	38	11	5	0.77	0.23
Ground-truth viral	38	12	4	0.77	0.25
Ground-truth viral	38	14	2	0.77	0.29
Ground-truth viral	38	15	4	0.77	0.31
Ground-truth viral	38	16	6	0.77	0.33
Ground-truth viral	38	17	1	0.77	0.35
Ground-truth viral	38	18	4	0.77	0.37
Ground-truth viral	38	19	5	0.77	0.39
Ground-truth viral	38	20	6	0.77	0.41
Ground-truth viral	38	21	3	0.77	0.43
Ground-truth viral	38	22	7	0.77	0.45
Ground-truth viral	38	23	5	0.77	0.47
Ground-truth viral	38	24	4	0.77	0.49
Ground-truth viral	38	25	4	0.77	0.51
Ground-truth viral	38	26	6	0.77	0.53
Ground-truth viral	38	27	3	0.77	0.55
Ground-truth viral	38	28	7	0.77	0.57
Ground-truth viral	38	29	8	0.77	0.59
Ground-truth viral	38	30	10	0.77	0.61
Ground-truth viral	38	31	6	0.77	0.63
Ground-truth viral	38	32	5	0.77	0.65
Ground-truth viral	38	33	7	0.77	0.67
Ground-truth viral	38	34	3	0.77	0.69
Ground-truth viral	38	35	8	0.77	0.71
Ground-truth viral	38	36	7	0.77	0.73
Ground-truth viral	38	37	18	0.77	0.75
Ground-truth viral	38	38	14	0.77	0.77
Ground-truth viral	38	39	18	0.77	0.79
Ground-truth viral	38	40	17	0.77	0.81
Ground-truth viral	38	41	17	0.77	0.83
Ground-truth viral	38	42	28	0.77	0.85
Ground-truth viral	38	43	22	0.77	0.87
Ground-truth viral	38	44	34	0.77	0.89
Ground-truth viral	38	45	50	0.77	0.91
Ground-truth viral	38	46	25	0.77	0.93
Ground-truth viral	38	47	190	0.77	0.95
Ground-truth viral	38	48	22	0.77	0.97
Ground-truth viral	38	49	5107	0.77	0.99
Ground-truth viral	39	0	22	0.79	0.01
Ground-truth viral	39	1	1	0.79	0.03
Ground-truth viral	39	2	12	0.79	0.05
Ground-truth viral	39	3	1	0.79	0.07
Ground-truth viral	39	4	4	0.79	0.09
Ground-truth viral	39	5	2	0.79	0.11
Ground-truth viral	39	6	4	0.79	0.13
Ground-truth viral	39	7	4	0.79	0.15
Ground-truth viral	39	8	3	0.79	0.17
Ground-truth viral	39	9	6	0.79	0.19
Ground-truth viral	39	10	4	0.79	0.21
Ground-truth viral	39	11	4	0.79	0.23
Ground-truth viral	39	12	3	0.79	0.25
Ground-truth viral	39	13	2	0.79	0.27
Ground-truth viral	39	14	4	0.79	0.29
Ground-truth viral	39	15	5	0.79	0.31
Ground-truth viral	39	16	4	0.79	0.33
Ground-truth viral	39	17	4	0.79	0.35
Ground-truth viral	39	18	3	0.79	0.37
Ground-truth viral	39	19	2	0.79	0.39
Ground-truth viral	39	20	4	0.79	0.41
Ground-truth viral	39	22	5	0.79	0.45
Ground-truth viral	39	23	1	0.79	0.47
Ground-truth viral	39	24	7	0.79	0.49
Ground-truth viral	39	25	5	0.79	0.51
Ground-truth viral	39	26	2	0.79	0.53
Ground-truth viral	39	27	11	0.79	0.55
Ground-truth viral	39	28	6	0.79	0.57
Ground-truth viral	39	29	8	0.79	0.59
Ground-truth viral	39	30	5	0.79	0.61
Ground-truth viral	39	31	5	0.79	0.63
Ground-truth viral	39	32	6	0.79	0.65
Ground-truth viral	39	33	4	0.79	0.67
Ground-truth viral	39	34	4	0.79	0.69
Ground-truth viral	39	35	8	0.79	0.71
Ground-truth viral	39	36	10	0.79	0.73
Ground-truth viral	39	37	13	0.79	0.75
Ground-truth viral	39	38	14	0.79	0.77
Ground-truth viral	39	39	16	0.79	0.79
Ground-truth viral	39	40	20	0.79	0.81
Ground-truth viral	39	41	13	0.79	0.83
Ground-truth viral	39	42	29	0.79	0.85
Ground-truth viral	39	43	26	0.79	0.87
Ground-truth viral	39	44	33	0.79	0.89
Ground-truth viral	39	45	57	0.79	0.91
Ground-truth viral	39	46	27	0.79	0.93
Ground-truth viral	39	47	238	0.79	0.95
Ground-truth viral	39	48	16	0.79	0.97
Ground-truth viral	39	49	5806	0.79	0.99
Ground-truth viral	40	0	20	0.81	0.01
Ground-truth viral	40	2	11	0.81	0.05
Ground-truth viral	40	3	2	0.81	0.07
Ground-truth viral	40	4	8	0.81	0.09
Ground-truth viral	40	5	5	0.81	0.11
Ground-truth viral	40	6	4	0.81	0.13
Ground-truth viral	40	7	7	0.81	0.15
Ground-truth viral	40	8	5	0.81	0.17
Ground-truth viral	40	9	1	0.81	0.19
Ground-truth viral	40	10	4	0.81	0.21
Ground-truth viral	40	11	5	0.81	0.23
Ground-truth viral	40	12	3	0.81	0.25
Ground-truth viral	40	13	2	0.81	0.27
Ground-truth viral	40	14	5	0.81	0.29
Ground-truth viral	40	15	4	0.81	0.31
Ground-truth viral	40	16	1	0.81	0.33
Ground-truth viral	40	17	2	0.81	0.35
Ground-truth viral	40	18	2	0.81	0.37
Ground-truth viral	40	19	5	0.81	0.39
Ground-truth viral	40	20	8	0.81	0.41
Ground-truth viral	40	21	1	0.81	0.43
Ground-truth viral	40	22	9	0.81	0.45
Ground-truth viral	40	23	7	0.81	0.47
Ground-truth viral	40	24	5	0.81	0.49
Ground-truth viral	40	25	2	0.81	0.51
Ground-truth viral	40	26	7	0.81	0.53
Ground-truth viral	40	27	6	0.81	0.55
Ground-truth viral	40	28	5	0.81	0.57
Ground-truth viral	40	29	12	0.81	0.59
Ground-truth viral	40	30	5	0.81	0.61
Ground-truth viral	40	31	8	0.81	0.63
Ground-truth viral	40	32	10	0.81	0.65
Ground-truth viral	40	33	11	0.81	0.67
Ground-truth viral	40	34	19	0.81	0.69
Ground-truth viral	40	35	20	0.81	0.71
Ground-truth viral	40	36	12	0.81	0.73
Ground-truth viral	40	37	20	0.81	0.75
Ground-truth viral	40	38	8	0.81	0.77
Ground-truth viral	40	39	15	0.81	0.79
Ground-truth viral	40	40	20	0.81	0.81
Ground-truth viral	40	41	24	0.81	0.83
Ground-truth viral	40	42	33	0.81	0.85
Ground-truth viral	40	43	25	0.81	0.87
Ground-truth viral	40	44	40	0.81	0.89
Ground-truth viral	40	45	52	0.81	0.91
Ground-truth viral	40	46	27	0.81	0.93
Ground-truth viral	40	47	212	0.81	0.95
Ground-truth viral	40	48	19	0.81	0.97
Ground-truth viral	40	49	6218	0.81	0.99
Ground-truth viral	41	0	19	0.83	0.01
Ground-truth viral	41	2	8	0.83	0.05
Ground-truth viral	41	3	2	0.83	0.07
Ground-truth viral	41	4	9	0.83	0.09
Ground-truth viral	41	5	1	0.83	0.11
Ground-truth viral	41	6	3	0.83	0.13
Ground-truth viral	41	7	3	0.83	0.15
Ground-truth viral	41	8	2	0.83	0.17
Ground-truth viral	41	9	6	0.83	0.19
Ground-truth viral	41	10	1	0.83	0.21
Ground-truth viral	41	11	3	0.83	0.23
Ground-truth viral	41	12	4	0.83	0.25
Ground-truth viral	41	13	1	0.83	0.27
Ground-truth viral	41	14	3	0.83	0.29
Ground-truth viral	41	15	2	0.83	0.31
Ground-truth viral	41	16	4	0.83	0.33
Ground-truth viral	41	17	3	0.83	0.35
Ground-truth viral	41	18	6	0.83	0.37
Ground-truth viral	41	19	9	0.83	0.39
Ground-truth viral	41	20	3	0.83	0.41
Ground-truth viral	41	21	5	0.83	0.43
Ground-truth viral	41	22	7	0.83	0.45
Ground-truth viral	41	23	5	0.83	0.47
Ground-truth viral	41	24	5	0.83	0.49
Ground-truth viral	41	25	6	0.83	0.51
Ground-truth viral	41	26	4	0.83	0.53
Ground-truth viral	41	27	8	0.83	0.55
Ground-truth viral	41	28	5	0.83	0.57
Ground-truth viral	41	29	4	0.83	0.59
Ground-truth viral	41	30	9	0.83	0.61
Ground-truth viral	41	31	8	0.83	0.63
Ground-truth viral	41	32	8	0.83	0.65
Ground-truth viral	41	33	11	0.83	0.67
Ground-truth viral	41	34	7	0.83	0.69
Ground-truth viral	41	35	11	0.83	0.71
Ground-truth viral	41	36	7	0.83	0.73
Ground-truth viral	41	37	12	0.83	0.75
Ground-truth viral	41	38	15	0.83	0.77
Ground-truth viral	41	39	18	0.83	0.79
Ground-truth viral	41	40	25	0.83	0.81
Ground-truth viral	41	41	15	0.83	0.83
Ground-truth viral	41	42	45	0.83	0.85
Ground-truth viral	41	43	26	0.83	0.87
Ground-truth viral	41	44	44	0.83	0.89
Ground-truth viral	41	45	52	0.83	0.91
Ground-truth viral	41	46	27	0.83	0.93
Ground-truth viral	41	47	221	0.83	0.95
Ground-truth viral	41	48	28	0.83	0.97
Ground-truth viral	41	49	7424	0.83	0.99
Ground-truth viral	42	0	20	0.85	0.01
Ground-truth viral	42	2	9	0.85	0.05
Ground-truth viral	42	4	6	0.85	0.09
Ground-truth viral	42	5	2	0.85	0.11
Ground-truth viral	42	6	2	0.85	0.13
Ground-truth viral	42	7	7	0.85	0.15
Ground-truth viral	42	8	7	0.85	0.17
Ground-truth viral	42	9	4	0.85	0.19
Ground-truth viral	42	10	3	0.85	0.21
Ground-truth viral	42	11	3	0.85	0.23
Ground-truth viral	42	12	5	0.85	0.25
Ground-truth viral	42	13	3	0.85	0.27
Ground-truth viral	42	14	4	0.85	0.29
Ground-truth viral	42	15	4	0.85	0.31
Ground-truth viral	42	16	3	0.85	0.33
Ground-truth viral	42	17	5	0.85	0.35
Ground-truth viral	42	18	8	0.85	0.37
Ground-truth viral	42	19	7	0.85	0.39
Ground-truth viral	42	20	7	0.85	0.41
Ground-truth viral	42	21	4	0.85	0.43
Ground-truth viral	42	22	3	0.85	0.45
Ground-truth viral	42	23	2	0.85	0.47
Ground-truth viral	42	24	6	0.85	0.49
Ground-truth viral	42	25	4	0.85	0.51
Ground-truth viral	42	26	10	0.85	0.53
Ground-truth viral	42	27	6	0.85	0.55
Ground-truth viral	42	28	7	0.85	0.57
Ground-truth viral	42	29	6	0.85	0.59
Ground-truth viral	42	30	9	0.85	0.61
Ground-truth viral	42	31	3	0.85	0.63
Ground-truth viral	42	32	12	0.85	0.65
Ground-truth viral	42	33	11	0.85	0.67
Ground-truth viral	42	34	6	0.85	0.69
Ground-truth viral	42	35	18	0.85	0.71
Ground-truth viral	42	36	11	0.85	0.73
Ground-truth viral	42	37	19	0.85	0.75
Ground-truth viral	42	38	16	0.85	0.77
Ground-truth viral	42	39	18	0.85	0.79
Ground-truth viral	42	40	22	0.85	0.81
Ground-truth viral	42	41	25	0.85	0.83
Ground-truth viral	42	42	41	0.85	0.85
Ground-truth viral	42	43	35	0.85	0.87
Ground-truth viral	42	44	45	0.85	0.89
Ground-truth viral	42	45	76	0.85	0.91
Ground-truth viral	42	46	37	0.85	0.93
Ground-truth viral	42	47	325	0.85	0.95
Ground-truth viral	42	48	26	0.85	0.97
Ground-truth viral	42	49	9040	0.85	0.99
Ground-truth viral	43	0	23	0.87	0.01
Ground-truth viral	43	2	18	0.87	0.05
Ground-truth viral	43	4	2	0.87	0.09
Ground-truth viral	43	5	3	0.87	0.11
Ground-truth viral	43	6	3	0.87	0.13
Ground-truth viral	43	7	5	0.87	0.15
Ground-truth viral	43	8	6	0.87	0.17
Ground-truth viral	43	9	8	0.87	0.19
Ground-truth viral	43	10	2	0.87	0.21
Ground-truth viral	43	11	3	0.87	0.23
Ground-truth viral	43	12	5	0.87	0.25
Ground-truth viral	43	13	2	0.87	0.27
Ground-truth viral	43	14	4	0.87	0.29
Ground-truth viral	43	15	1	0.87	0.31
Ground-truth viral	43	16	4	0.87	0.33
Ground-truth viral	43	17	2	0.87	0.35
Ground-truth viral	43	18	6	0.87	0.37
Ground-truth viral	43	19	7	0.87	0.39
Ground-truth viral	43	20	5	0.87	0.41
Ground-truth viral	43	21	5	0.87	0.43
Ground-truth viral	43	22	5	0.87	0.45
Ground-truth viral	43	23	9	0.87	0.47
Ground-truth viral	43	24	6	0.87	0.49
Ground-truth viral	43	25	4	0.87	0.51
Ground-truth viral	43	26	13	0.87	0.53
Ground-truth viral	43	27	7	0.87	0.55
Ground-truth viral	43	28	8	0.87	0.57
Ground-truth viral	43	29	5	0.87	0.59
Ground-truth viral	43	30	12	0.87	0.61
Ground-truth viral	43	31	15	0.87	0.63
Ground-truth viral	43	32	15	0.87	0.65
Ground-truth viral	43	33	14	0.87	0.67
Ground-truth viral	43	34	13	0.87	0.69
Ground-truth viral	43	35	15	0.87	0.71
Ground-truth viral	43	36	13	0.87	0.73
Ground-truth viral	43	37	23	0.87	0.75
Ground-truth viral	43	38	20	0.87	0.77
Ground-truth viral	43	39	25	0.87	0.79
Ground-truth viral	43	40	28	0.87	0.81
Ground-truth viral	43	41	22	0.87	0.83
Ground-truth viral	43	42	44	0.87	0.85
Ground-truth viral	43	43	25	0.87	0.87
Ground-truth viral	43	44	53	0.87	0.89
Ground-truth viral	43	45	102	0.87	0.91
Ground-truth viral	43	46	38	0.87	0.93
Ground-truth viral	43	47	371	0.87	0.95
Ground-truth viral	43	48	36	0.87	0.97
Ground-truth viral	43	49	11165	0.87	0.99
Ground-truth viral	44	0	31	0.89	0.01
Ground-truth viral	44	1	2	0.89	0.03
Ground-truth viral	44	2	9	0.89	0.05
Ground-truth viral	44	3	1	0.89	0.07
Ground-truth viral	44	4	8	0.89	0.09
Ground-truth viral	44	5	3	0.89	0.11
Ground-truth viral	44	6	5	0.89	0.13
Ground-truth viral	44	7	5	0.89	0.15
Ground-truth viral	44	8	5	0.89	0.17
Ground-truth viral	44	9	4	0.89	0.19
Ground-truth viral	44	10	5	0.89	0.21
Ground-truth viral	44	11	2	0.89	0.23
Ground-truth viral	44	12	3	0.89	0.25
Ground-truth viral	44	13	5	0.89	0.27
Ground-truth viral	44	14	1	0.89	0.29
Ground-truth viral	44	15	2	0.89	0.31
Ground-truth viral	44	16	3	0.89	0.33
Ground-truth viral	44	17	2	0.89	0.35
Ground-truth viral	44	18	3	0.89	0.37
Ground-truth viral	44	19	6	0.89	0.39
Ground-truth viral	44	20	2	0.89	0.41
Ground-truth viral	44	21	2	0.89	0.43
Ground-truth viral	44	22	4	0.89	0.45
Ground-truth viral	44	23	7	0.89	0.47
Ground-truth viral	44	24	8	0.89	0.49
Ground-truth viral	44	25	3	0.89	0.51
Ground-truth viral	44	26	6	0.89	0.53
Ground-truth viral	44	27	7	0.89	0.55
Ground-truth viral	44	28	8	0.89	0.57
Ground-truth viral	44	29	6	0.89	0.59
Ground-truth viral	44	30	10	0.89	0.61
Ground-truth viral	44	31	11	0.89	0.63
Ground-truth viral	44	32	8	0.89	0.65
Ground-truth viral	44	33	9	0.89	0.67
Ground-truth viral	44	34	19	0.89	0.69
Ground-truth viral	44	35	18	0.89	0.71
Ground-truth viral	44	36	14	0.89	0.73
Ground-truth viral	44	37	22	0.89	0.75
Ground-truth viral	44	38	15	0.89	0.77
Ground-truth viral	44	39	17	0.89	0.79
Ground-truth viral	44	40	25	0.89	0.81
Ground-truth viral	44	41	24	0.89	0.83
Ground-truth viral	44	42	44	0.89	0.85
Ground-truth viral	44	43	40	0.89	0.87
Ground-truth viral	44	44	61	0.89	0.89
Ground-truth viral	44	45	97	0.89	0.91
Ground-truth viral	44	46	53	0.89	0.93
Ground-truth viral	44	47	417	0.89	0.95
Ground-truth viral	44	48	36	0.89	0.97
Ground-truth viral	44	49	12610	0.89	0.99
Ground-truth viral	45	0	38	0.91	0.01
Ground-truth viral	45	1	1	0.91	0.03
Ground-truth viral	45	2	16	0.91	0.05
Ground-truth viral	45	3	4	0.91	0.07
Ground-truth viral	45	4	9	0.91	0.09
Ground-truth viral	45	5	7	0.91	0.11
Ground-truth viral	45	6	3	0.91	0.13
Ground-truth viral	45	7	6	0.91	0.15
Ground-truth viral	45	8	5	0.91	0.17
Ground-truth viral	45	9	3	0.91	0.19
Ground-truth viral	45	10	5	0.91	0.21
Ground-truth viral	45	11	5	0.91	0.23
Ground-truth viral	45	12	6	0.91	0.25
Ground-truth viral	45	13	5	0.91	0.27
Ground-truth viral	45	14	4	0.91	0.29
Ground-truth viral	45	15	3	0.91	0.31
Ground-truth viral	45	16	3	0.91	0.33
Ground-truth viral	45	17	4	0.91	0.35
Ground-truth viral	45	18	6	0.91	0.37
Ground-truth viral	45	19	9	0.91	0.39
Ground-truth viral	45	20	4	0.91	0.41
Ground-truth viral	45	21	7	0.91	0.43
Ground-truth viral	45	22	4	0.91	0.45
Ground-truth viral	45	23	7	0.91	0.47
Ground-truth viral	45	24	5	0.91	0.49
Ground-truth viral	45	25	4	0.91	0.51
Ground-truth viral	45	26	10	0.91	0.53
Ground-truth viral	45	27	8	0.91	0.55
Ground-truth viral	45	28	5	0.91	0.57
Ground-truth viral	45	29	3	0.91	0.59
Ground-truth viral	45	30	17	0.91	0.61
Ground-truth viral	45	31	6	0.91	0.63
Ground-truth viral	45	32	9	0.91	0.65
Ground-truth viral	45	33	12	0.91	0.67
Ground-truth viral	45	34	17	0.91	0.69
Ground-truth viral	45	35	6	0.91	0.71
Ground-truth viral	45	36	18	0.91	0.73
Ground-truth viral	45	37	20	0.91	0.75
Ground-truth viral	45	38	23	0.91	0.77
Ground-truth viral	45	39	30	0.91	0.79
Ground-truth viral	45	40	35	0.91	0.81
Ground-truth viral	45	41	37	0.91	0.83
Ground-truth viral	45	42	39	0.91	0.85
Ground-truth viral	45	43	43	0.91	0.87
Ground-truth viral	45	44	58	0.91	0.89
Ground-truth viral	45	45	122	0.91	0.91
Ground-truth viral	45	46	57	0.91	0.93
Ground-truth viral	45	47	452	0.91	0.95
Ground-truth viral	45	48	35	0.91	0.97
Ground-truth viral	45	49	16400	0.91	0.99
Ground-truth viral	46	0	50	0.93	0.01
Ground-truth viral	46	1	3	0.93	0.03
Ground-truth viral	46	2	26	0.93	0.05
Ground-truth viral	46	3	4	0.93	0.07
Ground-truth viral	46	4	14	0.93	0.09
Ground-truth viral	46	5	9	0.93	0.11
Ground-truth viral	46	6	6	0.93	0.13
Ground-truth viral	46	7	8	0.93	0.15
Ground-truth viral	46	8	5	0.93	0.17
Ground-truth viral	46	9	9	0.93	0.19
Ground-truth viral	46	10	4	0.93	0.21
Ground-truth viral	46	11	7	0.93	0.23
Ground-truth viral	46	12	6	0.93	0.25
Ground-truth viral	46	13	4	0.93	0.27
Ground-truth viral	46	14	9	0.93	0.29
Ground-truth viral	46	15	8	0.93	0.31
Ground-truth viral	46	16	5	0.93	0.33
Ground-truth viral	46	17	10	0.93	0.35
Ground-truth viral	46	18	5	0.93	0.37
Ground-truth viral	46	19	5	0.93	0.39
Ground-truth viral	46	20	7	0.93	0.41
Ground-truth viral	46	21	4	0.93	0.43
Ground-truth viral	46	22	7	0.93	0.45
Ground-truth viral	46	23	11	0.93	0.47
Ground-truth viral	46	24	5	0.93	0.49
Ground-truth viral	46	25	13	0.93	0.51
Ground-truth viral	46	26	5	0.93	0.53
Ground-truth viral	46	27	9	0.93	0.55
Ground-truth viral	46	28	10	0.93	0.57
Ground-truth viral	46	29	13	0.93	0.59
Ground-truth viral	46	30	6	0.93	0.61
Ground-truth viral	46	31	19	0.93	0.63
Ground-truth viral	46	32	15	0.93	0.65
Ground-truth viral	46	33	12	0.93	0.67
Ground-truth viral	46	34	28	0.93	0.69
Ground-truth viral	46	35	10	0.93	0.71
Ground-truth viral	46	36	14	0.93	0.73
Ground-truth viral	46	37	23	0.93	0.75
Ground-truth viral	46	38	28	0.93	0.77
Ground-truth viral	46	39	26	0.93	0.79
Ground-truth viral	46	40	35	0.93	0.81
Ground-truth viral	46	41	33	0.93	0.83
Ground-truth viral	46	42	68	0.93	0.85
Ground-truth viral	46	43	51	0.93	0.87
Ground-truth viral	46	44	68	0.93	0.89
Ground-truth viral	46	45	115	0.93	0.91
Ground-truth viral	46	46	62	0.93	0.93
Ground-truth viral	46	47	568	0.93	0.95
Ground-truth viral	46	48	41	0.93	0.97
Ground-truth viral	46	49	22647	0.93	0.99
Ground-truth viral	47	0	52	0.95	0.01
Ground-truth viral	47	2	26	0.95	0.05
Ground-truth viral	47	3	5	0.95	0.07
Ground-truth viral	47	4	19	0.95	0.09
Ground-truth viral	47	5	8	0.95	0.11
Ground-truth viral	47	6	9	0.95	0.13
Ground-truth viral	47	7	10	0.95	0.15
Ground-truth viral	47	8	5	0.95	0.17
Ground-truth viral	47	9	8	0.95	0.19
Ground-truth viral	47	10	11	0.95	0.21
Ground-truth viral	47	11	13	0.95	0.23
Ground-truth viral	47	12	11	0.95	0.25
Ground-truth viral	47	13	4	0.95	0.27
Ground-truth viral	47	14	6	0.95	0.29
Ground-truth viral	47	15	5	0.95	0.31
Ground-truth viral	47	16	5	0.95	0.33
Ground-truth viral	47	17	12	0.95	0.35
Ground-truth viral	47	18	7	0.95	0.37
Ground-truth viral	47	19	11	0.95	0.39
Ground-truth viral	47	20	8	0.95	0.41
Ground-truth viral	47	21	9	0.95	0.43
Ground-truth viral	47	22	7	0.95	0.45
Ground-truth viral	47	23	3	0.95	0.47
Ground-truth viral	47	24	12	0.95	0.49
Ground-truth viral	47	25	15	0.95	0.51
Ground-truth viral	47	26	8	0.95	0.53
Ground-truth viral	47	27	13	0.95	0.55
Ground-truth viral	47	28	16	0.95	0.57
Ground-truth viral	47	29	17	0.95	0.59
Ground-truth viral	47	30	9	0.95	0.61
Ground-truth viral	47	31	21	0.95	0.63
Ground-truth viral	47	32	19	0.95	0.65
Ground-truth viral	47	33	23	0.95	0.67
Ground-truth viral	47	34	28	0.95	0.69
Ground-truth viral	47	35	30	0.95	0.71
Ground-truth viral	47	36	25	0.95	0.73
Ground-truth viral	47	37	41	0.95	0.75
Ground-truth viral	47	38	35	0.95	0.77
Ground-truth viral	47	39	36	0.95	0.79
Ground-truth viral	47	40	48	0.95	0.81
Ground-truth viral	47	41	52	0.95	0.83
Ground-truth viral	47	42	72	0.95	0.85
Ground-truth viral	47	43	60	0.95	0.87
Ground-truth viral	47	44	97	0.95	0.89
Ground-truth viral	47	45	186	0.95	0.91
Ground-truth viral	47	46	84	0.95	0.93
Ground-truth viral	47	47	814	0.95	0.95
Ground-truth viral	47	48	52	0.95	0.97
Ground-truth viral	47	49	35686	0.95	0.99
Ground-truth viral	48	0	52	0.97	0.01
Ground-truth viral	48	1	1	0.97	0.03
Ground-truth viral	48	2	32	0.97	0.05
Ground-truth viral	48	3	4	0.97	0.07
Ground-truth viral	48	4	13	0.97	0.09
Ground-truth viral	48	5	6	0.97	0.11
Ground-truth viral	48	6	9	0.97	0.13
Ground-truth viral	48	7	12	0.97	0.15
Ground-truth viral	48	8	3	0.97	0.17
Ground-truth viral	48	9	5	0.97	0.19
Ground-truth viral	48	10	8	0.97	0.21
Ground-truth viral	48	11	10	0.97	0.23
Ground-truth viral	48	12	13	0.97	0.25
Ground-truth viral	48	13	9	0.97	0.27
Ground-truth viral	48	14	3	0.97	0.29
Ground-truth viral	48	15	6	0.97	0.31
Ground-truth viral	48	16	5	0.97	0.33
Ground-truth viral	48	17	7	0.97	0.35
Ground-truth viral	48	18	8	0.97	0.37
Ground-truth viral	48	19	12	0.97	0.39
Ground-truth viral	48	20	14	0.97	0.41
Ground-truth viral	48	21	6	0.97	0.43
Ground-truth viral	48	22	13	0.97	0.45
Ground-truth viral	48	23	9	0.97	0.47
Ground-truth viral	48	24	12	0.97	0.49
Ground-truth viral	48	25	18	0.97	0.51
Ground-truth viral	48	26	15	0.97	0.53
Ground-truth viral	48	27	15	0.97	0.55
Ground-truth viral	48	28	20	0.97	0.57
Ground-truth viral	48	29	21	0.97	0.59
Ground-truth viral	48	30	13	0.97	0.61
Ground-truth viral	48	31	19	0.97	0.63
Ground-truth viral	48	32	26	0.97	0.65
Ground-truth viral	48	33	27	0.97	0.67
Ground-truth viral	48	34	24	0.97	0.69
Ground-truth viral	48	35	23	0.97	0.71
Ground-truth viral	48	36	37	0.97	0.73
Ground-truth viral	48	37	47	0.97	0.75
Ground-truth viral	48	38	44	0.97	0.77
Ground-truth viral	48	39	68	0.97	0.79
Ground-truth viral	48	40	73	0.97	0.81
Ground-truth viral	48	41	51	0.97	0.83
Ground-truth viral	48	42	123	0.97	0.85
Ground-truth viral	48	43	99	0.97	0.87
Ground-truth viral	48	44	173	0.97	0.89
Ground-truth viral	48	45	249	0.97	0.91
Ground-truth viral	48	46	130	0.97	0.93
Ground-truth viral	48	47	1158	0.97	0.95
Ground-truth viral	48	48	89	0.97	0.97
Ground-truth viral	48	49	61822	0.97	0.99
Ground-truth viral	49	0	56	0.99	0.01
Ground-truth viral	49	1	2	0.99	0.03
Ground-truth viral	49	2	28	0.99	0.05
Ground-truth viral	49	3	3	0.99	0.07
Ground-truth viral	49	4	16	0.99	0.09
Ground-truth viral	49	5	9	0.99	0.11
Ground-truth viral	49	6	8	0.99	0.13
Ground-truth viral	49	7	17	0.99	0.15
Ground-truth viral	49	8	16	0.99	0.17
Ground-truth viral	49	9	17	0.99	0.19
Ground-truth viral	49	10	13	0.99	0.21
Ground-truth viral	49	11	8	0.99	0.23
Ground-truth viral	49	12	12	0.99	0.25
Ground-truth viral	49	13	7	0.99	0.27
Ground-truth viral	49	14	16	0.99	0.29
Ground-truth viral	49	15	12	0.99	0.31
Ground-truth viral	49	16	14	0.99	0.33
Ground-truth viral	49	17	17	0.99	0.35
Ground-truth viral	49	18	14	0.99	0.37
Ground-truth viral	49	19	19	0.99	0.39
Ground-truth viral	49	20	13	0.99	0.41
Ground-truth viral	49	21	14	0.99	0.43
Ground-truth viral	49	22	21	0.99	0.45
Ground-truth viral	49	23	19	0.99	0.47
Ground-truth viral	49	24	11	0.99	0.49
Ground-truth viral	49	25	19	0.99	0.51
Ground-truth viral	49	26	23	0.99	0.53
Ground-truth viral	49	27	23	0.99	0.55
Ground-truth viral	49	28	36	0.99	0.57
Ground-truth viral	49	29	25	0.99	0.59
Ground-truth viral	49	30	33	0.99	0.61
Ground-truth viral	49	31	25	0.99	0.63
Ground-truth viral	49	32	42	0.99	0.65
Ground-truth viral	49	33	41	0.99	0.67
Ground-truth viral	49	34	56	0.99	0.69
Ground-truth viral	49	35	42	0.99	0.71
Ground-truth viral	49	36	53	0.99	0.73
Ground-truth viral	49	37	76	0.99	0.75
Ground-truth viral	49	38	57	0.99	0.77
Ground-truth viral	49	39	108	0.99	0.79
Ground-truth viral	49	40	107	0.99	0.81
Ground-truth viral	49	41	92	0.99	0.83
Ground-truth viral	49	42	198	0.99	0.85
Ground-truth viral	49	43	173	0.99	0.87
Ground-truth viral	49	44	313	0.99	0.89
Ground-truth viral	49	45	500	0.99	0.91
Ground-truth viral	49	46	279	0.99	0.93
Ground-truth viral	49	47	3282	0.99	0.95
Ground-truth viral	49	48	177	0.99	0.97
Ground-truth viral	49	49	391224	0.99	0.99
